2025-04-30 00:00:23,592 DEBUG o.s.c.l.CompositeLog [DiscoveryClient-CacheRefreshExecutor-0] HTTP GET http://localhost:8761/eureka/apps/delta
2025-04-30 00:00:23,603 DEBUG o.s.c.l.CompositeLog [DiscoveryClient-CacheRefreshExecutor-0] Accept=[application/json, application/*+json]
2025-04-30 00:00:23,607 DEBUG o.s.c.l.CompositeLog [DiscoveryClient-HeartbeatExecutor-0] HTTP PUT http://localhost:8761/eureka/apps/USER-MANAGEMENT/Dev-MToaima.TradeNET.COM:user-management:8888?status=UP&lastDirtyTimestamp=1745938849902
2025-04-30 00:00:23,607 DEBUG o.s.c.l.CompositeLog [DiscoveryClient-HeartbeatExecutor-0] Accept=[application/json, application/*+json]
2025-04-30 00:00:23,608 DEBUG o.s.c.l.CompositeLog [DiscoveryClient-CacheRefreshExecutor-0] Response 200 OK
2025-04-30 00:00:23,608 DEBUG o.s.c.l.CompositeLog [DiscoveryClient-CacheRefreshExecutor-0] Reading to [org.springframework.cloud.netflix.eureka.http.EurekaApplications]
2025-04-30 00:00:23,624 DEBUG o.s.c.l.CompositeLog [DiscoveryClient-HeartbeatExecutor-0] Response 200 OK
2025-04-30 00:00:53,618 DEBUG o.s.c.l.CompositeLog [DiscoveryClient-CacheRefreshExecutor-0] HTTP GET http://localhost:8761/eureka/apps/delta
2025-04-30 00:00:53,619 DEBUG o.s.c.l.CompositeLog [DiscoveryClient-CacheRefreshExecutor-0] Accept=[application/json, application/*+json]
2025-04-30 00:00:53,634 DEBUG o.s.c.l.CompositeLog [DiscoveryClient-HeartbeatExecutor-0] HTTP PUT http://localhost:8761/eureka/apps/USER-MANAGEMENT/Dev-MToaima.TradeNET.COM:user-management:8888?status=UP&lastDirtyTimestamp=1745938849902
2025-04-30 00:00:53,635 DEBUG o.s.c.l.CompositeLog [DiscoveryClient-HeartbeatExecutor-0] Accept=[application/json, application/*+json]
2025-04-30 00:00:53,635 DEBUG o.s.c.l.CompositeLog [DiscoveryClient-CacheRefreshExecutor-0] Response 200 OK
2025-04-30 00:00:53,636 DEBUG o.s.c.l.CompositeLog [DiscoveryClient-CacheRefreshExecutor-0] Reading to [org.springframework.cloud.netflix.eureka.http.EurekaApplications]
2025-04-30 00:00:53,651 DEBUG o.s.c.l.CompositeLog [DiscoveryClient-HeartbeatExecutor-0] Response 200 OK
2025-04-30 00:01:23,645 DEBUG o.s.c.l.CompositeLog [DiscoveryClient-CacheRefreshExecutor-0] HTTP GET http://localhost:8761/eureka/apps/delta
2025-04-30 00:01:23,645 DEBUG o.s.c.l.CompositeLog [DiscoveryClient-CacheRefreshExecutor-0] Accept=[application/json, application/*+json]
2025-04-30 00:01:23,660 DEBUG o.s.c.l.CompositeLog [DiscoveryClient-HeartbeatExecutor-0] HTTP PUT http://localhost:8761/eureka/apps/USER-MANAGEMENT/Dev-MToaima.TradeNET.COM:user-management:8888?status=UP&lastDirtyTimestamp=1745938849902
2025-04-30 00:01:23,661 DEBUG o.s.c.l.CompositeLog [DiscoveryClient-HeartbeatExecutor-0] Accept=[application/json, application/*+json]
2025-04-30 00:01:23,661 DEBUG o.s.c.l.CompositeLog [DiscoveryClient-CacheRefreshExecutor-0] Response 200 OK
2025-04-30 00:01:23,662 DEBUG o.s.c.l.CompositeLog [DiscoveryClient-CacheRefreshExecutor-0] Reading to [org.springframework.cloud.netflix.eureka.http.EurekaApplications]
2025-04-30 00:01:23,677 DEBUG o.s.c.l.CompositeLog [DiscoveryClient-HeartbeatExecutor-0] Response 200 OK
2025-04-30 00:01:53,670 DEBUG o.s.c.l.CompositeLog [DiscoveryClient-CacheRefreshExecutor-0] HTTP GET http://localhost:8761/eureka/apps/delta
2025-04-30 00:01:53,671 DEBUG o.s.c.l.CompositeLog [DiscoveryClient-CacheRefreshExecutor-0] Accept=[application/json, application/*+json]
2025-04-30 00:01:53,685 DEBUG o.s.c.l.CompositeLog [DiscoveryClient-HeartbeatExecutor-0] HTTP PUT http://localhost:8761/eureka/apps/USER-MANAGEMENT/Dev-MToaima.TradeNET.COM:user-management:8888?status=UP&lastDirtyTimestamp=1745938849902
2025-04-30 00:01:53,686 DEBUG o.s.c.l.CompositeLog [DiscoveryClient-HeartbeatExecutor-0] Accept=[application/json, application/*+json]
2025-04-30 00:01:53,687 DEBUG o.s.c.l.CompositeLog [DiscoveryClient-CacheRefreshExecutor-0] Response 200 OK
2025-04-30 00:01:53,687 DEBUG o.s.c.l.CompositeLog [DiscoveryClient-CacheRefreshExecutor-0] Reading to [org.springframework.cloud.netflix.eureka.http.EurekaApplications]
2025-04-30 00:01:53,701 DEBUG o.s.c.l.CompositeLog [DiscoveryClient-HeartbeatExecutor-0] Response 200 OK
2025-04-30 00:02:23,693 DEBUG o.s.c.l.CompositeLog [DiscoveryClient-CacheRefreshExecutor-0] HTTP GET http://localhost:8761/eureka/apps/delta
2025-04-30 00:02:23,694 DEBUG o.s.c.l.CompositeLog [DiscoveryClient-CacheRefreshExecutor-0] Accept=[application/json, application/*+json]
2025-04-30 00:02:23,708 DEBUG o.s.c.l.CompositeLog [DiscoveryClient-HeartbeatExecutor-0] HTTP PUT http://localhost:8761/eureka/apps/USER-MANAGEMENT/Dev-MToaima.TradeNET.COM:user-management:8888?status=UP&lastDirtyTimestamp=1745938849902
2025-04-30 00:02:23,708 DEBUG o.s.c.l.CompositeLog [DiscoveryClient-HeartbeatExecutor-0] Accept=[application/json, application/*+json]
2025-04-30 00:02:23,710 DEBUG o.s.c.l.CompositeLog [DiscoveryClient-CacheRefreshExecutor-0] Response 200 OK
2025-04-30 00:02:23,710 DEBUG o.s.c.l.CompositeLog [DiscoveryClient-CacheRefreshExecutor-0] Reading to [org.springframework.cloud.netflix.eureka.http.EurekaApplications]
2025-04-30 00:02:23,725 DEBUG o.s.c.l.CompositeLog [DiscoveryClient-HeartbeatExecutor-0] Response 200 OK
2025-04-30 00:02:53,718 DEBUG o.s.c.l.CompositeLog [DiscoveryClient-CacheRefreshExecutor-0] HTTP GET http://localhost:8761/eureka/apps/delta
2025-04-30 00:02:53,718 DEBUG o.s.c.l.CompositeLog [DiscoveryClient-CacheRefreshExecutor-0] Accept=[application/json, application/*+json]
2025-04-30 00:02:53,733 DEBUG o.s.c.l.CompositeLog [DiscoveryClient-HeartbeatExecutor-0] HTTP PUT http://localhost:8761/eureka/apps/USER-MANAGEMENT/Dev-MToaima.TradeNET.COM:user-management:8888?status=UP&lastDirtyTimestamp=1745938849902
2025-04-30 00:02:53,733 DEBUG o.s.c.l.CompositeLog [DiscoveryClient-HeartbeatExecutor-0] Accept=[application/json, application/*+json]
2025-04-30 00:02:53,734 DEBUG o.s.c.l.CompositeLog [DiscoveryClient-CacheRefreshExecutor-0] Response 200 OK
2025-04-30 00:02:53,734 DEBUG o.s.c.l.CompositeLog [DiscoveryClient-CacheRefreshExecutor-0] Reading to [org.springframework.cloud.netflix.eureka.http.EurekaApplications]
2025-04-30 00:02:53,749 DEBUG o.s.c.l.CompositeLog [DiscoveryClient-HeartbeatExecutor-0] Response 200 OK
2025-04-30 00:05:14,970 WARN c.z.h.p.HikariPool$HouseKeeper [HikariPool-4 housekeeper] HikariPool-4 - Thread starvation or clock leap detected (housekeeper delta=2m30s52ms483µs100ns).
2025-04-30 00:05:23,783 DEBUG o.s.c.l.CompositeLog [DiscoveryClient-HeartbeatExecutor-0] HTTP PUT http://localhost:8761/eureka/apps/USER-MANAGEMENT/Dev-MToaima.TradeNET.COM:user-management:8888?status=UP&lastDirtyTimestamp=1745938849902
2025-04-30 00:05:23,783 DEBUG o.s.c.l.CompositeLog [DiscoveryClient-CacheRefreshExecutor-0] HTTP GET http://localhost:8761/eureka/apps/delta
2025-04-30 00:05:23,783 DEBUG o.s.c.l.CompositeLog [DiscoveryClient-CacheRefreshExecutor-0] Accept=[application/json, application/*+json]
2025-04-30 00:05:23,783 DEBUG o.s.c.l.CompositeLog [DiscoveryClient-HeartbeatExecutor-0] Accept=[application/json, application/*+json]
2025-04-30 00:05:23,786 DEBUG o.s.c.l.CompositeLog [DiscoveryClient-HeartbeatExecutor-0] Response 200 OK
2025-04-30 00:05:23,786 DEBUG o.s.c.l.CompositeLog [DiscoveryClient-CacheRefreshExecutor-0] Response 200 OK
2025-04-30 00:05:23,787 DEBUG o.s.c.l.CompositeLog [DiscoveryClient-CacheRefreshExecutor-0] Reading to [org.springframework.cloud.netflix.eureka.http.EurekaApplications]
2025-04-30 00:05:47,100 INFO c.n.d.s.r.a.ConfigClusterResolver [AsyncResolver-bootstrap-executor-0] Resolving eureka endpoints via configuration
2025-04-30 00:05:53,791 DEBUG o.s.c.l.CompositeLog [DiscoveryClient-CacheRefreshExecutor-0] HTTP GET http://localhost:8761/eureka/apps/delta
2025-04-30 00:05:53,791 DEBUG o.s.c.l.CompositeLog [DiscoveryClient-HeartbeatExecutor-0] HTTP PUT http://localhost:8761/eureka/apps/USER-MANAGEMENT/Dev-MToaima.TradeNET.COM:user-management:8888?status=UP&lastDirtyTimestamp=1745938849902
2025-04-30 00:05:53,791 DEBUG o.s.c.l.CompositeLog [DiscoveryClient-HeartbeatExecutor-0] Accept=[application/json, application/*+json]
2025-04-30 00:05:53,791 DEBUG o.s.c.l.CompositeLog [DiscoveryClient-CacheRefreshExecutor-0] Accept=[application/json, application/*+json]
2025-04-30 00:05:53,807 DEBUG o.s.c.l.CompositeLog [DiscoveryClient-HeartbeatExecutor-0] Response 200 OK
2025-04-30 00:05:53,807 DEBUG o.s.c.l.CompositeLog [DiscoveryClient-CacheRefreshExecutor-0] Response 200 OK
2025-04-30 00:05:53,807 DEBUG o.s.c.l.CompositeLog [DiscoveryClient-CacheRefreshExecutor-0] Reading to [org.springframework.cloud.netflix.eureka.http.EurekaApplications]
2025-04-30 00:06:23,822 DEBUG o.s.c.l.CompositeLog [DiscoveryClient-HeartbeatExecutor-0] HTTP PUT http://localhost:8761/eureka/apps/USER-MANAGEMENT/Dev-MToaima.TradeNET.COM:user-management:8888?status=UP&lastDirtyTimestamp=1745938849902
2025-04-30 00:06:23,822 DEBUG o.s.c.l.CompositeLog [DiscoveryClient-CacheRefreshExecutor-0] HTTP GET http://localhost:8761/eureka/apps/delta
2025-04-30 00:06:23,823 DEBUG o.s.c.l.CompositeLog [DiscoveryClient-HeartbeatExecutor-0] Accept=[application/json, application/*+json]
2025-04-30 00:06:23,823 DEBUG o.s.c.l.CompositeLog [DiscoveryClient-CacheRefreshExecutor-0] Accept=[application/json, application/*+json]
2025-04-30 00:06:23,840 DEBUG o.s.c.l.CompositeLog [DiscoveryClient-CacheRefreshExecutor-0] Response 200 OK
2025-04-30 00:06:23,840 DEBUG o.s.c.l.CompositeLog [DiscoveryClient-HeartbeatExecutor-0] Response 200 OK
2025-04-30 00:06:23,841 DEBUG o.s.c.l.CompositeLog [DiscoveryClient-CacheRefreshExecutor-0] Reading to [org.springframework.cloud.netflix.eureka.http.EurekaApplications]
2025-04-30 00:06:53,854 DEBUG o.s.c.l.CompositeLog [DiscoveryClient-CacheRefreshExecutor-0] HTTP GET http://localhost:8761/eureka/apps/delta
2025-04-30 00:06:53,854 DEBUG o.s.c.l.CompositeLog [DiscoveryClient-HeartbeatExecutor-0] HTTP PUT http://localhost:8761/eureka/apps/USER-MANAGEMENT/Dev-MToaima.TradeNET.COM:user-management:8888?status=UP&lastDirtyTimestamp=1745938849902
2025-04-30 00:06:53,854 DEBUG o.s.c.l.CompositeLog [DiscoveryClient-CacheRefreshExecutor-0] Accept=[application/json, application/*+json]
2025-04-30 00:06:53,854 DEBUG o.s.c.l.CompositeLog [DiscoveryClient-HeartbeatExecutor-0] Accept=[application/json, application/*+json]
2025-04-30 00:06:53,873 DEBUG o.s.c.l.CompositeLog [DiscoveryClient-CacheRefreshExecutor-0] Response 200 OK
2025-04-30 00:06:53,873 DEBUG o.s.c.l.CompositeLog [DiscoveryClient-HeartbeatExecutor-0] Response 200 OK
2025-04-30 00:06:53,873 DEBUG o.s.c.l.CompositeLog [DiscoveryClient-CacheRefreshExecutor-0] Reading to [org.springframework.cloud.netflix.eureka.http.EurekaApplications]
2025-04-30 00:07:23,893 DEBUG o.s.c.l.CompositeLog [DiscoveryClient-HeartbeatExecutor-0] HTTP PUT http://localhost:8761/eureka/apps/USER-MANAGEMENT/Dev-MToaima.TradeNET.COM:user-management:8888?status=UP&lastDirtyTimestamp=1745938849902
2025-04-30 00:07:23,893 DEBUG o.s.c.l.CompositeLog [DiscoveryClient-CacheRefreshExecutor-0] HTTP GET http://localhost:8761/eureka/apps/delta
2025-04-30 00:07:23,893 DEBUG o.s.c.l.CompositeLog [DiscoveryClient-HeartbeatExecutor-0] Accept=[application/json, application/*+json]
2025-04-30 00:07:23,893 DEBUG o.s.c.l.CompositeLog [DiscoveryClient-CacheRefreshExecutor-0] Accept=[application/json, application/*+json]
2025-04-30 00:07:23,899 DEBUG o.s.c.l.CompositeLog [DiscoveryClient-HeartbeatExecutor-0] Response 200 OK
2025-04-30 00:07:23,899 DEBUG o.s.c.l.CompositeLog [DiscoveryClient-CacheRefreshExecutor-0] Response 200 OK
2025-04-30 00:07:23,900 DEBUG o.s.c.l.CompositeLog [DiscoveryClient-CacheRefreshExecutor-0] Reading to [org.springframework.cloud.netflix.eureka.http.EurekaApplications]
2025-04-30 00:07:53,914 DEBUG o.s.c.l.CompositeLog [DiscoveryClient-HeartbeatExecutor-0] HTTP PUT http://localhost:8761/eureka/apps/USER-MANAGEMENT/Dev-MToaima.TradeNET.COM:user-management:8888?status=UP&lastDirtyTimestamp=1745938849902
2025-04-30 00:07:53,914 DEBUG o.s.c.l.CompositeLog [DiscoveryClient-CacheRefreshExecutor-0] HTTP GET http://localhost:8761/eureka/apps/delta
2025-04-30 00:07:53,914 DEBUG o.s.c.l.CompositeLog [DiscoveryClient-HeartbeatExecutor-0] Accept=[application/json, application/*+json]
2025-04-30 00:07:53,914 DEBUG o.s.c.l.CompositeLog [DiscoveryClient-CacheRefreshExecutor-0] Accept=[application/json, application/*+json]
2025-04-30 00:07:53,931 DEBUG o.s.c.l.CompositeLog [DiscoveryClient-HeartbeatExecutor-0] Response 200 OK
2025-04-30 00:07:53,931 DEBUG o.s.c.l.CompositeLog [DiscoveryClient-CacheRefreshExecutor-0] Response 200 OK
2025-04-30 00:07:53,931 DEBUG o.s.c.l.CompositeLog [DiscoveryClient-CacheRefreshExecutor-0] Reading to [org.springframework.cloud.netflix.eureka.http.EurekaApplications]
2025-04-30 00:08:23,939 DEBUG o.s.c.l.CompositeLog [DiscoveryClient-CacheRefreshExecutor-0] HTTP GET http://localhost:8761/eureka/apps/delta
2025-04-30 00:08:23,939 DEBUG o.s.c.l.CompositeLog [DiscoveryClient-HeartbeatExecutor-0] HTTP PUT http://localhost:8761/eureka/apps/USER-MANAGEMENT/Dev-MToaima.TradeNET.COM:user-management:8888?status=UP&lastDirtyTimestamp=1745938849902
2025-04-30 00:08:23,939 DEBUG o.s.c.l.CompositeLog [DiscoveryClient-CacheRefreshExecutor-0] Accept=[application/json, application/*+json]
2025-04-30 00:08:23,939 DEBUG o.s.c.l.CompositeLog [DiscoveryClient-HeartbeatExecutor-0] Accept=[application/json, application/*+json]
2025-04-30 00:08:23,956 DEBUG o.s.c.l.CompositeLog [DiscoveryClient-CacheRefreshExecutor-0] Response 200 OK
2025-04-30 00:08:23,956 DEBUG o.s.c.l.CompositeLog [DiscoveryClient-HeartbeatExecutor-0] Response 200 OK
2025-04-30 00:08:23,956 DEBUG o.s.c.l.CompositeLog [DiscoveryClient-CacheRefreshExecutor-0] Reading to [org.springframework.cloud.netflix.eureka.http.EurekaApplications]
2025-04-30 00:08:53,969 DEBUG o.s.c.l.CompositeLog [DiscoveryClient-CacheRefreshExecutor-0] HTTP GET http://localhost:8761/eureka/apps/delta
2025-04-30 00:08:53,969 DEBUG o.s.c.l.CompositeLog [DiscoveryClient-HeartbeatExecutor-0] HTTP PUT http://localhost:8761/eureka/apps/USER-MANAGEMENT/Dev-MToaima.TradeNET.COM:user-management:8888?status=UP&lastDirtyTimestamp=1745938849902
2025-04-30 00:08:53,969 DEBUG o.s.c.l.CompositeLog [DiscoveryClient-CacheRefreshExecutor-0] Accept=[application/json, application/*+json]
2025-04-30 00:08:53,969 DEBUG o.s.c.l.CompositeLog [DiscoveryClient-HeartbeatExecutor-0] Accept=[application/json, application/*+json]
2025-04-30 00:08:53,985 DEBUG o.s.c.l.CompositeLog [DiscoveryClient-CacheRefreshExecutor-0] Response 200 OK
2025-04-30 00:08:53,985 DEBUG o.s.c.l.CompositeLog [DiscoveryClient-HeartbeatExecutor-0] Response 200 OK
2025-04-30 00:08:53,986 DEBUG o.s.c.l.CompositeLog [DiscoveryClient-CacheRefreshExecutor-0] Reading to [org.springframework.cloud.netflix.eureka.http.EurekaApplications]
2025-04-30 00:09:24,001 DEBUG o.s.c.l.CompositeLog [DiscoveryClient-CacheRefreshExecutor-0] HTTP GET http://localhost:8761/eureka/apps/delta
2025-04-30 00:09:24,001 DEBUG o.s.c.l.CompositeLog [DiscoveryClient-HeartbeatExecutor-0] HTTP PUT http://localhost:8761/eureka/apps/USER-MANAGEMENT/Dev-MToaima.TradeNET.COM:user-management:8888?status=UP&lastDirtyTimestamp=1745938849902
2025-04-30 00:09:24,001 DEBUG o.s.c.l.CompositeLog [DiscoveryClient-CacheRefreshExecutor-0] Accept=[application/json, application/*+json]
2025-04-30 00:09:24,001 DEBUG o.s.c.l.CompositeLog [DiscoveryClient-HeartbeatExecutor-0] Accept=[application/json, application/*+json]
2025-04-30 00:09:24,019 DEBUG o.s.c.l.CompositeLog [DiscoveryClient-HeartbeatExecutor-0] Response 200 OK
2025-04-30 00:09:24,019 DEBUG o.s.c.l.CompositeLog [DiscoveryClient-CacheRefreshExecutor-0] Response 200 OK
2025-04-30 00:09:24,020 DEBUG o.s.c.l.CompositeLog [DiscoveryClient-CacheRefreshExecutor-0] Reading to [org.springframework.cloud.netflix.eureka.http.EurekaApplications]
2025-04-30 00:09:54,023 DEBUG o.s.c.l.CompositeLog [DiscoveryClient-CacheRefreshExecutor-0] HTTP GET http://localhost:8761/eureka/apps/delta
2025-04-30 00:09:54,023 DEBUG o.s.c.l.CompositeLog [DiscoveryClient-HeartbeatExecutor-0] HTTP PUT http://localhost:8761/eureka/apps/USER-MANAGEMENT/Dev-MToaima.TradeNET.COM:user-management:8888?status=UP&lastDirtyTimestamp=1745938849902
2025-04-30 00:09:54,024 DEBUG o.s.c.l.CompositeLog [DiscoveryClient-CacheRefreshExecutor-0] Accept=[application/json, application/*+json]
2025-04-30 00:09:54,024 DEBUG o.s.c.l.CompositeLog [DiscoveryClient-HeartbeatExecutor-0] Accept=[application/json, application/*+json]
2025-04-30 00:09:54,040 DEBUG o.s.c.l.CompositeLog [DiscoveryClient-CacheRefreshExecutor-0] Response 200 OK
2025-04-30 00:09:54,040 DEBUG o.s.c.l.CompositeLog [DiscoveryClient-HeartbeatExecutor-0] Response 200 OK
2025-04-30 00:09:54,041 DEBUG o.s.c.l.CompositeLog [DiscoveryClient-CacheRefreshExecutor-0] Reading to [org.springframework.cloud.netflix.eureka.http.EurekaApplications]
2025-04-30 00:10:24,043 DEBUG o.s.c.l.CompositeLog [DiscoveryClient-HeartbeatExecutor-0] HTTP PUT http://localhost:8761/eureka/apps/USER-MANAGEMENT/Dev-MToaima.TradeNET.COM:user-management:8888?status=UP&lastDirtyTimestamp=1745938849902
2025-04-30 00:10:24,043 DEBUG o.s.c.l.CompositeLog [DiscoveryClient-HeartbeatExecutor-0] Accept=[application/json, application/*+json]
2025-04-30 00:10:24,057 DEBUG o.s.c.l.CompositeLog [DiscoveryClient-CacheRefreshExecutor-0] HTTP GET http://localhost:8761/eureka/apps/delta
2025-04-30 00:10:24,057 DEBUG o.s.c.l.CompositeLog [DiscoveryClient-CacheRefreshExecutor-0] Accept=[application/json, application/*+json]
2025-04-30 00:10:24,059 DEBUG o.s.c.l.CompositeLog [DiscoveryClient-HeartbeatExecutor-0] Response 200 OK
2025-04-30 00:10:24,074 DEBUG o.s.c.l.CompositeLog [DiscoveryClient-CacheRefreshExecutor-0] Response 200 OK
2025-04-30 00:10:24,074 DEBUG o.s.c.l.CompositeLog [DiscoveryClient-CacheRefreshExecutor-0] Reading to [org.springframework.cloud.netflix.eureka.http.EurekaApplications]
2025-04-30 00:10:47,105 INFO c.n.d.s.r.a.ConfigClusterResolver [AsyncResolver-bootstrap-executor-0] Resolving eureka endpoints via configuration
2025-04-30 00:10:54,060 DEBUG o.s.c.l.CompositeLog [DiscoveryClient-HeartbeatExecutor-0] HTTP PUT http://localhost:8761/eureka/apps/USER-MANAGEMENT/Dev-MToaima.TradeNET.COM:user-management:8888?status=UP&lastDirtyTimestamp=1745938849902
2025-04-30 00:10:54,060 DEBUG o.s.c.l.CompositeLog [DiscoveryClient-HeartbeatExecutor-0] Accept=[application/json, application/*+json]
2025-04-30 00:10:54,077 DEBUG o.s.c.l.CompositeLog [DiscoveryClient-CacheRefreshExecutor-0] HTTP GET http://localhost:8761/eureka/apps/delta
2025-04-30 00:10:54,077 DEBUG o.s.c.l.CompositeLog [DiscoveryClient-CacheRefreshExecutor-0] Accept=[application/json, application/*+json]
2025-04-30 00:10:54,077 DEBUG o.s.c.l.CompositeLog [DiscoveryClient-HeartbeatExecutor-0] Response 200 OK
2025-04-30 00:10:54,093 DEBUG o.s.c.l.CompositeLog [DiscoveryClient-CacheRefreshExecutor-0] Response 200 OK
2025-04-30 00:10:54,093 DEBUG o.s.c.l.CompositeLog [DiscoveryClient-CacheRefreshExecutor-0] Reading to [org.springframework.cloud.netflix.eureka.http.EurekaApplications]
2025-04-30 00:11:24,088 DEBUG o.s.c.l.CompositeLog [DiscoveryClient-HeartbeatExecutor-0] HTTP PUT http://localhost:8761/eureka/apps/USER-MANAGEMENT/Dev-MToaima.TradeNET.COM:user-management:8888?status=UP&lastDirtyTimestamp=1745938849902
2025-04-30 00:11:24,088 DEBUG o.s.c.l.CompositeLog [DiscoveryClient-HeartbeatExecutor-0] Accept=[application/json, application/*+json]
2025-04-30 00:11:24,103 DEBUG o.s.c.l.CompositeLog [DiscoveryClient-CacheRefreshExecutor-0] HTTP GET http://localhost:8761/eureka/apps/delta
2025-04-30 00:11:24,103 DEBUG o.s.c.l.CompositeLog [DiscoveryClient-CacheRefreshExecutor-0] Accept=[application/json, application/*+json]
2025-04-30 00:11:24,104 DEBUG o.s.c.l.CompositeLog [DiscoveryClient-HeartbeatExecutor-0] Response 200 OK
2025-04-30 00:11:24,119 DEBUG o.s.c.l.CompositeLog [DiscoveryClient-CacheRefreshExecutor-0] Response 200 OK
2025-04-30 00:11:24,119 DEBUG o.s.c.l.CompositeLog [DiscoveryClient-CacheRefreshExecutor-0] Reading to [org.springframework.cloud.netflix.eureka.http.EurekaApplications]
2025-04-30 00:11:54,118 DEBUG o.s.c.l.CompositeLog [DiscoveryClient-HeartbeatExecutor-0] HTTP PUT http://localhost:8761/eureka/apps/USER-MANAGEMENT/Dev-MToaima.TradeNET.COM:user-management:8888?status=UP&lastDirtyTimestamp=1745938849902
2025-04-30 00:11:54,121 DEBUG o.s.c.l.CompositeLog [DiscoveryClient-HeartbeatExecutor-0] Accept=[application/json, application/*+json]
2025-04-30 00:11:54,124 DEBUG o.s.c.l.CompositeLog [DiscoveryClient-HeartbeatExecutor-0] Response 200 OK
2025-04-30 00:11:54,124 DEBUG o.s.c.l.CompositeLog [DiscoveryClient-CacheRefreshExecutor-0] HTTP GET http://localhost:8761/eureka/apps/delta
2025-04-30 00:11:54,124 DEBUG o.s.c.l.CompositeLog [DiscoveryClient-CacheRefreshExecutor-0] Accept=[application/json, application/*+json]
2025-04-30 00:11:54,132 DEBUG o.s.c.l.CompositeLog [DiscoveryClient-CacheRefreshExecutor-0] Response 200 OK
2025-04-30 00:11:54,132 DEBUG o.s.c.l.CompositeLog [DiscoveryClient-CacheRefreshExecutor-0] Reading to [org.springframework.cloud.netflix.eureka.http.EurekaApplications]
2025-04-30 00:12:24,140 DEBUG o.s.c.l.CompositeLog [DiscoveryClient-CacheRefreshExecutor-0] HTTP GET http://localhost:8761/eureka/apps/delta
2025-04-30 00:12:24,140 DEBUG o.s.c.l.CompositeLog [DiscoveryClient-HeartbeatExecutor-0] HTTP PUT http://localhost:8761/eureka/apps/USER-MANAGEMENT/Dev-MToaima.TradeNET.COM:user-management:8888?status=UP&lastDirtyTimestamp=1745938849902
2025-04-30 00:12:24,141 DEBUG o.s.c.l.CompositeLog [DiscoveryClient-CacheRefreshExecutor-0] Accept=[application/json, application/*+json]
2025-04-30 00:12:24,141 DEBUG o.s.c.l.CompositeLog [DiscoveryClient-HeartbeatExecutor-0] Accept=[application/json, application/*+json]
2025-04-30 00:12:24,168 DEBUG o.s.c.l.CompositeLog [DiscoveryClient-CacheRefreshExecutor-0] Response 200 OK
2025-04-30 00:12:24,168 DEBUG o.s.c.l.CompositeLog [DiscoveryClient-HeartbeatExecutor-0] Response 200 OK
2025-04-30 00:12:24,168 DEBUG o.s.c.l.CompositeLog [DiscoveryClient-CacheRefreshExecutor-0] Reading to [org.springframework.cloud.netflix.eureka.http.EurekaApplications]
2025-04-30 00:12:54,181 DEBUG o.s.c.l.CompositeLog [DiscoveryClient-CacheRefreshExecutor-0] HTTP GET http://localhost:8761/eureka/apps/delta
2025-04-30 00:12:54,181 DEBUG o.s.c.l.CompositeLog [DiscoveryClient-HeartbeatExecutor-0] HTTP PUT http://localhost:8761/eureka/apps/USER-MANAGEMENT/Dev-MToaima.TradeNET.COM:user-management:8888?status=UP&lastDirtyTimestamp=1745938849902
2025-04-30 00:12:54,181 DEBUG o.s.c.l.CompositeLog [DiscoveryClient-HeartbeatExecutor-0] Accept=[application/json, application/*+json]
2025-04-30 00:12:54,181 DEBUG o.s.c.l.CompositeLog [DiscoveryClient-CacheRefreshExecutor-0] Accept=[application/json, application/*+json]
2025-04-30 00:12:54,197 DEBUG o.s.c.l.CompositeLog [DiscoveryClient-CacheRefreshExecutor-0] Response 200 OK
2025-04-30 00:12:54,197 DEBUG o.s.c.l.CompositeLog [DiscoveryClient-HeartbeatExecutor-0] Response 200 OK
2025-04-30 00:12:54,197 DEBUG o.s.c.l.CompositeLog [DiscoveryClient-CacheRefreshExecutor-0] Reading to [org.springframework.cloud.netflix.eureka.http.EurekaApplications]
2025-04-30 00:13:24,200 DEBUG o.s.c.l.CompositeLog [DiscoveryClient-CacheRefreshExecutor-0] HTTP GET http://localhost:8761/eureka/apps/delta
2025-04-30 00:13:24,200 DEBUG o.s.c.l.CompositeLog [DiscoveryClient-HeartbeatExecutor-0] HTTP PUT http://localhost:8761/eureka/apps/USER-MANAGEMENT/Dev-MToaima.TradeNET.COM:user-management:8888?status=UP&lastDirtyTimestamp=1745938849902
2025-04-30 00:13:24,201 DEBUG o.s.c.l.CompositeLog [DiscoveryClient-HeartbeatExecutor-0] Accept=[application/json, application/*+json]
2025-04-30 00:13:24,201 DEBUG o.s.c.l.CompositeLog [DiscoveryClient-CacheRefreshExecutor-0] Accept=[application/json, application/*+json]
2025-04-30 00:13:24,217 DEBUG o.s.c.l.CompositeLog [DiscoveryClient-CacheRefreshExecutor-0] Response 200 OK
2025-04-30 00:13:24,217 DEBUG o.s.c.l.CompositeLog [DiscoveryClient-HeartbeatExecutor-0] Response 200 OK
2025-04-30 00:13:24,218 DEBUG o.s.c.l.CompositeLog [DiscoveryClient-CacheRefreshExecutor-0] Reading to [org.springframework.cloud.netflix.eureka.http.EurekaApplications]
2025-04-30 00:13:54,226 DEBUG o.s.c.l.CompositeLog [DiscoveryClient-CacheRefreshExecutor-0] HTTP GET http://localhost:8761/eureka/apps/delta
2025-04-30 00:13:54,226 DEBUG o.s.c.l.CompositeLog [DiscoveryClient-HeartbeatExecutor-0] HTTP PUT http://localhost:8761/eureka/apps/USER-MANAGEMENT/Dev-MToaima.TradeNET.COM:user-management:8888?status=UP&lastDirtyTimestamp=1745938849902
2025-04-30 00:13:54,227 DEBUG o.s.c.l.CompositeLog [DiscoveryClient-CacheRefreshExecutor-0] Accept=[application/json, application/*+json]
2025-04-30 00:13:54,227 DEBUG o.s.c.l.CompositeLog [DiscoveryClient-HeartbeatExecutor-0] Accept=[application/json, application/*+json]
2025-04-30 00:13:54,243 DEBUG o.s.c.l.CompositeLog [DiscoveryClient-HeartbeatExecutor-0] Response 200 OK
2025-04-30 00:13:54,243 DEBUG o.s.c.l.CompositeLog [DiscoveryClient-CacheRefreshExecutor-0] Response 200 OK
2025-04-30 00:13:54,244 DEBUG o.s.c.l.CompositeLog [DiscoveryClient-CacheRefreshExecutor-0] Reading to [org.springframework.cloud.netflix.eureka.http.EurekaApplications]
2025-04-30 00:14:24,247 DEBUG o.s.c.l.CompositeLog [DiscoveryClient-CacheRefreshExecutor-0] HTTP GET http://localhost:8761/eureka/apps/delta
2025-04-30 00:14:24,247 DEBUG o.s.c.l.CompositeLog [DiscoveryClient-HeartbeatExecutor-0] HTTP PUT http://localhost:8761/eureka/apps/USER-MANAGEMENT/Dev-MToaima.TradeNET.COM:user-management:8888?status=UP&lastDirtyTimestamp=1745938849902
2025-04-30 00:14:24,248 DEBUG o.s.c.l.CompositeLog [DiscoveryClient-HeartbeatExecutor-0] Accept=[application/json, application/*+json]
2025-04-30 00:14:24,248 DEBUG o.s.c.l.CompositeLog [DiscoveryClient-CacheRefreshExecutor-0] Accept=[application/json, application/*+json]
2025-04-30 00:14:24,271 DEBUG o.s.c.l.CompositeLog [DiscoveryClient-CacheRefreshExecutor-0] Response 200 OK
2025-04-30 00:14:24,271 DEBUG o.s.c.l.CompositeLog [DiscoveryClient-HeartbeatExecutor-0] Response 200 OK
2025-04-30 00:14:24,271 DEBUG o.s.c.l.CompositeLog [DiscoveryClient-CacheRefreshExecutor-0] Reading to [org.springframework.cloud.netflix.eureka.http.EurekaApplications]
2025-04-30 00:14:54,284 DEBUG o.s.c.l.CompositeLog [DiscoveryClient-HeartbeatExecutor-0] HTTP PUT http://localhost:8761/eureka/apps/USER-MANAGEMENT/Dev-MToaima.TradeNET.COM:user-management:8888?status=UP&lastDirtyTimestamp=1745938849902
2025-04-30 00:14:54,284 DEBUG o.s.c.l.CompositeLog [DiscoveryClient-CacheRefreshExecutor-0] HTTP GET http://localhost:8761/eureka/apps/delta
2025-04-30 00:14:54,285 DEBUG o.s.c.l.CompositeLog [DiscoveryClient-HeartbeatExecutor-0] Accept=[application/json, application/*+json]
2025-04-30 00:14:54,285 DEBUG o.s.c.l.CompositeLog [DiscoveryClient-CacheRefreshExecutor-0] Accept=[application/json, application/*+json]
2025-04-30 00:14:54,303 DEBUG o.s.c.l.CompositeLog [DiscoveryClient-HeartbeatExecutor-0] Response 200 OK
2025-04-30 00:14:54,303 DEBUG o.s.c.l.CompositeLog [DiscoveryClient-CacheRefreshExecutor-0] Response 200 OK
2025-04-30 00:14:54,303 DEBUG o.s.c.l.CompositeLog [DiscoveryClient-CacheRefreshExecutor-0] Reading to [org.springframework.cloud.netflix.eureka.http.EurekaApplications]
2025-04-30 00:15:24,315 DEBUG o.s.c.l.CompositeLog [DiscoveryClient-CacheRefreshExecutor-0] HTTP GET http://localhost:8761/eureka/apps/delta
2025-04-30 00:15:24,315 DEBUG o.s.c.l.CompositeLog [DiscoveryClient-HeartbeatExecutor-0] HTTP PUT http://localhost:8761/eureka/apps/USER-MANAGEMENT/Dev-MToaima.TradeNET.COM:user-management:8888?status=UP&lastDirtyTimestamp=1745938849902
2025-04-30 00:15:24,315 DEBUG o.s.c.l.CompositeLog [DiscoveryClient-CacheRefreshExecutor-0] Accept=[application/json, application/*+json]
2025-04-30 00:15:24,315 DEBUG o.s.c.l.CompositeLog [DiscoveryClient-HeartbeatExecutor-0] Accept=[application/json, application/*+json]
2025-04-30 00:15:24,332 DEBUG o.s.c.l.CompositeLog [DiscoveryClient-CacheRefreshExecutor-0] Response 200 OK
2025-04-30 00:15:24,332 DEBUG o.s.c.l.CompositeLog [DiscoveryClient-HeartbeatExecutor-0] Response 200 OK
2025-04-30 00:15:24,332 DEBUG o.s.c.l.CompositeLog [DiscoveryClient-CacheRefreshExecutor-0] Reading to [org.springframework.cloud.netflix.eureka.http.EurekaApplications]
2025-04-30 00:15:47,109 INFO c.n.d.s.r.a.ConfigClusterResolver [AsyncResolver-bootstrap-executor-0] Resolving eureka endpoints via configuration
2025-04-30 00:15:54,347 DEBUG o.s.c.l.CompositeLog [DiscoveryClient-HeartbeatExecutor-0] HTTP PUT http://localhost:8761/eureka/apps/USER-MANAGEMENT/Dev-MToaima.TradeNET.COM:user-management:8888?status=UP&lastDirtyTimestamp=1745938849902
2025-04-30 00:15:54,347 DEBUG o.s.c.l.CompositeLog [DiscoveryClient-CacheRefreshExecutor-0] HTTP GET http://localhost:8761/eureka/apps/delta
2025-04-30 00:15:54,348 DEBUG o.s.c.l.CompositeLog [DiscoveryClient-HeartbeatExecutor-0] Accept=[application/json, application/*+json]
2025-04-30 00:15:54,348 DEBUG o.s.c.l.CompositeLog [DiscoveryClient-CacheRefreshExecutor-0] Accept=[application/json, application/*+json]
2025-04-30 00:15:54,370 DEBUG o.s.c.l.CompositeLog [DiscoveryClient-CacheRefreshExecutor-0] Response 200 OK
2025-04-30 00:15:54,370 DEBUG o.s.c.l.CompositeLog [DiscoveryClient-HeartbeatExecutor-0] Response 200 OK
2025-04-30 00:15:54,370 DEBUG o.s.c.l.CompositeLog [DiscoveryClient-CacheRefreshExecutor-0] Reading to [org.springframework.cloud.netflix.eureka.http.EurekaApplications]
2025-04-30 00:16:24,385 DEBUG o.s.c.l.CompositeLog [DiscoveryClient-CacheRefreshExecutor-0] HTTP GET http://localhost:8761/eureka/apps/delta
2025-04-30 00:16:24,385 DEBUG o.s.c.l.CompositeLog [DiscoveryClient-HeartbeatExecutor-0] HTTP PUT http://localhost:8761/eureka/apps/USER-MANAGEMENT/Dev-MToaima.TradeNET.COM:user-management:8888?status=UP&lastDirtyTimestamp=1745938849902
2025-04-30 00:16:24,386 DEBUG o.s.c.l.CompositeLog [DiscoveryClient-CacheRefreshExecutor-0] Accept=[application/json, application/*+json]
2025-04-30 00:16:24,386 DEBUG o.s.c.l.CompositeLog [DiscoveryClient-HeartbeatExecutor-0] Accept=[application/json, application/*+json]
2025-04-30 00:16:24,402 DEBUG o.s.c.l.CompositeLog [DiscoveryClient-HeartbeatExecutor-0] Response 200 OK
2025-04-30 00:16:24,402 DEBUG o.s.c.l.CompositeLog [DiscoveryClient-CacheRefreshExecutor-0] Response 200 OK
2025-04-30 00:16:24,403 DEBUG o.s.c.l.CompositeLog [DiscoveryClient-CacheRefreshExecutor-0] Reading to [org.springframework.cloud.netflix.eureka.http.EurekaApplications]
2025-04-30 00:16:54,409 DEBUG o.s.c.l.CompositeLog [DiscoveryClient-HeartbeatExecutor-0] HTTP PUT http://localhost:8761/eureka/apps/USER-MANAGEMENT/Dev-MToaima.TradeNET.COM:user-management:8888?status=UP&lastDirtyTimestamp=1745938849902
2025-04-30 00:16:54,409 DEBUG o.s.c.l.CompositeLog [DiscoveryClient-CacheRefreshExecutor-0] HTTP GET http://localhost:8761/eureka/apps/delta
2025-04-30 00:16:54,410 DEBUG o.s.c.l.CompositeLog [DiscoveryClient-HeartbeatExecutor-0] Accept=[application/json, application/*+json]
2025-04-30 00:16:54,410 DEBUG o.s.c.l.CompositeLog [DiscoveryClient-CacheRefreshExecutor-0] Accept=[application/json, application/*+json]
2025-04-30 00:16:54,425 DEBUG o.s.c.l.CompositeLog [DiscoveryClient-CacheRefreshExecutor-0] Response 200 OK
2025-04-30 00:16:54,425 DEBUG o.s.c.l.CompositeLog [DiscoveryClient-HeartbeatExecutor-0] Response 200 OK
2025-04-30 00:16:54,426 DEBUG o.s.c.l.CompositeLog [DiscoveryClient-CacheRefreshExecutor-0] Reading to [org.springframework.cloud.netflix.eureka.http.EurekaApplications]
2025-04-30 00:17:24,434 DEBUG o.s.c.l.CompositeLog [DiscoveryClient-HeartbeatExecutor-0] HTTP PUT http://localhost:8761/eureka/apps/USER-MANAGEMENT/Dev-MToaima.TradeNET.COM:user-management:8888?status=UP&lastDirtyTimestamp=1745938849902
2025-04-30 00:17:24,435 DEBUG o.s.c.l.CompositeLog [DiscoveryClient-CacheRefreshExecutor-0] HTTP GET http://localhost:8761/eureka/apps/delta
2025-04-30 00:17:24,435 DEBUG o.s.c.l.CompositeLog [DiscoveryClient-HeartbeatExecutor-0] Accept=[application/json, application/*+json]
2025-04-30 00:17:24,435 DEBUG o.s.c.l.CompositeLog [DiscoveryClient-CacheRefreshExecutor-0] Accept=[application/json, application/*+json]
2025-04-30 00:17:24,452 DEBUG o.s.c.l.CompositeLog [DiscoveryClient-HeartbeatExecutor-0] Response 200 OK
2025-04-30 00:17:24,452 DEBUG o.s.c.l.CompositeLog [DiscoveryClient-CacheRefreshExecutor-0] Response 200 OK
2025-04-30 00:17:24,452 DEBUG o.s.c.l.CompositeLog [DiscoveryClient-CacheRefreshExecutor-0] Reading to [org.springframework.cloud.netflix.eureka.http.EurekaApplications]
2025-04-30 00:17:54,469 DEBUG o.s.c.l.CompositeLog [DiscoveryClient-HeartbeatExecutor-0] HTTP PUT http://localhost:8761/eureka/apps/USER-MANAGEMENT/Dev-MToaima.TradeNET.COM:user-management:8888?status=UP&lastDirtyTimestamp=1745938849902
2025-04-30 00:17:54,469 DEBUG o.s.c.l.CompositeLog [DiscoveryClient-CacheRefreshExecutor-0] HTTP GET http://localhost:8761/eureka/apps/delta
2025-04-30 00:17:54,471 DEBUG o.s.c.l.CompositeLog [DiscoveryClient-CacheRefreshExecutor-0] Accept=[application/json, application/*+json]
2025-04-30 00:17:54,471 DEBUG o.s.c.l.CompositeLog [DiscoveryClient-HeartbeatExecutor-0] Accept=[application/json, application/*+json]
2025-04-30 00:17:54,486 DEBUG o.s.c.l.CompositeLog [DiscoveryClient-HeartbeatExecutor-0] Response 200 OK
2025-04-30 00:17:54,486 DEBUG o.s.c.l.CompositeLog [DiscoveryClient-CacheRefreshExecutor-0] Response 200 OK
2025-04-30 00:17:54,487 DEBUG o.s.c.l.CompositeLog [DiscoveryClient-CacheRefreshExecutor-0] Reading to [org.springframework.cloud.netflix.eureka.http.EurekaApplications]
2025-04-30 00:18:24,495 DEBUG o.s.c.l.CompositeLog [DiscoveryClient-HeartbeatExecutor-0] HTTP PUT http://localhost:8761/eureka/apps/USER-MANAGEMENT/Dev-MToaima.TradeNET.COM:user-management:8888?status=UP&lastDirtyTimestamp=1745938849902
2025-04-30 00:18:24,496 DEBUG o.s.c.l.CompositeLog [DiscoveryClient-HeartbeatExecutor-0] Accept=[application/json, application/*+json]
2025-04-30 00:18:24,501 DEBUG o.s.c.l.CompositeLog [DiscoveryClient-CacheRefreshExecutor-0] HTTP GET http://localhost:8761/eureka/apps/delta
2025-04-30 00:18:24,505 DEBUG o.s.c.l.CompositeLog [DiscoveryClient-CacheRefreshExecutor-0] Accept=[application/json, application/*+json]
2025-04-30 00:18:24,508 DEBUG o.s.c.l.CompositeLog [DiscoveryClient-CacheRefreshExecutor-0] Response 200 OK
2025-04-30 00:18:24,508 DEBUG o.s.c.l.CompositeLog [DiscoveryClient-CacheRefreshExecutor-0] Reading to [org.springframework.cloud.netflix.eureka.http.EurekaApplications]
2025-04-30 00:18:24,510 DEBUG o.s.c.l.CompositeLog [DiscoveryClient-HeartbeatExecutor-0] Response 200 OK
2025-04-30 00:18:54,515 DEBUG o.s.c.l.CompositeLog [DiscoveryClient-HeartbeatExecutor-0] HTTP PUT http://localhost:8761/eureka/apps/USER-MANAGEMENT/Dev-MToaima.TradeNET.COM:user-management:8888?status=UP&lastDirtyTimestamp=1745938849902
2025-04-30 00:18:54,515 DEBUG o.s.c.l.CompositeLog [DiscoveryClient-CacheRefreshExecutor-0] HTTP GET http://localhost:8761/eureka/apps/delta
2025-04-30 00:18:54,516 DEBUG o.s.c.l.CompositeLog [DiscoveryClient-HeartbeatExecutor-0] Accept=[application/json, application/*+json]
2025-04-30 00:18:54,516 DEBUG o.s.c.l.CompositeLog [DiscoveryClient-CacheRefreshExecutor-0] Accept=[application/json, application/*+json]
2025-04-30 00:18:54,533 DEBUG o.s.c.l.CompositeLog [DiscoveryClient-HeartbeatExecutor-0] Response 200 OK
2025-04-30 00:18:54,533 DEBUG o.s.c.l.CompositeLog [DiscoveryClient-CacheRefreshExecutor-0] Response 200 OK
2025-04-30 00:18:54,534 DEBUG o.s.c.l.CompositeLog [DiscoveryClient-CacheRefreshExecutor-0] Reading to [org.springframework.cloud.netflix.eureka.http.EurekaApplications]
2025-04-30 00:23:38,269 DEBUG o.s.c.l.CompositeLog [DiscoveryClient-HeartbeatExecutor-0] HTTP PUT http://localhost:8761/eureka/apps/USER-MANAGEMENT/Dev-MToaima.TradeNET.COM:user-management:8888?status=UP&lastDirtyTimestamp=1745938849902
2025-04-30 00:23:38,269 DEBUG o.s.c.l.CompositeLog [DiscoveryClient-CacheRefreshExecutor-0] HTTP GET http://localhost:8761/eureka/apps/delta
2025-04-30 00:23:38,270 DEBUG o.s.c.l.CompositeLog [DiscoveryClient-HeartbeatExecutor-0] Accept=[application/json, application/*+json]
2025-04-30 00:23:38,270 DEBUG o.s.c.l.CompositeLog [DiscoveryClient-CacheRefreshExecutor-0] Accept=[application/json, application/*+json]
2025-04-30 00:23:38,275 DEBUG o.s.c.l.CompositeLog [DiscoveryClient-HeartbeatExecutor-0] Response 200 OK
2025-04-30 00:23:38,275 DEBUG o.s.c.l.CompositeLog [DiscoveryClient-CacheRefreshExecutor-0] Response 200 OK
2025-04-30 00:23:38,275 DEBUG o.s.c.l.CompositeLog [DiscoveryClient-CacheRefreshExecutor-0] Reading to [org.springframework.cloud.netflix.eureka.http.EurekaApplications]
2025-04-30 00:23:58,906 WARN c.z.h.p.HikariPool$HouseKeeper [HikariPool-4 housekeeper] HikariPool-4 - Thread starvation or clock leap detected (housekeeper delta=4m43s735ms448µs500ns).
2025-04-30 00:24:08,290 DEBUG o.s.c.l.CompositeLog [DiscoveryClient-CacheRefreshExecutor-0] HTTP GET http://localhost:8761/eureka/apps/delta
2025-04-30 00:24:08,290 DEBUG o.s.c.l.CompositeLog [DiscoveryClient-HeartbeatExecutor-0] HTTP PUT http://localhost:8761/eureka/apps/USER-MANAGEMENT/Dev-MToaima.TradeNET.COM:user-management:8888?status=UP&lastDirtyTimestamp=1745938849902
2025-04-30 00:24:08,290 DEBUG o.s.c.l.CompositeLog [DiscoveryClient-CacheRefreshExecutor-0] Accept=[application/json, application/*+json]
2025-04-30 00:24:08,290 DEBUG o.s.c.l.CompositeLog [DiscoveryClient-HeartbeatExecutor-0] Accept=[application/json, application/*+json]
2025-04-30 00:24:08,307 DEBUG o.s.c.l.CompositeLog [DiscoveryClient-CacheRefreshExecutor-0] Response 200 OK
2025-04-30 00:24:08,307 DEBUG o.s.c.l.CompositeLog [DiscoveryClient-HeartbeatExecutor-0] Response 200 OK
2025-04-30 00:24:08,308 DEBUG o.s.c.l.CompositeLog [DiscoveryClient-CacheRefreshExecutor-0] Reading to [org.springframework.cloud.netflix.eureka.http.EurekaApplications]
2025-04-30 00:24:38,314 DEBUG o.s.c.l.CompositeLog [DiscoveryClient-HeartbeatExecutor-0] HTTP PUT http://localhost:8761/eureka/apps/USER-MANAGEMENT/Dev-MToaima.TradeNET.COM:user-management:8888?status=UP&lastDirtyTimestamp=1745938849902
2025-04-30 00:24:38,314 DEBUG o.s.c.l.CompositeLog [DiscoveryClient-CacheRefreshExecutor-0] HTTP GET http://localhost:8761/eureka/apps/delta
2025-04-30 00:24:38,314 DEBUG o.s.c.l.CompositeLog [DiscoveryClient-CacheRefreshExecutor-0] Accept=[application/json, application/*+json]
2025-04-30 00:24:38,314 DEBUG o.s.c.l.CompositeLog [DiscoveryClient-HeartbeatExecutor-0] Accept=[application/json, application/*+json]
2025-04-30 00:24:38,329 DEBUG o.s.c.l.CompositeLog [DiscoveryClient-HeartbeatExecutor-0] Response 200 OK
2025-04-30 00:24:38,329 DEBUG o.s.c.l.CompositeLog [DiscoveryClient-CacheRefreshExecutor-0] Response 200 OK
2025-04-30 00:24:38,329 DEBUG o.s.c.l.CompositeLog [DiscoveryClient-CacheRefreshExecutor-0] Reading to [org.springframework.cloud.netflix.eureka.http.EurekaApplications]
2025-04-30 00:25:00,852 INFO c.n.d.s.r.a.ConfigClusterResolver [AsyncResolver-bootstrap-executor-0] Resolving eureka endpoints via configuration
2025-04-30 00:25:08,343 DEBUG o.s.c.l.CompositeLog [DiscoveryClient-HeartbeatExecutor-0] HTTP PUT http://localhost:8761/eureka/apps/USER-MANAGEMENT/Dev-MToaima.TradeNET.COM:user-management:8888?status=UP&lastDirtyTimestamp=1745938849902
2025-04-30 00:25:08,343 DEBUG o.s.c.l.CompositeLog [DiscoveryClient-CacheRefreshExecutor-0] HTTP GET http://localhost:8761/eureka/apps/delta
2025-04-30 00:25:08,343 DEBUG o.s.c.l.CompositeLog [DiscoveryClient-HeartbeatExecutor-0] Accept=[application/json, application/*+json]
2025-04-30 00:25:08,343 DEBUG o.s.c.l.CompositeLog [DiscoveryClient-CacheRefreshExecutor-0] Accept=[application/json, application/*+json]
2025-04-30 00:25:08,359 DEBUG o.s.c.l.CompositeLog [DiscoveryClient-HeartbeatExecutor-0] Response 200 OK
2025-04-30 00:25:08,359 DEBUG o.s.c.l.CompositeLog [DiscoveryClient-CacheRefreshExecutor-0] Response 200 OK
2025-04-30 00:25:08,359 DEBUG o.s.c.l.CompositeLog [DiscoveryClient-CacheRefreshExecutor-0] Reading to [org.springframework.cloud.netflix.eureka.http.EurekaApplications]
2025-04-30 00:25:38,363 DEBUG o.s.c.l.CompositeLog [DiscoveryClient-HeartbeatExecutor-0] HTTP PUT http://localhost:8761/eureka/apps/USER-MANAGEMENT/Dev-MToaima.TradeNET.COM:user-management:8888?status=UP&lastDirtyTimestamp=1745938849902
2025-04-30 00:25:38,363 DEBUG o.s.c.l.CompositeLog [DiscoveryClient-HeartbeatExecutor-0] Accept=[application/json, application/*+json]
2025-04-30 00:25:38,378 DEBUG o.s.c.l.CompositeLog [DiscoveryClient-CacheRefreshExecutor-0] HTTP GET http://localhost:8761/eureka/apps/delta
2025-04-30 00:25:38,378 DEBUG o.s.c.l.CompositeLog [DiscoveryClient-CacheRefreshExecutor-0] Accept=[application/json, application/*+json]
2025-04-30 00:25:38,378 DEBUG o.s.c.l.CompositeLog [DiscoveryClient-HeartbeatExecutor-0] Response 200 OK
2025-04-30 00:25:38,394 DEBUG o.s.c.l.CompositeLog [DiscoveryClient-CacheRefreshExecutor-0] Response 200 OK
2025-04-30 00:25:38,394 DEBUG o.s.c.l.CompositeLog [DiscoveryClient-CacheRefreshExecutor-0] Reading to [org.springframework.cloud.netflix.eureka.http.EurekaApplications]
2025-04-30 00:26:08,384 DEBUG o.s.c.l.CompositeLog [DiscoveryClient-HeartbeatExecutor-0] HTTP PUT http://localhost:8761/eureka/apps/USER-MANAGEMENT/Dev-MToaima.TradeNET.COM:user-management:8888?status=UP&lastDirtyTimestamp=1745938849902
2025-04-30 00:26:08,385 DEBUG o.s.c.l.CompositeLog [DiscoveryClient-HeartbeatExecutor-0] Accept=[application/json, application/*+json]
2025-04-30 00:26:08,400 DEBUG o.s.c.l.CompositeLog [DiscoveryClient-CacheRefreshExecutor-0] HTTP GET http://localhost:8761/eureka/apps/delta
2025-04-30 00:26:08,400 DEBUG o.s.c.l.CompositeLog [DiscoveryClient-CacheRefreshExecutor-0] Accept=[application/json, application/*+json]
2025-04-30 00:26:08,400 DEBUG o.s.c.l.CompositeLog [DiscoveryClient-HeartbeatExecutor-0] Response 200 OK
2025-04-30 00:26:08,416 DEBUG o.s.c.l.CompositeLog [DiscoveryClient-CacheRefreshExecutor-0] Response 200 OK
2025-04-30 00:26:08,416 DEBUG o.s.c.l.CompositeLog [DiscoveryClient-CacheRefreshExecutor-0] Reading to [org.springframework.cloud.netflix.eureka.http.EurekaApplications]
2025-04-30 00:26:38,416 DEBUG o.s.c.l.CompositeLog [DiscoveryClient-HeartbeatExecutor-0] HTTP PUT http://localhost:8761/eureka/apps/USER-MANAGEMENT/Dev-MToaima.TradeNET.COM:user-management:8888?status=UP&lastDirtyTimestamp=1745938849902
2025-04-30 00:26:38,416 DEBUG o.s.c.l.CompositeLog [DiscoveryClient-HeartbeatExecutor-0] Accept=[application/json, application/*+json]
2025-04-30 00:26:38,431 DEBUG o.s.c.l.CompositeLog [DiscoveryClient-CacheRefreshExecutor-0] HTTP GET http://localhost:8761/eureka/apps/delta
2025-04-30 00:26:38,431 DEBUG o.s.c.l.CompositeLog [DiscoveryClient-CacheRefreshExecutor-0] Accept=[application/json, application/*+json]
2025-04-30 00:26:38,431 DEBUG o.s.c.l.CompositeLog [DiscoveryClient-HeartbeatExecutor-0] Response 200 OK
2025-04-30 00:26:38,447 DEBUG o.s.c.l.CompositeLog [DiscoveryClient-CacheRefreshExecutor-0] Response 200 OK
2025-04-30 00:26:38,447 DEBUG o.s.c.l.CompositeLog [DiscoveryClient-CacheRefreshExecutor-0] Reading to [org.springframework.cloud.netflix.eureka.http.EurekaApplications]
2025-04-30 00:27:08,433 DEBUG o.s.c.l.CompositeLog [DiscoveryClient-HeartbeatExecutor-0] HTTP PUT http://localhost:8761/eureka/apps/USER-MANAGEMENT/Dev-MToaima.TradeNET.COM:user-management:8888?status=UP&lastDirtyTimestamp=1745938849902
2025-04-30 00:27:08,433 DEBUG o.s.c.l.CompositeLog [DiscoveryClient-HeartbeatExecutor-0] Accept=[application/json, application/*+json]
2025-04-30 00:27:08,450 DEBUG o.s.c.l.CompositeLog [DiscoveryClient-HeartbeatExecutor-0] Response 200 OK
2025-04-30 00:27:08,450 DEBUG o.s.c.l.CompositeLog [DiscoveryClient-CacheRefreshExecutor-0] HTTP GET http://localhost:8761/eureka/apps/delta
2025-04-30 00:27:08,450 DEBUG o.s.c.l.CompositeLog [DiscoveryClient-CacheRefreshExecutor-0] Accept=[application/json, application/*+json]
2025-04-30 00:27:08,466 DEBUG o.s.c.l.CompositeLog [DiscoveryClient-CacheRefreshExecutor-0] Response 200 OK
2025-04-30 00:27:08,466 DEBUG o.s.c.l.CompositeLog [DiscoveryClient-CacheRefreshExecutor-0] Reading to [org.springframework.cloud.netflix.eureka.http.EurekaApplications]
2025-04-30 00:27:38,458 DEBUG o.s.c.l.CompositeLog [DiscoveryClient-HeartbeatExecutor-0] HTTP PUT http://localhost:8761/eureka/apps/USER-MANAGEMENT/Dev-MToaima.TradeNET.COM:user-management:8888?status=UP&lastDirtyTimestamp=1745938849902
2025-04-30 00:27:38,458 DEBUG o.s.c.l.CompositeLog [DiscoveryClient-HeartbeatExecutor-0] Accept=[application/json, application/*+json]
2025-04-30 00:27:38,474 DEBUG o.s.c.l.CompositeLog [DiscoveryClient-CacheRefreshExecutor-0] HTTP GET http://localhost:8761/eureka/apps/delta
2025-04-30 00:27:38,474 DEBUG o.s.c.l.CompositeLog [DiscoveryClient-CacheRefreshExecutor-0] Accept=[application/json, application/*+json]
2025-04-30 00:27:38,474 DEBUG o.s.c.l.CompositeLog [DiscoveryClient-HeartbeatExecutor-0] Response 200 OK
2025-04-30 00:27:38,490 DEBUG o.s.c.l.CompositeLog [DiscoveryClient-CacheRefreshExecutor-0] Response 200 OK
2025-04-30 00:27:38,490 DEBUG o.s.c.l.CompositeLog [DiscoveryClient-CacheRefreshExecutor-0] Reading to [org.springframework.cloud.netflix.eureka.http.EurekaApplications]
2025-04-30 00:28:08,488 DEBUG o.s.c.l.CompositeLog [DiscoveryClient-HeartbeatExecutor-0] HTTP PUT http://localhost:8761/eureka/apps/USER-MANAGEMENT/Dev-MToaima.TradeNET.COM:user-management:8888?status=UP&lastDirtyTimestamp=1745938849902
2025-04-30 00:28:08,488 DEBUG o.s.c.l.CompositeLog [DiscoveryClient-HeartbeatExecutor-0] Accept=[application/json, application/*+json]
2025-04-30 00:28:08,505 DEBUG o.s.c.l.CompositeLog [DiscoveryClient-CacheRefreshExecutor-0] HTTP GET http://localhost:8761/eureka/apps/delta
2025-04-30 00:28:08,505 DEBUG o.s.c.l.CompositeLog [DiscoveryClient-CacheRefreshExecutor-0] Accept=[application/json, application/*+json]
2025-04-30 00:28:08,505 DEBUG o.s.c.l.CompositeLog [DiscoveryClient-HeartbeatExecutor-0] Response 200 OK
2025-04-30 00:28:08,521 DEBUG o.s.c.l.CompositeLog [DiscoveryClient-CacheRefreshExecutor-0] Response 200 OK
2025-04-30 00:28:08,521 DEBUG o.s.c.l.CompositeLog [DiscoveryClient-CacheRefreshExecutor-0] Reading to [org.springframework.cloud.netflix.eureka.http.EurekaApplications]
2025-04-30 00:28:38,518 DEBUG o.s.c.l.CompositeLog [DiscoveryClient-HeartbeatExecutor-0] HTTP PUT http://localhost:8761/eureka/apps/USER-MANAGEMENT/Dev-MToaima.TradeNET.COM:user-management:8888?status=UP&lastDirtyTimestamp=1745938849902
2025-04-30 00:28:38,518 DEBUG o.s.c.l.CompositeLog [DiscoveryClient-HeartbeatExecutor-0] Accept=[application/json, application/*+json]
2025-04-30 00:28:38,534 DEBUG o.s.c.l.CompositeLog [DiscoveryClient-CacheRefreshExecutor-0] HTTP GET http://localhost:8761/eureka/apps/delta
2025-04-30 00:28:38,534 DEBUG o.s.c.l.CompositeLog [DiscoveryClient-CacheRefreshExecutor-0] Accept=[application/json, application/*+json]
2025-04-30 00:28:38,534 DEBUG o.s.c.l.CompositeLog [DiscoveryClient-HeartbeatExecutor-0] Response 200 OK
2025-04-30 00:28:38,550 DEBUG o.s.c.l.CompositeLog [DiscoveryClient-CacheRefreshExecutor-0] Response 200 OK
2025-04-30 00:28:38,550 DEBUG o.s.c.l.CompositeLog [DiscoveryClient-CacheRefreshExecutor-0] Reading to [org.springframework.cloud.netflix.eureka.http.EurekaApplications]
2025-04-30 00:31:56,802 WARN c.z.h.p.HikariPool$HouseKeeper [HikariPool-4 housekeeper] HikariPool-4 - Thread starvation or clock leap detected (housekeeper delta=3m27s827ms43µs400ns).
2025-04-30 00:32:06,347 DEBUG o.s.c.l.CompositeLog [DiscoveryClient-CacheRefreshExecutor-0] HTTP GET http://localhost:8761/eureka/apps/delta
2025-04-30 00:32:06,347 DEBUG o.s.c.l.CompositeLog [DiscoveryClient-CacheRefreshExecutor-0] Accept=[application/json, application/*+json]
2025-04-30 00:32:06,350 DEBUG o.s.c.l.CompositeLog [DiscoveryClient-HeartbeatExecutor-0] HTTP PUT http://localhost:8761/eureka/apps/USER-MANAGEMENT/Dev-MToaima.TradeNET.COM:user-management:8888?status=UP&lastDirtyTimestamp=1745938849902
2025-04-30 00:32:06,350 DEBUG o.s.c.l.CompositeLog [DiscoveryClient-CacheRefreshExecutor-0] Response 200 OK
2025-04-30 00:32:06,351 DEBUG o.s.c.l.CompositeLog [DiscoveryClient-CacheRefreshExecutor-0] Reading to [org.springframework.cloud.netflix.eureka.http.EurekaApplications]
2025-04-30 00:32:06,353 DEBUG o.s.c.l.CompositeLog [DiscoveryClient-HeartbeatExecutor-0] Accept=[application/json, application/*+json]
2025-04-30 00:32:06,353 DEBUG o.s.c.l.CompositeLog [DiscoveryClient-HeartbeatExecutor-0] Response 200 OK
2025-04-30 00:32:36,364 DEBUG o.s.c.l.CompositeLog [DiscoveryClient-CacheRefreshExecutor-0] HTTP GET http://localhost:8761/eureka/apps/delta
2025-04-30 00:32:36,364 DEBUG o.s.c.l.CompositeLog [DiscoveryClient-HeartbeatExecutor-0] HTTP PUT http://localhost:8761/eureka/apps/USER-MANAGEMENT/Dev-MToaima.TradeNET.COM:user-management:8888?status=UP&lastDirtyTimestamp=1745938849902
2025-04-30 00:32:36,365 DEBUG o.s.c.l.CompositeLog [DiscoveryClient-CacheRefreshExecutor-0] Accept=[application/json, application/*+json]
2025-04-30 00:32:36,365 DEBUG o.s.c.l.CompositeLog [DiscoveryClient-HeartbeatExecutor-0] Accept=[application/json, application/*+json]
2025-04-30 00:32:36,395 DEBUG o.s.c.l.CompositeLog [DiscoveryClient-CacheRefreshExecutor-0] Response 200 OK
2025-04-30 00:32:36,395 DEBUG o.s.c.l.CompositeLog [DiscoveryClient-HeartbeatExecutor-0] Response 200 OK
2025-04-30 00:32:36,395 DEBUG o.s.c.l.CompositeLog [DiscoveryClient-CacheRefreshExecutor-0] Reading to [org.springframework.cloud.netflix.eureka.http.EurekaApplications]
2025-04-30 00:32:58,669 INFO c.n.d.s.r.a.ConfigClusterResolver [AsyncResolver-bootstrap-executor-0] Resolving eureka endpoints via configuration
2025-04-30 00:33:06,401 DEBUG o.s.c.l.CompositeLog [DiscoveryClient-CacheRefreshExecutor-0] HTTP GET http://localhost:8761/eureka/apps/delta
2025-04-30 00:33:06,401 DEBUG o.s.c.l.CompositeLog [DiscoveryClient-HeartbeatExecutor-0] HTTP PUT http://localhost:8761/eureka/apps/USER-MANAGEMENT/Dev-MToaima.TradeNET.COM:user-management:8888?status=UP&lastDirtyTimestamp=1745938849902
2025-04-30 00:33:06,401 DEBUG o.s.c.l.CompositeLog [DiscoveryClient-HeartbeatExecutor-0] Accept=[application/json, application/*+json]
2025-04-30 00:33:06,401 DEBUG o.s.c.l.CompositeLog [DiscoveryClient-CacheRefreshExecutor-0] Accept=[application/json, application/*+json]
2025-04-30 00:33:06,417 DEBUG o.s.c.l.CompositeLog [DiscoveryClient-HeartbeatExecutor-0] Response 200 OK
2025-04-30 00:33:06,417 DEBUG o.s.c.l.CompositeLog [DiscoveryClient-CacheRefreshExecutor-0] Response 200 OK
2025-04-30 00:33:06,417 DEBUG o.s.c.l.CompositeLog [DiscoveryClient-CacheRefreshExecutor-0] Reading to [org.springframework.cloud.netflix.eureka.http.EurekaApplications]
2025-04-30 00:33:36,434 DEBUG o.s.c.l.CompositeLog [DiscoveryClient-HeartbeatExecutor-0] HTTP PUT http://localhost:8761/eureka/apps/USER-MANAGEMENT/Dev-MToaima.TradeNET.COM:user-management:8888?status=UP&lastDirtyTimestamp=1745938849902
2025-04-30 00:33:36,434 DEBUG o.s.c.l.CompositeLog [DiscoveryClient-CacheRefreshExecutor-0] HTTP GET http://localhost:8761/eureka/apps/delta
2025-04-30 00:33:36,435 DEBUG o.s.c.l.CompositeLog [DiscoveryClient-HeartbeatExecutor-0] Accept=[application/json, application/*+json]
2025-04-30 00:33:36,435 DEBUG o.s.c.l.CompositeLog [DiscoveryClient-CacheRefreshExecutor-0] Accept=[application/json, application/*+json]
2025-04-30 00:33:36,450 DEBUG o.s.c.l.CompositeLog [DiscoveryClient-CacheRefreshExecutor-0] Response 200 OK
2025-04-30 00:33:36,450 DEBUG o.s.c.l.CompositeLog [DiscoveryClient-HeartbeatExecutor-0] Response 200 OK
2025-04-30 00:33:36,452 DEBUG o.s.c.l.CompositeLog [DiscoveryClient-CacheRefreshExecutor-0] Reading to [org.springframework.cloud.netflix.eureka.http.EurekaApplications]
2025-04-30 00:34:06,469 DEBUG o.s.c.l.CompositeLog [DiscoveryClient-CacheRefreshExecutor-0] HTTP GET http://localhost:8761/eureka/apps/delta
2025-04-30 00:34:06,469 DEBUG o.s.c.l.CompositeLog [DiscoveryClient-HeartbeatExecutor-0] HTTP PUT http://localhost:8761/eureka/apps/USER-MANAGEMENT/Dev-MToaima.TradeNET.COM:user-management:8888?status=UP&lastDirtyTimestamp=1745938849902
2025-04-30 00:34:06,470 DEBUG o.s.c.l.CompositeLog [DiscoveryClient-HeartbeatExecutor-0] Accept=[application/json, application/*+json]
2025-04-30 00:34:06,470 DEBUG o.s.c.l.CompositeLog [DiscoveryClient-CacheRefreshExecutor-0] Accept=[application/json, application/*+json]
2025-04-30 00:34:06,485 DEBUG o.s.c.l.CompositeLog [DiscoveryClient-HeartbeatExecutor-0] Response 200 OK
2025-04-30 00:34:06,485 DEBUG o.s.c.l.CompositeLog [DiscoveryClient-CacheRefreshExecutor-0] Response 200 OK
2025-04-30 00:34:06,485 DEBUG o.s.c.l.CompositeLog [DiscoveryClient-CacheRefreshExecutor-0] Reading to [org.springframework.cloud.netflix.eureka.http.EurekaApplications]
2025-04-30 00:34:36,489 DEBUG o.s.c.l.CompositeLog [DiscoveryClient-CacheRefreshExecutor-0] HTTP GET http://localhost:8761/eureka/apps/delta
2025-04-30 00:34:36,489 DEBUG o.s.c.l.CompositeLog [DiscoveryClient-HeartbeatExecutor-0] HTTP PUT http://localhost:8761/eureka/apps/USER-MANAGEMENT/Dev-MToaima.TradeNET.COM:user-management:8888?status=UP&lastDirtyTimestamp=1745938849902
2025-04-30 00:34:36,490 DEBUG o.s.c.l.CompositeLog [DiscoveryClient-CacheRefreshExecutor-0] Accept=[application/json, application/*+json]
2025-04-30 00:34:36,490 DEBUG o.s.c.l.CompositeLog [DiscoveryClient-HeartbeatExecutor-0] Accept=[application/json, application/*+json]
2025-04-30 00:34:36,506 DEBUG o.s.c.l.CompositeLog [DiscoveryClient-CacheRefreshExecutor-0] Response 200 OK
2025-04-30 00:34:36,506 DEBUG o.s.c.l.CompositeLog [DiscoveryClient-HeartbeatExecutor-0] Response 200 OK
2025-04-30 00:34:36,507 DEBUG o.s.c.l.CompositeLog [DiscoveryClient-CacheRefreshExecutor-0] Reading to [org.springframework.cloud.netflix.eureka.http.EurekaApplications]
2025-04-30 00:35:06,518 DEBUG o.s.c.l.CompositeLog [DiscoveryClient-HeartbeatExecutor-0] HTTP PUT http://localhost:8761/eureka/apps/USER-MANAGEMENT/Dev-MToaima.TradeNET.COM:user-management:8888?status=UP&lastDirtyTimestamp=1745938849902
2025-04-30 00:35:06,518 DEBUG o.s.c.l.CompositeLog [DiscoveryClient-CacheRefreshExecutor-0] HTTP GET http://localhost:8761/eureka/apps/delta
2025-04-30 00:35:06,518 DEBUG o.s.c.l.CompositeLog [DiscoveryClient-HeartbeatExecutor-0] Accept=[application/json, application/*+json]
2025-04-30 00:35:06,518 DEBUG o.s.c.l.CompositeLog [DiscoveryClient-CacheRefreshExecutor-0] Accept=[application/json, application/*+json]
2025-04-30 00:35:06,535 DEBUG o.s.c.l.CompositeLog [DiscoveryClient-HeartbeatExecutor-0] Response 200 OK
2025-04-30 00:35:06,535 DEBUG o.s.c.l.CompositeLog [DiscoveryClient-CacheRefreshExecutor-0] Response 200 OK
2025-04-30 00:35:06,536 DEBUG o.s.c.l.CompositeLog [DiscoveryClient-CacheRefreshExecutor-0] Reading to [org.springframework.cloud.netflix.eureka.http.EurekaApplications]
2025-04-30 00:35:36,546 DEBUG o.s.c.l.CompositeLog [DiscoveryClient-HeartbeatExecutor-0] HTTP PUT http://localhost:8761/eureka/apps/USER-MANAGEMENT/Dev-MToaima.TradeNET.COM:user-management:8888?status=UP&lastDirtyTimestamp=1745938849902
2025-04-30 00:35:36,546 DEBUG o.s.c.l.CompositeLog [DiscoveryClient-CacheRefreshExecutor-0] HTTP GET http://localhost:8761/eureka/apps/delta
2025-04-30 00:35:36,546 DEBUG o.s.c.l.CompositeLog [DiscoveryClient-HeartbeatExecutor-0] Accept=[application/json, application/*+json]
2025-04-30 00:35:36,546 DEBUG o.s.c.l.CompositeLog [DiscoveryClient-CacheRefreshExecutor-0] Accept=[application/json, application/*+json]
2025-04-30 00:35:36,564 DEBUG o.s.c.l.CompositeLog [DiscoveryClient-CacheRefreshExecutor-0] Response 200 OK
2025-04-30 00:35:36,564 DEBUG o.s.c.l.CompositeLog [DiscoveryClient-HeartbeatExecutor-0] Response 200 OK
2025-04-30 00:35:36,565 DEBUG o.s.c.l.CompositeLog [DiscoveryClient-CacheRefreshExecutor-0] Reading to [org.springframework.cloud.netflix.eureka.http.EurekaApplications]
2025-04-30 00:36:06,566 DEBUG o.s.c.l.CompositeLog [DiscoveryClient-CacheRefreshExecutor-0] HTTP GET http://localhost:8761/eureka/apps/delta
2025-04-30 00:36:06,566 DEBUG o.s.c.l.CompositeLog [DiscoveryClient-HeartbeatExecutor-0] HTTP PUT http://localhost:8761/eureka/apps/USER-MANAGEMENT/Dev-MToaima.TradeNET.COM:user-management:8888?status=UP&lastDirtyTimestamp=1745938849902
2025-04-30 00:36:06,566 DEBUG o.s.c.l.CompositeLog [DiscoveryClient-HeartbeatExecutor-0] Accept=[application/json, application/*+json]
2025-04-30 00:36:06,566 DEBUG o.s.c.l.CompositeLog [DiscoveryClient-CacheRefreshExecutor-0] Accept=[application/json, application/*+json]
2025-04-30 00:36:06,583 DEBUG o.s.c.l.CompositeLog [DiscoveryClient-CacheRefreshExecutor-0] Response 200 OK
2025-04-30 00:36:06,583 DEBUG o.s.c.l.CompositeLog [DiscoveryClient-HeartbeatExecutor-0] Response 200 OK
2025-04-30 00:36:06,583 DEBUG o.s.c.l.CompositeLog [DiscoveryClient-CacheRefreshExecutor-0] Reading to [org.springframework.cloud.netflix.eureka.http.EurekaApplications]
2025-04-30 00:36:36,596 DEBUG o.s.c.l.CompositeLog [DiscoveryClient-HeartbeatExecutor-0] HTTP PUT http://localhost:8761/eureka/apps/USER-MANAGEMENT/Dev-MToaima.TradeNET.COM:user-management:8888?status=UP&lastDirtyTimestamp=1745938849902
2025-04-30 00:36:36,596 DEBUG o.s.c.l.CompositeLog [DiscoveryClient-CacheRefreshExecutor-0] HTTP GET http://localhost:8761/eureka/apps/delta
2025-04-30 00:36:36,596 DEBUG o.s.c.l.CompositeLog [DiscoveryClient-HeartbeatExecutor-0] Accept=[application/json, application/*+json]
2025-04-30 00:36:36,596 DEBUG o.s.c.l.CompositeLog [DiscoveryClient-CacheRefreshExecutor-0] Accept=[application/json, application/*+json]
2025-04-30 00:36:36,612 DEBUG o.s.c.l.CompositeLog [DiscoveryClient-HeartbeatExecutor-0] Response 200 OK
2025-04-30 00:36:36,612 DEBUG o.s.c.l.CompositeLog [DiscoveryClient-CacheRefreshExecutor-0] Response 200 OK
2025-04-30 00:36:36,613 DEBUG o.s.c.l.CompositeLog [DiscoveryClient-CacheRefreshExecutor-0] Reading to [org.springframework.cloud.netflix.eureka.http.EurekaApplications]
2025-04-30 00:37:06,618 DEBUG o.s.c.l.CompositeLog [DiscoveryClient-CacheRefreshExecutor-0] HTTP GET http://localhost:8761/eureka/apps/delta
2025-04-30 00:37:06,618 DEBUG o.s.c.l.CompositeLog [DiscoveryClient-HeartbeatExecutor-0] HTTP PUT http://localhost:8761/eureka/apps/USER-MANAGEMENT/Dev-MToaima.TradeNET.COM:user-management:8888?status=UP&lastDirtyTimestamp=1745938849902
2025-04-30 00:37:06,618 DEBUG o.s.c.l.CompositeLog [DiscoveryClient-CacheRefreshExecutor-0] Accept=[application/json, application/*+json]
2025-04-30 00:37:06,618 DEBUG o.s.c.l.CompositeLog [DiscoveryClient-HeartbeatExecutor-0] Accept=[application/json, application/*+json]
2025-04-30 00:37:06,634 DEBUG o.s.c.l.CompositeLog [DiscoveryClient-CacheRefreshExecutor-0] Response 200 OK
2025-04-30 00:37:06,634 DEBUG o.s.c.l.CompositeLog [DiscoveryClient-HeartbeatExecutor-0] Response 200 OK
2025-04-30 00:37:06,635 DEBUG o.s.c.l.CompositeLog [DiscoveryClient-CacheRefreshExecutor-0] Reading to [org.springframework.cloud.netflix.eureka.http.EurekaApplications]
2025-04-30 00:37:36,648 DEBUG o.s.c.l.CompositeLog [DiscoveryClient-CacheRefreshExecutor-0] HTTP GET http://localhost:8761/eureka/apps/delta
2025-04-30 00:37:36,648 DEBUG o.s.c.l.CompositeLog [DiscoveryClient-HeartbeatExecutor-0] HTTP PUT http://localhost:8761/eureka/apps/USER-MANAGEMENT/Dev-MToaima.TradeNET.COM:user-management:8888?status=UP&lastDirtyTimestamp=1745938849902
2025-04-30 00:37:36,648 DEBUG o.s.c.l.CompositeLog [DiscoveryClient-CacheRefreshExecutor-0] Accept=[application/json, application/*+json]
2025-04-30 00:37:36,648 DEBUG o.s.c.l.CompositeLog [DiscoveryClient-HeartbeatExecutor-0] Accept=[application/json, application/*+json]
2025-04-30 00:37:36,662 DEBUG o.s.c.l.CompositeLog [DiscoveryClient-HeartbeatExecutor-0] Response 200 OK
2025-04-30 00:37:36,662 DEBUG o.s.c.l.CompositeLog [DiscoveryClient-CacheRefreshExecutor-0] Response 200 OK
2025-04-30 00:37:36,663 DEBUG o.s.c.l.CompositeLog [DiscoveryClient-CacheRefreshExecutor-0] Reading to [org.springframework.cloud.netflix.eureka.http.EurekaApplications]
2025-04-30 00:37:58,686 INFO c.n.d.s.r.a.ConfigClusterResolver [AsyncResolver-bootstrap-executor-0] Resolving eureka endpoints via configuration
2025-04-30 00:38:06,669 DEBUG o.s.c.l.CompositeLog [DiscoveryClient-HeartbeatExecutor-0] HTTP PUT http://localhost:8761/eureka/apps/USER-MANAGEMENT/Dev-MToaima.TradeNET.COM:user-management:8888?status=UP&lastDirtyTimestamp=1745938849902
2025-04-30 00:38:06,670 DEBUG o.s.c.l.CompositeLog [DiscoveryClient-HeartbeatExecutor-0] Accept=[application/json, application/*+json]
2025-04-30 00:38:06,670 DEBUG o.s.c.l.CompositeLog [DiscoveryClient-CacheRefreshExecutor-0] HTTP GET http://localhost:8761/eureka/apps/delta
2025-04-30 00:38:06,670 DEBUG o.s.c.l.CompositeLog [DiscoveryClient-CacheRefreshExecutor-0] Accept=[application/json, application/*+json]
2025-04-30 00:38:06,679 DEBUG o.s.c.l.CompositeLog [DiscoveryClient-HeartbeatExecutor-0] Response 200 OK
2025-04-30 00:38:06,679 DEBUG o.s.c.l.CompositeLog [DiscoveryClient-CacheRefreshExecutor-0] Response 200 OK
2025-04-30 00:38:06,679 DEBUG o.s.c.l.CompositeLog [DiscoveryClient-CacheRefreshExecutor-0] Reading to [org.springframework.cloud.netflix.eureka.http.EurekaApplications]
2025-04-30 00:38:36,687 DEBUG o.s.c.l.CompositeLog [DiscoveryClient-HeartbeatExecutor-0] HTTP PUT http://localhost:8761/eureka/apps/USER-MANAGEMENT/Dev-MToaima.TradeNET.COM:user-management:8888?status=UP&lastDirtyTimestamp=1745938849902
2025-04-30 00:38:36,687 DEBUG o.s.c.l.CompositeLog [DiscoveryClient-CacheRefreshExecutor-0] HTTP GET http://localhost:8761/eureka/apps/delta
2025-04-30 00:38:36,687 DEBUG o.s.c.l.CompositeLog [DiscoveryClient-HeartbeatExecutor-0] Accept=[application/json, application/*+json]
2025-04-30 00:38:36,687 DEBUG o.s.c.l.CompositeLog [DiscoveryClient-CacheRefreshExecutor-0] Accept=[application/json, application/*+json]
2025-04-30 00:38:36,703 DEBUG o.s.c.l.CompositeLog [DiscoveryClient-HeartbeatExecutor-0] Response 200 OK
2025-04-30 00:38:36,703 DEBUG o.s.c.l.CompositeLog [DiscoveryClient-CacheRefreshExecutor-0] Response 200 OK
2025-04-30 00:38:36,703 DEBUG o.s.c.l.CompositeLog [DiscoveryClient-CacheRefreshExecutor-0] Reading to [org.springframework.cloud.netflix.eureka.http.EurekaApplications]
2025-04-30 00:39:06,716 DEBUG o.s.c.l.CompositeLog [DiscoveryClient-CacheRefreshExecutor-0] HTTP GET http://localhost:8761/eureka/apps/delta
2025-04-30 00:39:06,716 DEBUG o.s.c.l.CompositeLog [DiscoveryClient-HeartbeatExecutor-0] HTTP PUT http://localhost:8761/eureka/apps/USER-MANAGEMENT/Dev-MToaima.TradeNET.COM:user-management:8888?status=UP&lastDirtyTimestamp=1745938849902
2025-04-30 00:39:06,717 DEBUG o.s.c.l.CompositeLog [DiscoveryClient-HeartbeatExecutor-0] Accept=[application/json, application/*+json]
2025-04-30 00:39:06,717 DEBUG o.s.c.l.CompositeLog [DiscoveryClient-CacheRefreshExecutor-0] Accept=[application/json, application/*+json]
2025-04-30 00:39:06,733 DEBUG o.s.c.l.CompositeLog [DiscoveryClient-CacheRefreshExecutor-0] Response 200 OK
2025-04-30 00:39:06,733 DEBUG o.s.c.l.CompositeLog [DiscoveryClient-HeartbeatExecutor-0] Response 200 OK
2025-04-30 00:39:06,734 DEBUG o.s.c.l.CompositeLog [DiscoveryClient-CacheRefreshExecutor-0] Reading to [org.springframework.cloud.netflix.eureka.http.EurekaApplications]
2025-04-30 00:39:36,737 DEBUG o.s.c.l.CompositeLog [DiscoveryClient-HeartbeatExecutor-0] HTTP PUT http://localhost:8761/eureka/apps/USER-MANAGEMENT/Dev-MToaima.TradeNET.COM:user-management:8888?status=UP&lastDirtyTimestamp=1745938849902
2025-04-30 00:39:36,737 DEBUG o.s.c.l.CompositeLog [DiscoveryClient-HeartbeatExecutor-0] Accept=[application/json, application/*+json]
2025-04-30 00:39:36,740 DEBUG o.s.c.l.CompositeLog [DiscoveryClient-CacheRefreshExecutor-0] HTTP GET http://localhost:8761/eureka/apps/delta
2025-04-30 00:39:36,745 DEBUG o.s.c.l.CompositeLog [DiscoveryClient-CacheRefreshExecutor-0] Accept=[application/json, application/*+json]
2025-04-30 00:39:36,749 DEBUG o.s.c.l.CompositeLog [DiscoveryClient-CacheRefreshExecutor-0] Response 200 OK
2025-04-30 00:39:36,749 DEBUG o.s.c.l.CompositeLog [DiscoveryClient-CacheRefreshExecutor-0] Reading to [org.springframework.cloud.netflix.eureka.http.EurekaApplications]
2025-04-30 00:39:36,753 DEBUG o.s.c.l.CompositeLog [DiscoveryClient-HeartbeatExecutor-0] Response 200 OK
2025-04-30 00:40:06,755 DEBUG o.s.c.l.CompositeLog [DiscoveryClient-CacheRefreshExecutor-0] HTTP GET http://localhost:8761/eureka/apps/delta
2025-04-30 00:40:06,755 DEBUG o.s.c.l.CompositeLog [DiscoveryClient-HeartbeatExecutor-0] HTTP PUT http://localhost:8761/eureka/apps/USER-MANAGEMENT/Dev-MToaima.TradeNET.COM:user-management:8888?status=UP&lastDirtyTimestamp=1745938849902
2025-04-30 00:40:06,755 DEBUG o.s.c.l.CompositeLog [DiscoveryClient-CacheRefreshExecutor-0] Accept=[application/json, application/*+json]
2025-04-30 00:40:06,755 DEBUG o.s.c.l.CompositeLog [DiscoveryClient-HeartbeatExecutor-0] Accept=[application/json, application/*+json]
2025-04-30 00:40:06,772 DEBUG o.s.c.l.CompositeLog [DiscoveryClient-HeartbeatExecutor-0] Response 200 OK
2025-04-30 00:40:06,772 DEBUG o.s.c.l.CompositeLog [DiscoveryClient-CacheRefreshExecutor-0] Response 200 OK
2025-04-30 00:40:06,772 DEBUG o.s.c.l.CompositeLog [DiscoveryClient-CacheRefreshExecutor-0] Reading to [org.springframework.cloud.netflix.eureka.http.EurekaApplications]
2025-04-30 00:40:36,786 DEBUG o.s.c.l.CompositeLog [DiscoveryClient-CacheRefreshExecutor-0] HTTP GET http://localhost:8761/eureka/apps/delta
2025-04-30 00:40:36,786 DEBUG o.s.c.l.CompositeLog [DiscoveryClient-HeartbeatExecutor-0] HTTP PUT http://localhost:8761/eureka/apps/USER-MANAGEMENT/Dev-MToaima.TradeNET.COM:user-management:8888?status=UP&lastDirtyTimestamp=1745938849902
2025-04-30 00:40:36,787 DEBUG o.s.c.l.CompositeLog [DiscoveryClient-CacheRefreshExecutor-0] Accept=[application/json, application/*+json]
2025-04-30 00:40:36,787 DEBUG o.s.c.l.CompositeLog [DiscoveryClient-HeartbeatExecutor-0] Accept=[application/json, application/*+json]
2025-04-30 00:40:36,803 DEBUG o.s.c.l.CompositeLog [DiscoveryClient-HeartbeatExecutor-0] Response 200 OK
2025-04-30 00:40:36,803 DEBUG o.s.c.l.CompositeLog [DiscoveryClient-CacheRefreshExecutor-0] Response 200 OK
2025-04-30 00:40:36,804 DEBUG o.s.c.l.CompositeLog [DiscoveryClient-CacheRefreshExecutor-0] Reading to [org.springframework.cloud.netflix.eureka.http.EurekaApplications]
2025-04-30 00:41:06,806 DEBUG o.s.c.l.CompositeLog [DiscoveryClient-CacheRefreshExecutor-0] HTTP GET http://localhost:8761/eureka/apps/delta
2025-04-30 00:41:06,806 DEBUG o.s.c.l.CompositeLog [DiscoveryClient-HeartbeatExecutor-0] HTTP PUT http://localhost:8761/eureka/apps/USER-MANAGEMENT/Dev-MToaima.TradeNET.COM:user-management:8888?status=UP&lastDirtyTimestamp=1745938849902
2025-04-30 00:41:06,806 DEBUG o.s.c.l.CompositeLog [DiscoveryClient-CacheRefreshExecutor-0] Accept=[application/json, application/*+json]
2025-04-30 00:41:06,806 DEBUG o.s.c.l.CompositeLog [DiscoveryClient-HeartbeatExecutor-0] Accept=[application/json, application/*+json]
2025-04-30 00:41:06,823 DEBUG o.s.c.l.CompositeLog [DiscoveryClient-HeartbeatExecutor-0] Response 200 OK
2025-04-30 00:41:06,824 DEBUG o.s.c.l.CompositeLog [DiscoveryClient-CacheRefreshExecutor-0] Response 200 OK
2025-04-30 00:41:06,824 DEBUG o.s.c.l.CompositeLog [DiscoveryClient-CacheRefreshExecutor-0] Reading to [org.springframework.cloud.netflix.eureka.http.EurekaApplications]
2025-04-30 00:41:36,828 DEBUG o.s.c.l.CompositeLog [DiscoveryClient-CacheRefreshExecutor-0] HTTP GET http://localhost:8761/eureka/apps/delta
2025-04-30 00:41:36,828 DEBUG o.s.c.l.CompositeLog [DiscoveryClient-HeartbeatExecutor-0] HTTP PUT http://localhost:8761/eureka/apps/USER-MANAGEMENT/Dev-MToaima.TradeNET.COM:user-management:8888?status=UP&lastDirtyTimestamp=1745938849902
2025-04-30 00:41:36,829 DEBUG o.s.c.l.CompositeLog [DiscoveryClient-HeartbeatExecutor-0] Accept=[application/json, application/*+json]
2025-04-30 00:41:36,829 DEBUG o.s.c.l.CompositeLog [DiscoveryClient-CacheRefreshExecutor-0] Accept=[application/json, application/*+json]
2025-04-30 00:41:36,845 DEBUG o.s.c.l.CompositeLog [DiscoveryClient-HeartbeatExecutor-0] Response 200 OK
2025-04-30 00:41:36,845 DEBUG o.s.c.l.CompositeLog [DiscoveryClient-CacheRefreshExecutor-0] Response 200 OK
2025-04-30 00:41:36,846 DEBUG o.s.c.l.CompositeLog [DiscoveryClient-CacheRefreshExecutor-0] Reading to [org.springframework.cloud.netflix.eureka.http.EurekaApplications]
2025-04-30 00:42:06,849 DEBUG o.s.c.l.CompositeLog [DiscoveryClient-HeartbeatExecutor-0] HTTP PUT http://localhost:8761/eureka/apps/USER-MANAGEMENT/Dev-MToaima.TradeNET.COM:user-management:8888?status=UP&lastDirtyTimestamp=1745938849902
2025-04-30 00:42:06,849 DEBUG o.s.c.l.CompositeLog [DiscoveryClient-CacheRefreshExecutor-0] HTTP GET http://localhost:8761/eureka/apps/delta
2025-04-30 00:42:06,850 DEBUG o.s.c.l.CompositeLog [DiscoveryClient-CacheRefreshExecutor-0] Accept=[application/json, application/*+json]
2025-04-30 00:42:06,850 DEBUG o.s.c.l.CompositeLog [DiscoveryClient-HeartbeatExecutor-0] Accept=[application/json, application/*+json]
2025-04-30 00:42:06,866 DEBUG o.s.c.l.CompositeLog [DiscoveryClient-CacheRefreshExecutor-0] Response 200 OK
2025-04-30 00:42:06,866 DEBUG o.s.c.l.CompositeLog [DiscoveryClient-HeartbeatExecutor-0] Response 200 OK
2025-04-30 00:42:06,866 DEBUG o.s.c.l.CompositeLog [DiscoveryClient-CacheRefreshExecutor-0] Reading to [org.springframework.cloud.netflix.eureka.http.EurekaApplications]
2025-04-30 00:42:36,878 DEBUG o.s.c.l.CompositeLog [DiscoveryClient-CacheRefreshExecutor-0] HTTP GET http://localhost:8761/eureka/apps/delta
2025-04-30 00:42:36,878 DEBUG o.s.c.l.CompositeLog [DiscoveryClient-HeartbeatExecutor-0] HTTP PUT http://localhost:8761/eureka/apps/USER-MANAGEMENT/Dev-MToaima.TradeNET.COM:user-management:8888?status=UP&lastDirtyTimestamp=1745938849902
2025-04-30 00:42:36,878 DEBUG o.s.c.l.CompositeLog [DiscoveryClient-HeartbeatExecutor-0] Accept=[application/json, application/*+json]
2025-04-30 00:42:36,878 DEBUG o.s.c.l.CompositeLog [DiscoveryClient-CacheRefreshExecutor-0] Accept=[application/json, application/*+json]
2025-04-30 00:42:36,894 DEBUG o.s.c.l.CompositeLog [DiscoveryClient-HeartbeatExecutor-0] Response 200 OK
2025-04-30 00:42:36,894 DEBUG o.s.c.l.CompositeLog [DiscoveryClient-CacheRefreshExecutor-0] Response 200 OK
2025-04-30 00:42:36,895 DEBUG o.s.c.l.CompositeLog [DiscoveryClient-CacheRefreshExecutor-0] Reading to [org.springframework.cloud.netflix.eureka.http.EurekaApplications]
2025-04-30 00:42:58,692 INFO c.n.d.s.r.a.ConfigClusterResolver [AsyncResolver-bootstrap-executor-0] Resolving eureka endpoints via configuration
2025-04-30 00:43:06,900 DEBUG o.s.c.l.CompositeLog [DiscoveryClient-CacheRefreshExecutor-0] HTTP GET http://localhost:8761/eureka/apps/delta
2025-04-30 00:43:06,900 DEBUG o.s.c.l.CompositeLog [DiscoveryClient-HeartbeatExecutor-0] HTTP PUT http://localhost:8761/eureka/apps/USER-MANAGEMENT/Dev-MToaima.TradeNET.COM:user-management:8888?status=UP&lastDirtyTimestamp=1745938849902
2025-04-30 00:43:06,901 DEBUG o.s.c.l.CompositeLog [DiscoveryClient-CacheRefreshExecutor-0] Accept=[application/json, application/*+json]
2025-04-30 00:43:06,901 DEBUG o.s.c.l.CompositeLog [DiscoveryClient-HeartbeatExecutor-0] Accept=[application/json, application/*+json]
2025-04-30 00:43:06,917 DEBUG o.s.c.l.CompositeLog [DiscoveryClient-CacheRefreshExecutor-0] Response 200 OK
2025-04-30 00:43:06,917 DEBUG o.s.c.l.CompositeLog [DiscoveryClient-HeartbeatExecutor-0] Response 200 OK
2025-04-30 00:43:06,918 DEBUG o.s.c.l.CompositeLog [DiscoveryClient-CacheRefreshExecutor-0] Reading to [org.springframework.cloud.netflix.eureka.http.EurekaApplications]
2025-04-30 00:43:36,922 DEBUG o.s.c.l.CompositeLog [DiscoveryClient-HeartbeatExecutor-0] HTTP PUT http://localhost:8761/eureka/apps/USER-MANAGEMENT/Dev-MToaima.TradeNET.COM:user-management:8888?status=UP&lastDirtyTimestamp=1745938849902
2025-04-30 00:43:36,922 DEBUG o.s.c.l.CompositeLog [DiscoveryClient-CacheRefreshExecutor-0] HTTP GET http://localhost:8761/eureka/apps/delta
2025-04-30 00:43:36,923 DEBUG o.s.c.l.CompositeLog [DiscoveryClient-HeartbeatExecutor-0] Accept=[application/json, application/*+json]
2025-04-30 00:43:36,923 DEBUG o.s.c.l.CompositeLog [DiscoveryClient-CacheRefreshExecutor-0] Accept=[application/json, application/*+json]
2025-04-30 00:43:36,939 DEBUG o.s.c.l.CompositeLog [DiscoveryClient-CacheRefreshExecutor-0] Response 200 OK
2025-04-30 00:43:36,939 DEBUG o.s.c.l.CompositeLog [DiscoveryClient-HeartbeatExecutor-0] Response 200 OK
2025-04-30 00:43:36,940 DEBUG o.s.c.l.CompositeLog [DiscoveryClient-CacheRefreshExecutor-0] Reading to [org.springframework.cloud.netflix.eureka.http.EurekaApplications]
2025-04-30 00:44:06,940 DEBUG o.s.c.l.CompositeLog [DiscoveryClient-HeartbeatExecutor-0] HTTP PUT http://localhost:8761/eureka/apps/USER-MANAGEMENT/Dev-MToaima.TradeNET.COM:user-management:8888?status=UP&lastDirtyTimestamp=1745938849902
2025-04-30 00:44:06,941 DEBUG o.s.c.l.CompositeLog [DiscoveryClient-HeartbeatExecutor-0] Accept=[application/json, application/*+json]
2025-04-30 00:44:06,956 DEBUG o.s.c.l.CompositeLog [DiscoveryClient-CacheRefreshExecutor-0] HTTP GET http://localhost:8761/eureka/apps/delta
2025-04-30 00:44:06,957 DEBUG o.s.c.l.CompositeLog [DiscoveryClient-CacheRefreshExecutor-0] Accept=[application/json, application/*+json]
2025-04-30 00:44:06,958 DEBUG o.s.c.l.CompositeLog [DiscoveryClient-HeartbeatExecutor-0] Response 200 OK
2025-04-30 00:44:06,973 DEBUG o.s.c.l.CompositeLog [DiscoveryClient-CacheRefreshExecutor-0] Response 200 OK
2025-04-30 00:44:06,973 DEBUG o.s.c.l.CompositeLog [DiscoveryClient-CacheRefreshExecutor-0] Reading to [org.springframework.cloud.netflix.eureka.http.EurekaApplications]
2025-04-30 00:44:36,960 DEBUG o.s.c.l.CompositeLog [DiscoveryClient-HeartbeatExecutor-0] HTTP PUT http://localhost:8761/eureka/apps/USER-MANAGEMENT/Dev-MToaima.TradeNET.COM:user-management:8888?status=UP&lastDirtyTimestamp=1745938849902
2025-04-30 00:44:36,960 DEBUG o.s.c.l.CompositeLog [DiscoveryClient-HeartbeatExecutor-0] Accept=[application/json, application/*+json]
2025-04-30 00:44:36,976 DEBUG o.s.c.l.CompositeLog [DiscoveryClient-CacheRefreshExecutor-0] HTTP GET http://localhost:8761/eureka/apps/delta
2025-04-30 00:44:36,976 DEBUG o.s.c.l.CompositeLog [DiscoveryClient-CacheRefreshExecutor-0] Accept=[application/json, application/*+json]
2025-04-30 00:44:36,977 DEBUG o.s.c.l.CompositeLog [DiscoveryClient-HeartbeatExecutor-0] Response 200 OK
2025-04-30 00:44:36,992 DEBUG o.s.c.l.CompositeLog [DiscoveryClient-CacheRefreshExecutor-0] Response 200 OK
2025-04-30 00:44:36,992 DEBUG o.s.c.l.CompositeLog [DiscoveryClient-CacheRefreshExecutor-0] Reading to [org.springframework.cloud.netflix.eureka.http.EurekaApplications]
2025-04-30 00:45:06,983 DEBUG o.s.c.l.CompositeLog [DiscoveryClient-HeartbeatExecutor-0] HTTP PUT http://localhost:8761/eureka/apps/USER-MANAGEMENT/Dev-MToaima.TradeNET.COM:user-management:8888?status=UP&lastDirtyTimestamp=1745938849902
2025-04-30 00:45:06,983 DEBUG o.s.c.l.CompositeLog [DiscoveryClient-HeartbeatExecutor-0] Accept=[application/json, application/*+json]
2025-04-30 00:45:06,999 DEBUG o.s.c.l.CompositeLog [DiscoveryClient-CacheRefreshExecutor-0] HTTP GET http://localhost:8761/eureka/apps/delta
2025-04-30 00:45:07,000 DEBUG o.s.c.l.CompositeLog [DiscoveryClient-CacheRefreshExecutor-0] Accept=[application/json, application/*+json]
2025-04-30 00:45:07,001 DEBUG o.s.c.l.CompositeLog [DiscoveryClient-HeartbeatExecutor-0] Response 200 OK
2025-04-30 00:45:07,017 DEBUG o.s.c.l.CompositeLog [DiscoveryClient-CacheRefreshExecutor-0] Response 200 OK
2025-04-30 00:45:07,018 DEBUG o.s.c.l.CompositeLog [DiscoveryClient-CacheRefreshExecutor-0] Reading to [org.springframework.cloud.netflix.eureka.http.EurekaApplications]
2025-04-30 00:45:37,011 DEBUG o.s.c.l.CompositeLog [DiscoveryClient-HeartbeatExecutor-0] HTTP PUT http://localhost:8761/eureka/apps/USER-MANAGEMENT/Dev-MToaima.TradeNET.COM:user-management:8888?status=UP&lastDirtyTimestamp=1745938849902
2025-04-30 00:45:37,011 DEBUG o.s.c.l.CompositeLog [DiscoveryClient-HeartbeatExecutor-0] Accept=[application/json, application/*+json]
2025-04-30 00:45:37,026 DEBUG o.s.c.l.CompositeLog [DiscoveryClient-CacheRefreshExecutor-0] HTTP GET http://localhost:8761/eureka/apps/delta
2025-04-30 00:45:37,026 DEBUG o.s.c.l.CompositeLog [DiscoveryClient-CacheRefreshExecutor-0] Accept=[application/json, application/*+json]
2025-04-30 00:45:37,027 DEBUG o.s.c.l.CompositeLog [DiscoveryClient-HeartbeatExecutor-0] Response 200 OK
2025-04-30 00:45:37,046 DEBUG o.s.c.l.CompositeLog [DiscoveryClient-CacheRefreshExecutor-0] Response 200 OK
2025-04-30 00:45:37,046 DEBUG o.s.c.l.CompositeLog [DiscoveryClient-CacheRefreshExecutor-0] Reading to [org.springframework.cloud.netflix.eureka.http.EurekaApplications]
2025-04-30 00:46:07,031 DEBUG o.s.c.l.CompositeLog [DiscoveryClient-HeartbeatExecutor-0] HTTP PUT http://localhost:8761/eureka/apps/USER-MANAGEMENT/Dev-MToaima.TradeNET.COM:user-management:8888?status=UP&lastDirtyTimestamp=1745938849902
2025-04-30 00:46:07,032 DEBUG o.s.c.l.CompositeLog [DiscoveryClient-HeartbeatExecutor-0] Accept=[application/json, application/*+json]
2025-04-30 00:46:07,047 DEBUG o.s.c.l.CompositeLog [DiscoveryClient-HeartbeatExecutor-0] Response 200 OK
2025-04-30 00:46:07,048 DEBUG o.s.c.l.CompositeLog [DiscoveryClient-CacheRefreshExecutor-0] HTTP GET http://localhost:8761/eureka/apps/delta
2025-04-30 00:46:07,048 DEBUG o.s.c.l.CompositeLog [DiscoveryClient-CacheRefreshExecutor-0] Accept=[application/json, application/*+json]
2025-04-30 00:46:07,063 DEBUG o.s.c.l.CompositeLog [DiscoveryClient-CacheRefreshExecutor-0] Response 200 OK
2025-04-30 00:46:07,064 DEBUG o.s.c.l.CompositeLog [DiscoveryClient-CacheRefreshExecutor-0] Reading to [org.springframework.cloud.netflix.eureka.http.EurekaApplications]
2025-04-30 00:46:37,060 DEBUG o.s.c.l.CompositeLog [DiscoveryClient-HeartbeatExecutor-0] HTTP PUT http://localhost:8761/eureka/apps/USER-MANAGEMENT/Dev-MToaima.TradeNET.COM:user-management:8888?status=UP&lastDirtyTimestamp=1745938849902
2025-04-30 00:46:37,060 DEBUG o.s.c.l.CompositeLog [DiscoveryClient-HeartbeatExecutor-0] Accept=[application/json, application/*+json]
2025-04-30 00:46:37,077 DEBUG o.s.c.l.CompositeLog [DiscoveryClient-CacheRefreshExecutor-0] HTTP GET http://localhost:8761/eureka/apps/delta
2025-04-30 00:46:37,077 DEBUG o.s.c.l.CompositeLog [DiscoveryClient-CacheRefreshExecutor-0] Accept=[application/json, application/*+json]
2025-04-30 00:46:37,079 DEBUG o.s.c.l.CompositeLog [DiscoveryClient-HeartbeatExecutor-0] Response 200 OK
2025-04-30 00:46:37,094 DEBUG o.s.c.l.CompositeLog [DiscoveryClient-CacheRefreshExecutor-0] Response 200 OK
2025-04-30 00:46:37,094 DEBUG o.s.c.l.CompositeLog [DiscoveryClient-CacheRefreshExecutor-0] Reading to [org.springframework.cloud.netflix.eureka.http.EurekaApplications]
2025-04-30 00:58:34,547 WARN c.z.h.p.HikariPool$HouseKeeper [HikariPool-4 housekeeper] HikariPool-4 - Thread starvation or clock leap detected (housekeeper delta=12m7s565ms989µs900ns).
2025-04-30 00:58:44,650 DEBUG o.s.c.l.CompositeLog [DiscoveryClient-CacheRefreshExecutor-0] HTTP GET http://localhost:8761/eureka/apps/delta
2025-04-30 00:58:44,650 DEBUG o.s.c.l.CompositeLog [DiscoveryClient-HeartbeatExecutor-0] HTTP PUT http://localhost:8761/eureka/apps/USER-MANAGEMENT/Dev-MToaima.TradeNET.COM:user-management:8888?status=UP&lastDirtyTimestamp=1745938849902
2025-04-30 00:58:44,654 DEBUG o.s.c.l.CompositeLog [DiscoveryClient-CacheRefreshExecutor-0] Accept=[application/json, application/*+json]
2025-04-30 00:58:44,654 DEBUG o.s.c.l.CompositeLog [DiscoveryClient-HeartbeatExecutor-0] Accept=[application/json, application/*+json]
2025-04-30 00:58:44,656 DEBUG o.s.c.l.CompositeLog [DiscoveryClient-CacheRefreshExecutor-0] Response 200 OK
2025-04-30 00:58:44,656 DEBUG o.s.c.l.CompositeLog [DiscoveryClient-HeartbeatExecutor-0] Response 200 OK
2025-04-30 00:58:44,656 DEBUG o.s.c.l.CompositeLog [DiscoveryClient-CacheRefreshExecutor-0] Reading to [org.springframework.cloud.netflix.eureka.http.EurekaApplications]
2025-04-30 00:59:14,661 DEBUG o.s.c.l.CompositeLog [DiscoveryClient-HeartbeatExecutor-0] HTTP PUT http://localhost:8761/eureka/apps/USER-MANAGEMENT/Dev-MToaima.TradeNET.COM:user-management:8888?status=UP&lastDirtyTimestamp=1745938849902
2025-04-30 00:59:14,661 DEBUG o.s.c.l.CompositeLog [DiscoveryClient-CacheRefreshExecutor-0] HTTP GET http://localhost:8761/eureka/apps/delta
2025-04-30 00:59:14,661 DEBUG o.s.c.l.CompositeLog [DiscoveryClient-HeartbeatExecutor-0] Accept=[application/json, application/*+json]
2025-04-30 00:59:14,661 DEBUG o.s.c.l.CompositeLog [DiscoveryClient-CacheRefreshExecutor-0] Accept=[application/json, application/*+json]
2025-04-30 00:59:14,678 DEBUG o.s.c.l.CompositeLog [DiscoveryClient-CacheRefreshExecutor-0] Response 200 OK
2025-04-30 00:59:14,678 DEBUG o.s.c.l.CompositeLog [DiscoveryClient-HeartbeatExecutor-0] Response 200 OK
2025-04-30 00:59:14,678 DEBUG o.s.c.l.CompositeLog [DiscoveryClient-CacheRefreshExecutor-0] Reading to [org.springframework.cloud.netflix.eureka.http.EurekaApplications]
2025-04-30 00:59:36,266 INFO c.n.d.s.r.a.ConfigClusterResolver [AsyncResolver-bootstrap-executor-0] Resolving eureka endpoints via configuration
2025-04-30 00:59:44,687 DEBUG o.s.c.l.CompositeLog [DiscoveryClient-CacheRefreshExecutor-0] HTTP GET http://localhost:8761/eureka/apps/delta
2025-04-30 00:59:44,687 DEBUG o.s.c.l.CompositeLog [DiscoveryClient-HeartbeatExecutor-0] HTTP PUT http://localhost:8761/eureka/apps/USER-MANAGEMENT/Dev-MToaima.TradeNET.COM:user-management:8888?status=UP&lastDirtyTimestamp=1745938849902
2025-04-30 00:59:44,687 DEBUG o.s.c.l.CompositeLog [DiscoveryClient-CacheRefreshExecutor-0] Accept=[application/json, application/*+json]
2025-04-30 00:59:44,687 DEBUG o.s.c.l.CompositeLog [DiscoveryClient-HeartbeatExecutor-0] Accept=[application/json, application/*+json]
2025-04-30 00:59:44,704 DEBUG o.s.c.l.CompositeLog [DiscoveryClient-CacheRefreshExecutor-0] Response 200 OK
2025-04-30 00:59:44,704 DEBUG o.s.c.l.CompositeLog [DiscoveryClient-HeartbeatExecutor-0] Response 200 OK
2025-04-30 00:59:44,704 DEBUG o.s.c.l.CompositeLog [DiscoveryClient-CacheRefreshExecutor-0] Reading to [org.springframework.cloud.netflix.eureka.http.EurekaApplications]
2025-04-30 01:00:14,715 DEBUG o.s.c.l.CompositeLog [DiscoveryClient-CacheRefreshExecutor-0] HTTP GET http://localhost:8761/eureka/apps/delta
2025-04-30 01:00:14,715 DEBUG o.s.c.l.CompositeLog [DiscoveryClient-HeartbeatExecutor-0] HTTP PUT http://localhost:8761/eureka/apps/USER-MANAGEMENT/Dev-MToaima.TradeNET.COM:user-management:8888?status=UP&lastDirtyTimestamp=1745938849902
2025-04-30 01:00:14,715 DEBUG o.s.c.l.CompositeLog [DiscoveryClient-CacheRefreshExecutor-0] Accept=[application/json, application/*+json]
2025-04-30 01:00:14,715 DEBUG o.s.c.l.CompositeLog [DiscoveryClient-HeartbeatExecutor-0] Accept=[application/json, application/*+json]
2025-04-30 01:00:14,732 DEBUG o.s.c.l.CompositeLog [DiscoveryClient-CacheRefreshExecutor-0] Response 200 OK
2025-04-30 01:00:14,732 DEBUG o.s.c.l.CompositeLog [DiscoveryClient-HeartbeatExecutor-0] Response 200 OK
2025-04-30 01:00:14,733 DEBUG o.s.c.l.CompositeLog [DiscoveryClient-CacheRefreshExecutor-0] Reading to [org.springframework.cloud.netflix.eureka.http.EurekaApplications]
2025-04-30 01:00:44,734 DEBUG o.s.c.l.CompositeLog [DiscoveryClient-HeartbeatExecutor-0] HTTP PUT http://localhost:8761/eureka/apps/USER-MANAGEMENT/Dev-MToaima.TradeNET.COM:user-management:8888?status=UP&lastDirtyTimestamp=1745938849902
2025-04-30 01:00:44,734 DEBUG o.s.c.l.CompositeLog [DiscoveryClient-CacheRefreshExecutor-0] HTTP GET http://localhost:8761/eureka/apps/delta
2025-04-30 01:00:44,734 DEBUG o.s.c.l.CompositeLog [DiscoveryClient-CacheRefreshExecutor-0] Accept=[application/json, application/*+json]
2025-04-30 01:00:44,734 DEBUG o.s.c.l.CompositeLog [DiscoveryClient-HeartbeatExecutor-0] Accept=[application/json, application/*+json]
2025-04-30 01:00:44,749 DEBUG o.s.c.l.CompositeLog [DiscoveryClient-CacheRefreshExecutor-0] Response 200 OK
2025-04-30 01:00:44,749 DEBUG o.s.c.l.CompositeLog [DiscoveryClient-HeartbeatExecutor-0] Response 200 OK
2025-04-30 01:00:44,749 DEBUG o.s.c.l.CompositeLog [DiscoveryClient-CacheRefreshExecutor-0] Reading to [org.springframework.cloud.netflix.eureka.http.EurekaApplications]
2025-04-30 01:01:14,758 DEBUG o.s.c.l.CompositeLog [DiscoveryClient-CacheRefreshExecutor-0] HTTP GET http://localhost:8761/eureka/apps/delta
2025-04-30 01:01:14,758 DEBUG o.s.c.l.CompositeLog [DiscoveryClient-HeartbeatExecutor-0] HTTP PUT http://localhost:8761/eureka/apps/USER-MANAGEMENT/Dev-MToaima.TradeNET.COM:user-management:8888?status=UP&lastDirtyTimestamp=1745938849902
2025-04-30 01:01:14,758 DEBUG o.s.c.l.CompositeLog [DiscoveryClient-CacheRefreshExecutor-0] Accept=[application/json, application/*+json]
2025-04-30 01:01:14,758 DEBUG o.s.c.l.CompositeLog [DiscoveryClient-HeartbeatExecutor-0] Accept=[application/json, application/*+json]
2025-04-30 01:01:14,774 DEBUG o.s.c.l.CompositeLog [DiscoveryClient-CacheRefreshExecutor-0] Response 200 OK
2025-04-30 01:01:14,774 DEBUG o.s.c.l.CompositeLog [DiscoveryClient-HeartbeatExecutor-0] Response 200 OK
2025-04-30 01:01:14,774 DEBUG o.s.c.l.CompositeLog [DiscoveryClient-CacheRefreshExecutor-0] Reading to [org.springframework.cloud.netflix.eureka.http.EurekaApplications]
2025-04-30 01:01:44,783 DEBUG o.s.c.l.CompositeLog [DiscoveryClient-CacheRefreshExecutor-0] HTTP GET http://localhost:8761/eureka/apps/delta
2025-04-30 01:01:44,783 DEBUG o.s.c.l.CompositeLog [DiscoveryClient-HeartbeatExecutor-0] HTTP PUT http://localhost:8761/eureka/apps/USER-MANAGEMENT/Dev-MToaima.TradeNET.COM:user-management:8888?status=UP&lastDirtyTimestamp=1745938849902
2025-04-30 01:01:44,784 DEBUG o.s.c.l.CompositeLog [DiscoveryClient-HeartbeatExecutor-0] Accept=[application/json, application/*+json]
2025-04-30 01:01:44,784 DEBUG o.s.c.l.CompositeLog [DiscoveryClient-CacheRefreshExecutor-0] Accept=[application/json, application/*+json]
2025-04-30 01:01:44,800 DEBUG o.s.c.l.CompositeLog [DiscoveryClient-HeartbeatExecutor-0] Response 200 OK
2025-04-30 01:01:44,800 DEBUG o.s.c.l.CompositeLog [DiscoveryClient-CacheRefreshExecutor-0] Response 200 OK
2025-04-30 01:01:44,801 DEBUG o.s.c.l.CompositeLog [DiscoveryClient-CacheRefreshExecutor-0] Reading to [org.springframework.cloud.netflix.eureka.http.EurekaApplications]
2025-04-30 01:02:14,806 DEBUG o.s.c.l.CompositeLog [DiscoveryClient-HeartbeatExecutor-0] HTTP PUT http://localhost:8761/eureka/apps/USER-MANAGEMENT/Dev-MToaima.TradeNET.COM:user-management:8888?status=UP&lastDirtyTimestamp=1745938849902
2025-04-30 01:02:14,806 DEBUG o.s.c.l.CompositeLog [DiscoveryClient-CacheRefreshExecutor-0] HTTP GET http://localhost:8761/eureka/apps/delta
2025-04-30 01:02:14,807 DEBUG o.s.c.l.CompositeLog [DiscoveryClient-HeartbeatExecutor-0] Accept=[application/json, application/*+json]
2025-04-30 01:02:14,807 DEBUG o.s.c.l.CompositeLog [DiscoveryClient-CacheRefreshExecutor-0] Accept=[application/json, application/*+json]
2025-04-30 01:02:14,815 DEBUG o.s.c.l.CompositeLog [DiscoveryClient-CacheRefreshExecutor-0] Response 200 OK
2025-04-30 01:02:14,815 DEBUG o.s.c.l.CompositeLog [DiscoveryClient-HeartbeatExecutor-0] Response 200 OK
2025-04-30 01:02:14,817 DEBUG o.s.c.l.CompositeLog [DiscoveryClient-CacheRefreshExecutor-0] Reading to [org.springframework.cloud.netflix.eureka.http.EurekaApplications]
2025-04-30 01:02:44,831 DEBUG o.s.c.l.CompositeLog [DiscoveryClient-CacheRefreshExecutor-0] HTTP GET http://localhost:8761/eureka/apps/delta
2025-04-30 01:02:44,831 DEBUG o.s.c.l.CompositeLog [DiscoveryClient-HeartbeatExecutor-0] HTTP PUT http://localhost:8761/eureka/apps/USER-MANAGEMENT/Dev-MToaima.TradeNET.COM:user-management:8888?status=UP&lastDirtyTimestamp=1745938849902
2025-04-30 01:02:44,831 DEBUG o.s.c.l.CompositeLog [DiscoveryClient-CacheRefreshExecutor-0] Accept=[application/json, application/*+json]
2025-04-30 01:02:44,831 DEBUG o.s.c.l.CompositeLog [DiscoveryClient-HeartbeatExecutor-0] Accept=[application/json, application/*+json]
2025-04-30 01:02:44,850 DEBUG o.s.c.l.CompositeLog [DiscoveryClient-HeartbeatExecutor-0] Response 200 OK
2025-04-30 01:02:44,850 DEBUG o.s.c.l.CompositeLog [DiscoveryClient-CacheRefreshExecutor-0] Response 200 OK
2025-04-30 01:02:44,850 DEBUG o.s.c.l.CompositeLog [DiscoveryClient-CacheRefreshExecutor-0] Reading to [org.springframework.cloud.netflix.eureka.http.EurekaApplications]
2025-04-30 01:03:14,870 DEBUG o.s.c.l.CompositeLog [DiscoveryClient-CacheRefreshExecutor-0] HTTP GET http://localhost:8761/eureka/apps/delta
2025-04-30 01:03:14,870 DEBUG o.s.c.l.CompositeLog [DiscoveryClient-HeartbeatExecutor-0] HTTP PUT http://localhost:8761/eureka/apps/USER-MANAGEMENT/Dev-MToaima.TradeNET.COM:user-management:8888?status=UP&lastDirtyTimestamp=1745938849902
2025-04-30 01:03:14,870 DEBUG o.s.c.l.CompositeLog [DiscoveryClient-CacheRefreshExecutor-0] Accept=[application/json, application/*+json]
2025-04-30 01:03:14,870 DEBUG o.s.c.l.CompositeLog [DiscoveryClient-HeartbeatExecutor-0] Accept=[application/json, application/*+json]
2025-04-30 01:03:14,879 DEBUG o.s.c.l.CompositeLog [DiscoveryClient-HeartbeatExecutor-0] Response 200 OK
2025-04-30 01:03:14,879 DEBUG o.s.c.l.CompositeLog [DiscoveryClient-CacheRefreshExecutor-0] Response 200 OK
2025-04-30 01:03:14,882 DEBUG o.s.c.l.CompositeLog [DiscoveryClient-CacheRefreshExecutor-0] Reading to [org.springframework.cloud.netflix.eureka.http.EurekaApplications]
2025-04-30 01:03:44,892 DEBUG o.s.c.l.CompositeLog [DiscoveryClient-HeartbeatExecutor-0] HTTP PUT http://localhost:8761/eureka/apps/USER-MANAGEMENT/Dev-MToaima.TradeNET.COM:user-management:8888?status=UP&lastDirtyTimestamp=1745938849902
2025-04-30 01:03:44,892 DEBUG o.s.c.l.CompositeLog [DiscoveryClient-CacheRefreshExecutor-0] HTTP GET http://localhost:8761/eureka/apps/delta
2025-04-30 01:03:44,892 DEBUG o.s.c.l.CompositeLog [DiscoveryClient-HeartbeatExecutor-0] Accept=[application/json, application/*+json]
2025-04-30 01:03:44,892 DEBUG o.s.c.l.CompositeLog [DiscoveryClient-CacheRefreshExecutor-0] Accept=[application/json, application/*+json]
2025-04-30 01:03:44,901 DEBUG o.s.c.l.CompositeLog [DiscoveryClient-HeartbeatExecutor-0] Response 200 OK
2025-04-30 01:03:44,901 DEBUG o.s.c.l.CompositeLog [DiscoveryClient-CacheRefreshExecutor-0] Response 200 OK
2025-04-30 01:03:44,901 DEBUG o.s.c.l.CompositeLog [DiscoveryClient-CacheRefreshExecutor-0] Reading to [org.springframework.cloud.netflix.eureka.http.EurekaApplications]
2025-04-30 01:04:14,911 DEBUG o.s.c.l.CompositeLog [DiscoveryClient-CacheRefreshExecutor-0] HTTP GET http://localhost:8761/eureka/apps/delta
2025-04-30 01:04:14,911 DEBUG o.s.c.l.CompositeLog [DiscoveryClient-HeartbeatExecutor-0] HTTP PUT http://localhost:8761/eureka/apps/USER-MANAGEMENT/Dev-MToaima.TradeNET.COM:user-management:8888?status=UP&lastDirtyTimestamp=1745938849902
2025-04-30 01:04:14,912 DEBUG o.s.c.l.CompositeLog [DiscoveryClient-CacheRefreshExecutor-0] Accept=[application/json, application/*+json]
2025-04-30 01:04:14,912 DEBUG o.s.c.l.CompositeLog [DiscoveryClient-HeartbeatExecutor-0] Accept=[application/json, application/*+json]
2025-04-30 01:04:14,920 DEBUG o.s.c.l.CompositeLog [DiscoveryClient-CacheRefreshExecutor-0] Response 200 OK
2025-04-30 01:04:14,920 DEBUG o.s.c.l.CompositeLog [DiscoveryClient-HeartbeatExecutor-0] Response 200 OK
2025-04-30 01:04:14,920 DEBUG o.s.c.l.CompositeLog [DiscoveryClient-CacheRefreshExecutor-0] Reading to [org.springframework.cloud.netflix.eureka.http.EurekaApplications]
2025-04-30 01:04:36,270 INFO c.n.d.s.r.a.ConfigClusterResolver [AsyncResolver-bootstrap-executor-0] Resolving eureka endpoints via configuration
2025-04-30 01:04:44,924 DEBUG o.s.c.l.CompositeLog [DiscoveryClient-CacheRefreshExecutor-0] HTTP GET http://localhost:8761/eureka/apps/delta
2025-04-30 01:04:44,924 DEBUG o.s.c.l.CompositeLog [DiscoveryClient-HeartbeatExecutor-0] HTTP PUT http://localhost:8761/eureka/apps/USER-MANAGEMENT/Dev-MToaima.TradeNET.COM:user-management:8888?status=UP&lastDirtyTimestamp=1745938849902
2025-04-30 01:04:44,925 DEBUG o.s.c.l.CompositeLog [DiscoveryClient-HeartbeatExecutor-0] Accept=[application/json, application/*+json]
2025-04-30 01:04:44,925 DEBUG o.s.c.l.CompositeLog [DiscoveryClient-CacheRefreshExecutor-0] Accept=[application/json, application/*+json]
2025-04-30 01:04:44,940 DEBUG o.s.c.l.CompositeLog [DiscoveryClient-HeartbeatExecutor-0] Response 200 OK
2025-04-30 01:04:44,940 DEBUG o.s.c.l.CompositeLog [DiscoveryClient-CacheRefreshExecutor-0] Response 200 OK
2025-04-30 01:04:44,941 DEBUG o.s.c.l.CompositeLog [DiscoveryClient-CacheRefreshExecutor-0] Reading to [org.springframework.cloud.netflix.eureka.http.EurekaApplications]
2025-04-30 01:05:14,947 DEBUG o.s.c.l.CompositeLog [DiscoveryClient-HeartbeatExecutor-0] HTTP PUT http://localhost:8761/eureka/apps/USER-MANAGEMENT/Dev-MToaima.TradeNET.COM:user-management:8888?status=UP&lastDirtyTimestamp=1745938849902
2025-04-30 01:05:14,947 DEBUG o.s.c.l.CompositeLog [DiscoveryClient-CacheRefreshExecutor-0] HTTP GET http://localhost:8761/eureka/apps/delta
2025-04-30 01:05:14,948 DEBUG o.s.c.l.CompositeLog [DiscoveryClient-HeartbeatExecutor-0] Accept=[application/json, application/*+json]
2025-04-30 01:05:14,948 DEBUG o.s.c.l.CompositeLog [DiscoveryClient-CacheRefreshExecutor-0] Accept=[application/json, application/*+json]
2025-04-30 01:05:14,956 DEBUG o.s.c.l.CompositeLog [DiscoveryClient-CacheRefreshExecutor-0] Response 200 OK
2025-04-30 01:05:14,956 DEBUG o.s.c.l.CompositeLog [DiscoveryClient-HeartbeatExecutor-0] Response 200 OK
2025-04-30 01:05:14,958 DEBUG o.s.c.l.CompositeLog [DiscoveryClient-CacheRefreshExecutor-0] Reading to [org.springframework.cloud.netflix.eureka.http.EurekaApplications]
2025-04-30 01:05:44,963 DEBUG o.s.c.l.CompositeLog [DiscoveryClient-CacheRefreshExecutor-0] HTTP GET http://localhost:8761/eureka/apps/delta
2025-04-30 01:05:44,963 DEBUG o.s.c.l.CompositeLog [DiscoveryClient-HeartbeatExecutor-0] HTTP PUT http://localhost:8761/eureka/apps/USER-MANAGEMENT/Dev-MToaima.TradeNET.COM:user-management:8888?status=UP&lastDirtyTimestamp=1745938849902
2025-04-30 01:05:44,964 DEBUG o.s.c.l.CompositeLog [DiscoveryClient-CacheRefreshExecutor-0] Accept=[application/json, application/*+json]
2025-04-30 01:05:44,964 DEBUG o.s.c.l.CompositeLog [DiscoveryClient-HeartbeatExecutor-0] Accept=[application/json, application/*+json]
2025-04-30 01:05:44,980 DEBUG o.s.c.l.CompositeLog [DiscoveryClient-CacheRefreshExecutor-0] Response 200 OK
2025-04-30 01:05:44,980 DEBUG o.s.c.l.CompositeLog [DiscoveryClient-HeartbeatExecutor-0] Response 200 OK
2025-04-30 01:05:44,980 DEBUG o.s.c.l.CompositeLog [DiscoveryClient-CacheRefreshExecutor-0] Reading to [org.springframework.cloud.netflix.eureka.http.EurekaApplications]
2025-04-30 01:06:14,989 DEBUG o.s.c.l.CompositeLog [DiscoveryClient-HeartbeatExecutor-0] HTTP PUT http://localhost:8761/eureka/apps/USER-MANAGEMENT/Dev-MToaima.TradeNET.COM:user-management:8888?status=UP&lastDirtyTimestamp=1745938849902
2025-04-30 01:06:14,989 DEBUG o.s.c.l.CompositeLog [DiscoveryClient-CacheRefreshExecutor-0] HTTP GET http://localhost:8761/eureka/apps/delta
2025-04-30 01:06:14,989 DEBUG o.s.c.l.CompositeLog [DiscoveryClient-HeartbeatExecutor-0] Accept=[application/json, application/*+json]
2025-04-30 01:06:14,989 DEBUG o.s.c.l.CompositeLog [DiscoveryClient-CacheRefreshExecutor-0] Accept=[application/json, application/*+json]
2025-04-30 01:06:15,006 DEBUG o.s.c.l.CompositeLog [DiscoveryClient-HeartbeatExecutor-0] Response 200 OK
2025-04-30 01:06:15,006 DEBUG o.s.c.l.CompositeLog [DiscoveryClient-CacheRefreshExecutor-0] Response 200 OK
2025-04-30 01:06:15,006 DEBUG o.s.c.l.CompositeLog [DiscoveryClient-CacheRefreshExecutor-0] Reading to [org.springframework.cloud.netflix.eureka.http.EurekaApplications]
2025-04-30 01:06:45,011 DEBUG o.s.c.l.CompositeLog [DiscoveryClient-HeartbeatExecutor-0] HTTP PUT http://localhost:8761/eureka/apps/USER-MANAGEMENT/Dev-MToaima.TradeNET.COM:user-management:8888?status=UP&lastDirtyTimestamp=1745938849902
2025-04-30 01:06:45,011 DEBUG o.s.c.l.CompositeLog [DiscoveryClient-CacheRefreshExecutor-0] HTTP GET http://localhost:8761/eureka/apps/delta
2025-04-30 01:06:45,011 DEBUG o.s.c.l.CompositeLog [DiscoveryClient-CacheRefreshExecutor-0] Accept=[application/json, application/*+json]
2025-04-30 01:06:45,011 DEBUG o.s.c.l.CompositeLog [DiscoveryClient-HeartbeatExecutor-0] Accept=[application/json, application/*+json]
2025-04-30 01:06:45,028 DEBUG o.s.c.l.CompositeLog [DiscoveryClient-HeartbeatExecutor-0] Response 200 OK
2025-04-30 01:06:45,028 DEBUG o.s.c.l.CompositeLog [DiscoveryClient-CacheRefreshExecutor-0] Response 200 OK
2025-04-30 01:06:45,028 DEBUG o.s.c.l.CompositeLog [DiscoveryClient-CacheRefreshExecutor-0] Reading to [org.springframework.cloud.netflix.eureka.http.EurekaApplications]
2025-04-30 01:07:15,037 DEBUG o.s.c.l.CompositeLog [DiscoveryClient-CacheRefreshExecutor-0] HTTP GET http://localhost:8761/eureka/apps/delta
2025-04-30 01:07:15,037 DEBUG o.s.c.l.CompositeLog [DiscoveryClient-HeartbeatExecutor-0] HTTP PUT http://localhost:8761/eureka/apps/USER-MANAGEMENT/Dev-MToaima.TradeNET.COM:user-management:8888?status=UP&lastDirtyTimestamp=1745938849902
2025-04-30 01:07:15,037 DEBUG o.s.c.l.CompositeLog [DiscoveryClient-CacheRefreshExecutor-0] Accept=[application/json, application/*+json]
2025-04-30 01:07:15,037 DEBUG o.s.c.l.CompositeLog [DiscoveryClient-HeartbeatExecutor-0] Accept=[application/json, application/*+json]
2025-04-30 01:07:15,047 DEBUG o.s.c.l.CompositeLog [DiscoveryClient-HeartbeatExecutor-0] Response 200 OK
2025-04-30 01:07:15,047 DEBUG o.s.c.l.CompositeLog [DiscoveryClient-CacheRefreshExecutor-0] Response 200 OK
2025-04-30 01:07:15,047 DEBUG o.s.c.l.CompositeLog [DiscoveryClient-CacheRefreshExecutor-0] Reading to [org.springframework.cloud.netflix.eureka.http.EurekaApplications]
2025-04-30 01:07:45,060 DEBUG o.s.c.l.CompositeLog [DiscoveryClient-CacheRefreshExecutor-0] HTTP GET http://localhost:8761/eureka/apps/delta
2025-04-30 01:07:45,060 DEBUG o.s.c.l.CompositeLog [DiscoveryClient-HeartbeatExecutor-0] HTTP PUT http://localhost:8761/eureka/apps/USER-MANAGEMENT/Dev-MToaima.TradeNET.COM:user-management:8888?status=UP&lastDirtyTimestamp=1745938849902
2025-04-30 01:07:45,061 DEBUG o.s.c.l.CompositeLog [DiscoveryClient-HeartbeatExecutor-0] Accept=[application/json, application/*+json]
2025-04-30 01:07:45,061 DEBUG o.s.c.l.CompositeLog [DiscoveryClient-CacheRefreshExecutor-0] Accept=[application/json, application/*+json]
2025-04-30 01:07:45,077 DEBUG o.s.c.l.CompositeLog [DiscoveryClient-CacheRefreshExecutor-0] Response 200 OK
2025-04-30 01:07:45,077 DEBUG o.s.c.l.CompositeLog [DiscoveryClient-HeartbeatExecutor-0] Response 200 OK
2025-04-30 01:07:45,077 DEBUG o.s.c.l.CompositeLog [DiscoveryClient-CacheRefreshExecutor-0] Reading to [org.springframework.cloud.netflix.eureka.http.EurekaApplications]
2025-04-30 01:08:15,081 DEBUG o.s.c.l.CompositeLog [DiscoveryClient-HeartbeatExecutor-0] HTTP PUT http://localhost:8761/eureka/apps/USER-MANAGEMENT/Dev-MToaima.TradeNET.COM:user-management:8888?status=UP&lastDirtyTimestamp=1745938849902
2025-04-30 01:08:15,081 DEBUG o.s.c.l.CompositeLog [DiscoveryClient-CacheRefreshExecutor-0] HTTP GET http://localhost:8761/eureka/apps/delta
2025-04-30 01:08:15,081 DEBUG o.s.c.l.CompositeLog [DiscoveryClient-HeartbeatExecutor-0] Accept=[application/json, application/*+json]
2025-04-30 01:08:15,081 DEBUG o.s.c.l.CompositeLog [DiscoveryClient-CacheRefreshExecutor-0] Accept=[application/json, application/*+json]
2025-04-30 01:08:15,090 DEBUG o.s.c.l.CompositeLog [DiscoveryClient-HeartbeatExecutor-0] Response 200 OK
2025-04-30 01:08:15,090 DEBUG o.s.c.l.CompositeLog [DiscoveryClient-CacheRefreshExecutor-0] Response 200 OK
2025-04-30 01:08:15,090 DEBUG o.s.c.l.CompositeLog [DiscoveryClient-CacheRefreshExecutor-0] Reading to [org.springframework.cloud.netflix.eureka.http.EurekaApplications]
2025-04-30 01:08:45,100 DEBUG o.s.c.l.CompositeLog [DiscoveryClient-HeartbeatExecutor-0] HTTP PUT http://localhost:8761/eureka/apps/USER-MANAGEMENT/Dev-MToaima.TradeNET.COM:user-management:8888?status=UP&lastDirtyTimestamp=1745938849902
2025-04-30 01:08:45,100 DEBUG o.s.c.l.CompositeLog [DiscoveryClient-CacheRefreshExecutor-0] HTTP GET http://localhost:8761/eureka/apps/delta
2025-04-30 01:08:45,100 DEBUG o.s.c.l.CompositeLog [DiscoveryClient-CacheRefreshExecutor-0] Accept=[application/json, application/*+json]
2025-04-30 01:08:45,100 DEBUG o.s.c.l.CompositeLog [DiscoveryClient-HeartbeatExecutor-0] Accept=[application/json, application/*+json]
2025-04-30 01:08:45,117 DEBUG o.s.c.l.CompositeLog [DiscoveryClient-HeartbeatExecutor-0] Response 200 OK
2025-04-30 01:08:45,117 DEBUG o.s.c.l.CompositeLog [DiscoveryClient-CacheRefreshExecutor-0] Response 200 OK
2025-04-30 01:08:45,117 DEBUG o.s.c.l.CompositeLog [DiscoveryClient-CacheRefreshExecutor-0] Reading to [org.springframework.cloud.netflix.eureka.http.EurekaApplications]
2025-04-30 01:09:15,118 DEBUG o.s.c.l.CompositeLog [DiscoveryClient-CacheRefreshExecutor-0] HTTP GET http://localhost:8761/eureka/apps/delta
2025-04-30 01:09:15,118 DEBUG o.s.c.l.CompositeLog [DiscoveryClient-HeartbeatExecutor-0] HTTP PUT http://localhost:8761/eureka/apps/USER-MANAGEMENT/Dev-MToaima.TradeNET.COM:user-management:8888?status=UP&lastDirtyTimestamp=1745938849902
2025-04-30 01:09:15,118 DEBUG o.s.c.l.CompositeLog [DiscoveryClient-CacheRefreshExecutor-0] Accept=[application/json, application/*+json]
2025-04-30 01:09:15,118 DEBUG o.s.c.l.CompositeLog [DiscoveryClient-HeartbeatExecutor-0] Accept=[application/json, application/*+json]
2025-04-30 01:09:15,134 DEBUG o.s.c.l.CompositeLog [DiscoveryClient-HeartbeatExecutor-0] Response 200 OK
2025-04-30 01:09:15,134 DEBUG o.s.c.l.CompositeLog [DiscoveryClient-CacheRefreshExecutor-0] Response 200 OK
2025-04-30 01:09:15,135 DEBUG o.s.c.l.CompositeLog [DiscoveryClient-CacheRefreshExecutor-0] Reading to [org.springframework.cloud.netflix.eureka.http.EurekaApplications]
2025-04-30 01:09:36,284 INFO c.n.d.s.r.a.ConfigClusterResolver [AsyncResolver-bootstrap-executor-0] Resolving eureka endpoints via configuration
2025-04-30 01:09:45,147 DEBUG o.s.c.l.CompositeLog [DiscoveryClient-HeartbeatExecutor-0] HTTP PUT http://localhost:8761/eureka/apps/USER-MANAGEMENT/Dev-MToaima.TradeNET.COM:user-management:8888?status=UP&lastDirtyTimestamp=1745938849902
2025-04-30 01:09:45,147 DEBUG o.s.c.l.CompositeLog [DiscoveryClient-CacheRefreshExecutor-0] HTTP GET http://localhost:8761/eureka/apps/delta
2025-04-30 01:09:45,147 DEBUG o.s.c.l.CompositeLog [DiscoveryClient-HeartbeatExecutor-0] Accept=[application/json, application/*+json]
2025-04-30 01:09:45,147 DEBUG o.s.c.l.CompositeLog [DiscoveryClient-CacheRefreshExecutor-0] Accept=[application/json, application/*+json]
2025-04-30 01:09:45,163 DEBUG o.s.c.l.CompositeLog [DiscoveryClient-HeartbeatExecutor-0] Response 200 OK
2025-04-30 01:09:45,163 DEBUG o.s.c.l.CompositeLog [DiscoveryClient-CacheRefreshExecutor-0] Response 200 OK
2025-04-30 01:09:45,163 DEBUG o.s.c.l.CompositeLog [DiscoveryClient-CacheRefreshExecutor-0] Reading to [org.springframework.cloud.netflix.eureka.http.EurekaApplications]
2025-04-30 01:10:15,175 DEBUG o.s.c.l.CompositeLog [DiscoveryClient-HeartbeatExecutor-0] HTTP PUT http://localhost:8761/eureka/apps/USER-MANAGEMENT/Dev-MToaima.TradeNET.COM:user-management:8888?status=UP&lastDirtyTimestamp=1745938849902
2025-04-30 01:10:15,175 DEBUG o.s.c.l.CompositeLog [DiscoveryClient-CacheRefreshExecutor-0] HTTP GET http://localhost:8761/eureka/apps/delta
2025-04-30 01:10:15,175 DEBUG o.s.c.l.CompositeLog [DiscoveryClient-HeartbeatExecutor-0] Accept=[application/json, application/*+json]
2025-04-30 01:10:15,175 DEBUG o.s.c.l.CompositeLog [DiscoveryClient-CacheRefreshExecutor-0] Accept=[application/json, application/*+json]
2025-04-30 01:10:15,193 DEBUG o.s.c.l.CompositeLog [DiscoveryClient-CacheRefreshExecutor-0] Response 200 OK
2025-04-30 01:10:15,193 DEBUG o.s.c.l.CompositeLog [DiscoveryClient-CacheRefreshExecutor-0] Reading to [org.springframework.cloud.netflix.eureka.http.EurekaApplications]
2025-04-30 01:10:15,211 DEBUG o.s.c.l.CompositeLog [DiscoveryClient-HeartbeatExecutor-0] Response 200 OK
2025-04-30 01:10:45,208 DEBUG o.s.c.l.CompositeLog [DiscoveryClient-CacheRefreshExecutor-0] HTTP GET http://localhost:8761/eureka/apps/delta
2025-04-30 01:10:45,209 DEBUG o.s.c.l.CompositeLog [DiscoveryClient-CacheRefreshExecutor-0] Accept=[application/json, application/*+json]
2025-04-30 01:10:45,224 DEBUG o.s.c.l.CompositeLog [DiscoveryClient-HeartbeatExecutor-0] HTTP PUT http://localhost:8761/eureka/apps/USER-MANAGEMENT/Dev-MToaima.TradeNET.COM:user-management:8888?status=UP&lastDirtyTimestamp=1745938849902
2025-04-30 01:10:45,224 DEBUG o.s.c.l.CompositeLog [DiscoveryClient-HeartbeatExecutor-0] Accept=[application/json, application/*+json]
2025-04-30 01:10:45,224 DEBUG o.s.c.l.CompositeLog [DiscoveryClient-CacheRefreshExecutor-0] Response 200 OK
2025-04-30 01:10:45,226 DEBUG o.s.c.l.CompositeLog [DiscoveryClient-CacheRefreshExecutor-0] Reading to [org.springframework.cloud.netflix.eureka.http.EurekaApplications]
2025-04-30 01:10:45,241 DEBUG o.s.c.l.CompositeLog [DiscoveryClient-HeartbeatExecutor-0] Response 200 OK
2025-04-30 01:11:15,234 DEBUG o.s.c.l.CompositeLog [DiscoveryClient-CacheRefreshExecutor-0] HTTP GET http://localhost:8761/eureka/apps/delta
2025-04-30 01:11:15,234 DEBUG o.s.c.l.CompositeLog [DiscoveryClient-CacheRefreshExecutor-0] Accept=[application/json, application/*+json]
2025-04-30 01:11:15,250 DEBUG o.s.c.l.CompositeLog [DiscoveryClient-HeartbeatExecutor-0] HTTP PUT http://localhost:8761/eureka/apps/USER-MANAGEMENT/Dev-MToaima.TradeNET.COM:user-management:8888?status=UP&lastDirtyTimestamp=1745938849902
2025-04-30 01:11:15,250 DEBUG o.s.c.l.CompositeLog [DiscoveryClient-HeartbeatExecutor-0] Accept=[application/json, application/*+json]
2025-04-30 01:11:15,250 DEBUG o.s.c.l.CompositeLog [DiscoveryClient-CacheRefreshExecutor-0] Response 200 OK
2025-04-30 01:11:15,250 DEBUG o.s.c.l.CompositeLog [DiscoveryClient-CacheRefreshExecutor-0] Reading to [org.springframework.cloud.netflix.eureka.http.EurekaApplications]
2025-04-30 01:11:15,258 DEBUG o.s.c.l.CompositeLog [DiscoveryClient-HeartbeatExecutor-0] Response 200 OK
2025-04-30 01:11:45,259 DEBUG o.s.c.l.CompositeLog [DiscoveryClient-CacheRefreshExecutor-0] HTTP GET http://localhost:8761/eureka/apps/delta
2025-04-30 01:11:45,259 DEBUG o.s.c.l.CompositeLog [DiscoveryClient-CacheRefreshExecutor-0] Accept=[application/json, application/*+json]
2025-04-30 01:11:45,268 DEBUG o.s.c.l.CompositeLog [DiscoveryClient-HeartbeatExecutor-0] HTTP PUT http://localhost:8761/eureka/apps/USER-MANAGEMENT/Dev-MToaima.TradeNET.COM:user-management:8888?status=UP&lastDirtyTimestamp=1745938849902
2025-04-30 01:11:45,268 DEBUG o.s.c.l.CompositeLog [DiscoveryClient-HeartbeatExecutor-0] Accept=[application/json, application/*+json]
2025-04-30 01:11:45,269 DEBUG o.s.c.l.CompositeLog [DiscoveryClient-CacheRefreshExecutor-0] Response 200 OK
2025-04-30 01:11:45,269 DEBUG o.s.c.l.CompositeLog [DiscoveryClient-CacheRefreshExecutor-0] Reading to [org.springframework.cloud.netflix.eureka.http.EurekaApplications]
2025-04-30 01:11:45,277 DEBUG o.s.c.l.CompositeLog [DiscoveryClient-HeartbeatExecutor-0] Response 200 OK
2025-04-30 01:12:15,272 DEBUG o.s.c.l.CompositeLog [DiscoveryClient-CacheRefreshExecutor-0] HTTP GET http://localhost:8761/eureka/apps/delta
2025-04-30 01:12:15,272 DEBUG o.s.c.l.CompositeLog [DiscoveryClient-CacheRefreshExecutor-0] Accept=[application/json, application/*+json]
2025-04-30 01:12:15,289 DEBUG o.s.c.l.CompositeLog [DiscoveryClient-HeartbeatExecutor-0] HTTP PUT http://localhost:8761/eureka/apps/USER-MANAGEMENT/Dev-MToaima.TradeNET.COM:user-management:8888?status=UP&lastDirtyTimestamp=1745938849902
2025-04-30 01:12:15,290 DEBUG o.s.c.l.CompositeLog [DiscoveryClient-HeartbeatExecutor-0] Accept=[application/json, application/*+json]
2025-04-30 01:12:15,290 DEBUG o.s.c.l.CompositeLog [DiscoveryClient-CacheRefreshExecutor-0] Response 200 OK
2025-04-30 01:12:15,291 DEBUG o.s.c.l.CompositeLog [DiscoveryClient-CacheRefreshExecutor-0] Reading to [org.springframework.cloud.netflix.eureka.http.EurekaApplications]
2025-04-30 01:12:15,301 DEBUG o.s.c.l.CompositeLog [DiscoveryClient-HeartbeatExecutor-0] Response 200 OK
2025-04-30 01:12:45,302 DEBUG o.s.c.l.CompositeLog [DiscoveryClient-CacheRefreshExecutor-0] HTTP GET http://localhost:8761/eureka/apps/delta
2025-04-30 01:12:45,303 DEBUG o.s.c.l.CompositeLog [DiscoveryClient-CacheRefreshExecutor-0] Accept=[application/json, application/*+json]
2025-04-30 01:12:45,311 DEBUG o.s.c.l.CompositeLog [DiscoveryClient-HeartbeatExecutor-0] HTTP PUT http://localhost:8761/eureka/apps/USER-MANAGEMENT/Dev-MToaima.TradeNET.COM:user-management:8888?status=UP&lastDirtyTimestamp=1745938849902
2025-04-30 01:12:45,311 DEBUG o.s.c.l.CompositeLog [DiscoveryClient-HeartbeatExecutor-0] Accept=[application/json, application/*+json]
2025-04-30 01:12:45,311 DEBUG o.s.c.l.CompositeLog [DiscoveryClient-CacheRefreshExecutor-0] Response 200 OK
2025-04-30 01:12:45,311 DEBUG o.s.c.l.CompositeLog [DiscoveryClient-CacheRefreshExecutor-0] Reading to [org.springframework.cloud.netflix.eureka.http.EurekaApplications]
2025-04-30 01:12:45,329 DEBUG o.s.c.l.CompositeLog [DiscoveryClient-HeartbeatExecutor-0] Response 200 OK
2025-04-30 01:13:15,326 DEBUG o.s.c.l.CompositeLog [DiscoveryClient-CacheRefreshExecutor-0] HTTP GET http://localhost:8761/eureka/apps/delta
2025-04-30 01:13:15,326 DEBUG o.s.c.l.CompositeLog [DiscoveryClient-CacheRefreshExecutor-0] Accept=[application/json, application/*+json]
2025-04-30 01:13:15,341 DEBUG o.s.c.l.CompositeLog [DiscoveryClient-HeartbeatExecutor-0] HTTP PUT http://localhost:8761/eureka/apps/USER-MANAGEMENT/Dev-MToaima.TradeNET.COM:user-management:8888?status=UP&lastDirtyTimestamp=1745938849902
2025-04-30 01:13:15,342 DEBUG o.s.c.l.CompositeLog [DiscoveryClient-HeartbeatExecutor-0] Accept=[application/json, application/*+json]
2025-04-30 01:13:15,343 DEBUG o.s.c.l.CompositeLog [DiscoveryClient-CacheRefreshExecutor-0] Response 200 OK
2025-04-30 01:13:15,343 DEBUG o.s.c.l.CompositeLog [DiscoveryClient-CacheRefreshExecutor-0] Reading to [org.springframework.cloud.netflix.eureka.http.EurekaApplications]
2025-04-30 01:13:15,359 DEBUG o.s.c.l.CompositeLog [DiscoveryClient-HeartbeatExecutor-0] Response 200 OK
2025-04-30 01:13:45,353 DEBUG o.s.c.l.CompositeLog [DiscoveryClient-CacheRefreshExecutor-0] HTTP GET http://localhost:8761/eureka/apps/delta
2025-04-30 01:13:45,354 DEBUG o.s.c.l.CompositeLog [DiscoveryClient-CacheRefreshExecutor-0] Accept=[application/json, application/*+json]
2025-04-30 01:13:45,369 DEBUG o.s.c.l.CompositeLog [DiscoveryClient-HeartbeatExecutor-0] HTTP PUT http://localhost:8761/eureka/apps/USER-MANAGEMENT/Dev-MToaima.TradeNET.COM:user-management:8888?status=UP&lastDirtyTimestamp=1745938849902
2025-04-30 01:13:45,369 DEBUG o.s.c.l.CompositeLog [DiscoveryClient-HeartbeatExecutor-0] Accept=[application/json, application/*+json]
2025-04-30 01:13:45,370 DEBUG o.s.c.l.CompositeLog [DiscoveryClient-CacheRefreshExecutor-0] Response 200 OK
2025-04-30 01:13:45,370 DEBUG o.s.c.l.CompositeLog [DiscoveryClient-CacheRefreshExecutor-0] Reading to [org.springframework.cloud.netflix.eureka.http.EurekaApplications]
2025-04-30 01:13:45,385 DEBUG o.s.c.l.CompositeLog [DiscoveryClient-HeartbeatExecutor-0] Response 200 OK
2025-04-30 01:14:15,377 DEBUG o.s.c.l.CompositeLog [DiscoveryClient-CacheRefreshExecutor-0] HTTP GET http://localhost:8761/eureka/apps/delta
2025-04-30 01:14:15,378 DEBUG o.s.c.l.CompositeLog [DiscoveryClient-CacheRefreshExecutor-0] Accept=[application/json, application/*+json]
2025-04-30 01:14:15,390 DEBUG o.s.c.l.CompositeLog [DiscoveryClient-HeartbeatExecutor-0] HTTP PUT http://localhost:8761/eureka/apps/USER-MANAGEMENT/Dev-MToaima.TradeNET.COM:user-management:8888?status=UP&lastDirtyTimestamp=1745938849902
2025-04-30 01:14:15,390 DEBUG o.s.c.l.CompositeLog [DiscoveryClient-HeartbeatExecutor-0] Accept=[application/json, application/*+json]
2025-04-30 01:14:15,390 DEBUG o.s.c.l.CompositeLog [DiscoveryClient-CacheRefreshExecutor-0] Response 200 OK
2025-04-30 01:14:15,390 DEBUG o.s.c.l.CompositeLog [DiscoveryClient-CacheRefreshExecutor-0] Reading to [org.springframework.cloud.netflix.eureka.http.EurekaApplications]
2025-04-30 01:14:15,406 DEBUG o.s.c.l.CompositeLog [DiscoveryClient-HeartbeatExecutor-0] Response 200 OK
2025-04-30 01:14:36,293 INFO c.n.d.s.r.a.ConfigClusterResolver [AsyncResolver-bootstrap-executor-0] Resolving eureka endpoints via configuration
2025-04-30 01:14:45,402 DEBUG o.s.c.l.CompositeLog [DiscoveryClient-CacheRefreshExecutor-0] HTTP GET http://localhost:8761/eureka/apps/delta
2025-04-30 01:14:45,402 DEBUG o.s.c.l.CompositeLog [DiscoveryClient-CacheRefreshExecutor-0] Accept=[application/json, application/*+json]
2025-04-30 01:14:45,417 DEBUG o.s.c.l.CompositeLog [DiscoveryClient-HeartbeatExecutor-0] HTTP PUT http://localhost:8761/eureka/apps/USER-MANAGEMENT/Dev-MToaima.TradeNET.COM:user-management:8888?status=UP&lastDirtyTimestamp=1745938849902
2025-04-30 01:14:45,418 DEBUG o.s.c.l.CompositeLog [DiscoveryClient-HeartbeatExecutor-0] Accept=[application/json, application/*+json]
2025-04-30 01:14:45,419 DEBUG o.s.c.l.CompositeLog [DiscoveryClient-CacheRefreshExecutor-0] Response 200 OK
2025-04-30 01:14:45,419 DEBUG o.s.c.l.CompositeLog [DiscoveryClient-CacheRefreshExecutor-0] Reading to [org.springframework.cloud.netflix.eureka.http.EurekaApplications]
2025-04-30 01:14:45,427 DEBUG o.s.c.l.CompositeLog [DiscoveryClient-HeartbeatExecutor-0] Response 200 OK
2025-04-30 01:15:15,432 DEBUG o.s.c.l.CompositeLog [DiscoveryClient-HeartbeatExecutor-0] HTTP PUT http://localhost:8761/eureka/apps/USER-MANAGEMENT/Dev-MToaima.TradeNET.COM:user-management:8888?status=UP&lastDirtyTimestamp=1745938849902
2025-04-30 01:15:15,432 DEBUG o.s.c.l.CompositeLog [DiscoveryClient-CacheRefreshExecutor-0] HTTP GET http://localhost:8761/eureka/apps/delta
2025-04-30 01:15:15,432 DEBUG o.s.c.l.CompositeLog [DiscoveryClient-HeartbeatExecutor-0] Accept=[application/json, application/*+json]
2025-04-30 01:15:15,432 DEBUG o.s.c.l.CompositeLog [DiscoveryClient-CacheRefreshExecutor-0] Accept=[application/json, application/*+json]
2025-04-30 01:15:15,449 DEBUG o.s.c.l.CompositeLog [DiscoveryClient-HeartbeatExecutor-0] Response 200 OK
2025-04-30 01:15:15,449 DEBUG o.s.c.l.CompositeLog [DiscoveryClient-CacheRefreshExecutor-0] Response 200 OK
2025-04-30 01:15:15,449 DEBUG o.s.c.l.CompositeLog [DiscoveryClient-CacheRefreshExecutor-0] Reading to [org.springframework.cloud.netflix.eureka.http.EurekaApplications]
2025-04-30 01:15:45,464 DEBUG o.s.c.l.CompositeLog [DiscoveryClient-CacheRefreshExecutor-0] HTTP GET http://localhost:8761/eureka/apps/delta
2025-04-30 01:15:45,464 DEBUG o.s.c.l.CompositeLog [DiscoveryClient-HeartbeatExecutor-0] HTTP PUT http://localhost:8761/eureka/apps/USER-MANAGEMENT/Dev-MToaima.TradeNET.COM:user-management:8888?status=UP&lastDirtyTimestamp=1745938849902
2025-04-30 01:15:45,465 DEBUG o.s.c.l.CompositeLog [DiscoveryClient-HeartbeatExecutor-0] Accept=[application/json, application/*+json]
2025-04-30 01:15:45,465 DEBUG o.s.c.l.CompositeLog [DiscoveryClient-CacheRefreshExecutor-0] Accept=[application/json, application/*+json]
2025-04-30 01:15:45,481 DEBUG o.s.c.l.CompositeLog [DiscoveryClient-CacheRefreshExecutor-0] Response 200 OK
2025-04-30 01:15:45,481 DEBUG o.s.c.l.CompositeLog [DiscoveryClient-HeartbeatExecutor-0] Response 200 OK
2025-04-30 01:15:45,481 DEBUG o.s.c.l.CompositeLog [DiscoveryClient-CacheRefreshExecutor-0] Reading to [org.springframework.cloud.netflix.eureka.http.EurekaApplications]
2025-04-30 01:16:15,491 DEBUG o.s.c.l.CompositeLog [DiscoveryClient-CacheRefreshExecutor-0] HTTP GET http://localhost:8761/eureka/apps/delta
2025-04-30 01:16:15,491 DEBUG o.s.c.l.CompositeLog [DiscoveryClient-HeartbeatExecutor-0] HTTP PUT http://localhost:8761/eureka/apps/USER-MANAGEMENT/Dev-MToaima.TradeNET.COM:user-management:8888?status=UP&lastDirtyTimestamp=1745938849902
2025-04-30 01:16:15,492 DEBUG o.s.c.l.CompositeLog [DiscoveryClient-CacheRefreshExecutor-0] Accept=[application/json, application/*+json]
2025-04-30 01:16:15,492 DEBUG o.s.c.l.CompositeLog [DiscoveryClient-HeartbeatExecutor-0] Accept=[application/json, application/*+json]
2025-04-30 01:16:15,508 DEBUG o.s.c.l.CompositeLog [DiscoveryClient-HeartbeatExecutor-0] Response 200 OK
2025-04-30 01:16:15,508 DEBUG o.s.c.l.CompositeLog [DiscoveryClient-CacheRefreshExecutor-0] Response 200 OK
2025-04-30 01:16:15,508 DEBUG o.s.c.l.CompositeLog [DiscoveryClient-CacheRefreshExecutor-0] Reading to [org.springframework.cloud.netflix.eureka.http.EurekaApplications]
2025-04-30 01:16:45,521 DEBUG o.s.c.l.CompositeLog [DiscoveryClient-HeartbeatExecutor-0] HTTP PUT http://localhost:8761/eureka/apps/USER-MANAGEMENT/Dev-MToaima.TradeNET.COM:user-management:8888?status=UP&lastDirtyTimestamp=1745938849902
2025-04-30 01:16:45,521 DEBUG o.s.c.l.CompositeLog [DiscoveryClient-CacheRefreshExecutor-0] HTTP GET http://localhost:8761/eureka/apps/delta
2025-04-30 01:16:45,521 DEBUG o.s.c.l.CompositeLog [DiscoveryClient-HeartbeatExecutor-0] Accept=[application/json, application/*+json]
2025-04-30 01:16:45,521 DEBUG o.s.c.l.CompositeLog [DiscoveryClient-CacheRefreshExecutor-0] Accept=[application/json, application/*+json]
2025-04-30 01:16:45,538 DEBUG o.s.c.l.CompositeLog [DiscoveryClient-HeartbeatExecutor-0] Response 200 OK
2025-04-30 01:16:45,538 DEBUG o.s.c.l.CompositeLog [DiscoveryClient-CacheRefreshExecutor-0] Response 200 OK
2025-04-30 01:16:45,538 DEBUG o.s.c.l.CompositeLog [DiscoveryClient-CacheRefreshExecutor-0] Reading to [org.springframework.cloud.netflix.eureka.http.EurekaApplications]
2025-04-30 01:17:15,538 DEBUG o.s.c.l.CompositeLog [DiscoveryClient-HeartbeatExecutor-0] HTTP PUT http://localhost:8761/eureka/apps/USER-MANAGEMENT/Dev-MToaima.TradeNET.COM:user-management:8888?status=UP&lastDirtyTimestamp=1745938849902
2025-04-30 01:17:15,538 DEBUG o.s.c.l.CompositeLog [DiscoveryClient-HeartbeatExecutor-0] Accept=[application/json, application/*+json]
2025-04-30 01:17:15,553 DEBUG o.s.c.l.CompositeLog [DiscoveryClient-CacheRefreshExecutor-0] HTTP GET http://localhost:8761/eureka/apps/delta
2025-04-30 01:17:15,553 DEBUG o.s.c.l.CompositeLog [DiscoveryClient-CacheRefreshExecutor-0] Accept=[application/json, application/*+json]
2025-04-30 01:17:15,554 DEBUG o.s.c.l.CompositeLog [DiscoveryClient-HeartbeatExecutor-0] Response 200 OK
2025-04-30 01:17:15,569 DEBUG o.s.c.l.CompositeLog [DiscoveryClient-CacheRefreshExecutor-0] Response 200 OK
2025-04-30 01:17:15,569 DEBUG o.s.c.l.CompositeLog [DiscoveryClient-CacheRefreshExecutor-0] Reading to [org.springframework.cloud.netflix.eureka.http.EurekaApplications]
2025-04-30 01:17:45,568 DEBUG o.s.c.l.CompositeLog [DiscoveryClient-HeartbeatExecutor-0] HTTP PUT http://localhost:8761/eureka/apps/USER-MANAGEMENT/Dev-MToaima.TradeNET.COM:user-management:8888?status=UP&lastDirtyTimestamp=1745938849902
2025-04-30 01:17:45,568 DEBUG o.s.c.l.CompositeLog [DiscoveryClient-HeartbeatExecutor-0] Accept=[application/json, application/*+json]
2025-04-30 01:17:45,584 DEBUG o.s.c.l.CompositeLog [DiscoveryClient-CacheRefreshExecutor-0] HTTP GET http://localhost:8761/eureka/apps/delta
2025-04-30 01:17:45,584 DEBUG o.s.c.l.CompositeLog [DiscoveryClient-CacheRefreshExecutor-0] Accept=[application/json, application/*+json]
2025-04-30 01:17:45,585 DEBUG o.s.c.l.CompositeLog [DiscoveryClient-HeartbeatExecutor-0] Response 200 OK
2025-04-30 01:17:45,601 DEBUG o.s.c.l.CompositeLog [DiscoveryClient-CacheRefreshExecutor-0] Response 200 OK
2025-04-30 01:17:45,601 DEBUG o.s.c.l.CompositeLog [DiscoveryClient-CacheRefreshExecutor-0] Reading to [org.springframework.cloud.netflix.eureka.http.EurekaApplications]
2025-04-30 01:18:15,599 DEBUG o.s.c.l.CompositeLog [DiscoveryClient-HeartbeatExecutor-0] HTTP PUT http://localhost:8761/eureka/apps/USER-MANAGEMENT/Dev-MToaima.TradeNET.COM:user-management:8888?status=UP&lastDirtyTimestamp=1745938849902
2025-04-30 01:18:15,599 DEBUG o.s.c.l.CompositeLog [DiscoveryClient-HeartbeatExecutor-0] Accept=[application/json, application/*+json]
2025-04-30 01:18:15,613 DEBUG o.s.c.l.CompositeLog [DiscoveryClient-CacheRefreshExecutor-0] HTTP GET http://localhost:8761/eureka/apps/delta
2025-04-30 01:18:15,614 DEBUG o.s.c.l.CompositeLog [DiscoveryClient-CacheRefreshExecutor-0] Accept=[application/json, application/*+json]
2025-04-30 01:18:15,616 DEBUG o.s.c.l.CompositeLog [DiscoveryClient-HeartbeatExecutor-0] Response 200 OK
2025-04-30 01:18:15,630 DEBUG o.s.c.l.CompositeLog [DiscoveryClient-CacheRefreshExecutor-0] Response 200 OK
2025-04-30 01:18:15,630 DEBUG o.s.c.l.CompositeLog [DiscoveryClient-CacheRefreshExecutor-0] Reading to [org.springframework.cloud.netflix.eureka.http.EurekaApplications]
2025-04-30 01:18:45,630 DEBUG o.s.c.l.CompositeLog [DiscoveryClient-HeartbeatExecutor-0] HTTP PUT http://localhost:8761/eureka/apps/USER-MANAGEMENT/Dev-MToaima.TradeNET.COM:user-management:8888?status=UP&lastDirtyTimestamp=1745938849902
2025-04-30 01:18:45,631 DEBUG o.s.c.l.CompositeLog [DiscoveryClient-HeartbeatExecutor-0] Accept=[application/json, application/*+json]
2025-04-30 01:18:45,645 DEBUG o.s.c.l.CompositeLog [DiscoveryClient-CacheRefreshExecutor-0] HTTP GET http://localhost:8761/eureka/apps/delta
2025-04-30 01:18:45,646 DEBUG o.s.c.l.CompositeLog [DiscoveryClient-CacheRefreshExecutor-0] Accept=[application/json, application/*+json]
2025-04-30 01:18:45,647 DEBUG o.s.c.l.CompositeLog [DiscoveryClient-HeartbeatExecutor-0] Response 200 OK
2025-04-30 01:18:45,662 DEBUG o.s.c.l.CompositeLog [DiscoveryClient-CacheRefreshExecutor-0] Response 200 OK
2025-04-30 01:18:45,663 DEBUG o.s.c.l.CompositeLog [DiscoveryClient-CacheRefreshExecutor-0] Reading to [org.springframework.cloud.netflix.eureka.http.EurekaApplications]
2025-04-30 01:19:15,662 DEBUG o.s.c.l.CompositeLog [DiscoveryClient-HeartbeatExecutor-0] HTTP PUT http://localhost:8761/eureka/apps/USER-MANAGEMENT/Dev-MToaima.TradeNET.COM:user-management:8888?status=UP&lastDirtyTimestamp=1745938849902
2025-04-30 01:19:15,662 DEBUG o.s.c.l.CompositeLog [DiscoveryClient-HeartbeatExecutor-0] Accept=[application/json, application/*+json]
2025-04-30 01:19:15,678 DEBUG o.s.c.l.CompositeLog [DiscoveryClient-CacheRefreshExecutor-0] HTTP GET http://localhost:8761/eureka/apps/delta
2025-04-30 01:19:15,678 DEBUG o.s.c.l.CompositeLog [DiscoveryClient-CacheRefreshExecutor-0] Accept=[application/json, application/*+json]
2025-04-30 01:19:15,679 DEBUG o.s.c.l.CompositeLog [DiscoveryClient-HeartbeatExecutor-0] Response 200 OK
2025-04-30 01:19:15,695 DEBUG o.s.c.l.CompositeLog [DiscoveryClient-CacheRefreshExecutor-0] Response 200 OK
2025-04-30 01:19:15,695 DEBUG o.s.c.l.CompositeLog [DiscoveryClient-CacheRefreshExecutor-0] Reading to [org.springframework.cloud.netflix.eureka.http.EurekaApplications]
2025-04-30 01:19:36,303 INFO c.n.d.s.r.a.ConfigClusterResolver [AsyncResolver-bootstrap-executor-0] Resolving eureka endpoints via configuration
2025-04-30 01:19:45,691 DEBUG o.s.c.l.CompositeLog [DiscoveryClient-HeartbeatExecutor-0] HTTP PUT http://localhost:8761/eureka/apps/USER-MANAGEMENT/Dev-MToaima.TradeNET.COM:user-management:8888?status=UP&lastDirtyTimestamp=1745938849902
2025-04-30 01:19:45,692 DEBUG o.s.c.l.CompositeLog [DiscoveryClient-HeartbeatExecutor-0] Accept=[application/json, application/*+json]
2025-04-30 01:19:45,707 DEBUG o.s.c.l.CompositeLog [DiscoveryClient-CacheRefreshExecutor-0] HTTP GET http://localhost:8761/eureka/apps/delta
2025-04-30 01:19:45,707 DEBUG o.s.c.l.CompositeLog [DiscoveryClient-CacheRefreshExecutor-0] Accept=[application/json, application/*+json]
2025-04-30 01:19:45,709 DEBUG o.s.c.l.CompositeLog [DiscoveryClient-HeartbeatExecutor-0] Response 200 OK
2025-04-30 01:19:45,724 DEBUG o.s.c.l.CompositeLog [DiscoveryClient-CacheRefreshExecutor-0] Response 200 OK
2025-04-30 01:19:45,724 DEBUG o.s.c.l.CompositeLog [DiscoveryClient-CacheRefreshExecutor-0] Reading to [org.springframework.cloud.netflix.eureka.http.EurekaApplications]
2025-04-30 01:20:15,714 DEBUG o.s.c.l.CompositeLog [DiscoveryClient-HeartbeatExecutor-0] HTTP PUT http://localhost:8761/eureka/apps/USER-MANAGEMENT/Dev-MToaima.TradeNET.COM:user-management:8888?status=UP&lastDirtyTimestamp=1745938849902
2025-04-30 01:20:15,715 DEBUG o.s.c.l.CompositeLog [DiscoveryClient-HeartbeatExecutor-0] Accept=[application/json, application/*+json]
2025-04-30 01:20:15,729 DEBUG o.s.c.l.CompositeLog [DiscoveryClient-CacheRefreshExecutor-0] HTTP GET http://localhost:8761/eureka/apps/delta
2025-04-30 01:20:15,730 DEBUG o.s.c.l.CompositeLog [DiscoveryClient-CacheRefreshExecutor-0] Accept=[application/json, application/*+json]
2025-04-30 01:20:15,731 DEBUG o.s.c.l.CompositeLog [DiscoveryClient-HeartbeatExecutor-0] Response 200 OK
2025-04-30 01:20:15,746 DEBUG o.s.c.l.CompositeLog [DiscoveryClient-CacheRefreshExecutor-0] Response 200 OK
2025-04-30 01:20:15,747 DEBUG o.s.c.l.CompositeLog [DiscoveryClient-CacheRefreshExecutor-0] Reading to [org.springframework.cloud.netflix.eureka.http.EurekaApplications]
2025-04-30 01:20:45,744 DEBUG o.s.c.l.CompositeLog [DiscoveryClient-HeartbeatExecutor-0] HTTP PUT http://localhost:8761/eureka/apps/USER-MANAGEMENT/Dev-MToaima.TradeNET.COM:user-management:8888?status=UP&lastDirtyTimestamp=1745938849902
2025-04-30 01:20:45,745 DEBUG o.s.c.l.CompositeLog [DiscoveryClient-HeartbeatExecutor-0] Accept=[application/json, application/*+json]
2025-04-30 01:20:45,760 DEBUG o.s.c.l.CompositeLog [DiscoveryClient-CacheRefreshExecutor-0] HTTP GET http://localhost:8761/eureka/apps/delta
2025-04-30 01:20:45,760 DEBUG o.s.c.l.CompositeLog [DiscoveryClient-CacheRefreshExecutor-0] Accept=[application/json, application/*+json]
2025-04-30 01:20:45,761 DEBUG o.s.c.l.CompositeLog [DiscoveryClient-HeartbeatExecutor-0] Response 200 OK
2025-04-30 01:20:45,777 DEBUG o.s.c.l.CompositeLog [DiscoveryClient-CacheRefreshExecutor-0] Response 200 OK
2025-04-30 01:20:45,777 DEBUG o.s.c.l.CompositeLog [DiscoveryClient-CacheRefreshExecutor-0] Reading to [org.springframework.cloud.netflix.eureka.http.EurekaApplications]
2025-04-30 01:21:15,784 DEBUG o.s.c.l.CompositeLog [DiscoveryClient-CacheRefreshExecutor-0] HTTP GET http://localhost:8761/eureka/apps/delta
2025-04-30 01:21:15,785 DEBUG o.s.c.l.CompositeLog [DiscoveryClient-CacheRefreshExecutor-0] Accept=[application/json, application/*+json]
2025-04-30 01:21:15,788 DEBUG o.s.c.l.CompositeLog [DiscoveryClient-HeartbeatExecutor-0] HTTP PUT http://localhost:8761/eureka/apps/USER-MANAGEMENT/Dev-MToaima.TradeNET.COM:user-management:8888?status=UP&lastDirtyTimestamp=1745938849902
2025-04-30 01:21:15,792 DEBUG o.s.c.l.CompositeLog [DiscoveryClient-HeartbeatExecutor-0] Accept=[application/json, application/*+json]
2025-04-30 01:21:15,794 DEBUG o.s.c.l.CompositeLog [DiscoveryClient-CacheRefreshExecutor-0] Response 200 OK
2025-04-30 01:21:15,794 DEBUG o.s.c.l.CompositeLog [DiscoveryClient-CacheRefreshExecutor-0] Reading to [org.springframework.cloud.netflix.eureka.http.EurekaApplications]
2025-04-30 01:21:15,795 DEBUG o.s.c.l.CompositeLog [DiscoveryClient-HeartbeatExecutor-0] Response 200 OK
2025-04-30 01:21:45,802 DEBUG o.s.c.l.CompositeLog [DiscoveryClient-CacheRefreshExecutor-0] HTTP GET http://localhost:8761/eureka/apps/delta
2025-04-30 01:21:45,802 DEBUG o.s.c.l.CompositeLog [DiscoveryClient-CacheRefreshExecutor-0] Accept=[application/json, application/*+json]
2025-04-30 01:21:45,802 DEBUG o.s.c.l.CompositeLog [DiscoveryClient-HeartbeatExecutor-0] HTTP PUT http://localhost:8761/eureka/apps/USER-MANAGEMENT/Dev-MToaima.TradeNET.COM:user-management:8888?status=UP&lastDirtyTimestamp=1745938849902
2025-04-30 01:21:45,802 DEBUG o.s.c.l.CompositeLog [DiscoveryClient-HeartbeatExecutor-0] Accept=[application/json, application/*+json]
2025-04-30 01:21:45,814 DEBUG o.s.c.l.CompositeLog [DiscoveryClient-HeartbeatExecutor-0] Response 200 OK
2025-04-30 01:21:45,814 DEBUG o.s.c.l.CompositeLog [DiscoveryClient-CacheRefreshExecutor-0] Response 200 OK
2025-04-30 01:21:45,814 DEBUG o.s.c.l.CompositeLog [DiscoveryClient-CacheRefreshExecutor-0] Reading to [org.springframework.cloud.netflix.eureka.http.EurekaApplications]
2025-04-30 01:22:15,831 DEBUG o.s.c.l.CompositeLog [DiscoveryClient-CacheRefreshExecutor-0] HTTP GET http://localhost:8761/eureka/apps/delta
2025-04-30 01:22:15,831 DEBUG o.s.c.l.CompositeLog [DiscoveryClient-HeartbeatExecutor-0] HTTP PUT http://localhost:8761/eureka/apps/USER-MANAGEMENT/Dev-MToaima.TradeNET.COM:user-management:8888?status=UP&lastDirtyTimestamp=1745938849902
2025-04-30 01:22:15,831 DEBUG o.s.c.l.CompositeLog [DiscoveryClient-HeartbeatExecutor-0] Accept=[application/json, application/*+json]
2025-04-30 01:22:15,831 DEBUG o.s.c.l.CompositeLog [DiscoveryClient-CacheRefreshExecutor-0] Accept=[application/json, application/*+json]
2025-04-30 01:22:15,847 DEBUG o.s.c.l.CompositeLog [DiscoveryClient-HeartbeatExecutor-0] Response 200 OK
2025-04-30 01:22:15,847 DEBUG o.s.c.l.CompositeLog [DiscoveryClient-CacheRefreshExecutor-0] Response 200 OK
2025-04-30 01:22:15,848 DEBUG o.s.c.l.CompositeLog [DiscoveryClient-CacheRefreshExecutor-0] Reading to [org.springframework.cloud.netflix.eureka.http.EurekaApplications]
2025-04-30 01:22:45,849 DEBUG o.s.c.l.CompositeLog [DiscoveryClient-HeartbeatExecutor-0] HTTP PUT http://localhost:8761/eureka/apps/USER-MANAGEMENT/Dev-MToaima.TradeNET.COM:user-management:8888?status=UP&lastDirtyTimestamp=1745938849902
2025-04-30 01:22:45,849 DEBUG o.s.c.l.CompositeLog [DiscoveryClient-CacheRefreshExecutor-0] HTTP GET http://localhost:8761/eureka/apps/delta
2025-04-30 01:22:45,850 DEBUG o.s.c.l.CompositeLog [DiscoveryClient-HeartbeatExecutor-0] Accept=[application/json, application/*+json]
2025-04-30 01:22:45,850 DEBUG o.s.c.l.CompositeLog [DiscoveryClient-CacheRefreshExecutor-0] Accept=[application/json, application/*+json]
2025-04-30 01:22:45,866 DEBUG o.s.c.l.CompositeLog [DiscoveryClient-HeartbeatExecutor-0] Response 200 OK
2025-04-30 01:22:45,866 DEBUG o.s.c.l.CompositeLog [DiscoveryClient-CacheRefreshExecutor-0] Response 200 OK
2025-04-30 01:22:45,867 DEBUG o.s.c.l.CompositeLog [DiscoveryClient-CacheRefreshExecutor-0] Reading to [org.springframework.cloud.netflix.eureka.http.EurekaApplications]
2025-04-30 01:23:15,883 DEBUG o.s.c.l.CompositeLog [DiscoveryClient-HeartbeatExecutor-0] HTTP PUT http://localhost:8761/eureka/apps/USER-MANAGEMENT/Dev-MToaima.TradeNET.COM:user-management:8888?status=UP&lastDirtyTimestamp=1745938849902
2025-04-30 01:23:15,883 DEBUG o.s.c.l.CompositeLog [DiscoveryClient-CacheRefreshExecutor-0] HTTP GET http://localhost:8761/eureka/apps/delta
2025-04-30 01:23:15,884 DEBUG o.s.c.l.CompositeLog [DiscoveryClient-HeartbeatExecutor-0] Accept=[application/json, application/*+json]
2025-04-30 01:23:15,884 DEBUG o.s.c.l.CompositeLog [DiscoveryClient-CacheRefreshExecutor-0] Accept=[application/json, application/*+json]
2025-04-30 01:23:15,898 DEBUG o.s.c.l.CompositeLog [DiscoveryClient-CacheRefreshExecutor-0] Response 200 OK
2025-04-30 01:23:15,898 DEBUG o.s.c.l.CompositeLog [DiscoveryClient-HeartbeatExecutor-0] Response 200 OK
2025-04-30 01:23:15,899 DEBUG o.s.c.l.CompositeLog [DiscoveryClient-CacheRefreshExecutor-0] Reading to [org.springframework.cloud.netflix.eureka.http.EurekaApplications]
2025-04-30 01:23:45,900 DEBUG o.s.c.l.CompositeLog [DiscoveryClient-HeartbeatExecutor-0] HTTP PUT http://localhost:8761/eureka/apps/USER-MANAGEMENT/Dev-MToaima.TradeNET.COM:user-management:8888?status=UP&lastDirtyTimestamp=1745938849902
2025-04-30 01:23:45,900 DEBUG o.s.c.l.CompositeLog [DiscoveryClient-CacheRefreshExecutor-0] HTTP GET http://localhost:8761/eureka/apps/delta
2025-04-30 01:23:45,901 DEBUG o.s.c.l.CompositeLog [DiscoveryClient-CacheRefreshExecutor-0] Accept=[application/json, application/*+json]
2025-04-30 01:23:45,901 DEBUG o.s.c.l.CompositeLog [DiscoveryClient-HeartbeatExecutor-0] Accept=[application/json, application/*+json]
2025-04-30 01:23:45,916 DEBUG o.s.c.l.CompositeLog [DiscoveryClient-HeartbeatExecutor-0] Response 200 OK
2025-04-30 01:23:45,916 DEBUG o.s.c.l.CompositeLog [DiscoveryClient-CacheRefreshExecutor-0] Response 200 OK
2025-04-30 01:23:45,917 DEBUG o.s.c.l.CompositeLog [DiscoveryClient-CacheRefreshExecutor-0] Reading to [org.springframework.cloud.netflix.eureka.http.EurekaApplications]
2025-04-30 01:24:15,922 DEBUG o.s.c.l.CompositeLog [DiscoveryClient-HeartbeatExecutor-0] HTTP PUT http://localhost:8761/eureka/apps/USER-MANAGEMENT/Dev-MToaima.TradeNET.COM:user-management:8888?status=UP&lastDirtyTimestamp=1745938849902
2025-04-30 01:24:15,922 DEBUG o.s.c.l.CompositeLog [DiscoveryClient-HeartbeatExecutor-0] Accept=[application/json, application/*+json]
2025-04-30 01:24:15,924 DEBUG o.s.c.l.CompositeLog [DiscoveryClient-CacheRefreshExecutor-0] HTTP GET http://localhost:8761/eureka/apps/delta
2025-04-30 01:24:15,924 DEBUG o.s.c.l.CompositeLog [DiscoveryClient-CacheRefreshExecutor-0] Accept=[application/json, application/*+json]
2025-04-30 01:24:15,939 DEBUG o.s.c.l.CompositeLog [DiscoveryClient-HeartbeatExecutor-0] Response 200 OK
2025-04-30 01:24:15,939 DEBUG o.s.c.l.CompositeLog [DiscoveryClient-CacheRefreshExecutor-0] Response 200 OK
2025-04-30 01:24:15,940 DEBUG o.s.c.l.CompositeLog [DiscoveryClient-CacheRefreshExecutor-0] Reading to [org.springframework.cloud.netflix.eureka.http.EurekaApplications]
2025-04-30 01:24:36,317 INFO c.n.d.s.r.a.ConfigClusterResolver [AsyncResolver-bootstrap-executor-0] Resolving eureka endpoints via configuration
2025-04-30 01:24:45,944 DEBUG o.s.c.l.CompositeLog [DiscoveryClient-HeartbeatExecutor-0] HTTP PUT http://localhost:8761/eureka/apps/USER-MANAGEMENT/Dev-MToaima.TradeNET.COM:user-management:8888?status=UP&lastDirtyTimestamp=1745938849902
2025-04-30 01:24:45,944 DEBUG o.s.c.l.CompositeLog [DiscoveryClient-HeartbeatExecutor-0] Accept=[application/json, application/*+json]
2025-04-30 01:24:45,959 DEBUG o.s.c.l.CompositeLog [DiscoveryClient-CacheRefreshExecutor-0] HTTP GET http://localhost:8761/eureka/apps/delta
2025-04-30 01:24:45,960 DEBUG o.s.c.l.CompositeLog [DiscoveryClient-CacheRefreshExecutor-0] Accept=[application/json, application/*+json]
2025-04-30 01:24:45,960 DEBUG o.s.c.l.CompositeLog [DiscoveryClient-HeartbeatExecutor-0] Response 200 OK
2025-04-30 01:24:45,975 DEBUG o.s.c.l.CompositeLog [DiscoveryClient-CacheRefreshExecutor-0] Response 200 OK
2025-04-30 01:24:45,975 DEBUG o.s.c.l.CompositeLog [DiscoveryClient-CacheRefreshExecutor-0] Reading to [org.springframework.cloud.netflix.eureka.http.EurekaApplications]
2025-04-30 01:25:15,963 DEBUG o.s.c.l.CompositeLog [DiscoveryClient-HeartbeatExecutor-0] HTTP PUT http://localhost:8761/eureka/apps/USER-MANAGEMENT/Dev-MToaima.TradeNET.COM:user-management:8888?status=UP&lastDirtyTimestamp=1745938849902
2025-04-30 01:25:15,964 DEBUG o.s.c.l.CompositeLog [DiscoveryClient-HeartbeatExecutor-0] Accept=[application/json, application/*+json]
2025-04-30 01:25:15,979 DEBUG o.s.c.l.CompositeLog [DiscoveryClient-CacheRefreshExecutor-0] HTTP GET http://localhost:8761/eureka/apps/delta
2025-04-30 01:25:15,979 DEBUG o.s.c.l.CompositeLog [DiscoveryClient-CacheRefreshExecutor-0] Accept=[application/json, application/*+json]
2025-04-30 01:25:15,980 DEBUG o.s.c.l.CompositeLog [DiscoveryClient-HeartbeatExecutor-0] Response 200 OK
2025-04-30 01:25:15,996 DEBUG o.s.c.l.CompositeLog [DiscoveryClient-CacheRefreshExecutor-0] Response 200 OK
2025-04-30 01:25:15,996 DEBUG o.s.c.l.CompositeLog [DiscoveryClient-CacheRefreshExecutor-0] Reading to [org.springframework.cloud.netflix.eureka.http.EurekaApplications]
2025-04-30 01:25:45,991 DEBUG o.s.c.l.CompositeLog [DiscoveryClient-HeartbeatExecutor-0] HTTP PUT http://localhost:8761/eureka/apps/USER-MANAGEMENT/Dev-MToaima.TradeNET.COM:user-management:8888?status=UP&lastDirtyTimestamp=1745938849902
2025-04-30 01:25:45,991 DEBUG o.s.c.l.CompositeLog [DiscoveryClient-HeartbeatExecutor-0] Accept=[application/json, application/*+json]
2025-04-30 01:25:46,008 DEBUG o.s.c.l.CompositeLog [DiscoveryClient-CacheRefreshExecutor-0] HTTP GET http://localhost:8761/eureka/apps/delta
2025-04-30 01:25:46,008 DEBUG o.s.c.l.CompositeLog [DiscoveryClient-CacheRefreshExecutor-0] Accept=[application/json, application/*+json]
2025-04-30 01:25:46,009 DEBUG o.s.c.l.CompositeLog [DiscoveryClient-HeartbeatExecutor-0] Response 200 OK
2025-04-30 01:25:46,024 DEBUG o.s.c.l.CompositeLog [DiscoveryClient-CacheRefreshExecutor-0] Response 200 OK
2025-04-30 01:25:46,024 DEBUG o.s.c.l.CompositeLog [DiscoveryClient-CacheRefreshExecutor-0] Reading to [org.springframework.cloud.netflix.eureka.http.EurekaApplications]
2025-04-30 01:26:16,011 DEBUG o.s.c.l.CompositeLog [DiscoveryClient-HeartbeatExecutor-0] HTTP PUT http://localhost:8761/eureka/apps/USER-MANAGEMENT/Dev-MToaima.TradeNET.COM:user-management:8888?status=UP&lastDirtyTimestamp=1745938849902
2025-04-30 01:26:16,011 DEBUG o.s.c.l.CompositeLog [DiscoveryClient-HeartbeatExecutor-0] Accept=[application/json, application/*+json]
2025-04-30 01:26:16,027 DEBUG o.s.c.l.CompositeLog [DiscoveryClient-CacheRefreshExecutor-0] HTTP GET http://localhost:8761/eureka/apps/delta
2025-04-30 01:26:16,028 DEBUG o.s.c.l.CompositeLog [DiscoveryClient-CacheRefreshExecutor-0] Accept=[application/json, application/*+json]
2025-04-30 01:26:16,028 DEBUG o.s.c.l.CompositeLog [DiscoveryClient-HeartbeatExecutor-0] Response 200 OK
2025-04-30 01:26:16,044 DEBUG o.s.c.l.CompositeLog [DiscoveryClient-CacheRefreshExecutor-0] Response 200 OK
2025-04-30 01:26:16,044 DEBUG o.s.c.l.CompositeLog [DiscoveryClient-CacheRefreshExecutor-0] Reading to [org.springframework.cloud.netflix.eureka.http.EurekaApplications]
2025-04-30 01:26:46,030 DEBUG o.s.c.l.CompositeLog [DiscoveryClient-HeartbeatExecutor-0] HTTP PUT http://localhost:8761/eureka/apps/USER-MANAGEMENT/Dev-MToaima.TradeNET.COM:user-management:8888?status=UP&lastDirtyTimestamp=1745938849902
2025-04-30 01:26:46,031 DEBUG o.s.c.l.CompositeLog [DiscoveryClient-HeartbeatExecutor-0] Accept=[application/json, application/*+json]
2025-04-30 01:26:46,045 DEBUG o.s.c.l.CompositeLog [DiscoveryClient-CacheRefreshExecutor-0] HTTP GET http://localhost:8761/eureka/apps/delta
2025-04-30 01:26:46,045 DEBUG o.s.c.l.CompositeLog [DiscoveryClient-CacheRefreshExecutor-0] Accept=[application/json, application/*+json]
2025-04-30 01:26:46,046 DEBUG o.s.c.l.CompositeLog [DiscoveryClient-HeartbeatExecutor-0] Response 200 OK
2025-04-30 01:26:46,063 DEBUG o.s.c.l.CompositeLog [DiscoveryClient-CacheRefreshExecutor-0] Response 200 OK
2025-04-30 01:26:46,063 DEBUG o.s.c.l.CompositeLog [DiscoveryClient-CacheRefreshExecutor-0] Reading to [org.springframework.cloud.netflix.eureka.http.EurekaApplications]
2025-04-30 01:27:16,062 DEBUG o.s.c.l.CompositeLog [DiscoveryClient-HeartbeatExecutor-0] HTTP PUT http://localhost:8761/eureka/apps/USER-MANAGEMENT/Dev-MToaima.TradeNET.COM:user-management:8888?status=UP&lastDirtyTimestamp=1745938849902
2025-04-30 01:27:16,062 DEBUG o.s.c.l.CompositeLog [DiscoveryClient-HeartbeatExecutor-0] Accept=[application/json, application/*+json]
2025-04-30 01:27:16,077 DEBUG o.s.c.l.CompositeLog [DiscoveryClient-CacheRefreshExecutor-0] HTTP GET http://localhost:8761/eureka/apps/delta
2025-04-30 01:27:16,077 DEBUG o.s.c.l.CompositeLog [DiscoveryClient-CacheRefreshExecutor-0] Accept=[application/json, application/*+json]
2025-04-30 01:27:16,078 DEBUG o.s.c.l.CompositeLog [DiscoveryClient-HeartbeatExecutor-0] Response 200 OK
2025-04-30 01:27:16,093 DEBUG o.s.c.l.CompositeLog [DiscoveryClient-CacheRefreshExecutor-0] Response 200 OK
2025-04-30 01:27:16,093 DEBUG o.s.c.l.CompositeLog [DiscoveryClient-CacheRefreshExecutor-0] Reading to [org.springframework.cloud.netflix.eureka.http.EurekaApplications]
2025-04-30 01:27:46,081 DEBUG o.s.c.l.CompositeLog [DiscoveryClient-HeartbeatExecutor-0] HTTP PUT http://localhost:8761/eureka/apps/USER-MANAGEMENT/Dev-MToaima.TradeNET.COM:user-management:8888?status=UP&lastDirtyTimestamp=1745938849902
2025-04-30 01:27:46,082 DEBUG o.s.c.l.CompositeLog [DiscoveryClient-HeartbeatExecutor-0] Accept=[application/json, application/*+json]
2025-04-30 01:27:46,096 DEBUG o.s.c.l.CompositeLog [DiscoveryClient-CacheRefreshExecutor-0] HTTP GET http://localhost:8761/eureka/apps/delta
2025-04-30 01:27:46,096 DEBUG o.s.c.l.CompositeLog [DiscoveryClient-CacheRefreshExecutor-0] Accept=[application/json, application/*+json]
2025-04-30 01:27:46,098 DEBUG o.s.c.l.CompositeLog [DiscoveryClient-HeartbeatExecutor-0] Response 200 OK
2025-04-30 01:27:46,114 DEBUG o.s.c.l.CompositeLog [DiscoveryClient-CacheRefreshExecutor-0] Response 200 OK
2025-04-30 01:27:46,114 DEBUG o.s.c.l.CompositeLog [DiscoveryClient-CacheRefreshExecutor-0] Reading to [org.springframework.cloud.netflix.eureka.http.EurekaApplications]
2025-04-30 01:28:16,101 DEBUG o.s.c.l.CompositeLog [DiscoveryClient-HeartbeatExecutor-0] HTTP PUT http://localhost:8761/eureka/apps/USER-MANAGEMENT/Dev-MToaima.TradeNET.COM:user-management:8888?status=UP&lastDirtyTimestamp=1745938849902
2025-04-30 01:28:16,101 DEBUG o.s.c.l.CompositeLog [DiscoveryClient-HeartbeatExecutor-0] Accept=[application/json, application/*+json]
2025-04-30 01:28:16,118 DEBUG o.s.c.l.CompositeLog [DiscoveryClient-HeartbeatExecutor-0] Response 200 OK
2025-04-30 01:28:16,120 DEBUG o.s.c.l.CompositeLog [DiscoveryClient-CacheRefreshExecutor-0] HTTP GET http://localhost:8761/eureka/apps/delta
2025-04-30 01:28:16,124 DEBUG o.s.c.l.CompositeLog [DiscoveryClient-CacheRefreshExecutor-0] Accept=[application/json, application/*+json]
2025-04-30 01:28:16,126 DEBUG o.s.c.l.CompositeLog [DiscoveryClient-CacheRefreshExecutor-0] Response 200 OK
2025-04-30 01:28:16,127 DEBUG o.s.c.l.CompositeLog [DiscoveryClient-CacheRefreshExecutor-0] Reading to [org.springframework.cloud.netflix.eureka.http.EurekaApplications]
2025-04-30 01:28:46,128 DEBUG o.s.c.l.CompositeLog [DiscoveryClient-CacheRefreshExecutor-0] HTTP GET http://localhost:8761/eureka/apps/delta
2025-04-30 01:28:46,128 DEBUG o.s.c.l.CompositeLog [DiscoveryClient-HeartbeatExecutor-0] HTTP PUT http://localhost:8761/eureka/apps/USER-MANAGEMENT/Dev-MToaima.TradeNET.COM:user-management:8888?status=UP&lastDirtyTimestamp=1745938849902
2025-04-30 01:28:46,128 DEBUG o.s.c.l.CompositeLog [DiscoveryClient-CacheRefreshExecutor-0] Accept=[application/json, application/*+json]
2025-04-30 01:28:46,128 DEBUG o.s.c.l.CompositeLog [DiscoveryClient-HeartbeatExecutor-0] Accept=[application/json, application/*+json]
2025-04-30 01:28:46,144 DEBUG o.s.c.l.CompositeLog [DiscoveryClient-HeartbeatExecutor-0] Response 200 OK
2025-04-30 01:28:46,144 DEBUG o.s.c.l.CompositeLog [DiscoveryClient-CacheRefreshExecutor-0] Response 200 OK
2025-04-30 01:28:46,144 DEBUG o.s.c.l.CompositeLog [DiscoveryClient-CacheRefreshExecutor-0] Reading to [org.springframework.cloud.netflix.eureka.http.EurekaApplications]
2025-04-30 01:29:16,158 DEBUG o.s.c.l.CompositeLog [DiscoveryClient-HeartbeatExecutor-0] HTTP PUT http://localhost:8761/eureka/apps/USER-MANAGEMENT/Dev-MToaima.TradeNET.COM:user-management:8888?status=UP&lastDirtyTimestamp=1745938849902
2025-04-30 01:29:16,158 DEBUG o.s.c.l.CompositeLog [DiscoveryClient-CacheRefreshExecutor-0] HTTP GET http://localhost:8761/eureka/apps/delta
2025-04-30 01:29:16,158 DEBUG o.s.c.l.CompositeLog [DiscoveryClient-CacheRefreshExecutor-0] Accept=[application/json, application/*+json]
2025-04-30 01:29:16,158 DEBUG o.s.c.l.CompositeLog [DiscoveryClient-HeartbeatExecutor-0] Accept=[application/json, application/*+json]
2025-04-30 01:29:16,174 DEBUG o.s.c.l.CompositeLog [DiscoveryClient-HeartbeatExecutor-0] Response 200 OK
2025-04-30 01:29:16,174 DEBUG o.s.c.l.CompositeLog [DiscoveryClient-CacheRefreshExecutor-0] Response 200 OK
2025-04-30 01:29:16,174 DEBUG o.s.c.l.CompositeLog [DiscoveryClient-CacheRefreshExecutor-0] Reading to [org.springframework.cloud.netflix.eureka.http.EurekaApplications]
2025-04-30 01:29:36,331 INFO c.n.d.s.r.a.ConfigClusterResolver [AsyncResolver-bootstrap-executor-0] Resolving eureka endpoints via configuration
2025-04-30 01:29:46,187 DEBUG o.s.c.l.CompositeLog [DiscoveryClient-CacheRefreshExecutor-0] HTTP GET http://localhost:8761/eureka/apps/delta
2025-04-30 01:29:46,187 DEBUG o.s.c.l.CompositeLog [DiscoveryClient-HeartbeatExecutor-0] HTTP PUT http://localhost:8761/eureka/apps/USER-MANAGEMENT/Dev-MToaima.TradeNET.COM:user-management:8888?status=UP&lastDirtyTimestamp=1745938849902
2025-04-30 01:29:46,187 DEBUG o.s.c.l.CompositeLog [DiscoveryClient-HeartbeatExecutor-0] Accept=[application/json, application/*+json]
2025-04-30 01:29:46,187 DEBUG o.s.c.l.CompositeLog [DiscoveryClient-CacheRefreshExecutor-0] Accept=[application/json, application/*+json]
2025-04-30 01:29:46,203 DEBUG o.s.c.l.CompositeLog [DiscoveryClient-HeartbeatExecutor-0] Response 200 OK
2025-04-30 01:29:46,203 DEBUG o.s.c.l.CompositeLog [DiscoveryClient-CacheRefreshExecutor-0] Response 200 OK
2025-04-30 01:29:46,203 DEBUG o.s.c.l.CompositeLog [DiscoveryClient-CacheRefreshExecutor-0] Reading to [org.springframework.cloud.netflix.eureka.http.EurekaApplications]
2025-04-30 01:30:16,219 DEBUG o.s.c.l.CompositeLog [DiscoveryClient-CacheRefreshExecutor-0] HTTP GET http://localhost:8761/eureka/apps/delta
2025-04-30 01:30:16,219 DEBUG o.s.c.l.CompositeLog [DiscoveryClient-HeartbeatExecutor-0] HTTP PUT http://localhost:8761/eureka/apps/USER-MANAGEMENT/Dev-MToaima.TradeNET.COM:user-management:8888?status=UP&lastDirtyTimestamp=1745938849902
2025-04-30 01:30:16,219 DEBUG o.s.c.l.CompositeLog [DiscoveryClient-CacheRefreshExecutor-0] Accept=[application/json, application/*+json]
2025-04-30 01:30:16,219 DEBUG o.s.c.l.CompositeLog [DiscoveryClient-HeartbeatExecutor-0] Accept=[application/json, application/*+json]
2025-04-30 01:30:16,236 DEBUG o.s.c.l.CompositeLog [DiscoveryClient-CacheRefreshExecutor-0] Response 200 OK
2025-04-30 01:30:16,236 DEBUG o.s.c.l.CompositeLog [DiscoveryClient-HeartbeatExecutor-0] Response 200 OK
2025-04-30 01:30:16,236 DEBUG o.s.c.l.CompositeLog [DiscoveryClient-CacheRefreshExecutor-0] Reading to [org.springframework.cloud.netflix.eureka.http.EurekaApplications]
2025-04-30 01:30:46,244 DEBUG o.s.c.l.CompositeLog [DiscoveryClient-HeartbeatExecutor-0] HTTP PUT http://localhost:8761/eureka/apps/USER-MANAGEMENT/Dev-MToaima.TradeNET.COM:user-management:8888?status=UP&lastDirtyTimestamp=1745938849902
2025-04-30 01:30:46,244 DEBUG o.s.c.l.CompositeLog [DiscoveryClient-CacheRefreshExecutor-0] HTTP GET http://localhost:8761/eureka/apps/delta
2025-04-30 01:30:46,245 DEBUG o.s.c.l.CompositeLog [DiscoveryClient-HeartbeatExecutor-0] Accept=[application/json, application/*+json]
2025-04-30 01:30:46,245 DEBUG o.s.c.l.CompositeLog [DiscoveryClient-CacheRefreshExecutor-0] Accept=[application/json, application/*+json]
2025-04-30 01:30:46,262 DEBUG o.s.c.l.CompositeLog [DiscoveryClient-CacheRefreshExecutor-0] Response 200 OK
2025-04-30 01:30:46,262 DEBUG o.s.c.l.CompositeLog [DiscoveryClient-HeartbeatExecutor-0] Response 200 OK
2025-04-30 01:30:46,262 DEBUG o.s.c.l.CompositeLog [DiscoveryClient-CacheRefreshExecutor-0] Reading to [org.springframework.cloud.netflix.eureka.http.EurekaApplications]
2025-04-30 01:31:16,267 DEBUG o.s.c.l.CompositeLog [DiscoveryClient-HeartbeatExecutor-0] HTTP PUT http://localhost:8761/eureka/apps/USER-MANAGEMENT/Dev-MToaima.TradeNET.COM:user-management:8888?status=UP&lastDirtyTimestamp=1745938849902
2025-04-30 01:31:16,267 DEBUG o.s.c.l.CompositeLog [DiscoveryClient-CacheRefreshExecutor-0] HTTP GET http://localhost:8761/eureka/apps/delta
2025-04-30 01:31:16,267 DEBUG o.s.c.l.CompositeLog [DiscoveryClient-HeartbeatExecutor-0] Accept=[application/json, application/*+json]
2025-04-30 01:31:16,267 DEBUG o.s.c.l.CompositeLog [DiscoveryClient-CacheRefreshExecutor-0] Accept=[application/json, application/*+json]
2025-04-30 01:31:16,284 DEBUG o.s.c.l.CompositeLog [DiscoveryClient-HeartbeatExecutor-0] Response 200 OK
2025-04-30 01:31:16,284 DEBUG o.s.c.l.CompositeLog [DiscoveryClient-CacheRefreshExecutor-0] Response 200 OK
2025-04-30 01:31:16,284 DEBUG o.s.c.l.CompositeLog [DiscoveryClient-CacheRefreshExecutor-0] Reading to [org.springframework.cloud.netflix.eureka.http.EurekaApplications]
2025-04-30 01:31:46,287 DEBUG o.s.c.l.CompositeLog [DiscoveryClient-HeartbeatExecutor-0] HTTP PUT http://localhost:8761/eureka/apps/USER-MANAGEMENT/Dev-MToaima.TradeNET.COM:user-management:8888?status=UP&lastDirtyTimestamp=1745938849902
2025-04-30 01:31:46,287 DEBUG o.s.c.l.CompositeLog [DiscoveryClient-CacheRefreshExecutor-0] HTTP GET http://localhost:8761/eureka/apps/delta
2025-04-30 01:31:46,287 DEBUG o.s.c.l.CompositeLog [DiscoveryClient-HeartbeatExecutor-0] Accept=[application/json, application/*+json]
2025-04-30 01:31:46,287 DEBUG o.s.c.l.CompositeLog [DiscoveryClient-CacheRefreshExecutor-0] Accept=[application/json, application/*+json]
2025-04-30 01:31:46,305 DEBUG o.s.c.l.CompositeLog [DiscoveryClient-CacheRefreshExecutor-0] Response 200 OK
2025-04-30 01:31:46,305 DEBUG o.s.c.l.CompositeLog [DiscoveryClient-HeartbeatExecutor-0] Response 200 OK
2025-04-30 01:31:46,305 DEBUG o.s.c.l.CompositeLog [DiscoveryClient-CacheRefreshExecutor-0] Reading to [org.springframework.cloud.netflix.eureka.http.EurekaApplications]
2025-04-30 01:32:16,308 DEBUG o.s.c.l.CompositeLog [DiscoveryClient-HeartbeatExecutor-0] HTTP PUT http://localhost:8761/eureka/apps/USER-MANAGEMENT/Dev-MToaima.TradeNET.COM:user-management:8888?status=UP&lastDirtyTimestamp=1745938849902
2025-04-30 01:32:16,308 DEBUG o.s.c.l.CompositeLog [DiscoveryClient-CacheRefreshExecutor-0] HTTP GET http://localhost:8761/eureka/apps/delta
2025-04-30 01:32:16,308 DEBUG o.s.c.l.CompositeLog [DiscoveryClient-HeartbeatExecutor-0] Accept=[application/json, application/*+json]
2025-04-30 01:32:16,308 DEBUG o.s.c.l.CompositeLog [DiscoveryClient-CacheRefreshExecutor-0] Accept=[application/json, application/*+json]
2025-04-30 01:32:16,323 DEBUG o.s.c.l.CompositeLog [DiscoveryClient-HeartbeatExecutor-0] Response 200 OK
2025-04-30 01:32:16,323 DEBUG o.s.c.l.CompositeLog [DiscoveryClient-CacheRefreshExecutor-0] Response 200 OK
2025-04-30 01:32:16,324 DEBUG o.s.c.l.CompositeLog [DiscoveryClient-CacheRefreshExecutor-0] Reading to [org.springframework.cloud.netflix.eureka.http.EurekaApplications]
2025-04-30 01:32:46,328 DEBUG o.s.c.l.CompositeLog [DiscoveryClient-HeartbeatExecutor-0] HTTP PUT http://localhost:8761/eureka/apps/USER-MANAGEMENT/Dev-MToaima.TradeNET.COM:user-management:8888?status=UP&lastDirtyTimestamp=1745938849902
2025-04-30 01:32:46,328 DEBUG o.s.c.l.CompositeLog [DiscoveryClient-CacheRefreshExecutor-0] HTTP GET http://localhost:8761/eureka/apps/delta
2025-04-30 01:32:46,328 DEBUG o.s.c.l.CompositeLog [DiscoveryClient-HeartbeatExecutor-0] Accept=[application/json, application/*+json]
2025-04-30 01:32:46,328 DEBUG o.s.c.l.CompositeLog [DiscoveryClient-CacheRefreshExecutor-0] Accept=[application/json, application/*+json]
2025-04-30 01:32:46,343 DEBUG o.s.c.l.CompositeLog [DiscoveryClient-CacheRefreshExecutor-0] Response 200 OK
2025-04-30 01:32:46,343 DEBUG o.s.c.l.CompositeLog [DiscoveryClient-HeartbeatExecutor-0] Response 200 OK
2025-04-30 01:32:46,344 DEBUG o.s.c.l.CompositeLog [DiscoveryClient-CacheRefreshExecutor-0] Reading to [org.springframework.cloud.netflix.eureka.http.EurekaApplications]
2025-04-30 01:33:16,356 DEBUG o.s.c.l.CompositeLog [DiscoveryClient-CacheRefreshExecutor-0] HTTP GET http://localhost:8761/eureka/apps/delta
2025-04-30 01:33:16,356 DEBUG o.s.c.l.CompositeLog [DiscoveryClient-HeartbeatExecutor-0] HTTP PUT http://localhost:8761/eureka/apps/USER-MANAGEMENT/Dev-MToaima.TradeNET.COM:user-management:8888?status=UP&lastDirtyTimestamp=1745938849902
2025-04-30 01:33:16,357 DEBUG o.s.c.l.CompositeLog [DiscoveryClient-CacheRefreshExecutor-0] Accept=[application/json, application/*+json]
2025-04-30 01:33:16,357 DEBUG o.s.c.l.CompositeLog [DiscoveryClient-HeartbeatExecutor-0] Accept=[application/json, application/*+json]
2025-04-30 01:33:16,372 DEBUG o.s.c.l.CompositeLog [DiscoveryClient-CacheRefreshExecutor-0] Response 200 OK
2025-04-30 01:33:16,372 DEBUG o.s.c.l.CompositeLog [DiscoveryClient-HeartbeatExecutor-0] Response 200 OK
2025-04-30 01:33:16,372 DEBUG o.s.c.l.CompositeLog [DiscoveryClient-CacheRefreshExecutor-0] Reading to [org.springframework.cloud.netflix.eureka.http.EurekaApplications]
2025-04-30 01:33:46,383 DEBUG o.s.c.l.CompositeLog [DiscoveryClient-HeartbeatExecutor-0] HTTP PUT http://localhost:8761/eureka/apps/USER-MANAGEMENT/Dev-MToaima.TradeNET.COM:user-management:8888?status=UP&lastDirtyTimestamp=1745938849902
2025-04-30 01:33:46,383 DEBUG o.s.c.l.CompositeLog [DiscoveryClient-CacheRefreshExecutor-0] HTTP GET http://localhost:8761/eureka/apps/delta
2025-04-30 01:33:46,383 DEBUG o.s.c.l.CompositeLog [DiscoveryClient-HeartbeatExecutor-0] Accept=[application/json, application/*+json]
2025-04-30 01:33:46,383 DEBUG o.s.c.l.CompositeLog [DiscoveryClient-CacheRefreshExecutor-0] Accept=[application/json, application/*+json]
2025-04-30 01:33:46,399 DEBUG o.s.c.l.CompositeLog [DiscoveryClient-HeartbeatExecutor-0] Response 200 OK
2025-04-30 01:33:46,399 DEBUG o.s.c.l.CompositeLog [DiscoveryClient-CacheRefreshExecutor-0] Response 200 OK
2025-04-30 01:33:46,399 DEBUG o.s.c.l.CompositeLog [DiscoveryClient-CacheRefreshExecutor-0] Reading to [org.springframework.cloud.netflix.eureka.http.EurekaApplications]
2025-04-30 01:34:16,412 DEBUG o.s.c.l.CompositeLog [DiscoveryClient-CacheRefreshExecutor-0] HTTP GET http://localhost:8761/eureka/apps/delta
2025-04-30 01:34:16,412 DEBUG o.s.c.l.CompositeLog [DiscoveryClient-HeartbeatExecutor-0] HTTP PUT http://localhost:8761/eureka/apps/USER-MANAGEMENT/Dev-MToaima.TradeNET.COM:user-management:8888?status=UP&lastDirtyTimestamp=1745938849902
2025-04-30 01:34:16,413 DEBUG o.s.c.l.CompositeLog [DiscoveryClient-HeartbeatExecutor-0] Accept=[application/json, application/*+json]
2025-04-30 01:34:16,413 DEBUG o.s.c.l.CompositeLog [DiscoveryClient-CacheRefreshExecutor-0] Accept=[application/json, application/*+json]
2025-04-30 01:34:16,429 DEBUG o.s.c.l.CompositeLog [DiscoveryClient-HeartbeatExecutor-0] Response 200 OK
2025-04-30 01:34:16,429 DEBUG o.s.c.l.CompositeLog [DiscoveryClient-CacheRefreshExecutor-0] Response 200 OK
2025-04-30 01:34:16,429 DEBUG o.s.c.l.CompositeLog [DiscoveryClient-CacheRefreshExecutor-0] Reading to [org.springframework.cloud.netflix.eureka.http.EurekaApplications]
2025-04-30 01:34:36,334 INFO c.n.d.s.r.a.ConfigClusterResolver [AsyncResolver-bootstrap-executor-0] Resolving eureka endpoints via configuration
2025-04-30 01:34:46,431 DEBUG o.s.c.l.CompositeLog [DiscoveryClient-HeartbeatExecutor-0] HTTP PUT http://localhost:8761/eureka/apps/USER-MANAGEMENT/Dev-MToaima.TradeNET.COM:user-management:8888?status=UP&lastDirtyTimestamp=1745938849902
2025-04-30 01:34:46,431 DEBUG o.s.c.l.CompositeLog [DiscoveryClient-CacheRefreshExecutor-0] HTTP GET http://localhost:8761/eureka/apps/delta
2025-04-30 01:34:46,432 DEBUG o.s.c.l.CompositeLog [DiscoveryClient-HeartbeatExecutor-0] Accept=[application/json, application/*+json]
2025-04-30 01:34:46,432 DEBUG o.s.c.l.CompositeLog [DiscoveryClient-CacheRefreshExecutor-0] Accept=[application/json, application/*+json]
2025-04-30 01:34:46,448 DEBUG o.s.c.l.CompositeLog [DiscoveryClient-CacheRefreshExecutor-0] Response 200 OK
2025-04-30 01:34:46,448 DEBUG o.s.c.l.CompositeLog [DiscoveryClient-HeartbeatExecutor-0] Response 200 OK
2025-04-30 01:34:46,448 DEBUG o.s.c.l.CompositeLog [DiscoveryClient-CacheRefreshExecutor-0] Reading to [org.springframework.cloud.netflix.eureka.http.EurekaApplications]
2025-04-30 01:35:16,456 DEBUG o.s.c.l.CompositeLog [DiscoveryClient-CacheRefreshExecutor-0] HTTP GET http://localhost:8761/eureka/apps/delta
2025-04-30 01:35:16,456 DEBUG o.s.c.l.CompositeLog [DiscoveryClient-HeartbeatExecutor-0] HTTP PUT http://localhost:8761/eureka/apps/USER-MANAGEMENT/Dev-MToaima.TradeNET.COM:user-management:8888?status=UP&lastDirtyTimestamp=1745938849902
2025-04-30 01:35:16,456 DEBUG o.s.c.l.CompositeLog [DiscoveryClient-CacheRefreshExecutor-0] Accept=[application/json, application/*+json]
2025-04-30 01:35:16,456 DEBUG o.s.c.l.CompositeLog [DiscoveryClient-HeartbeatExecutor-0] Accept=[application/json, application/*+json]
2025-04-30 01:35:16,472 DEBUG o.s.c.l.CompositeLog [DiscoveryClient-CacheRefreshExecutor-0] Response 200 OK
2025-04-30 01:35:16,472 DEBUG o.s.c.l.CompositeLog [DiscoveryClient-HeartbeatExecutor-0] Response 200 OK
2025-04-30 01:35:16,472 DEBUG o.s.c.l.CompositeLog [DiscoveryClient-CacheRefreshExecutor-0] Reading to [org.springframework.cloud.netflix.eureka.http.EurekaApplications]
2025-04-30 01:35:46,474 DEBUG o.s.c.l.CompositeLog [DiscoveryClient-HeartbeatExecutor-0] HTTP PUT http://localhost:8761/eureka/apps/USER-MANAGEMENT/Dev-MToaima.TradeNET.COM:user-management:8888?status=UP&lastDirtyTimestamp=1745938849902
2025-04-30 01:35:46,474 DEBUG o.s.c.l.CompositeLog [DiscoveryClient-CacheRefreshExecutor-0] HTTP GET http://localhost:8761/eureka/apps/delta
2025-04-30 01:35:46,475 DEBUG o.s.c.l.CompositeLog [DiscoveryClient-HeartbeatExecutor-0] Accept=[application/json, application/*+json]
2025-04-30 01:35:46,475 DEBUG o.s.c.l.CompositeLog [DiscoveryClient-CacheRefreshExecutor-0] Accept=[application/json, application/*+json]
2025-04-30 01:35:46,490 DEBUG o.s.c.l.CompositeLog [DiscoveryClient-HeartbeatExecutor-0] Response 200 OK
2025-04-30 01:35:46,490 DEBUG o.s.c.l.CompositeLog [DiscoveryClient-CacheRefreshExecutor-0] Response 200 OK
2025-04-30 01:35:46,490 DEBUG o.s.c.l.CompositeLog [DiscoveryClient-CacheRefreshExecutor-0] Reading to [org.springframework.cloud.netflix.eureka.http.EurekaApplications]
2025-04-30 01:36:16,507 DEBUG o.s.c.l.CompositeLog [DiscoveryClient-HeartbeatExecutor-0] HTTP PUT http://localhost:8761/eureka/apps/USER-MANAGEMENT/Dev-MToaima.TradeNET.COM:user-management:8888?status=UP&lastDirtyTimestamp=1745938849902
2025-04-30 01:36:16,507 DEBUG o.s.c.l.CompositeLog [DiscoveryClient-CacheRefreshExecutor-0] HTTP GET http://localhost:8761/eureka/apps/delta
2025-04-30 01:36:16,507 DEBUG o.s.c.l.CompositeLog [DiscoveryClient-HeartbeatExecutor-0] Accept=[application/json, application/*+json]
2025-04-30 01:36:16,507 DEBUG o.s.c.l.CompositeLog [DiscoveryClient-CacheRefreshExecutor-0] Accept=[application/json, application/*+json]
2025-04-30 01:36:16,524 DEBUG o.s.c.l.CompositeLog [DiscoveryClient-CacheRefreshExecutor-0] Response 200 OK
2025-04-30 01:36:16,524 DEBUG o.s.c.l.CompositeLog [DiscoveryClient-HeartbeatExecutor-0] Response 200 OK
2025-04-30 01:36:16,524 DEBUG o.s.c.l.CompositeLog [DiscoveryClient-CacheRefreshExecutor-0] Reading to [org.springframework.cloud.netflix.eureka.http.EurekaApplications]
2025-04-30 01:36:46,538 DEBUG o.s.c.l.CompositeLog [DiscoveryClient-HeartbeatExecutor-0] HTTP PUT http://localhost:8761/eureka/apps/USER-MANAGEMENT/Dev-MToaima.TradeNET.COM:user-management:8888?status=UP&lastDirtyTimestamp=1745938849902
2025-04-30 01:36:46,538 DEBUG o.s.c.l.CompositeLog [DiscoveryClient-CacheRefreshExecutor-0] HTTP GET http://localhost:8761/eureka/apps/delta
2025-04-30 01:36:46,538 DEBUG o.s.c.l.CompositeLog [DiscoveryClient-HeartbeatExecutor-0] Accept=[application/json, application/*+json]
2025-04-30 01:36:46,538 DEBUG o.s.c.l.CompositeLog [DiscoveryClient-CacheRefreshExecutor-0] Accept=[application/json, application/*+json]
2025-04-30 01:36:46,555 DEBUG o.s.c.l.CompositeLog [DiscoveryClient-CacheRefreshExecutor-0] Response 200 OK
2025-04-30 01:36:46,555 DEBUG o.s.c.l.CompositeLog [DiscoveryClient-HeartbeatExecutor-0] Response 200 OK
2025-04-30 01:36:46,555 DEBUG o.s.c.l.CompositeLog [DiscoveryClient-CacheRefreshExecutor-0] Reading to [org.springframework.cloud.netflix.eureka.http.EurekaApplications]
2025-04-30 01:37:16,569 DEBUG o.s.c.l.CompositeLog [DiscoveryClient-CacheRefreshExecutor-0] HTTP GET http://localhost:8761/eureka/apps/delta
2025-04-30 01:37:16,569 DEBUG o.s.c.l.CompositeLog [DiscoveryClient-HeartbeatExecutor-0] HTTP PUT http://localhost:8761/eureka/apps/USER-MANAGEMENT/Dev-MToaima.TradeNET.COM:user-management:8888?status=UP&lastDirtyTimestamp=1745938849902
2025-04-30 01:37:16,570 DEBUG o.s.c.l.CompositeLog [DiscoveryClient-HeartbeatExecutor-0] Accept=[application/json, application/*+json]
2025-04-30 01:37:16,570 DEBUG o.s.c.l.CompositeLog [DiscoveryClient-CacheRefreshExecutor-0] Accept=[application/json, application/*+json]
2025-04-30 01:37:16,585 DEBUG o.s.c.l.CompositeLog [DiscoveryClient-CacheRefreshExecutor-0] Response 200 OK
2025-04-30 01:37:16,585 DEBUG o.s.c.l.CompositeLog [DiscoveryClient-HeartbeatExecutor-0] Response 200 OK
2025-04-30 01:37:16,585 DEBUG o.s.c.l.CompositeLog [DiscoveryClient-CacheRefreshExecutor-0] Reading to [org.springframework.cloud.netflix.eureka.http.EurekaApplications]
2025-04-30 01:37:46,602 DEBUG o.s.c.l.CompositeLog [DiscoveryClient-CacheRefreshExecutor-0] HTTP GET http://localhost:8761/eureka/apps/delta
2025-04-30 01:37:46,602 DEBUG o.s.c.l.CompositeLog [DiscoveryClient-HeartbeatExecutor-0] HTTP PUT http://localhost:8761/eureka/apps/USER-MANAGEMENT/Dev-MToaima.TradeNET.COM:user-management:8888?status=UP&lastDirtyTimestamp=1745938849902
2025-04-30 01:37:46,602 DEBUG o.s.c.l.CompositeLog [DiscoveryClient-CacheRefreshExecutor-0] Accept=[application/json, application/*+json]
2025-04-30 01:37:46,602 DEBUG o.s.c.l.CompositeLog [DiscoveryClient-HeartbeatExecutor-0] Accept=[application/json, application/*+json]
2025-04-30 01:37:46,618 DEBUG o.s.c.l.CompositeLog [DiscoveryClient-HeartbeatExecutor-0] Response 200 OK
2025-04-30 01:37:46,618 DEBUG o.s.c.l.CompositeLog [DiscoveryClient-CacheRefreshExecutor-0] Response 200 OK
2025-04-30 01:37:46,619 DEBUG o.s.c.l.CompositeLog [DiscoveryClient-CacheRefreshExecutor-0] Reading to [org.springframework.cloud.netflix.eureka.http.EurekaApplications]
2025-04-30 01:38:16,622 DEBUG o.s.c.l.CompositeLog [DiscoveryClient-CacheRefreshExecutor-0] HTTP GET http://localhost:8761/eureka/apps/delta
2025-04-30 01:38:16,622 DEBUG o.s.c.l.CompositeLog [DiscoveryClient-HeartbeatExecutor-0] HTTP PUT http://localhost:8761/eureka/apps/USER-MANAGEMENT/Dev-MToaima.TradeNET.COM:user-management:8888?status=UP&lastDirtyTimestamp=1745938849902
2025-04-30 01:38:16,622 DEBUG o.s.c.l.CompositeLog [DiscoveryClient-CacheRefreshExecutor-0] Accept=[application/json, application/*+json]
2025-04-30 01:38:16,623 DEBUG o.s.c.l.CompositeLog [DiscoveryClient-HeartbeatExecutor-0] Accept=[application/json, application/*+json]
2025-04-30 01:38:16,639 DEBUG o.s.c.l.CompositeLog [DiscoveryClient-HeartbeatExecutor-0] Response 200 OK
2025-04-30 01:38:16,639 DEBUG o.s.c.l.CompositeLog [DiscoveryClient-CacheRefreshExecutor-0] Response 200 OK
2025-04-30 01:38:16,640 DEBUG o.s.c.l.CompositeLog [DiscoveryClient-CacheRefreshExecutor-0] Reading to [org.springframework.cloud.netflix.eureka.http.EurekaApplications]
2025-04-30 01:38:46,642 DEBUG o.s.c.l.CompositeLog [DiscoveryClient-CacheRefreshExecutor-0] HTTP GET http://localhost:8761/eureka/apps/delta
2025-04-30 01:38:46,642 DEBUG o.s.c.l.CompositeLog [DiscoveryClient-HeartbeatExecutor-0] HTTP PUT http://localhost:8761/eureka/apps/USER-MANAGEMENT/Dev-MToaima.TradeNET.COM:user-management:8888?status=UP&lastDirtyTimestamp=1745938849902
2025-04-30 01:38:46,643 DEBUG o.s.c.l.CompositeLog [DiscoveryClient-CacheRefreshExecutor-0] Accept=[application/json, application/*+json]
2025-04-30 01:38:46,643 DEBUG o.s.c.l.CompositeLog [DiscoveryClient-HeartbeatExecutor-0] Accept=[application/json, application/*+json]
2025-04-30 01:38:46,658 DEBUG o.s.c.l.CompositeLog [DiscoveryClient-CacheRefreshExecutor-0] Response 200 OK
2025-04-30 01:38:46,658 DEBUG o.s.c.l.CompositeLog [DiscoveryClient-HeartbeatExecutor-0] Response 200 OK
2025-04-30 01:38:46,659 DEBUG o.s.c.l.CompositeLog [DiscoveryClient-CacheRefreshExecutor-0] Reading to [org.springframework.cloud.netflix.eureka.http.EurekaApplications]
2025-04-30 01:39:16,660 DEBUG o.s.c.l.CompositeLog [DiscoveryClient-CacheRefreshExecutor-0] HTTP GET http://localhost:8761/eureka/apps/delta
2025-04-30 01:39:16,660 DEBUG o.s.c.l.CompositeLog [DiscoveryClient-HeartbeatExecutor-0] HTTP PUT http://localhost:8761/eureka/apps/USER-MANAGEMENT/Dev-MToaima.TradeNET.COM:user-management:8888?status=UP&lastDirtyTimestamp=1745938849902
2025-04-30 01:39:16,660 DEBUG o.s.c.l.CompositeLog [DiscoveryClient-HeartbeatExecutor-0] Accept=[application/json, application/*+json]
2025-04-30 01:39:16,660 DEBUG o.s.c.l.CompositeLog [DiscoveryClient-CacheRefreshExecutor-0] Accept=[application/json, application/*+json]
2025-04-30 01:39:16,676 DEBUG o.s.c.l.CompositeLog [DiscoveryClient-HeartbeatExecutor-0] Response 200 OK
2025-04-30 01:39:16,676 DEBUG o.s.c.l.CompositeLog [DiscoveryClient-CacheRefreshExecutor-0] Response 200 OK
2025-04-30 01:39:16,676 DEBUG o.s.c.l.CompositeLog [DiscoveryClient-CacheRefreshExecutor-0] Reading to [org.springframework.cloud.netflix.eureka.http.EurekaApplications]
2025-04-30 01:39:36,339 INFO c.n.d.s.r.a.ConfigClusterResolver [AsyncResolver-bootstrap-executor-0] Resolving eureka endpoints via configuration
2025-04-30 01:39:46,694 DEBUG o.s.c.l.CompositeLog [DiscoveryClient-HeartbeatExecutor-0] HTTP PUT http://localhost:8761/eureka/apps/USER-MANAGEMENT/Dev-MToaima.TradeNET.COM:user-management:8888?status=UP&lastDirtyTimestamp=1745938849902
2025-04-30 01:39:46,694 DEBUG o.s.c.l.CompositeLog [DiscoveryClient-CacheRefreshExecutor-0] HTTP GET http://localhost:8761/eureka/apps/delta
2025-04-30 01:39:46,694 DEBUG o.s.c.l.CompositeLog [DiscoveryClient-HeartbeatExecutor-0] Accept=[application/json, application/*+json]
2025-04-30 01:39:46,694 DEBUG o.s.c.l.CompositeLog [DiscoveryClient-CacheRefreshExecutor-0] Accept=[application/json, application/*+json]
2025-04-30 01:39:46,705 DEBUG o.s.c.l.CompositeLog [DiscoveryClient-HeartbeatExecutor-0] Response 200 OK
2025-04-30 01:39:46,705 DEBUG o.s.c.l.CompositeLog [DiscoveryClient-CacheRefreshExecutor-0] Response 200 OK
2025-04-30 01:39:46,705 DEBUG o.s.c.l.CompositeLog [DiscoveryClient-CacheRefreshExecutor-0] Reading to [org.springframework.cloud.netflix.eureka.http.EurekaApplications]
2025-04-30 01:40:16,707 DEBUG o.s.c.l.CompositeLog [DiscoveryClient-CacheRefreshExecutor-0] HTTP GET http://localhost:8761/eureka/apps/delta
2025-04-30 01:40:16,707 DEBUG o.s.c.l.CompositeLog [DiscoveryClient-HeartbeatExecutor-0] HTTP PUT http://localhost:8761/eureka/apps/USER-MANAGEMENT/Dev-MToaima.TradeNET.COM:user-management:8888?status=UP&lastDirtyTimestamp=1745938849902
2025-04-30 01:40:16,707 DEBUG o.s.c.l.CompositeLog [DiscoveryClient-CacheRefreshExecutor-0] Accept=[application/json, application/*+json]
2025-04-30 01:40:16,707 DEBUG o.s.c.l.CompositeLog [DiscoveryClient-HeartbeatExecutor-0] Accept=[application/json, application/*+json]
2025-04-30 01:40:16,723 DEBUG o.s.c.l.CompositeLog [DiscoveryClient-HeartbeatExecutor-0] Response 200 OK
2025-04-30 01:40:16,723 DEBUG o.s.c.l.CompositeLog [DiscoveryClient-CacheRefreshExecutor-0] Response 200 OK
2025-04-30 01:40:16,724 DEBUG o.s.c.l.CompositeLog [DiscoveryClient-CacheRefreshExecutor-0] Reading to [org.springframework.cloud.netflix.eureka.http.EurekaApplications]
2025-04-30 01:40:46,731 DEBUG o.s.c.l.CompositeLog [DiscoveryClient-CacheRefreshExecutor-0] HTTP GET http://localhost:8761/eureka/apps/delta
2025-04-30 01:40:46,731 DEBUG o.s.c.l.CompositeLog [DiscoveryClient-HeartbeatExecutor-0] HTTP PUT http://localhost:8761/eureka/apps/USER-MANAGEMENT/Dev-MToaima.TradeNET.COM:user-management:8888?status=UP&lastDirtyTimestamp=1745938849902
2025-04-30 01:40:46,731 DEBUG o.s.c.l.CompositeLog [DiscoveryClient-CacheRefreshExecutor-0] Accept=[application/json, application/*+json]
2025-04-30 01:40:46,731 DEBUG o.s.c.l.CompositeLog [DiscoveryClient-HeartbeatExecutor-0] Accept=[application/json, application/*+json]
2025-04-30 01:40:46,739 DEBUG o.s.c.l.CompositeLog [DiscoveryClient-HeartbeatExecutor-0] Response 200 OK
2025-04-30 01:40:46,739 DEBUG o.s.c.l.CompositeLog [DiscoveryClient-CacheRefreshExecutor-0] Response 200 OK
2025-04-30 01:40:46,740 DEBUG o.s.c.l.CompositeLog [DiscoveryClient-CacheRefreshExecutor-0] Reading to [org.springframework.cloud.netflix.eureka.http.EurekaApplications]
2025-04-30 01:41:16,741 DEBUG o.s.c.l.CompositeLog [DiscoveryClient-CacheRefreshExecutor-0] HTTP GET http://localhost:8761/eureka/apps/delta
2025-04-30 01:41:16,741 DEBUG o.s.c.l.CompositeLog [DiscoveryClient-HeartbeatExecutor-0] HTTP PUT http://localhost:8761/eureka/apps/USER-MANAGEMENT/Dev-MToaima.TradeNET.COM:user-management:8888?status=UP&lastDirtyTimestamp=1745938849902
2025-04-30 01:41:16,742 DEBUG o.s.c.l.CompositeLog [DiscoveryClient-CacheRefreshExecutor-0] Accept=[application/json, application/*+json]
2025-04-30 01:41:16,742 DEBUG o.s.c.l.CompositeLog [DiscoveryClient-HeartbeatExecutor-0] Accept=[application/json, application/*+json]
2025-04-30 01:41:16,757 DEBUG o.s.c.l.CompositeLog [DiscoveryClient-CacheRefreshExecutor-0] Response 200 OK
2025-04-30 01:41:16,757 DEBUG o.s.c.l.CompositeLog [DiscoveryClient-HeartbeatExecutor-0] Response 200 OK
2025-04-30 01:41:16,757 DEBUG o.s.c.l.CompositeLog [DiscoveryClient-CacheRefreshExecutor-0] Reading to [org.springframework.cloud.netflix.eureka.http.EurekaApplications]
2025-04-30 01:41:46,763 DEBUG o.s.c.l.CompositeLog [DiscoveryClient-HeartbeatExecutor-0] HTTP PUT http://localhost:8761/eureka/apps/USER-MANAGEMENT/Dev-MToaima.TradeNET.COM:user-management:8888?status=UP&lastDirtyTimestamp=1745938849902
2025-04-30 01:41:46,763 DEBUG o.s.c.l.CompositeLog [DiscoveryClient-CacheRefreshExecutor-0] HTTP GET http://localhost:8761/eureka/apps/delta
2025-04-30 01:41:46,764 DEBUG o.s.c.l.CompositeLog [DiscoveryClient-HeartbeatExecutor-0] Accept=[application/json, application/*+json]
2025-04-30 01:41:46,764 DEBUG o.s.c.l.CompositeLog [DiscoveryClient-CacheRefreshExecutor-0] Accept=[application/json, application/*+json]
2025-04-30 01:41:46,779 DEBUG o.s.c.l.CompositeLog [DiscoveryClient-CacheRefreshExecutor-0] Response 200 OK
2025-04-30 01:41:46,779 DEBUG o.s.c.l.CompositeLog [DiscoveryClient-HeartbeatExecutor-0] Response 200 OK
2025-04-30 01:41:46,780 DEBUG o.s.c.l.CompositeLog [DiscoveryClient-CacheRefreshExecutor-0] Reading to [org.springframework.cloud.netflix.eureka.http.EurekaApplications]
2025-04-30 01:42:16,787 DEBUG o.s.c.l.CompositeLog [DiscoveryClient-CacheRefreshExecutor-0] HTTP GET http://localhost:8761/eureka/apps/delta
2025-04-30 01:42:16,787 DEBUG o.s.c.l.CompositeLog [DiscoveryClient-HeartbeatExecutor-0] HTTP PUT http://localhost:8761/eureka/apps/USER-MANAGEMENT/Dev-MToaima.TradeNET.COM:user-management:8888?status=UP&lastDirtyTimestamp=1745938849902
2025-04-30 01:42:16,787 DEBUG o.s.c.l.CompositeLog [DiscoveryClient-HeartbeatExecutor-0] Accept=[application/json, application/*+json]
2025-04-30 01:42:16,787 DEBUG o.s.c.l.CompositeLog [DiscoveryClient-CacheRefreshExecutor-0] Accept=[application/json, application/*+json]
2025-04-30 01:42:16,800 DEBUG o.s.c.l.CompositeLog [DiscoveryClient-HeartbeatExecutor-0] Response 200 OK
2025-04-30 01:42:16,800 DEBUG o.s.c.l.CompositeLog [DiscoveryClient-CacheRefreshExecutor-0] Response 200 OK
2025-04-30 01:42:16,800 DEBUG o.s.c.l.CompositeLog [DiscoveryClient-CacheRefreshExecutor-0] Reading to [org.springframework.cloud.netflix.eureka.http.EurekaApplications]
2025-04-30 01:42:46,806 DEBUG o.s.c.l.CompositeLog [DiscoveryClient-CacheRefreshExecutor-0] HTTP GET http://localhost:8761/eureka/apps/delta
2025-04-30 01:42:46,806 DEBUG o.s.c.l.CompositeLog [DiscoveryClient-HeartbeatExecutor-0] HTTP PUT http://localhost:8761/eureka/apps/USER-MANAGEMENT/Dev-MToaima.TradeNET.COM:user-management:8888?status=UP&lastDirtyTimestamp=1745938849902
2025-04-30 01:42:46,807 DEBUG o.s.c.l.CompositeLog [DiscoveryClient-CacheRefreshExecutor-0] Accept=[application/json, application/*+json]
2025-04-30 01:42:46,807 DEBUG o.s.c.l.CompositeLog [DiscoveryClient-HeartbeatExecutor-0] Accept=[application/json, application/*+json]
2025-04-30 01:42:46,824 DEBUG o.s.c.l.CompositeLog [DiscoveryClient-CacheRefreshExecutor-0] Response 200 OK
2025-04-30 01:42:46,824 DEBUG o.s.c.l.CompositeLog [DiscoveryClient-HeartbeatExecutor-0] Response 200 OK
2025-04-30 01:42:46,824 DEBUG o.s.c.l.CompositeLog [DiscoveryClient-CacheRefreshExecutor-0] Reading to [org.springframework.cloud.netflix.eureka.http.EurekaApplications]
2025-04-30 01:43:16,830 DEBUG o.s.c.l.CompositeLog [DiscoveryClient-CacheRefreshExecutor-0] HTTP GET http://localhost:8761/eureka/apps/delta
2025-04-30 01:43:16,830 DEBUG o.s.c.l.CompositeLog [DiscoveryClient-HeartbeatExecutor-0] HTTP PUT http://localhost:8761/eureka/apps/USER-MANAGEMENT/Dev-MToaima.TradeNET.COM:user-management:8888?status=UP&lastDirtyTimestamp=1745938849902
2025-04-30 01:43:16,830 DEBUG o.s.c.l.CompositeLog [DiscoveryClient-CacheRefreshExecutor-0] Accept=[application/json, application/*+json]
2025-04-30 01:43:16,830 DEBUG o.s.c.l.CompositeLog [DiscoveryClient-HeartbeatExecutor-0] Accept=[application/json, application/*+json]
2025-04-30 01:43:16,847 DEBUG o.s.c.l.CompositeLog [DiscoveryClient-CacheRefreshExecutor-0] Response 200 OK
2025-04-30 01:43:16,847 DEBUG o.s.c.l.CompositeLog [DiscoveryClient-HeartbeatExecutor-0] Response 200 OK
2025-04-30 01:43:16,848 DEBUG o.s.c.l.CompositeLog [DiscoveryClient-CacheRefreshExecutor-0] Reading to [org.springframework.cloud.netflix.eureka.http.EurekaApplications]
2025-04-30 01:43:46,853 DEBUG o.s.c.l.CompositeLog [DiscoveryClient-HeartbeatExecutor-0] HTTP PUT http://localhost:8761/eureka/apps/USER-MANAGEMENT/Dev-MToaima.TradeNET.COM:user-management:8888?status=UP&lastDirtyTimestamp=1745938849902
2025-04-30 01:43:46,853 DEBUG o.s.c.l.CompositeLog [DiscoveryClient-CacheRefreshExecutor-0] HTTP GET http://localhost:8761/eureka/apps/delta
2025-04-30 01:43:46,853 DEBUG o.s.c.l.CompositeLog [DiscoveryClient-HeartbeatExecutor-0] Accept=[application/json, application/*+json]
2025-04-30 01:43:46,853 DEBUG o.s.c.l.CompositeLog [DiscoveryClient-CacheRefreshExecutor-0] Accept=[application/json, application/*+json]
2025-04-30 01:43:46,870 DEBUG o.s.c.l.CompositeLog [DiscoveryClient-CacheRefreshExecutor-0] Response 200 OK
2025-04-30 01:43:46,870 DEBUG o.s.c.l.CompositeLog [DiscoveryClient-HeartbeatExecutor-0] Response 200 OK
2025-04-30 01:43:46,871 DEBUG o.s.c.l.CompositeLog [DiscoveryClient-CacheRefreshExecutor-0] Reading to [org.springframework.cloud.netflix.eureka.http.EurekaApplications]
2025-04-30 01:44:16,879 DEBUG o.s.c.l.CompositeLog [DiscoveryClient-HeartbeatExecutor-0] HTTP PUT http://localhost:8761/eureka/apps/USER-MANAGEMENT/Dev-MToaima.TradeNET.COM:user-management:8888?status=UP&lastDirtyTimestamp=1745938849902
2025-04-30 01:44:16,879 DEBUG o.s.c.l.CompositeLog [DiscoveryClient-CacheRefreshExecutor-0] HTTP GET http://localhost:8761/eureka/apps/delta
2025-04-30 01:44:16,880 DEBUG o.s.c.l.CompositeLog [DiscoveryClient-HeartbeatExecutor-0] Accept=[application/json, application/*+json]
2025-04-30 01:44:16,880 DEBUG o.s.c.l.CompositeLog [DiscoveryClient-CacheRefreshExecutor-0] Accept=[application/json, application/*+json]
2025-04-30 01:44:16,897 DEBUG o.s.c.l.CompositeLog [DiscoveryClient-HeartbeatExecutor-0] Response 200 OK
2025-04-30 01:44:16,897 DEBUG o.s.c.l.CompositeLog [DiscoveryClient-CacheRefreshExecutor-0] Response 200 OK
2025-04-30 01:44:16,897 DEBUG o.s.c.l.CompositeLog [DiscoveryClient-CacheRefreshExecutor-0] Reading to [org.springframework.cloud.netflix.eureka.http.EurekaApplications]
2025-04-30 01:44:36,348 INFO c.n.d.s.r.a.ConfigClusterResolver [AsyncResolver-bootstrap-executor-0] Resolving eureka endpoints via configuration
2025-04-30 01:44:46,905 DEBUG o.s.c.l.CompositeLog [DiscoveryClient-HeartbeatExecutor-0] HTTP PUT http://localhost:8761/eureka/apps/USER-MANAGEMENT/Dev-MToaima.TradeNET.COM:user-management:8888?status=UP&lastDirtyTimestamp=1745938849902
2025-04-30 01:44:46,905 DEBUG o.s.c.l.CompositeLog [DiscoveryClient-HeartbeatExecutor-0] Accept=[application/json, application/*+json]
2025-04-30 01:44:46,908 DEBUG o.s.c.l.CompositeLog [DiscoveryClient-CacheRefreshExecutor-0] HTTP GET http://localhost:8761/eureka/apps/delta
2025-04-30 01:44:46,912 DEBUG o.s.c.l.CompositeLog [DiscoveryClient-CacheRefreshExecutor-0] Accept=[application/json, application/*+json]
2025-04-30 01:44:46,915 DEBUG o.s.c.l.CompositeLog [DiscoveryClient-CacheRefreshExecutor-0] Response 200 OK
2025-04-30 01:44:46,915 DEBUG o.s.c.l.CompositeLog [DiscoveryClient-CacheRefreshExecutor-0] Reading to [org.springframework.cloud.netflix.eureka.http.EurekaApplications]
2025-04-30 01:44:46,921 DEBUG o.s.c.l.CompositeLog [DiscoveryClient-HeartbeatExecutor-0] Response 200 OK
2025-04-30 01:45:16,927 DEBUG o.s.c.l.CompositeLog [DiscoveryClient-HeartbeatExecutor-0] HTTP PUT http://localhost:8761/eureka/apps/USER-MANAGEMENT/Dev-MToaima.TradeNET.COM:user-management:8888?status=UP&lastDirtyTimestamp=1745938849902
2025-04-30 01:45:16,927 DEBUG o.s.c.l.CompositeLog [DiscoveryClient-CacheRefreshExecutor-0] HTTP GET http://localhost:8761/eureka/apps/delta
2025-04-30 01:45:16,927 DEBUG o.s.c.l.CompositeLog [DiscoveryClient-CacheRefreshExecutor-0] Accept=[application/json, application/*+json]
2025-04-30 01:45:16,927 DEBUG o.s.c.l.CompositeLog [DiscoveryClient-HeartbeatExecutor-0] Accept=[application/json, application/*+json]
2025-04-30 01:45:16,943 DEBUG o.s.c.l.CompositeLog [DiscoveryClient-HeartbeatExecutor-0] Response 200 OK
2025-04-30 01:45:16,943 DEBUG o.s.c.l.CompositeLog [DiscoveryClient-CacheRefreshExecutor-0] Response 200 OK
2025-04-30 01:45:16,944 DEBUG o.s.c.l.CompositeLog [DiscoveryClient-CacheRefreshExecutor-0] Reading to [org.springframework.cloud.netflix.eureka.http.EurekaApplications]
2025-04-30 01:45:46,951 DEBUG o.s.c.l.CompositeLog [DiscoveryClient-HeartbeatExecutor-0] HTTP PUT http://localhost:8761/eureka/apps/USER-MANAGEMENT/Dev-MToaima.TradeNET.COM:user-management:8888?status=UP&lastDirtyTimestamp=1745938849902
2025-04-30 01:45:46,951 DEBUG o.s.c.l.CompositeLog [DiscoveryClient-CacheRefreshExecutor-0] HTTP GET http://localhost:8761/eureka/apps/delta
2025-04-30 01:45:46,952 DEBUG o.s.c.l.CompositeLog [DiscoveryClient-HeartbeatExecutor-0] Accept=[application/json, application/*+json]
2025-04-30 01:45:46,952 DEBUG o.s.c.l.CompositeLog [DiscoveryClient-CacheRefreshExecutor-0] Accept=[application/json, application/*+json]
2025-04-30 01:45:46,968 DEBUG o.s.c.l.CompositeLog [DiscoveryClient-CacheRefreshExecutor-0] Response 200 OK
2025-04-30 01:45:46,968 DEBUG o.s.c.l.CompositeLog [DiscoveryClient-HeartbeatExecutor-0] Response 200 OK
2025-04-30 01:45:46,969 DEBUG o.s.c.l.CompositeLog [DiscoveryClient-CacheRefreshExecutor-0] Reading to [org.springframework.cloud.netflix.eureka.http.EurekaApplications]
2025-04-30 01:46:16,973 DEBUG o.s.c.l.CompositeLog [DiscoveryClient-CacheRefreshExecutor-0] HTTP GET http://localhost:8761/eureka/apps/delta
2025-04-30 01:46:16,973 DEBUG o.s.c.l.CompositeLog [DiscoveryClient-HeartbeatExecutor-0] HTTP PUT http://localhost:8761/eureka/apps/USER-MANAGEMENT/Dev-MToaima.TradeNET.COM:user-management:8888?status=UP&lastDirtyTimestamp=1745938849902
2025-04-30 01:46:16,973 DEBUG o.s.c.l.CompositeLog [DiscoveryClient-CacheRefreshExecutor-0] Accept=[application/json, application/*+json]
2025-04-30 01:46:16,973 DEBUG o.s.c.l.CompositeLog [DiscoveryClient-HeartbeatExecutor-0] Accept=[application/json, application/*+json]
2025-04-30 01:46:16,989 DEBUG o.s.c.l.CompositeLog [DiscoveryClient-CacheRefreshExecutor-0] Response 200 OK
2025-04-30 01:46:16,989 DEBUG o.s.c.l.CompositeLog [DiscoveryClient-HeartbeatExecutor-0] Response 200 OK
2025-04-30 01:46:16,989 DEBUG o.s.c.l.CompositeLog [DiscoveryClient-CacheRefreshExecutor-0] Reading to [org.springframework.cloud.netflix.eureka.http.EurekaApplications]
2025-04-30 01:46:47,004 DEBUG o.s.c.l.CompositeLog [DiscoveryClient-CacheRefreshExecutor-0] HTTP GET http://localhost:8761/eureka/apps/delta
2025-04-30 01:46:47,004 DEBUG o.s.c.l.CompositeLog [DiscoveryClient-HeartbeatExecutor-0] HTTP PUT http://localhost:8761/eureka/apps/USER-MANAGEMENT/Dev-MToaima.TradeNET.COM:user-management:8888?status=UP&lastDirtyTimestamp=1745938849902
2025-04-30 01:46:47,005 DEBUG o.s.c.l.CompositeLog [DiscoveryClient-HeartbeatExecutor-0] Accept=[application/json, application/*+json]
2025-04-30 01:46:47,005 DEBUG o.s.c.l.CompositeLog [DiscoveryClient-CacheRefreshExecutor-0] Accept=[application/json, application/*+json]
2025-04-30 01:46:47,020 DEBUG o.s.c.l.CompositeLog [DiscoveryClient-CacheRefreshExecutor-0] Response 200 OK
2025-04-30 01:46:47,020 DEBUG o.s.c.l.CompositeLog [DiscoveryClient-CacheRefreshExecutor-0] Reading to [org.springframework.cloud.netflix.eureka.http.EurekaApplications]
2025-04-30 01:46:47,020 DEBUG o.s.c.l.CompositeLog [DiscoveryClient-HeartbeatExecutor-0] Response 200 OK
2025-04-30 01:47:17,024 DEBUG o.s.c.l.CompositeLog [DiscoveryClient-CacheRefreshExecutor-0] HTTP GET http://localhost:8761/eureka/apps/delta
2025-04-30 01:47:17,024 DEBUG o.s.c.l.CompositeLog [DiscoveryClient-HeartbeatExecutor-0] HTTP PUT http://localhost:8761/eureka/apps/USER-MANAGEMENT/Dev-MToaima.TradeNET.COM:user-management:8888?status=UP&lastDirtyTimestamp=1745938849902
2025-04-30 01:47:17,024 DEBUG o.s.c.l.CompositeLog [DiscoveryClient-CacheRefreshExecutor-0] Accept=[application/json, application/*+json]
2025-04-30 01:47:17,024 DEBUG o.s.c.l.CompositeLog [DiscoveryClient-HeartbeatExecutor-0] Accept=[application/json, application/*+json]
2025-04-30 01:47:17,040 DEBUG o.s.c.l.CompositeLog [DiscoveryClient-CacheRefreshExecutor-0] Response 200 OK
2025-04-30 01:47:17,040 DEBUG o.s.c.l.CompositeLog [DiscoveryClient-HeartbeatExecutor-0] Response 200 OK
2025-04-30 01:47:17,041 DEBUG o.s.c.l.CompositeLog [DiscoveryClient-CacheRefreshExecutor-0] Reading to [org.springframework.cloud.netflix.eureka.http.EurekaApplications]
2025-04-30 01:47:47,042 DEBUG o.s.c.l.CompositeLog [DiscoveryClient-CacheRefreshExecutor-0] HTTP GET http://localhost:8761/eureka/apps/delta
2025-04-30 01:47:47,042 DEBUG o.s.c.l.CompositeLog [DiscoveryClient-HeartbeatExecutor-0] HTTP PUT http://localhost:8761/eureka/apps/USER-MANAGEMENT/Dev-MToaima.TradeNET.COM:user-management:8888?status=UP&lastDirtyTimestamp=1745938849902
2025-04-30 01:47:47,043 DEBUG o.s.c.l.CompositeLog [DiscoveryClient-HeartbeatExecutor-0] Accept=[application/json, application/*+json]
2025-04-30 01:47:47,043 DEBUG o.s.c.l.CompositeLog [DiscoveryClient-CacheRefreshExecutor-0] Accept=[application/json, application/*+json]
2025-04-30 01:47:47,059 DEBUG o.s.c.l.CompositeLog [DiscoveryClient-CacheRefreshExecutor-0] Response 200 OK
2025-04-30 01:47:47,059 DEBUG o.s.c.l.CompositeLog [DiscoveryClient-HeartbeatExecutor-0] Response 200 OK
2025-04-30 01:47:47,059 DEBUG o.s.c.l.CompositeLog [DiscoveryClient-CacheRefreshExecutor-0] Reading to [org.springframework.cloud.netflix.eureka.http.EurekaApplications]
2025-04-30 01:48:17,072 DEBUG o.s.c.l.CompositeLog [DiscoveryClient-HeartbeatExecutor-0] HTTP PUT http://localhost:8761/eureka/apps/USER-MANAGEMENT/Dev-MToaima.TradeNET.COM:user-management:8888?status=UP&lastDirtyTimestamp=1745938849902
2025-04-30 01:48:17,072 DEBUG o.s.c.l.CompositeLog [DiscoveryClient-CacheRefreshExecutor-0] HTTP GET http://localhost:8761/eureka/apps/delta
2025-04-30 01:48:17,073 DEBUG o.s.c.l.CompositeLog [DiscoveryClient-CacheRefreshExecutor-0] Accept=[application/json, application/*+json]
2025-04-30 01:48:17,073 DEBUG o.s.c.l.CompositeLog [DiscoveryClient-HeartbeatExecutor-0] Accept=[application/json, application/*+json]
2025-04-30 01:48:17,087 DEBUG o.s.c.l.CompositeLog [DiscoveryClient-CacheRefreshExecutor-0] Response 200 OK
2025-04-30 01:48:17,087 DEBUG o.s.c.l.CompositeLog [DiscoveryClient-HeartbeatExecutor-0] Response 200 OK
2025-04-30 01:48:17,088 DEBUG o.s.c.l.CompositeLog [DiscoveryClient-CacheRefreshExecutor-0] Reading to [org.springframework.cloud.netflix.eureka.http.EurekaApplications]
2025-04-30 01:48:47,096 DEBUG o.s.c.l.CompositeLog [DiscoveryClient-CacheRefreshExecutor-0] HTTP GET http://localhost:8761/eureka/apps/delta
2025-04-30 01:48:47,096 DEBUG o.s.c.l.CompositeLog [DiscoveryClient-HeartbeatExecutor-0] HTTP PUT http://localhost:8761/eureka/apps/USER-MANAGEMENT/Dev-MToaima.TradeNET.COM:user-management:8888?status=UP&lastDirtyTimestamp=1745938849902
2025-04-30 01:48:47,097 DEBUG o.s.c.l.CompositeLog [DiscoveryClient-CacheRefreshExecutor-0] Accept=[application/json, application/*+json]
2025-04-30 01:48:47,097 DEBUG o.s.c.l.CompositeLog [DiscoveryClient-HeartbeatExecutor-0] Accept=[application/json, application/*+json]
2025-04-30 01:48:47,112 DEBUG o.s.c.l.CompositeLog [DiscoveryClient-CacheRefreshExecutor-0] Response 200 OK
2025-04-30 01:48:47,112 DEBUG o.s.c.l.CompositeLog [DiscoveryClient-HeartbeatExecutor-0] Response 200 OK
2025-04-30 01:48:47,112 DEBUG o.s.c.l.CompositeLog [DiscoveryClient-CacheRefreshExecutor-0] Reading to [org.springframework.cloud.netflix.eureka.http.EurekaApplications]
2025-04-30 01:49:17,123 DEBUG o.s.c.l.CompositeLog [DiscoveryClient-CacheRefreshExecutor-0] HTTP GET http://localhost:8761/eureka/apps/delta
2025-04-30 01:49:17,123 DEBUG o.s.c.l.CompositeLog [DiscoveryClient-HeartbeatExecutor-0] HTTP PUT http://localhost:8761/eureka/apps/USER-MANAGEMENT/Dev-MToaima.TradeNET.COM:user-management:8888?status=UP&lastDirtyTimestamp=1745938849902
2025-04-30 01:49:17,124 DEBUG o.s.c.l.CompositeLog [DiscoveryClient-CacheRefreshExecutor-0] Accept=[application/json, application/*+json]
2025-04-30 01:49:17,124 DEBUG o.s.c.l.CompositeLog [DiscoveryClient-HeartbeatExecutor-0] Accept=[application/json, application/*+json]
2025-04-30 01:49:17,140 DEBUG o.s.c.l.CompositeLog [DiscoveryClient-CacheRefreshExecutor-0] Response 200 OK
2025-04-30 01:49:17,140 DEBUG o.s.c.l.CompositeLog [DiscoveryClient-HeartbeatExecutor-0] Response 200 OK
2025-04-30 01:49:17,141 DEBUG o.s.c.l.CompositeLog [DiscoveryClient-CacheRefreshExecutor-0] Reading to [org.springframework.cloud.netflix.eureka.http.EurekaApplications]
2025-04-30 01:49:36,358 INFO c.n.d.s.r.a.ConfigClusterResolver [AsyncResolver-bootstrap-executor-0] Resolving eureka endpoints via configuration
2025-04-30 01:49:47,149 DEBUG o.s.c.l.CompositeLog [DiscoveryClient-HeartbeatExecutor-0] HTTP PUT http://localhost:8761/eureka/apps/USER-MANAGEMENT/Dev-MToaima.TradeNET.COM:user-management:8888?status=UP&lastDirtyTimestamp=1745938849902
2025-04-30 01:49:47,149 DEBUG o.s.c.l.CompositeLog [DiscoveryClient-CacheRefreshExecutor-0] HTTP GET http://localhost:8761/eureka/apps/delta
2025-04-30 01:49:47,149 DEBUG o.s.c.l.CompositeLog [DiscoveryClient-CacheRefreshExecutor-0] Accept=[application/json, application/*+json]
2025-04-30 01:49:47,149 DEBUG o.s.c.l.CompositeLog [DiscoveryClient-HeartbeatExecutor-0] Accept=[application/json, application/*+json]
2025-04-30 01:49:47,164 DEBUG o.s.c.l.CompositeLog [DiscoveryClient-CacheRefreshExecutor-0] Response 200 OK
2025-04-30 01:49:47,164 DEBUG o.s.c.l.CompositeLog [DiscoveryClient-HeartbeatExecutor-0] Response 200 OK
2025-04-30 01:49:47,165 DEBUG o.s.c.l.CompositeLog [DiscoveryClient-CacheRefreshExecutor-0] Reading to [org.springframework.cloud.netflix.eureka.http.EurekaApplications]
2025-04-30 01:50:17,166 DEBUG o.s.c.l.CompositeLog [DiscoveryClient-HeartbeatExecutor-0] HTTP PUT http://localhost:8761/eureka/apps/USER-MANAGEMENT/Dev-MToaima.TradeNET.COM:user-management:8888?status=UP&lastDirtyTimestamp=1745938849902
2025-04-30 01:50:17,166 DEBUG o.s.c.l.CompositeLog [DiscoveryClient-HeartbeatExecutor-0] Accept=[application/json, application/*+json]
2025-04-30 01:50:17,181 DEBUG o.s.c.l.CompositeLog [DiscoveryClient-CacheRefreshExecutor-0] HTTP GET http://localhost:8761/eureka/apps/delta
2025-04-30 01:50:17,181 DEBUG o.s.c.l.CompositeLog [DiscoveryClient-CacheRefreshExecutor-0] Accept=[application/json, application/*+json]
2025-04-30 01:50:17,182 DEBUG o.s.c.l.CompositeLog [DiscoveryClient-HeartbeatExecutor-0] Response 200 OK
2025-04-30 01:50:17,197 DEBUG o.s.c.l.CompositeLog [DiscoveryClient-CacheRefreshExecutor-0] Response 200 OK
2025-04-30 01:50:17,197 DEBUG o.s.c.l.CompositeLog [DiscoveryClient-CacheRefreshExecutor-0] Reading to [org.springframework.cloud.netflix.eureka.http.EurekaApplications]
2025-04-30 01:50:47,188 DEBUG o.s.c.l.CompositeLog [DiscoveryClient-HeartbeatExecutor-0] HTTP PUT http://localhost:8761/eureka/apps/USER-MANAGEMENT/Dev-MToaima.TradeNET.COM:user-management:8888?status=UP&lastDirtyTimestamp=1745938849902
2025-04-30 01:50:47,191 DEBUG o.s.c.l.CompositeLog [DiscoveryClient-HeartbeatExecutor-0] Accept=[application/json, application/*+json]
2025-04-30 01:50:47,194 DEBUG o.s.c.l.CompositeLog [DiscoveryClient-HeartbeatExecutor-0] Response 200 OK
2025-04-30 01:50:47,200 DEBUG o.s.c.l.CompositeLog [DiscoveryClient-CacheRefreshExecutor-0] HTTP GET http://localhost:8761/eureka/apps/delta
2025-04-30 01:50:47,200 DEBUG o.s.c.l.CompositeLog [DiscoveryClient-CacheRefreshExecutor-0] Accept=[application/json, application/*+json]
2025-04-30 01:50:47,216 DEBUG o.s.c.l.CompositeLog [DiscoveryClient-CacheRefreshExecutor-0] Response 200 OK
2025-04-30 01:50:47,216 DEBUG o.s.c.l.CompositeLog [DiscoveryClient-CacheRefreshExecutor-0] Reading to [org.springframework.cloud.netflix.eureka.http.EurekaApplications]
2025-04-30 01:51:17,203 DEBUG o.s.c.l.CompositeLog [DiscoveryClient-HeartbeatExecutor-0] HTTP PUT http://localhost:8761/eureka/apps/USER-MANAGEMENT/Dev-MToaima.TradeNET.COM:user-management:8888?status=UP&lastDirtyTimestamp=1745938849902
2025-04-30 01:51:17,204 DEBUG o.s.c.l.CompositeLog [DiscoveryClient-HeartbeatExecutor-0] Accept=[application/json, application/*+json]
2025-04-30 01:51:17,219 DEBUG o.s.c.l.CompositeLog [DiscoveryClient-CacheRefreshExecutor-0] HTTP GET http://localhost:8761/eureka/apps/delta
2025-04-30 01:51:17,219 DEBUG o.s.c.l.CompositeLog [DiscoveryClient-CacheRefreshExecutor-0] Accept=[application/json, application/*+json]
2025-04-30 01:51:17,220 DEBUG o.s.c.l.CompositeLog [DiscoveryClient-HeartbeatExecutor-0] Response 200 OK
2025-04-30 01:51:17,236 DEBUG o.s.c.l.CompositeLog [DiscoveryClient-CacheRefreshExecutor-0] Response 200 OK
2025-04-30 01:51:17,236 DEBUG o.s.c.l.CompositeLog [DiscoveryClient-CacheRefreshExecutor-0] Reading to [org.springframework.cloud.netflix.eureka.http.EurekaApplications]
2025-04-30 01:51:47,221 DEBUG o.s.c.l.CompositeLog [DiscoveryClient-HeartbeatExecutor-0] HTTP PUT http://localhost:8761/eureka/apps/USER-MANAGEMENT/Dev-MToaima.TradeNET.COM:user-management:8888?status=UP&lastDirtyTimestamp=1745938849902
2025-04-30 01:51:47,221 DEBUG o.s.c.l.CompositeLog [DiscoveryClient-HeartbeatExecutor-0] Accept=[application/json, application/*+json]
2025-04-30 01:51:47,237 DEBUG o.s.c.l.CompositeLog [DiscoveryClient-CacheRefreshExecutor-0] HTTP GET http://localhost:8761/eureka/apps/delta
2025-04-30 01:51:47,237 DEBUG o.s.c.l.CompositeLog [DiscoveryClient-CacheRefreshExecutor-0] Accept=[application/json, application/*+json]
2025-04-30 01:51:47,238 DEBUG o.s.c.l.CompositeLog [DiscoveryClient-HeartbeatExecutor-0] Response 200 OK
2025-04-30 01:51:47,254 DEBUG o.s.c.l.CompositeLog [DiscoveryClient-CacheRefreshExecutor-0] Response 200 OK
2025-04-30 01:51:47,254 DEBUG o.s.c.l.CompositeLog [DiscoveryClient-CacheRefreshExecutor-0] Reading to [org.springframework.cloud.netflix.eureka.http.EurekaApplications]
2025-04-30 01:52:17,246 DEBUG o.s.c.l.CompositeLog [DiscoveryClient-HeartbeatExecutor-0] HTTP PUT http://localhost:8761/eureka/apps/USER-MANAGEMENT/Dev-MToaima.TradeNET.COM:user-management:8888?status=UP&lastDirtyTimestamp=1745938849902
2025-04-30 01:52:17,246 DEBUG o.s.c.l.CompositeLog [DiscoveryClient-HeartbeatExecutor-0] Accept=[application/json, application/*+json]
2025-04-30 01:52:17,261 DEBUG o.s.c.l.CompositeLog [DiscoveryClient-CacheRefreshExecutor-0] HTTP GET http://localhost:8761/eureka/apps/delta
2025-04-30 01:52:17,261 DEBUG o.s.c.l.CompositeLog [DiscoveryClient-CacheRefreshExecutor-0] Accept=[application/json, application/*+json]
2025-04-30 01:52:17,262 DEBUG o.s.c.l.CompositeLog [DiscoveryClient-HeartbeatExecutor-0] Response 200 OK
2025-04-30 01:52:17,278 DEBUG o.s.c.l.CompositeLog [DiscoveryClient-CacheRefreshExecutor-0] Response 200 OK
2025-04-30 01:52:17,278 DEBUG o.s.c.l.CompositeLog [DiscoveryClient-CacheRefreshExecutor-0] Reading to [org.springframework.cloud.netflix.eureka.http.EurekaApplications]
2025-04-30 01:52:47,274 DEBUG o.s.c.l.CompositeLog [DiscoveryClient-HeartbeatExecutor-0] HTTP PUT http://localhost:8761/eureka/apps/USER-MANAGEMENT/Dev-MToaima.TradeNET.COM:user-management:8888?status=UP&lastDirtyTimestamp=1745938849902
2025-04-30 01:52:47,274 DEBUG o.s.c.l.CompositeLog [DiscoveryClient-HeartbeatExecutor-0] Accept=[application/json, application/*+json]
2025-04-30 01:52:47,289 DEBUG o.s.c.l.CompositeLog [DiscoveryClient-CacheRefreshExecutor-0] HTTP GET http://localhost:8761/eureka/apps/delta
2025-04-30 01:52:47,289 DEBUG o.s.c.l.CompositeLog [DiscoveryClient-CacheRefreshExecutor-0] Accept=[application/json, application/*+json]
2025-04-30 01:52:47,291 DEBUG o.s.c.l.CompositeLog [DiscoveryClient-HeartbeatExecutor-0] Response 200 OK
2025-04-30 01:52:47,305 DEBUG o.s.c.l.CompositeLog [DiscoveryClient-CacheRefreshExecutor-0] Response 200 OK
2025-04-30 01:52:47,305 DEBUG o.s.c.l.CompositeLog [DiscoveryClient-CacheRefreshExecutor-0] Reading to [org.springframework.cloud.netflix.eureka.http.EurekaApplications]
2025-04-30 01:53:17,304 DEBUG o.s.c.l.CompositeLog [DiscoveryClient-HeartbeatExecutor-0] HTTP PUT http://localhost:8761/eureka/apps/USER-MANAGEMENT/Dev-MToaima.TradeNET.COM:user-management:8888?status=UP&lastDirtyTimestamp=1745938849902
2025-04-30 01:53:17,304 DEBUG o.s.c.l.CompositeLog [DiscoveryClient-HeartbeatExecutor-0] Accept=[application/json, application/*+json]
2025-04-30 01:53:17,319 DEBUG o.s.c.l.CompositeLog [DiscoveryClient-CacheRefreshExecutor-0] HTTP GET http://localhost:8761/eureka/apps/delta
2025-04-30 01:53:17,320 DEBUG o.s.c.l.CompositeLog [DiscoveryClient-CacheRefreshExecutor-0] Accept=[application/json, application/*+json]
2025-04-30 01:53:17,320 DEBUG o.s.c.l.CompositeLog [DiscoveryClient-HeartbeatExecutor-0] Response 200 OK
2025-04-30 01:53:17,335 DEBUG o.s.c.l.CompositeLog [DiscoveryClient-CacheRefreshExecutor-0] Response 200 OK
2025-04-30 01:53:17,335 DEBUG o.s.c.l.CompositeLog [DiscoveryClient-CacheRefreshExecutor-0] Reading to [org.springframework.cloud.netflix.eureka.http.EurekaApplications]
2025-04-30 01:53:47,330 DEBUG o.s.c.l.CompositeLog [DiscoveryClient-HeartbeatExecutor-0] HTTP PUT http://localhost:8761/eureka/apps/USER-MANAGEMENT/Dev-MToaima.TradeNET.COM:user-management:8888?status=UP&lastDirtyTimestamp=1745938849902
2025-04-30 01:53:47,330 DEBUG o.s.c.l.CompositeLog [DiscoveryClient-HeartbeatExecutor-0] Accept=[application/json, application/*+json]
2025-04-30 01:53:47,345 DEBUG o.s.c.l.CompositeLog [DiscoveryClient-CacheRefreshExecutor-0] HTTP GET http://localhost:8761/eureka/apps/delta
2025-04-30 01:53:47,345 DEBUG o.s.c.l.CompositeLog [DiscoveryClient-CacheRefreshExecutor-0] Accept=[application/json, application/*+json]
2025-04-30 01:53:47,346 DEBUG o.s.c.l.CompositeLog [DiscoveryClient-HeartbeatExecutor-0] Response 200 OK
2025-04-30 01:53:47,361 DEBUG o.s.c.l.CompositeLog [DiscoveryClient-CacheRefreshExecutor-0] Response 200 OK
2025-04-30 01:53:47,362 DEBUG o.s.c.l.CompositeLog [DiscoveryClient-CacheRefreshExecutor-0] Reading to [org.springframework.cloud.netflix.eureka.http.EurekaApplications]
2025-04-30 01:54:17,352 DEBUG o.s.c.l.CompositeLog [DiscoveryClient-HeartbeatExecutor-0] HTTP PUT http://localhost:8761/eureka/apps/USER-MANAGEMENT/Dev-MToaima.TradeNET.COM:user-management:8888?status=UP&lastDirtyTimestamp=1745938849902
2025-04-30 01:54:17,354 DEBUG o.s.c.l.CompositeLog [DiscoveryClient-HeartbeatExecutor-0] Accept=[application/json, application/*+json]
2025-04-30 01:54:17,368 DEBUG o.s.c.l.CompositeLog [DiscoveryClient-CacheRefreshExecutor-0] HTTP GET http://localhost:8761/eureka/apps/delta
2025-04-30 01:54:17,368 DEBUG o.s.c.l.CompositeLog [DiscoveryClient-CacheRefreshExecutor-0] Accept=[application/json, application/*+json]
2025-04-30 01:54:17,369 DEBUG o.s.c.l.CompositeLog [DiscoveryClient-HeartbeatExecutor-0] Response 200 OK
2025-04-30 01:54:17,384 DEBUG o.s.c.l.CompositeLog [DiscoveryClient-CacheRefreshExecutor-0] Response 200 OK
2025-04-30 01:54:17,384 DEBUG o.s.c.l.CompositeLog [DiscoveryClient-CacheRefreshExecutor-0] Reading to [org.springframework.cloud.netflix.eureka.http.EurekaApplications]
2025-04-30 01:54:36,368 INFO c.n.d.s.r.a.ConfigClusterResolver [AsyncResolver-bootstrap-executor-0] Resolving eureka endpoints via configuration
2025-04-30 01:54:47,375 DEBUG o.s.c.l.CompositeLog [DiscoveryClient-HeartbeatExecutor-0] HTTP PUT http://localhost:8761/eureka/apps/USER-MANAGEMENT/Dev-MToaima.TradeNET.COM:user-management:8888?status=UP&lastDirtyTimestamp=1745938849902
2025-04-30 01:54:47,375 DEBUG o.s.c.l.CompositeLog [DiscoveryClient-HeartbeatExecutor-0] Accept=[application/json, application/*+json]
2025-04-30 01:54:47,391 DEBUG o.s.c.l.CompositeLog [DiscoveryClient-CacheRefreshExecutor-0] HTTP GET http://localhost:8761/eureka/apps/delta
2025-04-30 01:54:47,391 DEBUG o.s.c.l.CompositeLog [DiscoveryClient-CacheRefreshExecutor-0] Accept=[application/json, application/*+json]
2025-04-30 01:54:47,392 DEBUG o.s.c.l.CompositeLog [DiscoveryClient-HeartbeatExecutor-0] Response 200 OK
2025-04-30 01:54:47,407 DEBUG o.s.c.l.CompositeLog [DiscoveryClient-CacheRefreshExecutor-0] Response 200 OK
2025-04-30 01:54:47,407 DEBUG o.s.c.l.CompositeLog [DiscoveryClient-CacheRefreshExecutor-0] Reading to [org.springframework.cloud.netflix.eureka.http.EurekaApplications]
2025-04-30 01:55:17,404 DEBUG o.s.c.l.CompositeLog [DiscoveryClient-HeartbeatExecutor-0] HTTP PUT http://localhost:8761/eureka/apps/USER-MANAGEMENT/Dev-MToaima.TradeNET.COM:user-management:8888?status=UP&lastDirtyTimestamp=1745938849902
2025-04-30 01:55:17,405 DEBUG o.s.c.l.CompositeLog [DiscoveryClient-HeartbeatExecutor-0] Accept=[application/json, application/*+json]
2025-04-30 01:55:17,419 DEBUG o.s.c.l.CompositeLog [DiscoveryClient-CacheRefreshExecutor-0] HTTP GET http://localhost:8761/eureka/apps/delta
2025-04-30 01:55:17,419 DEBUG o.s.c.l.CompositeLog [DiscoveryClient-CacheRefreshExecutor-0] Accept=[application/json, application/*+json]
2025-04-30 01:55:17,419 DEBUG o.s.c.l.CompositeLog [DiscoveryClient-HeartbeatExecutor-0] Response 200 OK
2025-04-30 01:55:17,435 DEBUG o.s.c.l.CompositeLog [DiscoveryClient-CacheRefreshExecutor-0] Response 200 OK
2025-04-30 01:55:17,435 DEBUG o.s.c.l.CompositeLog [DiscoveryClient-CacheRefreshExecutor-0] Reading to [org.springframework.cloud.netflix.eureka.http.EurekaApplications]
2025-04-30 01:55:47,432 DEBUG o.s.c.l.CompositeLog [DiscoveryClient-HeartbeatExecutor-0] HTTP PUT http://localhost:8761/eureka/apps/USER-MANAGEMENT/Dev-MToaima.TradeNET.COM:user-management:8888?status=UP&lastDirtyTimestamp=1745938849902
2025-04-30 01:55:47,433 DEBUG o.s.c.l.CompositeLog [DiscoveryClient-HeartbeatExecutor-0] Accept=[application/json, application/*+json]
2025-04-30 01:55:47,447 DEBUG o.s.c.l.CompositeLog [DiscoveryClient-CacheRefreshExecutor-0] HTTP GET http://localhost:8761/eureka/apps/delta
2025-04-30 01:55:47,447 DEBUG o.s.c.l.CompositeLog [DiscoveryClient-CacheRefreshExecutor-0] Accept=[application/json, application/*+json]
2025-04-30 01:55:47,448 DEBUG o.s.c.l.CompositeLog [DiscoveryClient-HeartbeatExecutor-0] Response 200 OK
2025-04-30 01:55:47,463 DEBUG o.s.c.l.CompositeLog [DiscoveryClient-CacheRefreshExecutor-0] Response 200 OK
2025-04-30 01:55:47,463 DEBUG o.s.c.l.CompositeLog [DiscoveryClient-CacheRefreshExecutor-0] Reading to [org.springframework.cloud.netflix.eureka.http.EurekaApplications]
2025-04-30 01:56:17,458 DEBUG o.s.c.l.CompositeLog [DiscoveryClient-HeartbeatExecutor-0] HTTP PUT http://localhost:8761/eureka/apps/USER-MANAGEMENT/Dev-MToaima.TradeNET.COM:user-management:8888?status=UP&lastDirtyTimestamp=1745938849902
2025-04-30 01:56:17,458 DEBUG o.s.c.l.CompositeLog [DiscoveryClient-HeartbeatExecutor-0] Accept=[application/json, application/*+json]
2025-04-30 01:56:17,473 DEBUG o.s.c.l.CompositeLog [DiscoveryClient-CacheRefreshExecutor-0] HTTP GET http://localhost:8761/eureka/apps/delta
2025-04-30 01:56:17,473 DEBUG o.s.c.l.CompositeLog [DiscoveryClient-CacheRefreshExecutor-0] Accept=[application/json, application/*+json]
2025-04-30 01:56:17,474 DEBUG o.s.c.l.CompositeLog [DiscoveryClient-HeartbeatExecutor-0] Response 200 OK
2025-04-30 01:56:17,490 DEBUG o.s.c.l.CompositeLog [DiscoveryClient-CacheRefreshExecutor-0] Response 200 OK
2025-04-30 01:56:17,491 DEBUG o.s.c.l.CompositeLog [DiscoveryClient-CacheRefreshExecutor-0] Reading to [org.springframework.cloud.netflix.eureka.http.EurekaApplications]
2025-04-30 01:56:47,479 DEBUG o.s.c.l.CompositeLog [DiscoveryClient-HeartbeatExecutor-0] HTTP PUT http://localhost:8761/eureka/apps/USER-MANAGEMENT/Dev-MToaima.TradeNET.COM:user-management:8888?status=UP&lastDirtyTimestamp=1745938849902
2025-04-30 01:56:47,479 DEBUG o.s.c.l.CompositeLog [DiscoveryClient-HeartbeatExecutor-0] Accept=[application/json, application/*+json]
2025-04-30 01:56:47,494 DEBUG o.s.c.l.CompositeLog [DiscoveryClient-CacheRefreshExecutor-0] HTTP GET http://localhost:8761/eureka/apps/delta
2025-04-30 01:56:47,494 DEBUG o.s.c.l.CompositeLog [DiscoveryClient-CacheRefreshExecutor-0] Accept=[application/json, application/*+json]
2025-04-30 01:56:47,495 DEBUG o.s.c.l.CompositeLog [DiscoveryClient-HeartbeatExecutor-0] Response 200 OK
2025-04-30 01:56:47,510 DEBUG o.s.c.l.CompositeLog [DiscoveryClient-CacheRefreshExecutor-0] Response 200 OK
2025-04-30 01:56:47,510 DEBUG o.s.c.l.CompositeLog [DiscoveryClient-CacheRefreshExecutor-0] Reading to [org.springframework.cloud.netflix.eureka.http.EurekaApplications]
2025-04-30 01:57:17,508 DEBUG o.s.c.l.CompositeLog [DiscoveryClient-HeartbeatExecutor-0] HTTP PUT http://localhost:8761/eureka/apps/USER-MANAGEMENT/Dev-MToaima.TradeNET.COM:user-management:8888?status=UP&lastDirtyTimestamp=1745938849902
2025-04-30 01:57:17,508 DEBUG o.s.c.l.CompositeLog [DiscoveryClient-HeartbeatExecutor-0] Accept=[application/json, application/*+json]
2025-04-30 01:57:17,524 DEBUG o.s.c.l.CompositeLog [DiscoveryClient-CacheRefreshExecutor-0] HTTP GET http://localhost:8761/eureka/apps/delta
2025-04-30 01:57:17,524 DEBUG o.s.c.l.CompositeLog [DiscoveryClient-CacheRefreshExecutor-0] Accept=[application/json, application/*+json]
2025-04-30 01:57:17,525 DEBUG o.s.c.l.CompositeLog [DiscoveryClient-HeartbeatExecutor-0] Response 200 OK
2025-04-30 01:57:17,540 DEBUG o.s.c.l.CompositeLog [DiscoveryClient-CacheRefreshExecutor-0] Response 200 OK
2025-04-30 01:57:17,540 DEBUG o.s.c.l.CompositeLog [DiscoveryClient-CacheRefreshExecutor-0] Reading to [org.springframework.cloud.netflix.eureka.http.EurekaApplications]
2025-04-30 01:57:47,537 DEBUG o.s.c.l.CompositeLog [DiscoveryClient-HeartbeatExecutor-0] HTTP PUT http://localhost:8761/eureka/apps/USER-MANAGEMENT/Dev-MToaima.TradeNET.COM:user-management:8888?status=UP&lastDirtyTimestamp=1745938849902
2025-04-30 01:57:47,537 DEBUG o.s.c.l.CompositeLog [DiscoveryClient-HeartbeatExecutor-0] Accept=[application/json, application/*+json]
2025-04-30 01:57:47,553 DEBUG o.s.c.l.CompositeLog [DiscoveryClient-CacheRefreshExecutor-0] HTTP GET http://localhost:8761/eureka/apps/delta
2025-04-30 01:57:47,553 DEBUG o.s.c.l.CompositeLog [DiscoveryClient-CacheRefreshExecutor-0] Accept=[application/json, application/*+json]
2025-04-30 01:57:47,554 DEBUG o.s.c.l.CompositeLog [DiscoveryClient-HeartbeatExecutor-0] Response 200 OK
2025-04-30 01:57:47,569 DEBUG o.s.c.l.CompositeLog [DiscoveryClient-CacheRefreshExecutor-0] Response 200 OK
2025-04-30 01:57:47,570 DEBUG o.s.c.l.CompositeLog [DiscoveryClient-CacheRefreshExecutor-0] Reading to [org.springframework.cloud.netflix.eureka.http.EurekaApplications]
2025-04-30 01:58:17,562 DEBUG o.s.c.l.CompositeLog [DiscoveryClient-HeartbeatExecutor-0] HTTP PUT http://localhost:8761/eureka/apps/USER-MANAGEMENT/Dev-MToaima.TradeNET.COM:user-management:8888?status=UP&lastDirtyTimestamp=1745938849902
2025-04-30 01:58:17,563 DEBUG o.s.c.l.CompositeLog [DiscoveryClient-HeartbeatExecutor-0] Accept=[application/json, application/*+json]
2025-04-30 01:58:17,578 DEBUG o.s.c.l.CompositeLog [DiscoveryClient-CacheRefreshExecutor-0] HTTP GET http://localhost:8761/eureka/apps/delta
2025-04-30 01:58:17,578 DEBUG o.s.c.l.CompositeLog [DiscoveryClient-CacheRefreshExecutor-0] Accept=[application/json, application/*+json]
2025-04-30 01:58:17,580 DEBUG o.s.c.l.CompositeLog [DiscoveryClient-HeartbeatExecutor-0] Response 200 OK
2025-04-30 01:58:17,594 DEBUG o.s.c.l.CompositeLog [DiscoveryClient-CacheRefreshExecutor-0] Response 200 OK
2025-04-30 01:58:17,594 DEBUG o.s.c.l.CompositeLog [DiscoveryClient-CacheRefreshExecutor-0] Reading to [org.springframework.cloud.netflix.eureka.http.EurekaApplications]
2025-04-30 01:58:47,589 DEBUG o.s.c.l.CompositeLog [DiscoveryClient-HeartbeatExecutor-0] HTTP PUT http://localhost:8761/eureka/apps/USER-MANAGEMENT/Dev-MToaima.TradeNET.COM:user-management:8888?status=UP&lastDirtyTimestamp=1745938849902
2025-04-30 01:58:47,589 DEBUG o.s.c.l.CompositeLog [DiscoveryClient-HeartbeatExecutor-0] Accept=[application/json, application/*+json]
2025-04-30 01:58:47,605 DEBUG o.s.c.l.CompositeLog [DiscoveryClient-CacheRefreshExecutor-0] HTTP GET http://localhost:8761/eureka/apps/delta
2025-04-30 01:58:47,605 DEBUG o.s.c.l.CompositeLog [DiscoveryClient-CacheRefreshExecutor-0] Accept=[application/json, application/*+json]
2025-04-30 01:58:47,605 DEBUG o.s.c.l.CompositeLog [DiscoveryClient-HeartbeatExecutor-0] Response 200 OK
2025-04-30 01:58:47,621 DEBUG o.s.c.l.CompositeLog [DiscoveryClient-CacheRefreshExecutor-0] Response 200 OK
2025-04-30 01:58:47,622 DEBUG o.s.c.l.CompositeLog [DiscoveryClient-CacheRefreshExecutor-0] Reading to [org.springframework.cloud.netflix.eureka.http.EurekaApplications]
2025-04-30 01:59:17,613 DEBUG o.s.c.l.CompositeLog [DiscoveryClient-HeartbeatExecutor-0] HTTP PUT http://localhost:8761/eureka/apps/USER-MANAGEMENT/Dev-MToaima.TradeNET.COM:user-management:8888?status=UP&lastDirtyTimestamp=1745938849902
2025-04-30 01:59:17,614 DEBUG o.s.c.l.CompositeLog [DiscoveryClient-HeartbeatExecutor-0] Accept=[application/json, application/*+json]
2025-04-30 01:59:17,628 DEBUG o.s.c.l.CompositeLog [DiscoveryClient-CacheRefreshExecutor-0] HTTP GET http://localhost:8761/eureka/apps/delta
2025-04-30 01:59:17,628 DEBUG o.s.c.l.CompositeLog [DiscoveryClient-CacheRefreshExecutor-0] Accept=[application/json, application/*+json]
2025-04-30 01:59:17,630 DEBUG o.s.c.l.CompositeLog [DiscoveryClient-HeartbeatExecutor-0] Response 200 OK
2025-04-30 01:59:17,646 DEBUG o.s.c.l.CompositeLog [DiscoveryClient-CacheRefreshExecutor-0] Response 200 OK
2025-04-30 01:59:17,646 DEBUG o.s.c.l.CompositeLog [DiscoveryClient-CacheRefreshExecutor-0] Reading to [org.springframework.cloud.netflix.eureka.http.EurekaApplications]
2025-04-30 01:59:36,382 INFO c.n.d.s.r.a.ConfigClusterResolver [AsyncResolver-bootstrap-executor-0] Resolving eureka endpoints via configuration
2025-04-30 01:59:47,631 DEBUG o.s.c.l.CompositeLog [DiscoveryClient-HeartbeatExecutor-0] HTTP PUT http://localhost:8761/eureka/apps/USER-MANAGEMENT/Dev-MToaima.TradeNET.COM:user-management:8888?status=UP&lastDirtyTimestamp=1745938849902
2025-04-30 01:59:47,631 DEBUG o.s.c.l.CompositeLog [DiscoveryClient-HeartbeatExecutor-0] Accept=[application/json, application/*+json]
2025-04-30 01:59:47,647 DEBUG o.s.c.l.CompositeLog [DiscoveryClient-HeartbeatExecutor-0] Response 200 OK
2025-04-30 01:59:47,650 DEBUG o.s.c.l.CompositeLog [DiscoveryClient-CacheRefreshExecutor-0] HTTP GET http://localhost:8761/eureka/apps/delta
2025-04-30 01:59:47,655 DEBUG o.s.c.l.CompositeLog [DiscoveryClient-CacheRefreshExecutor-0] Accept=[application/json, application/*+json]
2025-04-30 01:59:47,658 DEBUG o.s.c.l.CompositeLog [DiscoveryClient-CacheRefreshExecutor-0] Response 200 OK
2025-04-30 01:59:47,659 DEBUG o.s.c.l.CompositeLog [DiscoveryClient-CacheRefreshExecutor-0] Reading to [org.springframework.cloud.netflix.eureka.http.EurekaApplications]
2025-04-30 02:00:17,661 DEBUG o.s.c.l.CompositeLog [DiscoveryClient-CacheRefreshExecutor-0] HTTP GET http://localhost:8761/eureka/apps/delta
2025-04-30 02:00:17,661 DEBUG o.s.c.l.CompositeLog [DiscoveryClient-HeartbeatExecutor-0] HTTP PUT http://localhost:8761/eureka/apps/USER-MANAGEMENT/Dev-MToaima.TradeNET.COM:user-management:8888?status=UP&lastDirtyTimestamp=1745938849902
2025-04-30 02:00:17,661 DEBUG o.s.c.l.CompositeLog [DiscoveryClient-HeartbeatExecutor-0] Accept=[application/json, application/*+json]
2025-04-30 02:00:17,661 DEBUG o.s.c.l.CompositeLog [DiscoveryClient-CacheRefreshExecutor-0] Accept=[application/json, application/*+json]
2025-04-30 02:00:17,677 DEBUG o.s.c.l.CompositeLog [DiscoveryClient-HeartbeatExecutor-0] Response 200 OK
2025-04-30 02:00:17,677 DEBUG o.s.c.l.CompositeLog [DiscoveryClient-CacheRefreshExecutor-0] Response 200 OK
2025-04-30 02:00:17,677 DEBUG o.s.c.l.CompositeLog [DiscoveryClient-CacheRefreshExecutor-0] Reading to [org.springframework.cloud.netflix.eureka.http.EurekaApplications]
2025-04-30 02:00:47,689 DEBUG o.s.c.l.CompositeLog [DiscoveryClient-CacheRefreshExecutor-0] HTTP GET http://localhost:8761/eureka/apps/delta
2025-04-30 02:00:47,689 DEBUG o.s.c.l.CompositeLog [DiscoveryClient-HeartbeatExecutor-0] HTTP PUT http://localhost:8761/eureka/apps/USER-MANAGEMENT/Dev-MToaima.TradeNET.COM:user-management:8888?status=UP&lastDirtyTimestamp=1745938849902
2025-04-30 02:00:47,689 DEBUG o.s.c.l.CompositeLog [DiscoveryClient-CacheRefreshExecutor-0] Accept=[application/json, application/*+json]
2025-04-30 02:00:47,689 DEBUG o.s.c.l.CompositeLog [DiscoveryClient-HeartbeatExecutor-0] Accept=[application/json, application/*+json]
2025-04-30 02:00:47,705 DEBUG o.s.c.l.CompositeLog [DiscoveryClient-CacheRefreshExecutor-0] Response 200 OK
2025-04-30 02:00:47,705 DEBUG o.s.c.l.CompositeLog [DiscoveryClient-HeartbeatExecutor-0] Response 200 OK
2025-04-30 02:00:47,706 DEBUG o.s.c.l.CompositeLog [DiscoveryClient-CacheRefreshExecutor-0] Reading to [org.springframework.cloud.netflix.eureka.http.EurekaApplications]
2025-04-30 02:01:17,708 DEBUG o.s.c.l.CompositeLog [DiscoveryClient-HeartbeatExecutor-0] HTTP PUT http://localhost:8761/eureka/apps/USER-MANAGEMENT/Dev-MToaima.TradeNET.COM:user-management:8888?status=UP&lastDirtyTimestamp=1745938849902
2025-04-30 02:01:17,708 DEBUG o.s.c.l.CompositeLog [DiscoveryClient-CacheRefreshExecutor-0] HTTP GET http://localhost:8761/eureka/apps/delta
2025-04-30 02:01:17,708 DEBUG o.s.c.l.CompositeLog [DiscoveryClient-CacheRefreshExecutor-0] Accept=[application/json, application/*+json]
2025-04-30 02:01:17,708 DEBUG o.s.c.l.CompositeLog [DiscoveryClient-HeartbeatExecutor-0] Accept=[application/json, application/*+json]
2025-04-30 02:01:17,724 DEBUG o.s.c.l.CompositeLog [DiscoveryClient-CacheRefreshExecutor-0] Response 200 OK
2025-04-30 02:01:17,724 DEBUG o.s.c.l.CompositeLog [DiscoveryClient-HeartbeatExecutor-0] Response 200 OK
2025-04-30 02:01:17,724 DEBUG o.s.c.l.CompositeLog [DiscoveryClient-CacheRefreshExecutor-0] Reading to [org.springframework.cloud.netflix.eureka.http.EurekaApplications]
2025-04-30 02:01:47,733 DEBUG o.s.c.l.CompositeLog [DiscoveryClient-CacheRefreshExecutor-0] HTTP GET http://localhost:8761/eureka/apps/delta
2025-04-30 02:01:47,733 DEBUG o.s.c.l.CompositeLog [DiscoveryClient-HeartbeatExecutor-0] HTTP PUT http://localhost:8761/eureka/apps/USER-MANAGEMENT/Dev-MToaima.TradeNET.COM:user-management:8888?status=UP&lastDirtyTimestamp=1745938849902
2025-04-30 02:01:47,734 DEBUG o.s.c.l.CompositeLog [DiscoveryClient-CacheRefreshExecutor-0] Accept=[application/json, application/*+json]
2025-04-30 02:01:47,734 DEBUG o.s.c.l.CompositeLog [DiscoveryClient-HeartbeatExecutor-0] Accept=[application/json, application/*+json]
2025-04-30 02:01:47,749 DEBUG o.s.c.l.CompositeLog [DiscoveryClient-HeartbeatExecutor-0] Response 200 OK
2025-04-30 02:01:47,749 DEBUG o.s.c.l.CompositeLog [DiscoveryClient-CacheRefreshExecutor-0] Response 200 OK
2025-04-30 02:01:47,750 DEBUG o.s.c.l.CompositeLog [DiscoveryClient-CacheRefreshExecutor-0] Reading to [org.springframework.cloud.netflix.eureka.http.EurekaApplications]
2025-04-30 02:02:17,750 DEBUG o.s.c.l.CompositeLog [DiscoveryClient-HeartbeatExecutor-0] HTTP PUT http://localhost:8761/eureka/apps/USER-MANAGEMENT/Dev-MToaima.TradeNET.COM:user-management:8888?status=UP&lastDirtyTimestamp=1745938849902
2025-04-30 02:02:17,750 DEBUG o.s.c.l.CompositeLog [DiscoveryClient-CacheRefreshExecutor-0] HTTP GET http://localhost:8761/eureka/apps/delta
2025-04-30 02:02:17,750 DEBUG o.s.c.l.CompositeLog [DiscoveryClient-HeartbeatExecutor-0] Accept=[application/json, application/*+json]
2025-04-30 02:02:17,750 DEBUG o.s.c.l.CompositeLog [DiscoveryClient-CacheRefreshExecutor-0] Accept=[application/json, application/*+json]
2025-04-30 02:02:17,767 DEBUG o.s.c.l.CompositeLog [DiscoveryClient-CacheRefreshExecutor-0] Response 200 OK
2025-04-30 02:02:17,767 DEBUG o.s.c.l.CompositeLog [DiscoveryClient-HeartbeatExecutor-0] Response 200 OK
2025-04-30 02:02:17,768 DEBUG o.s.c.l.CompositeLog [DiscoveryClient-CacheRefreshExecutor-0] Reading to [org.springframework.cloud.netflix.eureka.http.EurekaApplications]
2025-04-30 02:02:47,773 DEBUG o.s.c.l.CompositeLog [DiscoveryClient-HeartbeatExecutor-0] HTTP PUT http://localhost:8761/eureka/apps/USER-MANAGEMENT/Dev-MToaima.TradeNET.COM:user-management:8888?status=UP&lastDirtyTimestamp=1745938849902
2025-04-30 02:02:47,773 DEBUG o.s.c.l.CompositeLog [DiscoveryClient-CacheRefreshExecutor-0] HTTP GET http://localhost:8761/eureka/apps/delta
2025-04-30 02:02:47,773 DEBUG o.s.c.l.CompositeLog [DiscoveryClient-HeartbeatExecutor-0] Accept=[application/json, application/*+json]
2025-04-30 02:02:47,773 DEBUG o.s.c.l.CompositeLog [DiscoveryClient-CacheRefreshExecutor-0] Accept=[application/json, application/*+json]
2025-04-30 02:02:47,789 DEBUG o.s.c.l.CompositeLog [DiscoveryClient-HeartbeatExecutor-0] Response 200 OK
2025-04-30 02:02:47,789 DEBUG o.s.c.l.CompositeLog [DiscoveryClient-CacheRefreshExecutor-0] Response 200 OK
2025-04-30 02:02:47,789 DEBUG o.s.c.l.CompositeLog [DiscoveryClient-CacheRefreshExecutor-0] Reading to [org.springframework.cloud.netflix.eureka.http.EurekaApplications]
2025-04-30 02:03:17,794 DEBUG o.s.c.l.CompositeLog [DiscoveryClient-HeartbeatExecutor-0] HTTP PUT http://localhost:8761/eureka/apps/USER-MANAGEMENT/Dev-MToaima.TradeNET.COM:user-management:8888?status=UP&lastDirtyTimestamp=1745938849902
2025-04-30 02:03:17,794 DEBUG o.s.c.l.CompositeLog [DiscoveryClient-CacheRefreshExecutor-0] HTTP GET http://localhost:8761/eureka/apps/delta
2025-04-30 02:03:17,794 DEBUG o.s.c.l.CompositeLog [DiscoveryClient-HeartbeatExecutor-0] Accept=[application/json, application/*+json]
2025-04-30 02:03:17,794 DEBUG o.s.c.l.CompositeLog [DiscoveryClient-CacheRefreshExecutor-0] Accept=[application/json, application/*+json]
2025-04-30 02:03:17,810 DEBUG o.s.c.l.CompositeLog [DiscoveryClient-CacheRefreshExecutor-0] Response 200 OK
2025-04-30 02:03:17,810 DEBUG o.s.c.l.CompositeLog [DiscoveryClient-HeartbeatExecutor-0] Response 200 OK
2025-04-30 02:03:17,810 DEBUG o.s.c.l.CompositeLog [DiscoveryClient-CacheRefreshExecutor-0] Reading to [org.springframework.cloud.netflix.eureka.http.EurekaApplications]
2025-04-30 02:03:47,825 DEBUG o.s.c.l.CompositeLog [DiscoveryClient-HeartbeatExecutor-0] HTTP PUT http://localhost:8761/eureka/apps/USER-MANAGEMENT/Dev-MToaima.TradeNET.COM:user-management:8888?status=UP&lastDirtyTimestamp=1745938849902
2025-04-30 02:03:47,825 DEBUG o.s.c.l.CompositeLog [DiscoveryClient-CacheRefreshExecutor-0] HTTP GET http://localhost:8761/eureka/apps/delta
2025-04-30 02:03:47,826 DEBUG o.s.c.l.CompositeLog [DiscoveryClient-CacheRefreshExecutor-0] Accept=[application/json, application/*+json]
2025-04-30 02:03:47,826 DEBUG o.s.c.l.CompositeLog [DiscoveryClient-HeartbeatExecutor-0] Accept=[application/json, application/*+json]
2025-04-30 02:03:47,842 DEBUG o.s.c.l.CompositeLog [DiscoveryClient-HeartbeatExecutor-0] Response 200 OK
2025-04-30 02:03:47,842 DEBUG o.s.c.l.CompositeLog [DiscoveryClient-CacheRefreshExecutor-0] Response 200 OK
2025-04-30 02:03:47,842 DEBUG o.s.c.l.CompositeLog [DiscoveryClient-CacheRefreshExecutor-0] Reading to [org.springframework.cloud.netflix.eureka.http.EurekaApplications]
2025-04-30 02:04:17,855 DEBUG o.s.c.l.CompositeLog [DiscoveryClient-CacheRefreshExecutor-0] HTTP GET http://localhost:8761/eureka/apps/delta
2025-04-30 02:04:17,855 DEBUG o.s.c.l.CompositeLog [DiscoveryClient-HeartbeatExecutor-0] HTTP PUT http://localhost:8761/eureka/apps/USER-MANAGEMENT/Dev-MToaima.TradeNET.COM:user-management:8888?status=UP&lastDirtyTimestamp=1745938849902
2025-04-30 02:04:17,855 DEBUG o.s.c.l.CompositeLog [DiscoveryClient-HeartbeatExecutor-0] Accept=[application/json, application/*+json]
2025-04-30 02:04:17,855 DEBUG o.s.c.l.CompositeLog [DiscoveryClient-CacheRefreshExecutor-0] Accept=[application/json, application/*+json]
2025-04-30 02:04:17,861 DEBUG o.s.c.l.CompositeLog [DiscoveryClient-CacheRefreshExecutor-0] Response 200 OK
2025-04-30 02:04:17,861 DEBUG o.s.c.l.CompositeLog [DiscoveryClient-HeartbeatExecutor-0] Response 200 OK
2025-04-30 02:04:17,861 DEBUG o.s.c.l.CompositeLog [DiscoveryClient-CacheRefreshExecutor-0] Reading to [org.springframework.cloud.netflix.eureka.http.EurekaApplications]
2025-04-30 02:04:36,393 INFO c.n.d.s.r.a.ConfigClusterResolver [AsyncResolver-bootstrap-executor-0] Resolving eureka endpoints via configuration
2025-04-30 02:04:47,871 DEBUG o.s.c.l.CompositeLog [DiscoveryClient-CacheRefreshExecutor-0] HTTP GET http://localhost:8761/eureka/apps/delta
2025-04-30 02:04:47,871 DEBUG o.s.c.l.CompositeLog [DiscoveryClient-HeartbeatExecutor-0] HTTP PUT http://localhost:8761/eureka/apps/USER-MANAGEMENT/Dev-MToaima.TradeNET.COM:user-management:8888?status=UP&lastDirtyTimestamp=1745938849902
2025-04-30 02:04:47,872 DEBUG o.s.c.l.CompositeLog [DiscoveryClient-CacheRefreshExecutor-0] Accept=[application/json, application/*+json]
2025-04-30 02:04:47,872 DEBUG o.s.c.l.CompositeLog [DiscoveryClient-HeartbeatExecutor-0] Accept=[application/json, application/*+json]
2025-04-30 02:04:47,886 DEBUG o.s.c.l.CompositeLog [DiscoveryClient-HeartbeatExecutor-0] Response 200 OK
2025-04-30 02:04:47,886 DEBUG o.s.c.l.CompositeLog [DiscoveryClient-CacheRefreshExecutor-0] Response 200 OK
2025-04-30 02:04:47,887 DEBUG o.s.c.l.CompositeLog [DiscoveryClient-CacheRefreshExecutor-0] Reading to [org.springframework.cloud.netflix.eureka.http.EurekaApplications]
2025-04-30 02:05:17,894 DEBUG o.s.c.l.CompositeLog [DiscoveryClient-CacheRefreshExecutor-0] HTTP GET http://localhost:8761/eureka/apps/delta
2025-04-30 02:05:17,894 DEBUG o.s.c.l.CompositeLog [DiscoveryClient-HeartbeatExecutor-0] HTTP PUT http://localhost:8761/eureka/apps/USER-MANAGEMENT/Dev-MToaima.TradeNET.COM:user-management:8888?status=UP&lastDirtyTimestamp=1745938849902
2025-04-30 02:05:17,894 DEBUG o.s.c.l.CompositeLog [DiscoveryClient-CacheRefreshExecutor-0] Accept=[application/json, application/*+json]
2025-04-30 02:05:17,894 DEBUG o.s.c.l.CompositeLog [DiscoveryClient-HeartbeatExecutor-0] Accept=[application/json, application/*+json]
2025-04-30 02:05:17,896 DEBUG o.s.c.l.CompositeLog [DiscoveryClient-CacheRefreshExecutor-0] Response 200 OK
2025-04-30 02:05:17,896 DEBUG o.s.c.l.CompositeLog [DiscoveryClient-HeartbeatExecutor-0] Response 200 OK
2025-04-30 02:05:17,897 DEBUG o.s.c.l.CompositeLog [DiscoveryClient-CacheRefreshExecutor-0] Reading to [org.springframework.cloud.netflix.eureka.http.EurekaApplications]
2025-04-30 02:05:47,904 DEBUG o.s.c.l.CompositeLog [DiscoveryClient-CacheRefreshExecutor-0] HTTP GET http://localhost:8761/eureka/apps/delta
2025-04-30 02:05:47,904 DEBUG o.s.c.l.CompositeLog [DiscoveryClient-HeartbeatExecutor-0] HTTP PUT http://localhost:8761/eureka/apps/USER-MANAGEMENT/Dev-MToaima.TradeNET.COM:user-management:8888?status=UP&lastDirtyTimestamp=1745938849902
2025-04-30 02:05:47,905 DEBUG o.s.c.l.CompositeLog [DiscoveryClient-HeartbeatExecutor-0] Accept=[application/json, application/*+json]
2025-04-30 02:05:47,905 DEBUG o.s.c.l.CompositeLog [DiscoveryClient-CacheRefreshExecutor-0] Accept=[application/json, application/*+json]
2025-04-30 02:05:47,922 DEBUG o.s.c.l.CompositeLog [DiscoveryClient-CacheRefreshExecutor-0] Response 200 OK
2025-04-30 02:05:47,922 DEBUG o.s.c.l.CompositeLog [DiscoveryClient-HeartbeatExecutor-0] Response 200 OK
2025-04-30 02:05:47,922 DEBUG o.s.c.l.CompositeLog [DiscoveryClient-CacheRefreshExecutor-0] Reading to [org.springframework.cloud.netflix.eureka.http.EurekaApplications]
2025-04-30 02:06:17,929 DEBUG o.s.c.l.CompositeLog [DiscoveryClient-CacheRefreshExecutor-0] HTTP GET http://localhost:8761/eureka/apps/delta
2025-04-30 02:06:17,929 DEBUG o.s.c.l.CompositeLog [DiscoveryClient-HeartbeatExecutor-0] HTTP PUT http://localhost:8761/eureka/apps/USER-MANAGEMENT/Dev-MToaima.TradeNET.COM:user-management:8888?status=UP&lastDirtyTimestamp=1745938849902
2025-04-30 02:06:17,929 DEBUG o.s.c.l.CompositeLog [DiscoveryClient-HeartbeatExecutor-0] Accept=[application/json, application/*+json]
2025-04-30 02:06:17,929 DEBUG o.s.c.l.CompositeLog [DiscoveryClient-CacheRefreshExecutor-0] Accept=[application/json, application/*+json]
2025-04-30 02:06:17,945 DEBUG o.s.c.l.CompositeLog [DiscoveryClient-HeartbeatExecutor-0] Response 200 OK
2025-04-30 02:06:17,945 DEBUG o.s.c.l.CompositeLog [DiscoveryClient-CacheRefreshExecutor-0] Response 200 OK
2025-04-30 02:06:17,946 DEBUG o.s.c.l.CompositeLog [DiscoveryClient-CacheRefreshExecutor-0] Reading to [org.springframework.cloud.netflix.eureka.http.EurekaApplications]
2025-04-30 02:06:47,959 DEBUG o.s.c.l.CompositeLog [DiscoveryClient-HeartbeatExecutor-0] HTTP PUT http://localhost:8761/eureka/apps/USER-MANAGEMENT/Dev-MToaima.TradeNET.COM:user-management:8888?status=UP&lastDirtyTimestamp=1745938849902
2025-04-30 02:06:47,959 DEBUG o.s.c.l.CompositeLog [DiscoveryClient-CacheRefreshExecutor-0] HTTP GET http://localhost:8761/eureka/apps/delta
2025-04-30 02:06:47,960 DEBUG o.s.c.l.CompositeLog [DiscoveryClient-CacheRefreshExecutor-0] Accept=[application/json, application/*+json]
2025-04-30 02:06:47,960 DEBUG o.s.c.l.CompositeLog [DiscoveryClient-HeartbeatExecutor-0] Accept=[application/json, application/*+json]
2025-04-30 02:06:47,976 DEBUG o.s.c.l.CompositeLog [DiscoveryClient-CacheRefreshExecutor-0] Response 200 OK
2025-04-30 02:06:47,976 DEBUG o.s.c.l.CompositeLog [DiscoveryClient-HeartbeatExecutor-0] Response 200 OK
2025-04-30 02:06:47,976 DEBUG o.s.c.l.CompositeLog [DiscoveryClient-CacheRefreshExecutor-0] Reading to [org.springframework.cloud.netflix.eureka.http.EurekaApplications]
2025-04-30 02:07:17,978 DEBUG o.s.c.l.CompositeLog [DiscoveryClient-HeartbeatExecutor-0] HTTP PUT http://localhost:8761/eureka/apps/USER-MANAGEMENT/Dev-MToaima.TradeNET.COM:user-management:8888?status=UP&lastDirtyTimestamp=1745938849902
2025-04-30 02:07:17,978 DEBUG o.s.c.l.CompositeLog [DiscoveryClient-CacheRefreshExecutor-0] HTTP GET http://localhost:8761/eureka/apps/delta
2025-04-30 02:07:17,978 DEBUG o.s.c.l.CompositeLog [DiscoveryClient-HeartbeatExecutor-0] Accept=[application/json, application/*+json]
2025-04-30 02:07:17,978 DEBUG o.s.c.l.CompositeLog [DiscoveryClient-CacheRefreshExecutor-0] Accept=[application/json, application/*+json]
2025-04-30 02:07:17,994 DEBUG o.s.c.l.CompositeLog [DiscoveryClient-HeartbeatExecutor-0] Response 200 OK
2025-04-30 02:07:17,994 DEBUG o.s.c.l.CompositeLog [DiscoveryClient-CacheRefreshExecutor-0] Response 200 OK
2025-04-30 02:07:17,994 DEBUG o.s.c.l.CompositeLog [DiscoveryClient-CacheRefreshExecutor-0] Reading to [org.springframework.cloud.netflix.eureka.http.EurekaApplications]
2025-04-30 02:07:47,998 DEBUG o.s.c.l.CompositeLog [DiscoveryClient-HeartbeatExecutor-0] HTTP PUT http://localhost:8761/eureka/apps/USER-MANAGEMENT/Dev-MToaima.TradeNET.COM:user-management:8888?status=UP&lastDirtyTimestamp=1745938849902
2025-04-30 02:07:47,998 DEBUG o.s.c.l.CompositeLog [DiscoveryClient-CacheRefreshExecutor-0] HTTP GET http://localhost:8761/eureka/apps/delta
2025-04-30 02:07:47,998 DEBUG o.s.c.l.CompositeLog [DiscoveryClient-CacheRefreshExecutor-0] Accept=[application/json, application/*+json]
2025-04-30 02:07:47,998 DEBUG o.s.c.l.CompositeLog [DiscoveryClient-HeartbeatExecutor-0] Accept=[application/json, application/*+json]
2025-04-30 02:07:48,014 DEBUG o.s.c.l.CompositeLog [DiscoveryClient-CacheRefreshExecutor-0] Response 200 OK
2025-04-30 02:07:48,014 DEBUG o.s.c.l.CompositeLog [DiscoveryClient-HeartbeatExecutor-0] Response 200 OK
2025-04-30 02:07:48,014 DEBUG o.s.c.l.CompositeLog [DiscoveryClient-CacheRefreshExecutor-0] Reading to [org.springframework.cloud.netflix.eureka.http.EurekaApplications]
2025-04-30 02:08:18,025 DEBUG o.s.c.l.CompositeLog [DiscoveryClient-CacheRefreshExecutor-0] HTTP GET http://localhost:8761/eureka/apps/delta
2025-04-30 02:08:18,025 DEBUG o.s.c.l.CompositeLog [DiscoveryClient-HeartbeatExecutor-0] HTTP PUT http://localhost:8761/eureka/apps/USER-MANAGEMENT/Dev-MToaima.TradeNET.COM:user-management:8888?status=UP&lastDirtyTimestamp=1745938849902
2025-04-30 02:08:18,025 DEBUG o.s.c.l.CompositeLog [DiscoveryClient-CacheRefreshExecutor-0] Accept=[application/json, application/*+json]
2025-04-30 02:08:18,025 DEBUG o.s.c.l.CompositeLog [DiscoveryClient-HeartbeatExecutor-0] Accept=[application/json, application/*+json]
2025-04-30 02:08:18,041 DEBUG o.s.c.l.CompositeLog [DiscoveryClient-CacheRefreshExecutor-0] Response 200 OK
2025-04-30 02:08:18,041 DEBUG o.s.c.l.CompositeLog [DiscoveryClient-HeartbeatExecutor-0] Response 200 OK
2025-04-30 02:08:18,042 DEBUG o.s.c.l.CompositeLog [DiscoveryClient-CacheRefreshExecutor-0] Reading to [org.springframework.cloud.netflix.eureka.http.EurekaApplications]
2025-04-30 02:08:48,056 DEBUG o.s.c.l.CompositeLog [DiscoveryClient-CacheRefreshExecutor-0] HTTP GET http://localhost:8761/eureka/apps/delta
2025-04-30 02:08:48,057 DEBUG o.s.c.l.CompositeLog [DiscoveryClient-CacheRefreshExecutor-0] Accept=[application/json, application/*+json]
2025-04-30 02:08:48,061 DEBUG o.s.c.l.CompositeLog [DiscoveryClient-HeartbeatExecutor-0] HTTP PUT http://localhost:8761/eureka/apps/USER-MANAGEMENT/Dev-MToaima.TradeNET.COM:user-management:8888?status=UP&lastDirtyTimestamp=1745938849902
2025-04-30 02:08:48,065 DEBUG o.s.c.l.CompositeLog [DiscoveryClient-HeartbeatExecutor-0] Accept=[application/json, application/*+json]
2025-04-30 02:08:48,067 DEBUG o.s.c.l.CompositeLog [DiscoveryClient-HeartbeatExecutor-0] Response 200 OK
2025-04-30 02:08:48,073 DEBUG o.s.c.l.CompositeLog [DiscoveryClient-CacheRefreshExecutor-0] Response 200 OK
2025-04-30 02:08:48,073 DEBUG o.s.c.l.CompositeLog [DiscoveryClient-CacheRefreshExecutor-0] Reading to [org.springframework.cloud.netflix.eureka.http.EurekaApplications]
2025-04-30 02:09:18,080 DEBUG o.s.c.l.CompositeLog [DiscoveryClient-CacheRefreshExecutor-0] HTTP GET http://localhost:8761/eureka/apps/delta
2025-04-30 02:09:18,080 DEBUG o.s.c.l.CompositeLog [DiscoveryClient-HeartbeatExecutor-0] HTTP PUT http://localhost:8761/eureka/apps/USER-MANAGEMENT/Dev-MToaima.TradeNET.COM:user-management:8888?status=UP&lastDirtyTimestamp=1745938849902
2025-04-30 02:09:18,080 DEBUG o.s.c.l.CompositeLog [DiscoveryClient-HeartbeatExecutor-0] Accept=[application/json, application/*+json]
2025-04-30 02:09:18,080 DEBUG o.s.c.l.CompositeLog [DiscoveryClient-CacheRefreshExecutor-0] Accept=[application/json, application/*+json]
2025-04-30 02:09:18,096 DEBUG o.s.c.l.CompositeLog [DiscoveryClient-CacheRefreshExecutor-0] Response 200 OK
2025-04-30 02:09:18,096 DEBUG o.s.c.l.CompositeLog [DiscoveryClient-HeartbeatExecutor-0] Response 200 OK
2025-04-30 02:09:18,097 DEBUG o.s.c.l.CompositeLog [DiscoveryClient-CacheRefreshExecutor-0] Reading to [org.springframework.cloud.netflix.eureka.http.EurekaApplications]
2025-04-30 02:09:36,398 INFO c.n.d.s.r.a.ConfigClusterResolver [AsyncResolver-bootstrap-executor-0] Resolving eureka endpoints via configuration
2025-04-30 02:09:48,106 DEBUG o.s.c.l.CompositeLog [DiscoveryClient-HeartbeatExecutor-0] HTTP PUT http://localhost:8761/eureka/apps/USER-MANAGEMENT/Dev-MToaima.TradeNET.COM:user-management:8888?status=UP&lastDirtyTimestamp=1745938849902
2025-04-30 02:09:48,106 DEBUG o.s.c.l.CompositeLog [DiscoveryClient-CacheRefreshExecutor-0] HTTP GET http://localhost:8761/eureka/apps/delta
2025-04-30 02:09:48,106 DEBUG o.s.c.l.CompositeLog [DiscoveryClient-HeartbeatExecutor-0] Accept=[application/json, application/*+json]
2025-04-30 02:09:48,106 DEBUG o.s.c.l.CompositeLog [DiscoveryClient-CacheRefreshExecutor-0] Accept=[application/json, application/*+json]
2025-04-30 02:09:48,108 DEBUG o.s.c.l.CompositeLog [DiscoveryClient-HeartbeatExecutor-0] Response 200 OK
2025-04-30 02:09:48,108 DEBUG o.s.c.l.CompositeLog [DiscoveryClient-CacheRefreshExecutor-0] Response 200 OK
2025-04-30 02:09:48,108 DEBUG o.s.c.l.CompositeLog [DiscoveryClient-CacheRefreshExecutor-0] Reading to [org.springframework.cloud.netflix.eureka.http.EurekaApplications]
2025-04-30 02:10:18,114 DEBUG o.s.c.l.CompositeLog [DiscoveryClient-HeartbeatExecutor-0] HTTP PUT http://localhost:8761/eureka/apps/USER-MANAGEMENT/Dev-MToaima.TradeNET.COM:user-management:8888?status=UP&lastDirtyTimestamp=1745938849902
2025-04-30 02:10:18,114 DEBUG o.s.c.l.CompositeLog [DiscoveryClient-HeartbeatExecutor-0] Accept=[application/json, application/*+json]
2025-04-30 02:10:18,116 DEBUG o.s.c.l.CompositeLog [DiscoveryClient-CacheRefreshExecutor-0] HTTP GET http://localhost:8761/eureka/apps/delta
2025-04-30 02:10:18,120 DEBUG o.s.c.l.CompositeLog [DiscoveryClient-HeartbeatExecutor-0] Response 200 OK
2025-04-30 02:10:18,120 DEBUG o.s.c.l.CompositeLog [DiscoveryClient-CacheRefreshExecutor-0] Accept=[application/json, application/*+json]
2025-04-30 02:10:18,124 DEBUG o.s.c.l.CompositeLog [DiscoveryClient-CacheRefreshExecutor-0] Response 200 OK
2025-04-30 02:10:18,124 DEBUG o.s.c.l.CompositeLog [DiscoveryClient-CacheRefreshExecutor-0] Reading to [org.springframework.cloud.netflix.eureka.http.EurekaApplications]
2025-04-30 02:10:48,133 DEBUG o.s.c.l.CompositeLog [DiscoveryClient-HeartbeatExecutor-0] HTTP PUT http://localhost:8761/eureka/apps/USER-MANAGEMENT/Dev-MToaima.TradeNET.COM:user-management:8888?status=UP&lastDirtyTimestamp=1745938849902
2025-04-30 02:10:48,133 DEBUG o.s.c.l.CompositeLog [DiscoveryClient-CacheRefreshExecutor-0] HTTP GET http://localhost:8761/eureka/apps/delta
2025-04-30 02:10:48,133 DEBUG o.s.c.l.CompositeLog [DiscoveryClient-HeartbeatExecutor-0] Accept=[application/json, application/*+json]
2025-04-30 02:10:48,133 DEBUG o.s.c.l.CompositeLog [DiscoveryClient-CacheRefreshExecutor-0] Accept=[application/json, application/*+json]
2025-04-30 02:10:48,149 DEBUG o.s.c.l.CompositeLog [DiscoveryClient-CacheRefreshExecutor-0] Response 200 OK
2025-04-30 02:10:48,149 DEBUG o.s.c.l.CompositeLog [DiscoveryClient-HeartbeatExecutor-0] Response 200 OK
2025-04-30 02:10:48,150 DEBUG o.s.c.l.CompositeLog [DiscoveryClient-CacheRefreshExecutor-0] Reading to [org.springframework.cloud.netflix.eureka.http.EurekaApplications]
2025-04-30 02:11:18,165 DEBUG o.s.c.l.CompositeLog [DiscoveryClient-HeartbeatExecutor-0] HTTP PUT http://localhost:8761/eureka/apps/USER-MANAGEMENT/Dev-MToaima.TradeNET.COM:user-management:8888?status=UP&lastDirtyTimestamp=1745938849902
2025-04-30 02:11:18,165 DEBUG o.s.c.l.CompositeLog [DiscoveryClient-CacheRefreshExecutor-0] HTTP GET http://localhost:8761/eureka/apps/delta
2025-04-30 02:11:18,165 DEBUG o.s.c.l.CompositeLog [DiscoveryClient-HeartbeatExecutor-0] Accept=[application/json, application/*+json]
2025-04-30 02:11:18,165 DEBUG o.s.c.l.CompositeLog [DiscoveryClient-CacheRefreshExecutor-0] Accept=[application/json, application/*+json]
2025-04-30 02:11:18,179 DEBUG o.s.c.l.CompositeLog [DiscoveryClient-HeartbeatExecutor-0] Response 200 OK
2025-04-30 02:11:18,179 DEBUG o.s.c.l.CompositeLog [DiscoveryClient-CacheRefreshExecutor-0] Response 200 OK
2025-04-30 02:11:18,180 DEBUG o.s.c.l.CompositeLog [DiscoveryClient-CacheRefreshExecutor-0] Reading to [org.springframework.cloud.netflix.eureka.http.EurekaApplications]
2025-04-30 02:11:48,182 DEBUG o.s.c.l.CompositeLog [DiscoveryClient-HeartbeatExecutor-0] HTTP PUT http://localhost:8761/eureka/apps/USER-MANAGEMENT/Dev-MToaima.TradeNET.COM:user-management:8888?status=UP&lastDirtyTimestamp=1745938849902
2025-04-30 02:11:48,182 DEBUG o.s.c.l.CompositeLog [DiscoveryClient-CacheRefreshExecutor-0] HTTP GET http://localhost:8761/eureka/apps/delta
2025-04-30 02:11:48,182 DEBUG o.s.c.l.CompositeLog [DiscoveryClient-HeartbeatExecutor-0] Accept=[application/json, application/*+json]
2025-04-30 02:11:48,182 DEBUG o.s.c.l.CompositeLog [DiscoveryClient-CacheRefreshExecutor-0] Accept=[application/json, application/*+json]
2025-04-30 02:11:48,198 DEBUG o.s.c.l.CompositeLog [DiscoveryClient-CacheRefreshExecutor-0] Response 200 OK
2025-04-30 02:11:48,198 DEBUG o.s.c.l.CompositeLog [DiscoveryClient-HeartbeatExecutor-0] Response 200 OK
2025-04-30 02:11:48,199 DEBUG o.s.c.l.CompositeLog [DiscoveryClient-CacheRefreshExecutor-0] Reading to [org.springframework.cloud.netflix.eureka.http.EurekaApplications]
2025-04-30 02:12:18,206 DEBUG o.s.c.l.CompositeLog [DiscoveryClient-CacheRefreshExecutor-0] HTTP GET http://localhost:8761/eureka/apps/delta
2025-04-30 02:12:18,206 DEBUG o.s.c.l.CompositeLog [DiscoveryClient-HeartbeatExecutor-0] HTTP PUT http://localhost:8761/eureka/apps/USER-MANAGEMENT/Dev-MToaima.TradeNET.COM:user-management:8888?status=UP&lastDirtyTimestamp=1745938849902
2025-04-30 02:12:18,206 DEBUG o.s.c.l.CompositeLog [DiscoveryClient-HeartbeatExecutor-0] Accept=[application/json, application/*+json]
2025-04-30 02:12:18,206 DEBUG o.s.c.l.CompositeLog [DiscoveryClient-CacheRefreshExecutor-0] Accept=[application/json, application/*+json]
2025-04-30 02:12:18,222 DEBUG o.s.c.l.CompositeLog [DiscoveryClient-HeartbeatExecutor-0] Response 200 OK
2025-04-30 02:12:18,222 DEBUG o.s.c.l.CompositeLog [DiscoveryClient-CacheRefreshExecutor-0] Response 200 OK
2025-04-30 02:12:18,223 DEBUG o.s.c.l.CompositeLog [DiscoveryClient-CacheRefreshExecutor-0] Reading to [org.springframework.cloud.netflix.eureka.http.EurekaApplications]
2025-04-30 02:12:48,237 DEBUG o.s.c.l.CompositeLog [DiscoveryClient-CacheRefreshExecutor-0] HTTP GET http://localhost:8761/eureka/apps/delta
2025-04-30 02:12:48,237 DEBUG o.s.c.l.CompositeLog [DiscoveryClient-HeartbeatExecutor-0] HTTP PUT http://localhost:8761/eureka/apps/USER-MANAGEMENT/Dev-MToaima.TradeNET.COM:user-management:8888?status=UP&lastDirtyTimestamp=1745938849902
2025-04-30 02:12:48,237 DEBUG o.s.c.l.CompositeLog [DiscoveryClient-CacheRefreshExecutor-0] Accept=[application/json, application/*+json]
2025-04-30 02:12:48,237 DEBUG o.s.c.l.CompositeLog [DiscoveryClient-HeartbeatExecutor-0] Accept=[application/json, application/*+json]
2025-04-30 02:12:48,253 DEBUG o.s.c.l.CompositeLog [DiscoveryClient-HeartbeatExecutor-0] Response 200 OK
2025-04-30 02:12:48,253 DEBUG o.s.c.l.CompositeLog [DiscoveryClient-CacheRefreshExecutor-0] Response 200 OK
2025-04-30 02:12:48,254 DEBUG o.s.c.l.CompositeLog [DiscoveryClient-CacheRefreshExecutor-0] Reading to [org.springframework.cloud.netflix.eureka.http.EurekaApplications]
2025-04-30 02:13:18,266 DEBUG o.s.c.l.CompositeLog [DiscoveryClient-CacheRefreshExecutor-0] HTTP GET http://localhost:8761/eureka/apps/delta
2025-04-30 02:13:18,266 DEBUG o.s.c.l.CompositeLog [DiscoveryClient-HeartbeatExecutor-0] HTTP PUT http://localhost:8761/eureka/apps/USER-MANAGEMENT/Dev-MToaima.TradeNET.COM:user-management:8888?status=UP&lastDirtyTimestamp=1745938849902
2025-04-30 02:13:18,266 DEBUG o.s.c.l.CompositeLog [DiscoveryClient-HeartbeatExecutor-0] Accept=[application/json, application/*+json]
2025-04-30 02:13:18,266 DEBUG o.s.c.l.CompositeLog [DiscoveryClient-CacheRefreshExecutor-0] Accept=[application/json, application/*+json]
2025-04-30 02:13:18,283 DEBUG o.s.c.l.CompositeLog [DiscoveryClient-CacheRefreshExecutor-0] Response 200 OK
2025-04-30 02:13:18,283 DEBUG o.s.c.l.CompositeLog [DiscoveryClient-HeartbeatExecutor-0] Response 200 OK
2025-04-30 02:13:18,284 DEBUG o.s.c.l.CompositeLog [DiscoveryClient-CacheRefreshExecutor-0] Reading to [org.springframework.cloud.netflix.eureka.http.EurekaApplications]
2025-04-30 02:13:48,289 DEBUG o.s.c.l.CompositeLog [DiscoveryClient-CacheRefreshExecutor-0] HTTP GET http://localhost:8761/eureka/apps/delta
2025-04-30 02:13:48,290 DEBUG o.s.c.l.CompositeLog [DiscoveryClient-HeartbeatExecutor-0] HTTP PUT http://localhost:8761/eureka/apps/USER-MANAGEMENT/Dev-MToaima.TradeNET.COM:user-management:8888?status=UP&lastDirtyTimestamp=1745938849902
2025-04-30 02:13:48,290 DEBUG o.s.c.l.CompositeLog [DiscoveryClient-CacheRefreshExecutor-0] Accept=[application/json, application/*+json]
2025-04-30 02:13:48,290 DEBUG o.s.c.l.CompositeLog [DiscoveryClient-HeartbeatExecutor-0] Accept=[application/json, application/*+json]
2025-04-30 02:13:48,296 DEBUG o.s.c.l.CompositeLog [DiscoveryClient-HeartbeatExecutor-0] Response 200 OK
2025-04-30 02:13:48,296 DEBUG o.s.c.l.CompositeLog [DiscoveryClient-CacheRefreshExecutor-0] Response 200 OK
2025-04-30 02:13:48,296 DEBUG o.s.c.l.CompositeLog [DiscoveryClient-CacheRefreshExecutor-0] Reading to [org.springframework.cloud.netflix.eureka.http.EurekaApplications]
2025-04-30 02:14:18,297 DEBUG o.s.c.l.CompositeLog [DiscoveryClient-HeartbeatExecutor-0] HTTP PUT http://localhost:8761/eureka/apps/USER-MANAGEMENT/Dev-MToaima.TradeNET.COM:user-management:8888?status=UP&lastDirtyTimestamp=1745938849902
2025-04-30 02:14:18,297 DEBUG o.s.c.l.CompositeLog [DiscoveryClient-CacheRefreshExecutor-0] HTTP GET http://localhost:8761/eureka/apps/delta
2025-04-30 02:14:18,298 DEBUG o.s.c.l.CompositeLog [DiscoveryClient-HeartbeatExecutor-0] Accept=[application/json, application/*+json]
2025-04-30 02:14:18,298 DEBUG o.s.c.l.CompositeLog [DiscoveryClient-CacheRefreshExecutor-0] Accept=[application/json, application/*+json]
2025-04-30 02:14:18,314 DEBUG o.s.c.l.CompositeLog [DiscoveryClient-CacheRefreshExecutor-0] Response 200 OK
2025-04-30 02:14:18,314 DEBUG o.s.c.l.CompositeLog [DiscoveryClient-HeartbeatExecutor-0] Response 200 OK
2025-04-30 02:14:18,314 DEBUG o.s.c.l.CompositeLog [DiscoveryClient-CacheRefreshExecutor-0] Reading to [org.springframework.cloud.netflix.eureka.http.EurekaApplications]
2025-04-30 02:14:36,401 INFO c.n.d.s.r.a.ConfigClusterResolver [AsyncResolver-bootstrap-executor-0] Resolving eureka endpoints via configuration
2025-04-30 02:14:48,324 DEBUG o.s.c.l.CompositeLog [DiscoveryClient-CacheRefreshExecutor-0] HTTP GET http://localhost:8761/eureka/apps/delta
2025-04-30 02:14:48,324 DEBUG o.s.c.l.CompositeLog [DiscoveryClient-HeartbeatExecutor-0] HTTP PUT http://localhost:8761/eureka/apps/USER-MANAGEMENT/Dev-MToaima.TradeNET.COM:user-management:8888?status=UP&lastDirtyTimestamp=1745938849902
2025-04-30 02:14:48,324 DEBUG o.s.c.l.CompositeLog [DiscoveryClient-CacheRefreshExecutor-0] Accept=[application/json, application/*+json]
2025-04-30 02:14:48,324 DEBUG o.s.c.l.CompositeLog [DiscoveryClient-HeartbeatExecutor-0] Accept=[application/json, application/*+json]
2025-04-30 02:14:48,341 DEBUG o.s.c.l.CompositeLog [DiscoveryClient-CacheRefreshExecutor-0] Response 200 OK
2025-04-30 02:14:48,341 DEBUG o.s.c.l.CompositeLog [DiscoveryClient-HeartbeatExecutor-0] Response 200 OK
2025-04-30 02:14:48,341 DEBUG o.s.c.l.CompositeLog [DiscoveryClient-CacheRefreshExecutor-0] Reading to [org.springframework.cloud.netflix.eureka.http.EurekaApplications]
2025-04-30 02:15:18,352 DEBUG o.s.c.l.CompositeLog [DiscoveryClient-CacheRefreshExecutor-0] HTTP GET http://localhost:8761/eureka/apps/delta
2025-04-30 02:15:18,352 DEBUG o.s.c.l.CompositeLog [DiscoveryClient-HeartbeatExecutor-0] HTTP PUT http://localhost:8761/eureka/apps/USER-MANAGEMENT/Dev-MToaima.TradeNET.COM:user-management:8888?status=UP&lastDirtyTimestamp=1745938849902
2025-04-30 02:15:18,352 DEBUG o.s.c.l.CompositeLog [DiscoveryClient-HeartbeatExecutor-0] Accept=[application/json, application/*+json]
2025-04-30 02:15:18,352 DEBUG o.s.c.l.CompositeLog [DiscoveryClient-CacheRefreshExecutor-0] Accept=[application/json, application/*+json]
2025-04-30 02:15:18,355 DEBUG o.s.c.l.CompositeLog [DiscoveryClient-HeartbeatExecutor-0] Response 200 OK
2025-04-30 02:15:18,355 DEBUG o.s.c.l.CompositeLog [DiscoveryClient-CacheRefreshExecutor-0] Response 200 OK
2025-04-30 02:15:18,355 DEBUG o.s.c.l.CompositeLog [DiscoveryClient-CacheRefreshExecutor-0] Reading to [org.springframework.cloud.netflix.eureka.http.EurekaApplications]
2025-04-30 02:15:48,362 DEBUG o.s.c.l.CompositeLog [DiscoveryClient-HeartbeatExecutor-0] HTTP PUT http://localhost:8761/eureka/apps/USER-MANAGEMENT/Dev-MToaima.TradeNET.COM:user-management:8888?status=UP&lastDirtyTimestamp=1745938849902
2025-04-30 02:15:48,362 DEBUG o.s.c.l.CompositeLog [DiscoveryClient-HeartbeatExecutor-0] Accept=[application/json, application/*+json]
2025-04-30 02:15:48,362 DEBUG o.s.c.l.CompositeLog [DiscoveryClient-CacheRefreshExecutor-0] HTTP GET http://localhost:8761/eureka/apps/delta
2025-04-30 02:15:48,362 DEBUG o.s.c.l.CompositeLog [DiscoveryClient-CacheRefreshExecutor-0] Accept=[application/json, application/*+json]
2025-04-30 02:15:48,378 DEBUG o.s.c.l.CompositeLog [DiscoveryClient-HeartbeatExecutor-0] Response 200 OK
2025-04-30 02:15:48,379 DEBUG o.s.c.l.CompositeLog [DiscoveryClient-CacheRefreshExecutor-0] Response 200 OK
2025-04-30 02:15:48,379 DEBUG o.s.c.l.CompositeLog [DiscoveryClient-CacheRefreshExecutor-0] Reading to [org.springframework.cloud.netflix.eureka.http.EurekaApplications]
2025-04-30 02:16:18,385 DEBUG o.s.c.l.CompositeLog [DiscoveryClient-CacheRefreshExecutor-0] HTTP GET http://localhost:8761/eureka/apps/delta
2025-04-30 02:16:18,385 DEBUG o.s.c.l.CompositeLog [DiscoveryClient-HeartbeatExecutor-0] HTTP PUT http://localhost:8761/eureka/apps/USER-MANAGEMENT/Dev-MToaima.TradeNET.COM:user-management:8888?status=UP&lastDirtyTimestamp=1745938849902
2025-04-30 02:16:18,385 DEBUG o.s.c.l.CompositeLog [DiscoveryClient-CacheRefreshExecutor-0] Accept=[application/json, application/*+json]
2025-04-30 02:16:18,385 DEBUG o.s.c.l.CompositeLog [DiscoveryClient-HeartbeatExecutor-0] Accept=[application/json, application/*+json]
2025-04-30 02:16:18,402 DEBUG o.s.c.l.CompositeLog [DiscoveryClient-HeartbeatExecutor-0] Response 200 OK
2025-04-30 02:16:18,402 DEBUG o.s.c.l.CompositeLog [DiscoveryClient-CacheRefreshExecutor-0] Response 200 OK
2025-04-30 02:16:18,402 DEBUG o.s.c.l.CompositeLog [DiscoveryClient-CacheRefreshExecutor-0] Reading to [org.springframework.cloud.netflix.eureka.http.EurekaApplications]
2025-04-30 02:16:48,411 DEBUG o.s.c.l.CompositeLog [DiscoveryClient-CacheRefreshExecutor-0] HTTP GET http://localhost:8761/eureka/apps/delta
2025-04-30 02:16:48,411 DEBUG o.s.c.l.CompositeLog [DiscoveryClient-HeartbeatExecutor-0] HTTP PUT http://localhost:8761/eureka/apps/USER-MANAGEMENT/Dev-MToaima.TradeNET.COM:user-management:8888?status=UP&lastDirtyTimestamp=1745938849902
2025-04-30 02:16:48,411 DEBUG o.s.c.l.CompositeLog [DiscoveryClient-CacheRefreshExecutor-0] Accept=[application/json, application/*+json]
2025-04-30 02:16:48,411 DEBUG o.s.c.l.CompositeLog [DiscoveryClient-HeartbeatExecutor-0] Accept=[application/json, application/*+json]
2025-04-30 02:16:48,427 DEBUG o.s.c.l.CompositeLog [DiscoveryClient-CacheRefreshExecutor-0] Response 200 OK
2025-04-30 02:16:48,427 DEBUG o.s.c.l.CompositeLog [DiscoveryClient-HeartbeatExecutor-0] Response 200 OK
2025-04-30 02:16:48,428 DEBUG o.s.c.l.CompositeLog [DiscoveryClient-CacheRefreshExecutor-0] Reading to [org.springframework.cloud.netflix.eureka.http.EurekaApplications]
2025-04-30 02:17:18,437 DEBUG o.s.c.l.CompositeLog [DiscoveryClient-CacheRefreshExecutor-0] HTTP GET http://localhost:8761/eureka/apps/delta
2025-04-30 02:17:18,437 DEBUG o.s.c.l.CompositeLog [DiscoveryClient-HeartbeatExecutor-0] HTTP PUT http://localhost:8761/eureka/apps/USER-MANAGEMENT/Dev-MToaima.TradeNET.COM:user-management:8888?status=UP&lastDirtyTimestamp=1745938849902
2025-04-30 02:17:18,437 DEBUG o.s.c.l.CompositeLog [DiscoveryClient-CacheRefreshExecutor-0] Accept=[application/json, application/*+json]
2025-04-30 02:17:18,437 DEBUG o.s.c.l.CompositeLog [DiscoveryClient-HeartbeatExecutor-0] Accept=[application/json, application/*+json]
2025-04-30 02:17:18,455 DEBUG o.s.c.l.CompositeLog [DiscoveryClient-CacheRefreshExecutor-0] Response 200 OK
2025-04-30 02:17:18,455 DEBUG o.s.c.l.CompositeLog [DiscoveryClient-HeartbeatExecutor-0] Response 200 OK
2025-04-30 02:17:18,455 DEBUG o.s.c.l.CompositeLog [DiscoveryClient-CacheRefreshExecutor-0] Reading to [org.springframework.cloud.netflix.eureka.http.EurekaApplications]
2025-04-30 02:17:48,463 DEBUG o.s.c.l.CompositeLog [DiscoveryClient-CacheRefreshExecutor-0] HTTP GET http://localhost:8761/eureka/apps/delta
2025-04-30 02:17:48,463 DEBUG o.s.c.l.CompositeLog [DiscoveryClient-HeartbeatExecutor-0] HTTP PUT http://localhost:8761/eureka/apps/USER-MANAGEMENT/Dev-MToaima.TradeNET.COM:user-management:8888?status=UP&lastDirtyTimestamp=1745938849902
2025-04-30 02:17:48,463 DEBUG o.s.c.l.CompositeLog [DiscoveryClient-CacheRefreshExecutor-0] Accept=[application/json, application/*+json]
2025-04-30 02:17:48,463 DEBUG o.s.c.l.CompositeLog [DiscoveryClient-HeartbeatExecutor-0] Accept=[application/json, application/*+json]
2025-04-30 02:17:48,479 DEBUG o.s.c.l.CompositeLog [DiscoveryClient-CacheRefreshExecutor-0] Response 200 OK
2025-04-30 02:17:48,479 DEBUG o.s.c.l.CompositeLog [DiscoveryClient-HeartbeatExecutor-0] Response 200 OK
2025-04-30 02:17:48,479 DEBUG o.s.c.l.CompositeLog [DiscoveryClient-CacheRefreshExecutor-0] Reading to [org.springframework.cloud.netflix.eureka.http.EurekaApplications]
2025-04-30 02:18:18,485 DEBUG o.s.c.l.CompositeLog [DiscoveryClient-CacheRefreshExecutor-0] HTTP GET http://localhost:8761/eureka/apps/delta
2025-04-30 02:18:18,485 DEBUG o.s.c.l.CompositeLog [DiscoveryClient-HeartbeatExecutor-0] HTTP PUT http://localhost:8761/eureka/apps/USER-MANAGEMENT/Dev-MToaima.TradeNET.COM:user-management:8888?status=UP&lastDirtyTimestamp=1745938849902
2025-04-30 02:18:18,486 DEBUG o.s.c.l.CompositeLog [DiscoveryClient-HeartbeatExecutor-0] Accept=[application/json, application/*+json]
2025-04-30 02:18:18,486 DEBUG o.s.c.l.CompositeLog [DiscoveryClient-CacheRefreshExecutor-0] Accept=[application/json, application/*+json]
2025-04-30 02:18:18,490 DEBUG o.s.c.l.CompositeLog [DiscoveryClient-HeartbeatExecutor-0] Response 200 OK
2025-04-30 02:18:18,490 DEBUG o.s.c.l.CompositeLog [DiscoveryClient-CacheRefreshExecutor-0] Response 200 OK
2025-04-30 02:18:18,490 DEBUG o.s.c.l.CompositeLog [DiscoveryClient-CacheRefreshExecutor-0] Reading to [org.springframework.cloud.netflix.eureka.http.EurekaApplications]
2025-04-30 02:18:48,497 DEBUG o.s.c.l.CompositeLog [DiscoveryClient-HeartbeatExecutor-0] HTTP PUT http://localhost:8761/eureka/apps/USER-MANAGEMENT/Dev-MToaima.TradeNET.COM:user-management:8888?status=UP&lastDirtyTimestamp=1745938849902
2025-04-30 02:18:48,497 DEBUG o.s.c.l.CompositeLog [DiscoveryClient-CacheRefreshExecutor-0] HTTP GET http://localhost:8761/eureka/apps/delta
2025-04-30 02:18:48,498 DEBUG o.s.c.l.CompositeLog [DiscoveryClient-CacheRefreshExecutor-0] Accept=[application/json, application/*+json]
2025-04-30 02:18:48,498 DEBUG o.s.c.l.CompositeLog [DiscoveryClient-HeartbeatExecutor-0] Accept=[application/json, application/*+json]
2025-04-30 02:18:48,501 DEBUG o.s.c.l.CompositeLog [DiscoveryClient-HeartbeatExecutor-0] Response 200 OK
2025-04-30 02:18:48,502 DEBUG o.s.c.l.CompositeLog [DiscoveryClient-CacheRefreshExecutor-0] Response 200 OK
2025-04-30 02:18:48,502 DEBUG o.s.c.l.CompositeLog [DiscoveryClient-CacheRefreshExecutor-0] Reading to [org.springframework.cloud.netflix.eureka.http.EurekaApplications]
2025-04-30 02:19:18,503 DEBUG o.s.c.l.CompositeLog [DiscoveryClient-CacheRefreshExecutor-0] HTTP GET http://localhost:8761/eureka/apps/delta
2025-04-30 02:19:18,503 DEBUG o.s.c.l.CompositeLog [DiscoveryClient-HeartbeatExecutor-0] HTTP PUT http://localhost:8761/eureka/apps/USER-MANAGEMENT/Dev-MToaima.TradeNET.COM:user-management:8888?status=UP&lastDirtyTimestamp=1745938849902
2025-04-30 02:19:18,504 DEBUG o.s.c.l.CompositeLog [DiscoveryClient-CacheRefreshExecutor-0] Accept=[application/json, application/*+json]
2025-04-30 02:19:18,504 DEBUG o.s.c.l.CompositeLog [DiscoveryClient-HeartbeatExecutor-0] Accept=[application/json, application/*+json]
2025-04-30 02:19:18,520 DEBUG o.s.c.l.CompositeLog [DiscoveryClient-CacheRefreshExecutor-0] Response 200 OK
2025-04-30 02:19:18,520 DEBUG o.s.c.l.CompositeLog [DiscoveryClient-HeartbeatExecutor-0] Response 200 OK
2025-04-30 02:19:18,521 DEBUG o.s.c.l.CompositeLog [DiscoveryClient-CacheRefreshExecutor-0] Reading to [org.springframework.cloud.netflix.eureka.http.EurekaApplications]
2025-04-30 02:19:36,416 INFO c.n.d.s.r.a.ConfigClusterResolver [AsyncResolver-bootstrap-executor-0] Resolving eureka endpoints via configuration
2025-04-30 02:19:48,523 DEBUG o.s.c.l.CompositeLog [DiscoveryClient-HeartbeatExecutor-0] HTTP PUT http://localhost:8761/eureka/apps/USER-MANAGEMENT/Dev-MToaima.TradeNET.COM:user-management:8888?status=UP&lastDirtyTimestamp=1745938849902
2025-04-30 02:19:48,523 DEBUG o.s.c.l.CompositeLog [DiscoveryClient-CacheRefreshExecutor-0] HTTP GET http://localhost:8761/eureka/apps/delta
2025-04-30 02:19:48,523 DEBUG o.s.c.l.CompositeLog [DiscoveryClient-HeartbeatExecutor-0] Accept=[application/json, application/*+json]
2025-04-30 02:19:48,523 DEBUG o.s.c.l.CompositeLog [DiscoveryClient-CacheRefreshExecutor-0] Accept=[application/json, application/*+json]
2025-04-30 02:19:48,539 DEBUG o.s.c.l.CompositeLog [DiscoveryClient-CacheRefreshExecutor-0] Response 200 OK
2025-04-30 02:19:48,539 DEBUG o.s.c.l.CompositeLog [DiscoveryClient-HeartbeatExecutor-0] Response 200 OK
2025-04-30 02:19:48,539 DEBUG o.s.c.l.CompositeLog [DiscoveryClient-CacheRefreshExecutor-0] Reading to [org.springframework.cloud.netflix.eureka.http.EurekaApplications]
2025-04-30 02:20:18,553 DEBUG o.s.c.l.CompositeLog [DiscoveryClient-HeartbeatExecutor-0] HTTP PUT http://localhost:8761/eureka/apps/USER-MANAGEMENT/Dev-MToaima.TradeNET.COM:user-management:8888?status=UP&lastDirtyTimestamp=1745938849902
2025-04-30 02:20:18,553 DEBUG o.s.c.l.CompositeLog [DiscoveryClient-CacheRefreshExecutor-0] HTTP GET http://localhost:8761/eureka/apps/delta
2025-04-30 02:20:18,553 DEBUG o.s.c.l.CompositeLog [DiscoveryClient-CacheRefreshExecutor-0] Accept=[application/json, application/*+json]
2025-04-30 02:20:18,553 DEBUG o.s.c.l.CompositeLog [DiscoveryClient-HeartbeatExecutor-0] Accept=[application/json, application/*+json]
2025-04-30 02:20:18,562 DEBUG o.s.c.l.CompositeLog [DiscoveryClient-CacheRefreshExecutor-0] Response 200 OK
2025-04-30 02:20:18,562 DEBUG o.s.c.l.CompositeLog [DiscoveryClient-HeartbeatExecutor-0] Response 200 OK
2025-04-30 02:20:18,562 DEBUG o.s.c.l.CompositeLog [DiscoveryClient-CacheRefreshExecutor-0] Reading to [org.springframework.cloud.netflix.eureka.http.EurekaApplications]
2025-04-30 02:20:48,565 DEBUG o.s.c.l.CompositeLog [DiscoveryClient-CacheRefreshExecutor-0] HTTP GET http://localhost:8761/eureka/apps/delta
2025-04-30 02:20:48,565 DEBUG o.s.c.l.CompositeLog [DiscoveryClient-HeartbeatExecutor-0] HTTP PUT http://localhost:8761/eureka/apps/USER-MANAGEMENT/Dev-MToaima.TradeNET.COM:user-management:8888?status=UP&lastDirtyTimestamp=1745938849902
2025-04-30 02:20:48,565 DEBUG o.s.c.l.CompositeLog [DiscoveryClient-CacheRefreshExecutor-0] Accept=[application/json, application/*+json]
2025-04-30 02:20:48,565 DEBUG o.s.c.l.CompositeLog [DiscoveryClient-HeartbeatExecutor-0] Accept=[application/json, application/*+json]
2025-04-30 02:20:48,581 DEBUG o.s.c.l.CompositeLog [DiscoveryClient-CacheRefreshExecutor-0] Response 200 OK
2025-04-30 02:20:48,581 DEBUG o.s.c.l.CompositeLog [DiscoveryClient-HeartbeatExecutor-0] Response 200 OK
2025-04-30 02:20:48,582 DEBUG o.s.c.l.CompositeLog [DiscoveryClient-CacheRefreshExecutor-0] Reading to [org.springframework.cloud.netflix.eureka.http.EurekaApplications]
2025-04-30 02:21:18,587 DEBUG o.s.c.l.CompositeLog [DiscoveryClient-HeartbeatExecutor-0] HTTP PUT http://localhost:8761/eureka/apps/USER-MANAGEMENT/Dev-MToaima.TradeNET.COM:user-management:8888?status=UP&lastDirtyTimestamp=1745938849902
2025-04-30 02:21:18,587 DEBUG o.s.c.l.CompositeLog [DiscoveryClient-CacheRefreshExecutor-0] HTTP GET http://localhost:8761/eureka/apps/delta
2025-04-30 02:21:18,588 DEBUG o.s.c.l.CompositeLog [DiscoveryClient-CacheRefreshExecutor-0] Accept=[application/json, application/*+json]
2025-04-30 02:21:18,588 DEBUG o.s.c.l.CompositeLog [DiscoveryClient-HeartbeatExecutor-0] Accept=[application/json, application/*+json]
2025-04-30 02:21:18,591 DEBUG o.s.c.l.CompositeLog [DiscoveryClient-HeartbeatExecutor-0] Response 200 OK
2025-04-30 02:21:18,591 DEBUG o.s.c.l.CompositeLog [DiscoveryClient-CacheRefreshExecutor-0] Response 200 OK
2025-04-30 02:21:18,591 DEBUG o.s.c.l.CompositeLog [DiscoveryClient-CacheRefreshExecutor-0] Reading to [org.springframework.cloud.netflix.eureka.http.EurekaApplications]
2025-04-30 02:21:48,597 DEBUG o.s.c.l.CompositeLog [DiscoveryClient-CacheRefreshExecutor-0] HTTP GET http://localhost:8761/eureka/apps/delta
2025-04-30 02:21:48,598 DEBUG o.s.c.l.CompositeLog [DiscoveryClient-CacheRefreshExecutor-0] Accept=[application/json, application/*+json]
2025-04-30 02:21:48,600 DEBUG o.s.c.l.CompositeLog [DiscoveryClient-CacheRefreshExecutor-0] Response 200 OK
2025-04-30 02:21:48,600 DEBUG o.s.c.l.CompositeLog [DiscoveryClient-CacheRefreshExecutor-0] Reading to [org.springframework.cloud.netflix.eureka.http.EurekaApplications]
2025-04-30 02:21:48,600 DEBUG o.s.c.l.CompositeLog [DiscoveryClient-HeartbeatExecutor-0] HTTP PUT http://localhost:8761/eureka/apps/USER-MANAGEMENT/Dev-MToaima.TradeNET.COM:user-management:8888?status=UP&lastDirtyTimestamp=1745938849902
2025-04-30 02:21:48,604 DEBUG o.s.c.l.CompositeLog [DiscoveryClient-HeartbeatExecutor-0] Accept=[application/json, application/*+json]
2025-04-30 02:21:48,612 DEBUG o.s.c.l.CompositeLog [DiscoveryClient-HeartbeatExecutor-0] Response 200 OK
2025-04-30 02:22:18,612 DEBUG o.s.c.l.CompositeLog [DiscoveryClient-CacheRefreshExecutor-0] HTTP GET http://localhost:8761/eureka/apps/delta
2025-04-30 02:22:18,612 DEBUG o.s.c.l.CompositeLog [DiscoveryClient-CacheRefreshExecutor-0] Accept=[application/json, application/*+json]
2025-04-30 02:22:18,627 DEBUG o.s.c.l.CompositeLog [DiscoveryClient-HeartbeatExecutor-0] HTTP PUT http://localhost:8761/eureka/apps/USER-MANAGEMENT/Dev-MToaima.TradeNET.COM:user-management:8888?status=UP&lastDirtyTimestamp=1745938849902
2025-04-30 02:22:18,627 DEBUG o.s.c.l.CompositeLog [DiscoveryClient-HeartbeatExecutor-0] Accept=[application/json, application/*+json]
2025-04-30 02:22:18,628 DEBUG o.s.c.l.CompositeLog [DiscoveryClient-CacheRefreshExecutor-0] Response 200 OK
2025-04-30 02:22:18,628 DEBUG o.s.c.l.CompositeLog [DiscoveryClient-CacheRefreshExecutor-0] Reading to [org.springframework.cloud.netflix.eureka.http.EurekaApplications]
2025-04-30 02:22:18,644 DEBUG o.s.c.l.CompositeLog [DiscoveryClient-HeartbeatExecutor-0] Response 200 OK
2025-04-30 02:22:48,635 DEBUG o.s.c.l.CompositeLog [DiscoveryClient-CacheRefreshExecutor-0] HTTP GET http://localhost:8761/eureka/apps/delta
2025-04-30 02:22:48,635 DEBUG o.s.c.l.CompositeLog [DiscoveryClient-CacheRefreshExecutor-0] Accept=[application/json, application/*+json]
2025-04-30 02:22:48,651 DEBUG o.s.c.l.CompositeLog [DiscoveryClient-HeartbeatExecutor-0] HTTP PUT http://localhost:8761/eureka/apps/USER-MANAGEMENT/Dev-MToaima.TradeNET.COM:user-management:8888?status=UP&lastDirtyTimestamp=1745938849902
2025-04-30 02:22:48,651 DEBUG o.s.c.l.CompositeLog [DiscoveryClient-HeartbeatExecutor-0] Accept=[application/json, application/*+json]
2025-04-30 02:22:48,652 DEBUG o.s.c.l.CompositeLog [DiscoveryClient-CacheRefreshExecutor-0] Response 200 OK
2025-04-30 02:22:48,652 DEBUG o.s.c.l.CompositeLog [DiscoveryClient-CacheRefreshExecutor-0] Reading to [org.springframework.cloud.netflix.eureka.http.EurekaApplications]
2025-04-30 02:22:48,667 DEBUG o.s.c.l.CompositeLog [DiscoveryClient-HeartbeatExecutor-0] Response 200 OK
2025-04-30 02:23:18,657 DEBUG o.s.c.l.CompositeLog [DiscoveryClient-CacheRefreshExecutor-0] HTTP GET http://localhost:8761/eureka/apps/delta
2025-04-30 02:23:18,658 DEBUG o.s.c.l.CompositeLog [DiscoveryClient-CacheRefreshExecutor-0] Accept=[application/json, application/*+json]
2025-04-30 02:23:18,672 DEBUG o.s.c.l.CompositeLog [DiscoveryClient-HeartbeatExecutor-0] HTTP PUT http://localhost:8761/eureka/apps/USER-MANAGEMENT/Dev-MToaima.TradeNET.COM:user-management:8888?status=UP&lastDirtyTimestamp=1745938849902
2025-04-30 02:23:18,672 DEBUG o.s.c.l.CompositeLog [DiscoveryClient-HeartbeatExecutor-0] Accept=[application/json, application/*+json]
2025-04-30 02:23:18,673 DEBUG o.s.c.l.CompositeLog [DiscoveryClient-CacheRefreshExecutor-0] Response 200 OK
2025-04-30 02:23:18,674 DEBUG o.s.c.l.CompositeLog [DiscoveryClient-CacheRefreshExecutor-0] Reading to [org.springframework.cloud.netflix.eureka.http.EurekaApplications]
2025-04-30 02:23:18,688 DEBUG o.s.c.l.CompositeLog [DiscoveryClient-HeartbeatExecutor-0] Response 200 OK
2025-04-30 02:23:48,679 DEBUG o.s.c.l.CompositeLog [DiscoveryClient-CacheRefreshExecutor-0] HTTP GET http://localhost:8761/eureka/apps/delta
2025-04-30 02:23:48,679 DEBUG o.s.c.l.CompositeLog [DiscoveryClient-CacheRefreshExecutor-0] Accept=[application/json, application/*+json]
2025-04-30 02:23:48,682 DEBUG o.s.c.l.CompositeLog [DiscoveryClient-CacheRefreshExecutor-0] Response 200 OK
2025-04-30 02:23:48,683 DEBUG o.s.c.l.CompositeLog [DiscoveryClient-CacheRefreshExecutor-0] Reading to [org.springframework.cloud.netflix.eureka.http.EurekaApplications]
2025-04-30 02:23:48,698 DEBUG o.s.c.l.CompositeLog [DiscoveryClient-HeartbeatExecutor-0] HTTP PUT http://localhost:8761/eureka/apps/USER-MANAGEMENT/Dev-MToaima.TradeNET.COM:user-management:8888?status=UP&lastDirtyTimestamp=1745938849902
2025-04-30 02:23:48,698 DEBUG o.s.c.l.CompositeLog [DiscoveryClient-HeartbeatExecutor-0] Accept=[application/json, application/*+json]
2025-04-30 02:23:48,707 DEBUG o.s.c.l.CompositeLog [DiscoveryClient-HeartbeatExecutor-0] Response 200 OK
2025-04-30 02:24:18,690 DEBUG o.s.c.l.CompositeLog [DiscoveryClient-CacheRefreshExecutor-0] HTTP GET http://localhost:8761/eureka/apps/delta
2025-04-30 02:24:18,690 DEBUG o.s.c.l.CompositeLog [DiscoveryClient-CacheRefreshExecutor-0] Accept=[application/json, application/*+json]
2025-04-30 02:24:18,694 DEBUG o.s.c.l.CompositeLog [DiscoveryClient-CacheRefreshExecutor-0] Response 200 OK
2025-04-30 02:24:18,695 DEBUG o.s.c.l.CompositeLog [DiscoveryClient-CacheRefreshExecutor-0] Reading to [org.springframework.cloud.netflix.eureka.http.EurekaApplications]
2025-04-30 02:24:18,709 DEBUG o.s.c.l.CompositeLog [DiscoveryClient-HeartbeatExecutor-0] HTTP PUT http://localhost:8761/eureka/apps/USER-MANAGEMENT/Dev-MToaima.TradeNET.COM:user-management:8888?status=UP&lastDirtyTimestamp=1745938849902
2025-04-30 02:24:18,709 DEBUG o.s.c.l.CompositeLog [DiscoveryClient-HeartbeatExecutor-0] Accept=[application/json, application/*+json]
2025-04-30 02:24:18,727 DEBUG o.s.c.l.CompositeLog [DiscoveryClient-HeartbeatExecutor-0] Response 200 OK
2025-04-30 02:24:36,428 INFO c.n.d.s.r.a.ConfigClusterResolver [AsyncResolver-bootstrap-executor-0] Resolving eureka endpoints via configuration
2025-04-30 02:24:48,700 DEBUG o.s.c.l.CompositeLog [DiscoveryClient-CacheRefreshExecutor-0] HTTP GET http://localhost:8761/eureka/apps/delta
2025-04-30 02:24:48,700 DEBUG o.s.c.l.CompositeLog [DiscoveryClient-CacheRefreshExecutor-0] Accept=[application/json, application/*+json]
2025-04-30 02:24:48,716 DEBUG o.s.c.l.CompositeLog [DiscoveryClient-CacheRefreshExecutor-0] Response 200 OK
2025-04-30 02:24:48,717 DEBUG o.s.c.l.CompositeLog [DiscoveryClient-CacheRefreshExecutor-0] Reading to [org.springframework.cloud.netflix.eureka.http.EurekaApplications]
2025-04-30 02:24:48,732 DEBUG o.s.c.l.CompositeLog [DiscoveryClient-HeartbeatExecutor-0] HTTP PUT http://localhost:8761/eureka/apps/USER-MANAGEMENT/Dev-MToaima.TradeNET.COM:user-management:8888?status=UP&lastDirtyTimestamp=1745938849902
2025-04-30 02:24:48,732 DEBUG o.s.c.l.CompositeLog [DiscoveryClient-HeartbeatExecutor-0] Accept=[application/json, application/*+json]
2025-04-30 02:24:48,749 DEBUG o.s.c.l.CompositeLog [DiscoveryClient-HeartbeatExecutor-0] Response 200 OK
2025-04-30 02:25:18,718 DEBUG o.s.c.l.CompositeLog [DiscoveryClient-CacheRefreshExecutor-0] HTTP GET http://localhost:8761/eureka/apps/delta
2025-04-30 02:25:18,718 DEBUG o.s.c.l.CompositeLog [DiscoveryClient-CacheRefreshExecutor-0] Accept=[application/json, application/*+json]
2025-04-30 02:25:18,723 DEBUG o.s.c.l.CompositeLog [DiscoveryClient-CacheRefreshExecutor-0] Response 200 OK
2025-04-30 02:25:18,723 DEBUG o.s.c.l.CompositeLog [DiscoveryClient-CacheRefreshExecutor-0] Reading to [org.springframework.cloud.netflix.eureka.http.EurekaApplications]
2025-04-30 02:25:18,755 DEBUG o.s.c.l.CompositeLog [DiscoveryClient-HeartbeatExecutor-0] HTTP PUT http://localhost:8761/eureka/apps/USER-MANAGEMENT/Dev-MToaima.TradeNET.COM:user-management:8888?status=UP&lastDirtyTimestamp=1745938849902
2025-04-30 02:25:18,756 DEBUG o.s.c.l.CompositeLog [DiscoveryClient-HeartbeatExecutor-0] Accept=[application/json, application/*+json]
2025-04-30 02:25:18,758 DEBUG o.s.c.l.CompositeLog [DiscoveryClient-HeartbeatExecutor-0] Response 200 OK
2025-04-30 02:25:48,733 DEBUG o.s.c.l.CompositeLog [DiscoveryClient-CacheRefreshExecutor-0] HTTP GET http://localhost:8761/eureka/apps/delta
2025-04-30 02:25:48,733 DEBUG o.s.c.l.CompositeLog [DiscoveryClient-CacheRefreshExecutor-0] Accept=[application/json, application/*+json]
2025-04-30 02:25:48,735 DEBUG o.s.c.l.CompositeLog [DiscoveryClient-CacheRefreshExecutor-0] Response 200 OK
2025-04-30 02:25:48,735 DEBUG o.s.c.l.CompositeLog [DiscoveryClient-CacheRefreshExecutor-0] Reading to [org.springframework.cloud.netflix.eureka.http.EurekaApplications]
2025-04-30 02:25:48,766 DEBUG o.s.c.l.CompositeLog [DiscoveryClient-HeartbeatExecutor-0] HTTP PUT http://localhost:8761/eureka/apps/USER-MANAGEMENT/Dev-MToaima.TradeNET.COM:user-management:8888?status=UP&lastDirtyTimestamp=1745938849902
2025-04-30 02:25:48,766 DEBUG o.s.c.l.CompositeLog [DiscoveryClient-HeartbeatExecutor-0] Accept=[application/json, application/*+json]
2025-04-30 02:25:48,783 DEBUG o.s.c.l.CompositeLog [DiscoveryClient-HeartbeatExecutor-0] Response 200 OK
2025-04-30 02:26:18,745 DEBUG o.s.c.l.CompositeLog [DiscoveryClient-CacheRefreshExecutor-0] HTTP GET http://localhost:8761/eureka/apps/delta
2025-04-30 02:26:18,746 DEBUG o.s.c.l.CompositeLog [DiscoveryClient-CacheRefreshExecutor-0] Accept=[application/json, application/*+json]
2025-04-30 02:26:18,762 DEBUG o.s.c.l.CompositeLog [DiscoveryClient-CacheRefreshExecutor-0] Response 200 OK
2025-04-30 02:26:18,762 DEBUG o.s.c.l.CompositeLog [DiscoveryClient-CacheRefreshExecutor-0] Reading to [org.springframework.cloud.netflix.eureka.http.EurekaApplications]
2025-04-30 02:26:18,792 DEBUG o.s.c.l.CompositeLog [DiscoveryClient-HeartbeatExecutor-0] HTTP PUT http://localhost:8761/eureka/apps/USER-MANAGEMENT/Dev-MToaima.TradeNET.COM:user-management:8888?status=UP&lastDirtyTimestamp=1745938849902
2025-04-30 02:26:18,793 DEBUG o.s.c.l.CompositeLog [DiscoveryClient-HeartbeatExecutor-0] Accept=[application/json, application/*+json]
2025-04-30 02:26:18,809 DEBUG o.s.c.l.CompositeLog [DiscoveryClient-HeartbeatExecutor-0] Response 200 OK
2025-04-30 02:26:48,775 DEBUG o.s.c.l.CompositeLog [DiscoveryClient-CacheRefreshExecutor-0] HTTP GET http://localhost:8761/eureka/apps/delta
2025-04-30 02:26:48,775 DEBUG o.s.c.l.CompositeLog [DiscoveryClient-CacheRefreshExecutor-0] Accept=[application/json, application/*+json]
2025-04-30 02:26:48,791 DEBUG o.s.c.l.CompositeLog [DiscoveryClient-CacheRefreshExecutor-0] Response 200 OK
2025-04-30 02:26:48,791 DEBUG o.s.c.l.CompositeLog [DiscoveryClient-CacheRefreshExecutor-0] Reading to [org.springframework.cloud.netflix.eureka.http.EurekaApplications]
2025-04-30 02:26:48,821 DEBUG o.s.c.l.CompositeLog [DiscoveryClient-HeartbeatExecutor-0] HTTP PUT http://localhost:8761/eureka/apps/USER-MANAGEMENT/Dev-MToaima.TradeNET.COM:user-management:8888?status=UP&lastDirtyTimestamp=1745938849902
2025-04-30 02:26:48,821 DEBUG o.s.c.l.CompositeLog [DiscoveryClient-HeartbeatExecutor-0] Accept=[application/json, application/*+json]
2025-04-30 02:26:48,837 DEBUG o.s.c.l.CompositeLog [DiscoveryClient-HeartbeatExecutor-0] Response 200 OK
2025-04-30 02:27:18,793 DEBUG o.s.c.l.CompositeLog [DiscoveryClient-CacheRefreshExecutor-0] HTTP GET http://localhost:8761/eureka/apps/delta
2025-04-30 02:27:18,793 DEBUG o.s.c.l.CompositeLog [DiscoveryClient-CacheRefreshExecutor-0] Accept=[application/json, application/*+json]
2025-04-30 02:27:18,810 DEBUG o.s.c.l.CompositeLog [DiscoveryClient-CacheRefreshExecutor-0] Response 200 OK
2025-04-30 02:27:18,810 DEBUG o.s.c.l.CompositeLog [DiscoveryClient-CacheRefreshExecutor-0] Reading to [org.springframework.cloud.netflix.eureka.http.EurekaApplications]
2025-04-30 02:27:18,843 DEBUG o.s.c.l.CompositeLog [DiscoveryClient-HeartbeatExecutor-0] HTTP PUT http://localhost:8761/eureka/apps/USER-MANAGEMENT/Dev-MToaima.TradeNET.COM:user-management:8888?status=UP&lastDirtyTimestamp=1745938849902
2025-04-30 02:27:18,844 DEBUG o.s.c.l.CompositeLog [DiscoveryClient-HeartbeatExecutor-0] Accept=[application/json, application/*+json]
2025-04-30 02:27:18,860 DEBUG o.s.c.l.CompositeLog [DiscoveryClient-HeartbeatExecutor-0] Response 200 OK
2025-04-30 02:27:48,819 DEBUG o.s.c.l.CompositeLog [DiscoveryClient-CacheRefreshExecutor-0] HTTP GET http://localhost:8761/eureka/apps/delta
2025-04-30 02:27:48,819 DEBUG o.s.c.l.CompositeLog [DiscoveryClient-CacheRefreshExecutor-0] Accept=[application/json, application/*+json]
2025-04-30 02:27:48,834 DEBUG o.s.c.l.CompositeLog [DiscoveryClient-CacheRefreshExecutor-0] Response 200 OK
2025-04-30 02:27:48,834 DEBUG o.s.c.l.CompositeLog [DiscoveryClient-CacheRefreshExecutor-0] Reading to [org.springframework.cloud.netflix.eureka.http.EurekaApplications]
2025-04-30 02:27:48,864 DEBUG o.s.c.l.CompositeLog [DiscoveryClient-HeartbeatExecutor-0] HTTP PUT http://localhost:8761/eureka/apps/USER-MANAGEMENT/Dev-MToaima.TradeNET.COM:user-management:8888?status=UP&lastDirtyTimestamp=1745938849902
2025-04-30 02:27:48,864 DEBUG o.s.c.l.CompositeLog [DiscoveryClient-HeartbeatExecutor-0] Accept=[application/json, application/*+json]
2025-04-30 02:27:48,880 DEBUG o.s.c.l.CompositeLog [DiscoveryClient-HeartbeatExecutor-0] Response 200 OK
2025-04-30 02:28:18,839 DEBUG o.s.c.l.CompositeLog [DiscoveryClient-CacheRefreshExecutor-0] HTTP GET http://localhost:8761/eureka/apps/delta
2025-04-30 02:28:18,839 DEBUG o.s.c.l.CompositeLog [DiscoveryClient-CacheRefreshExecutor-0] Accept=[application/json, application/*+json]
2025-04-30 02:28:18,845 DEBUG o.s.c.l.CompositeLog [DiscoveryClient-CacheRefreshExecutor-0] Response 200 OK
2025-04-30 02:28:18,845 DEBUG o.s.c.l.CompositeLog [DiscoveryClient-CacheRefreshExecutor-0] Reading to [org.springframework.cloud.netflix.eureka.http.EurekaApplications]
2025-04-30 02:28:18,892 DEBUG o.s.c.l.CompositeLog [DiscoveryClient-HeartbeatExecutor-0] HTTP PUT http://localhost:8761/eureka/apps/USER-MANAGEMENT/Dev-MToaima.TradeNET.COM:user-management:8888?status=UP&lastDirtyTimestamp=1745938849902
2025-04-30 02:28:18,892 DEBUG o.s.c.l.CompositeLog [DiscoveryClient-HeartbeatExecutor-0] Accept=[application/json, application/*+json]
2025-04-30 02:28:18,910 DEBUG o.s.c.l.CompositeLog [DiscoveryClient-HeartbeatExecutor-0] Response 200 OK
2025-04-30 02:28:48,850 DEBUG o.s.c.l.CompositeLog [DiscoveryClient-CacheRefreshExecutor-0] HTTP GET http://localhost:8761/eureka/apps/delta
2025-04-30 02:28:48,850 DEBUG o.s.c.l.CompositeLog [DiscoveryClient-CacheRefreshExecutor-0] Accept=[application/json, application/*+json]
2025-04-30 02:28:48,869 DEBUG o.s.c.l.CompositeLog [DiscoveryClient-CacheRefreshExecutor-0] Response 200 OK
2025-04-30 02:28:48,869 DEBUG o.s.c.l.CompositeLog [DiscoveryClient-CacheRefreshExecutor-0] Reading to [org.springframework.cloud.netflix.eureka.http.EurekaApplications]
2025-04-30 02:28:48,918 DEBUG o.s.c.l.CompositeLog [DiscoveryClient-HeartbeatExecutor-0] HTTP PUT http://localhost:8761/eureka/apps/USER-MANAGEMENT/Dev-MToaima.TradeNET.COM:user-management:8888?status=UP&lastDirtyTimestamp=1745938849902
2025-04-30 02:28:48,918 DEBUG o.s.c.l.CompositeLog [DiscoveryClient-HeartbeatExecutor-0] Accept=[application/json, application/*+json]
2025-04-30 02:28:48,934 DEBUG o.s.c.l.CompositeLog [DiscoveryClient-HeartbeatExecutor-0] Response 200 OK
2025-04-30 02:29:18,879 DEBUG o.s.c.l.CompositeLog [DiscoveryClient-CacheRefreshExecutor-0] HTTP GET http://localhost:8761/eureka/apps/delta
2025-04-30 02:29:18,879 DEBUG o.s.c.l.CompositeLog [DiscoveryClient-CacheRefreshExecutor-0] Accept=[application/json, application/*+json]
2025-04-30 02:29:18,896 DEBUG o.s.c.l.CompositeLog [DiscoveryClient-CacheRefreshExecutor-0] Response 200 OK
2025-04-30 02:29:18,896 DEBUG o.s.c.l.CompositeLog [DiscoveryClient-CacheRefreshExecutor-0] Reading to [org.springframework.cloud.netflix.eureka.http.EurekaApplications]
2025-04-30 02:29:18,942 DEBUG o.s.c.l.CompositeLog [DiscoveryClient-HeartbeatExecutor-0] HTTP PUT http://localhost:8761/eureka/apps/USER-MANAGEMENT/Dev-MToaima.TradeNET.COM:user-management:8888?status=UP&lastDirtyTimestamp=1745938849902
2025-04-30 02:29:18,942 DEBUG o.s.c.l.CompositeLog [DiscoveryClient-HeartbeatExecutor-0] Accept=[application/json, application/*+json]
2025-04-30 02:29:18,946 DEBUG o.s.c.l.CompositeLog [DiscoveryClient-HeartbeatExecutor-0] Response 200 OK
2025-04-30 02:29:36,435 INFO c.n.d.s.r.a.ConfigClusterResolver [AsyncResolver-bootstrap-executor-0] Resolving eureka endpoints via configuration
2025-04-30 02:29:48,896 DEBUG o.s.c.l.CompositeLog [DiscoveryClient-CacheRefreshExecutor-0] HTTP GET http://localhost:8761/eureka/apps/delta
2025-04-30 02:29:48,896 DEBUG o.s.c.l.CompositeLog [DiscoveryClient-CacheRefreshExecutor-0] Accept=[application/json, application/*+json]
2025-04-30 02:29:48,913 DEBUG o.s.c.l.CompositeLog [DiscoveryClient-CacheRefreshExecutor-0] Response 200 OK
2025-04-30 02:29:48,913 DEBUG o.s.c.l.CompositeLog [DiscoveryClient-CacheRefreshExecutor-0] Reading to [org.springframework.cloud.netflix.eureka.http.EurekaApplications]
2025-04-30 02:29:48,958 DEBUG o.s.c.l.CompositeLog [DiscoveryClient-HeartbeatExecutor-0] HTTP PUT http://localhost:8761/eureka/apps/USER-MANAGEMENT/Dev-MToaima.TradeNET.COM:user-management:8888?status=UP&lastDirtyTimestamp=1745938849902
2025-04-30 02:29:48,958 DEBUG o.s.c.l.CompositeLog [DiscoveryClient-HeartbeatExecutor-0] Accept=[application/json, application/*+json]
2025-04-30 02:29:48,975 DEBUG o.s.c.l.CompositeLog [DiscoveryClient-HeartbeatExecutor-0] Response 200 OK
2025-04-30 02:30:18,919 DEBUG o.s.c.l.CompositeLog [DiscoveryClient-CacheRefreshExecutor-0] HTTP GET http://localhost:8761/eureka/apps/delta
2025-04-30 02:30:18,919 DEBUG o.s.c.l.CompositeLog [DiscoveryClient-CacheRefreshExecutor-0] Accept=[application/json, application/*+json]
2025-04-30 02:30:18,936 DEBUG o.s.c.l.CompositeLog [DiscoveryClient-CacheRefreshExecutor-0] Response 200 OK
2025-04-30 02:30:18,936 DEBUG o.s.c.l.CompositeLog [DiscoveryClient-CacheRefreshExecutor-0] Reading to [org.springframework.cloud.netflix.eureka.http.EurekaApplications]
2025-04-30 02:30:18,980 DEBUG o.s.c.l.CompositeLog [DiscoveryClient-HeartbeatExecutor-0] HTTP PUT http://localhost:8761/eureka/apps/USER-MANAGEMENT/Dev-MToaima.TradeNET.COM:user-management:8888?status=UP&lastDirtyTimestamp=1745938849902
2025-04-30 02:30:18,980 DEBUG o.s.c.l.CompositeLog [DiscoveryClient-HeartbeatExecutor-0] Accept=[application/json, application/*+json]
2025-04-30 02:30:18,997 DEBUG o.s.c.l.CompositeLog [DiscoveryClient-HeartbeatExecutor-0] Response 200 OK
2025-04-30 02:30:48,937 DEBUG o.s.c.l.CompositeLog [DiscoveryClient-CacheRefreshExecutor-0] HTTP GET http://localhost:8761/eureka/apps/delta
2025-04-30 02:30:48,937 DEBUG o.s.c.l.CompositeLog [DiscoveryClient-CacheRefreshExecutor-0] Accept=[application/json, application/*+json]
2025-04-30 02:30:48,953 DEBUG o.s.c.l.CompositeLog [DiscoveryClient-CacheRefreshExecutor-0] Response 200 OK
2025-04-30 02:30:48,953 DEBUG o.s.c.l.CompositeLog [DiscoveryClient-CacheRefreshExecutor-0] Reading to [org.springframework.cloud.netflix.eureka.http.EurekaApplications]
2025-04-30 02:30:48,999 DEBUG o.s.c.l.CompositeLog [DiscoveryClient-HeartbeatExecutor-0] HTTP PUT http://localhost:8761/eureka/apps/USER-MANAGEMENT/Dev-MToaima.TradeNET.COM:user-management:8888?status=UP&lastDirtyTimestamp=1745938849902
2025-04-30 02:30:48,999 DEBUG o.s.c.l.CompositeLog [DiscoveryClient-HeartbeatExecutor-0] Accept=[application/json, application/*+json]
2025-04-30 02:30:49,015 DEBUG o.s.c.l.CompositeLog [DiscoveryClient-HeartbeatExecutor-0] Response 200 OK
2025-04-30 02:31:18,960 DEBUG o.s.c.l.CompositeLog [DiscoveryClient-CacheRefreshExecutor-0] HTTP GET http://localhost:8761/eureka/apps/delta
2025-04-30 02:31:18,960 DEBUG o.s.c.l.CompositeLog [DiscoveryClient-CacheRefreshExecutor-0] Accept=[application/json, application/*+json]
2025-04-30 02:31:18,976 DEBUG o.s.c.l.CompositeLog [DiscoveryClient-CacheRefreshExecutor-0] Response 200 OK
2025-04-30 02:31:18,976 DEBUG o.s.c.l.CompositeLog [DiscoveryClient-CacheRefreshExecutor-0] Reading to [org.springframework.cloud.netflix.eureka.http.EurekaApplications]
2025-04-30 02:31:19,022 DEBUG o.s.c.l.CompositeLog [DiscoveryClient-HeartbeatExecutor-0] HTTP PUT http://localhost:8761/eureka/apps/USER-MANAGEMENT/Dev-MToaima.TradeNET.COM:user-management:8888?status=UP&lastDirtyTimestamp=1745938849902
2025-04-30 02:31:19,022 DEBUG o.s.c.l.CompositeLog [DiscoveryClient-HeartbeatExecutor-0] Accept=[application/json, application/*+json]
2025-04-30 02:31:19,038 DEBUG o.s.c.l.CompositeLog [DiscoveryClient-HeartbeatExecutor-0] Response 200 OK
2025-04-30 02:31:48,984 DEBUG o.s.c.l.CompositeLog [DiscoveryClient-CacheRefreshExecutor-0] HTTP GET http://localhost:8761/eureka/apps/delta
2025-04-30 02:31:48,984 DEBUG o.s.c.l.CompositeLog [DiscoveryClient-CacheRefreshExecutor-0] Accept=[application/json, application/*+json]
2025-04-30 02:31:48,988 DEBUG o.s.c.l.CompositeLog [DiscoveryClient-CacheRefreshExecutor-0] Response 200 OK
2025-04-30 02:31:48,988 DEBUG o.s.c.l.CompositeLog [DiscoveryClient-CacheRefreshExecutor-0] Reading to [org.springframework.cloud.netflix.eureka.http.EurekaApplications]
2025-04-30 02:31:49,048 DEBUG o.s.c.l.CompositeLog [DiscoveryClient-HeartbeatExecutor-0] HTTP PUT http://localhost:8761/eureka/apps/USER-MANAGEMENT/Dev-MToaima.TradeNET.COM:user-management:8888?status=UP&lastDirtyTimestamp=1745938849902
2025-04-30 02:31:49,048 DEBUG o.s.c.l.CompositeLog [DiscoveryClient-HeartbeatExecutor-0] Accept=[application/json, application/*+json]
2025-04-30 02:31:49,064 DEBUG o.s.c.l.CompositeLog [DiscoveryClient-HeartbeatExecutor-0] Response 200 OK
2025-04-30 02:32:18,999 DEBUG o.s.c.l.CompositeLog [DiscoveryClient-CacheRefreshExecutor-0] HTTP GET http://localhost:8761/eureka/apps/delta
2025-04-30 02:32:18,999 DEBUG o.s.c.l.CompositeLog [DiscoveryClient-CacheRefreshExecutor-0] Accept=[application/json, application/*+json]
2025-04-30 02:32:19,013 DEBUG o.s.c.l.CompositeLog [DiscoveryClient-CacheRefreshExecutor-0] Response 200 OK
2025-04-30 02:32:19,013 DEBUG o.s.c.l.CompositeLog [DiscoveryClient-CacheRefreshExecutor-0] Reading to [org.springframework.cloud.netflix.eureka.http.EurekaApplications]
2025-04-30 02:32:19,076 DEBUG o.s.c.l.CompositeLog [DiscoveryClient-HeartbeatExecutor-0] HTTP PUT http://localhost:8761/eureka/apps/USER-MANAGEMENT/Dev-MToaima.TradeNET.COM:user-management:8888?status=UP&lastDirtyTimestamp=1745938849902
2025-04-30 02:32:19,076 DEBUG o.s.c.l.CompositeLog [DiscoveryClient-HeartbeatExecutor-0] Accept=[application/json, application/*+json]
2025-04-30 02:32:19,093 DEBUG o.s.c.l.CompositeLog [DiscoveryClient-HeartbeatExecutor-0] Response 200 OK
2025-04-30 02:32:49,018 DEBUG o.s.c.l.CompositeLog [DiscoveryClient-CacheRefreshExecutor-0] HTTP GET http://localhost:8761/eureka/apps/delta
2025-04-30 02:32:49,019 DEBUG o.s.c.l.CompositeLog [DiscoveryClient-CacheRefreshExecutor-0] Accept=[application/json, application/*+json]
2025-04-30 02:32:49,035 DEBUG o.s.c.l.CompositeLog [DiscoveryClient-CacheRefreshExecutor-0] Response 200 OK
2025-04-30 02:32:49,035 DEBUG o.s.c.l.CompositeLog [DiscoveryClient-CacheRefreshExecutor-0] Reading to [org.springframework.cloud.netflix.eureka.http.EurekaApplications]
2025-04-30 02:32:49,096 DEBUG o.s.c.l.CompositeLog [DiscoveryClient-HeartbeatExecutor-0] HTTP PUT http://localhost:8761/eureka/apps/USER-MANAGEMENT/Dev-MToaima.TradeNET.COM:user-management:8888?status=UP&lastDirtyTimestamp=1745938849902
2025-04-30 02:32:49,096 DEBUG o.s.c.l.CompositeLog [DiscoveryClient-HeartbeatExecutor-0] Accept=[application/json, application/*+json]
2025-04-30 02:32:49,113 DEBUG o.s.c.l.CompositeLog [DiscoveryClient-HeartbeatExecutor-0] Response 200 OK
2025-04-30 02:33:19,045 DEBUG o.s.c.l.CompositeLog [DiscoveryClient-CacheRefreshExecutor-0] HTTP GET http://localhost:8761/eureka/apps/delta
2025-04-30 02:33:19,045 DEBUG o.s.c.l.CompositeLog [DiscoveryClient-CacheRefreshExecutor-0] Accept=[application/json, application/*+json]
2025-04-30 02:33:19,061 DEBUG o.s.c.l.CompositeLog [DiscoveryClient-CacheRefreshExecutor-0] Response 200 OK
2025-04-30 02:33:19,061 DEBUG o.s.c.l.CompositeLog [DiscoveryClient-CacheRefreshExecutor-0] Reading to [org.springframework.cloud.netflix.eureka.http.EurekaApplications]
2025-04-30 02:33:19,122 DEBUG o.s.c.l.CompositeLog [DiscoveryClient-HeartbeatExecutor-0] HTTP PUT http://localhost:8761/eureka/apps/USER-MANAGEMENT/Dev-MToaima.TradeNET.COM:user-management:8888?status=UP&lastDirtyTimestamp=1745938849902
2025-04-30 02:33:19,122 DEBUG o.s.c.l.CompositeLog [DiscoveryClient-HeartbeatExecutor-0] Accept=[application/json, application/*+json]
2025-04-30 02:33:19,137 DEBUG o.s.c.l.CompositeLog [DiscoveryClient-HeartbeatExecutor-0] Response 200 OK
2025-04-30 02:33:49,072 DEBUG o.s.c.l.CompositeLog [DiscoveryClient-CacheRefreshExecutor-0] HTTP GET http://localhost:8761/eureka/apps/delta
2025-04-30 02:33:49,072 DEBUG o.s.c.l.CompositeLog [DiscoveryClient-CacheRefreshExecutor-0] Accept=[application/json, application/*+json]
2025-04-30 02:33:49,088 DEBUG o.s.c.l.CompositeLog [DiscoveryClient-CacheRefreshExecutor-0] Response 200 OK
2025-04-30 02:33:49,088 DEBUG o.s.c.l.CompositeLog [DiscoveryClient-CacheRefreshExecutor-0] Reading to [org.springframework.cloud.netflix.eureka.http.EurekaApplications]
2025-04-30 02:33:49,155 DEBUG o.s.c.l.CompositeLog [DiscoveryClient-HeartbeatExecutor-0] HTTP PUT http://localhost:8761/eureka/apps/USER-MANAGEMENT/Dev-MToaima.TradeNET.COM:user-management:8888?status=UP&lastDirtyTimestamp=1745938849902
2025-04-30 02:33:49,156 DEBUG o.s.c.l.CompositeLog [DiscoveryClient-HeartbeatExecutor-0] Accept=[application/json, application/*+json]
2025-04-30 02:33:49,172 DEBUG o.s.c.l.CompositeLog [DiscoveryClient-HeartbeatExecutor-0] Response 200 OK
2025-04-30 02:34:19,100 DEBUG o.s.c.l.CompositeLog [DiscoveryClient-CacheRefreshExecutor-0] HTTP GET http://localhost:8761/eureka/apps/delta
2025-04-30 02:34:19,100 DEBUG o.s.c.l.CompositeLog [DiscoveryClient-CacheRefreshExecutor-0] Accept=[application/json, application/*+json]
2025-04-30 02:34:19,116 DEBUG o.s.c.l.CompositeLog [DiscoveryClient-CacheRefreshExecutor-0] Response 200 OK
2025-04-30 02:34:19,117 DEBUG o.s.c.l.CompositeLog [DiscoveryClient-CacheRefreshExecutor-0] Reading to [org.springframework.cloud.netflix.eureka.http.EurekaApplications]
2025-04-30 02:34:19,177 DEBUG o.s.c.l.CompositeLog [DiscoveryClient-HeartbeatExecutor-0] HTTP PUT http://localhost:8761/eureka/apps/USER-MANAGEMENT/Dev-MToaima.TradeNET.COM:user-management:8888?status=UP&lastDirtyTimestamp=1745938849902
2025-04-30 02:34:19,177 DEBUG o.s.c.l.CompositeLog [DiscoveryClient-HeartbeatExecutor-0] Accept=[application/json, application/*+json]
2025-04-30 02:34:19,194 DEBUG o.s.c.l.CompositeLog [DiscoveryClient-HeartbeatExecutor-0] Response 200 OK
2025-04-30 02:34:36,436 INFO c.n.d.s.r.a.ConfigClusterResolver [AsyncResolver-bootstrap-executor-0] Resolving eureka endpoints via configuration
2025-04-30 02:34:49,127 DEBUG o.s.c.l.CompositeLog [DiscoveryClient-CacheRefreshExecutor-0] HTTP GET http://localhost:8761/eureka/apps/delta
2025-04-30 02:34:49,127 DEBUG o.s.c.l.CompositeLog [DiscoveryClient-CacheRefreshExecutor-0] Accept=[application/json, application/*+json]
2025-04-30 02:34:49,144 DEBUG o.s.c.l.CompositeLog [DiscoveryClient-CacheRefreshExecutor-0] Response 200 OK
2025-04-30 02:34:49,144 DEBUG o.s.c.l.CompositeLog [DiscoveryClient-CacheRefreshExecutor-0] Reading to [org.springframework.cloud.netflix.eureka.http.EurekaApplications]
2025-04-30 02:34:49,210 DEBUG o.s.c.l.CompositeLog [DiscoveryClient-HeartbeatExecutor-0] HTTP PUT http://localhost:8761/eureka/apps/USER-MANAGEMENT/Dev-MToaima.TradeNET.COM:user-management:8888?status=UP&lastDirtyTimestamp=1745938849902
2025-04-30 02:34:49,212 DEBUG o.s.c.l.CompositeLog [DiscoveryClient-HeartbeatExecutor-0] Accept=[application/json, application/*+json]
2025-04-30 02:34:49,215 DEBUG o.s.c.l.CompositeLog [DiscoveryClient-HeartbeatExecutor-0] Response 200 OK
2025-04-30 02:35:19,150 DEBUG o.s.c.l.CompositeLog [DiscoveryClient-CacheRefreshExecutor-0] HTTP GET http://localhost:8761/eureka/apps/delta
2025-04-30 02:35:19,153 DEBUG o.s.c.l.CompositeLog [DiscoveryClient-CacheRefreshExecutor-0] Accept=[application/json, application/*+json]
2025-04-30 02:35:19,155 DEBUG o.s.c.l.CompositeLog [DiscoveryClient-CacheRefreshExecutor-0] Response 200 OK
2025-04-30 02:35:19,155 DEBUG o.s.c.l.CompositeLog [DiscoveryClient-CacheRefreshExecutor-0] Reading to [org.springframework.cloud.netflix.eureka.http.EurekaApplications]
2025-04-30 02:35:19,231 DEBUG o.s.c.l.CompositeLog [DiscoveryClient-HeartbeatExecutor-0] HTTP PUT http://localhost:8761/eureka/apps/USER-MANAGEMENT/Dev-MToaima.TradeNET.COM:user-management:8888?status=UP&lastDirtyTimestamp=1745938849902
2025-04-30 02:35:19,231 DEBUG o.s.c.l.CompositeLog [DiscoveryClient-HeartbeatExecutor-0] Accept=[application/json, application/*+json]
2025-04-30 02:35:19,248 DEBUG o.s.c.l.CompositeLog [DiscoveryClient-HeartbeatExecutor-0] Response 200 OK
2025-04-30 02:35:49,159 DEBUG o.s.c.l.CompositeLog [DiscoveryClient-CacheRefreshExecutor-0] HTTP GET http://localhost:8761/eureka/apps/delta
2025-04-30 02:35:49,160 DEBUG o.s.c.l.CompositeLog [DiscoveryClient-CacheRefreshExecutor-0] Accept=[application/json, application/*+json]
2025-04-30 02:35:49,175 DEBUG o.s.c.l.CompositeLog [DiscoveryClient-CacheRefreshExecutor-0] Response 200 OK
2025-04-30 02:35:49,176 DEBUG o.s.c.l.CompositeLog [DiscoveryClient-CacheRefreshExecutor-0] Reading to [org.springframework.cloud.netflix.eureka.http.EurekaApplications]
2025-04-30 02:35:49,251 DEBUG o.s.c.l.CompositeLog [DiscoveryClient-HeartbeatExecutor-0] HTTP PUT http://localhost:8761/eureka/apps/USER-MANAGEMENT/Dev-MToaima.TradeNET.COM:user-management:8888?status=UP&lastDirtyTimestamp=1745938849902
2025-04-30 02:35:49,251 DEBUG o.s.c.l.CompositeLog [DiscoveryClient-HeartbeatExecutor-0] Accept=[application/json, application/*+json]
2025-04-30 02:35:49,267 DEBUG o.s.c.l.CompositeLog [DiscoveryClient-HeartbeatExecutor-0] Response 200 OK
2025-04-30 02:36:19,186 DEBUG o.s.c.l.CompositeLog [DiscoveryClient-CacheRefreshExecutor-0] HTTP GET http://localhost:8761/eureka/apps/delta
2025-04-30 02:36:19,186 DEBUG o.s.c.l.CompositeLog [DiscoveryClient-CacheRefreshExecutor-0] Accept=[application/json, application/*+json]
2025-04-30 02:36:19,202 DEBUG o.s.c.l.CompositeLog [DiscoveryClient-CacheRefreshExecutor-0] Response 200 OK
2025-04-30 02:36:19,203 DEBUG o.s.c.l.CompositeLog [DiscoveryClient-CacheRefreshExecutor-0] Reading to [org.springframework.cloud.netflix.eureka.http.EurekaApplications]
2025-04-30 02:36:19,278 DEBUG o.s.c.l.CompositeLog [DiscoveryClient-HeartbeatExecutor-0] HTTP PUT http://localhost:8761/eureka/apps/USER-MANAGEMENT/Dev-MToaima.TradeNET.COM:user-management:8888?status=UP&lastDirtyTimestamp=1745938849902
2025-04-30 02:36:19,278 DEBUG o.s.c.l.CompositeLog [DiscoveryClient-HeartbeatExecutor-0] Accept=[application/json, application/*+json]
2025-04-30 02:36:19,294 DEBUG o.s.c.l.CompositeLog [DiscoveryClient-HeartbeatExecutor-0] Response 200 OK
2025-04-30 02:36:49,214 DEBUG o.s.c.l.CompositeLog [DiscoveryClient-CacheRefreshExecutor-0] HTTP GET http://localhost:8761/eureka/apps/delta
2025-04-30 02:36:49,215 DEBUG o.s.c.l.CompositeLog [DiscoveryClient-CacheRefreshExecutor-0] Accept=[application/json, application/*+json]
2025-04-30 02:36:49,224 DEBUG o.s.c.l.CompositeLog [DiscoveryClient-CacheRefreshExecutor-0] Response 200 OK
2025-04-30 02:36:49,224 DEBUG o.s.c.l.CompositeLog [DiscoveryClient-CacheRefreshExecutor-0] Reading to [org.springframework.cloud.netflix.eureka.http.EurekaApplications]
2025-04-30 02:36:49,323 DEBUG o.s.c.l.CompositeLog [DiscoveryClient-HeartbeatExecutor-0] HTTP PUT http://localhost:8761/eureka/apps/USER-MANAGEMENT/Dev-MToaima.TradeNET.COM:user-management:8888?status=UP&lastDirtyTimestamp=1745938849902
2025-04-30 02:36:49,323 DEBUG o.s.c.l.CompositeLog [DiscoveryClient-HeartbeatExecutor-0] Accept=[application/json, application/*+json]
2025-04-30 02:36:49,331 DEBUG o.s.c.l.CompositeLog [DiscoveryClient-HeartbeatExecutor-0] Response 200 OK
2025-04-30 02:37:19,236 DEBUG o.s.c.l.CompositeLog [DiscoveryClient-CacheRefreshExecutor-0] HTTP GET http://localhost:8761/eureka/apps/delta
2025-04-30 02:37:19,236 DEBUG o.s.c.l.CompositeLog [DiscoveryClient-CacheRefreshExecutor-0] Accept=[application/json, application/*+json]
2025-04-30 02:37:19,239 DEBUG o.s.c.l.CompositeLog [DiscoveryClient-CacheRefreshExecutor-0] Response 200 OK
2025-04-30 02:37:19,239 DEBUG o.s.c.l.CompositeLog [DiscoveryClient-CacheRefreshExecutor-0] Reading to [org.springframework.cloud.netflix.eureka.http.EurekaApplications]
2025-04-30 02:37:19,333 DEBUG o.s.c.l.CompositeLog [DiscoveryClient-HeartbeatExecutor-0] HTTP PUT http://localhost:8761/eureka/apps/USER-MANAGEMENT/Dev-MToaima.TradeNET.COM:user-management:8888?status=UP&lastDirtyTimestamp=1745938849902
2025-04-30 02:37:19,333 DEBUG o.s.c.l.CompositeLog [DiscoveryClient-HeartbeatExecutor-0] Accept=[application/json, application/*+json]
2025-04-30 02:37:19,335 DEBUG o.s.c.l.CompositeLog [DiscoveryClient-HeartbeatExecutor-0] Response 200 OK
2025-04-30 02:37:49,242 DEBUG o.s.c.l.CompositeLog [DiscoveryClient-CacheRefreshExecutor-0] HTTP GET http://localhost:8761/eureka/apps/delta
2025-04-30 02:37:49,243 DEBUG o.s.c.l.CompositeLog [DiscoveryClient-CacheRefreshExecutor-0] Accept=[application/json, application/*+json]
2025-04-30 02:37:49,254 DEBUG o.s.c.l.CompositeLog [DiscoveryClient-CacheRefreshExecutor-0] Response 200 OK
2025-04-30 02:37:49,254 DEBUG o.s.c.l.CompositeLog [DiscoveryClient-CacheRefreshExecutor-0] Reading to [org.springframework.cloud.netflix.eureka.http.EurekaApplications]
2025-04-30 02:37:49,341 DEBUG o.s.c.l.CompositeLog [DiscoveryClient-HeartbeatExecutor-0] HTTP PUT http://localhost:8761/eureka/apps/USER-MANAGEMENT/Dev-MToaima.TradeNET.COM:user-management:8888?status=UP&lastDirtyTimestamp=1745938849902
2025-04-30 02:37:49,341 DEBUG o.s.c.l.CompositeLog [DiscoveryClient-HeartbeatExecutor-0] Accept=[application/json, application/*+json]
2025-04-30 02:37:49,357 DEBUG o.s.c.l.CompositeLog [DiscoveryClient-HeartbeatExecutor-0] Response 200 OK
2025-04-30 02:38:19,269 DEBUG o.s.c.l.CompositeLog [DiscoveryClient-CacheRefreshExecutor-0] HTTP GET http://localhost:8761/eureka/apps/delta
2025-04-30 02:38:19,269 DEBUG o.s.c.l.CompositeLog [DiscoveryClient-CacheRefreshExecutor-0] Accept=[application/json, application/*+json]
2025-04-30 02:38:19,285 DEBUG o.s.c.l.CompositeLog [DiscoveryClient-CacheRefreshExecutor-0] Response 200 OK
2025-04-30 02:38:19,285 DEBUG o.s.c.l.CompositeLog [DiscoveryClient-CacheRefreshExecutor-0] Reading to [org.springframework.cloud.netflix.eureka.http.EurekaApplications]
2025-04-30 02:38:19,364 DEBUG o.s.c.l.CompositeLog [DiscoveryClient-HeartbeatExecutor-0] HTTP PUT http://localhost:8761/eureka/apps/USER-MANAGEMENT/Dev-MToaima.TradeNET.COM:user-management:8888?status=UP&lastDirtyTimestamp=1745938849902
2025-04-30 02:38:19,364 DEBUG o.s.c.l.CompositeLog [DiscoveryClient-HeartbeatExecutor-0] Accept=[application/json, application/*+json]
2025-04-30 02:38:19,380 DEBUG o.s.c.l.CompositeLog [DiscoveryClient-HeartbeatExecutor-0] Response 200 OK
2025-04-30 02:38:49,291 DEBUG o.s.c.l.CompositeLog [DiscoveryClient-CacheRefreshExecutor-0] HTTP GET http://localhost:8761/eureka/apps/delta
2025-04-30 02:38:49,291 DEBUG o.s.c.l.CompositeLog [DiscoveryClient-CacheRefreshExecutor-0] Accept=[application/json, application/*+json]
2025-04-30 02:38:49,308 DEBUG o.s.c.l.CompositeLog [DiscoveryClient-CacheRefreshExecutor-0] Response 200 OK
2025-04-30 02:38:49,308 DEBUG o.s.c.l.CompositeLog [DiscoveryClient-CacheRefreshExecutor-0] Reading to [org.springframework.cloud.netflix.eureka.http.EurekaApplications]
2025-04-30 02:38:49,384 DEBUG o.s.c.l.CompositeLog [DiscoveryClient-HeartbeatExecutor-0] HTTP PUT http://localhost:8761/eureka/apps/USER-MANAGEMENT/Dev-MToaima.TradeNET.COM:user-management:8888?status=UP&lastDirtyTimestamp=1745938849902
2025-04-30 02:38:49,384 DEBUG o.s.c.l.CompositeLog [DiscoveryClient-HeartbeatExecutor-0] Accept=[application/json, application/*+json]
2025-04-30 02:38:49,400 DEBUG o.s.c.l.CompositeLog [DiscoveryClient-HeartbeatExecutor-0] Response 200 OK
2025-04-30 02:39:19,315 DEBUG o.s.c.l.CompositeLog [DiscoveryClient-CacheRefreshExecutor-0] HTTP GET http://localhost:8761/eureka/apps/delta
2025-04-30 02:39:19,316 DEBUG o.s.c.l.CompositeLog [DiscoveryClient-CacheRefreshExecutor-0] Accept=[application/json, application/*+json]
2025-04-30 02:39:19,324 DEBUG o.s.c.l.CompositeLog [DiscoveryClient-CacheRefreshExecutor-0] Response 200 OK
2025-04-30 02:39:19,324 DEBUG o.s.c.l.CompositeLog [DiscoveryClient-CacheRefreshExecutor-0] Reading to [org.springframework.cloud.netflix.eureka.http.EurekaApplications]
2025-04-30 02:39:19,415 DEBUG o.s.c.l.CompositeLog [DiscoveryClient-HeartbeatExecutor-0] HTTP PUT http://localhost:8761/eureka/apps/USER-MANAGEMENT/Dev-MToaima.TradeNET.COM:user-management:8888?status=UP&lastDirtyTimestamp=1745938849902
2025-04-30 02:39:19,415 DEBUG o.s.c.l.CompositeLog [DiscoveryClient-HeartbeatExecutor-0] Accept=[application/json, application/*+json]
2025-04-30 02:39:19,423 DEBUG o.s.c.l.CompositeLog [DiscoveryClient-HeartbeatExecutor-0] Response 200 OK
2025-04-30 02:39:36,438 INFO c.n.d.s.r.a.ConfigClusterResolver [AsyncResolver-bootstrap-executor-0] Resolving eureka endpoints via configuration
2025-04-30 02:39:49,326 DEBUG o.s.c.l.CompositeLog [DiscoveryClient-CacheRefreshExecutor-0] HTTP GET http://localhost:8761/eureka/apps/delta
2025-04-30 02:39:49,326 DEBUG o.s.c.l.CompositeLog [DiscoveryClient-CacheRefreshExecutor-0] Accept=[application/json, application/*+json]
2025-04-30 02:39:49,342 DEBUG o.s.c.l.CompositeLog [DiscoveryClient-CacheRefreshExecutor-0] Response 200 OK
2025-04-30 02:39:49,342 DEBUG o.s.c.l.CompositeLog [DiscoveryClient-CacheRefreshExecutor-0] Reading to [org.springframework.cloud.netflix.eureka.http.EurekaApplications]
2025-04-30 02:39:49,430 DEBUG o.s.c.l.CompositeLog [DiscoveryClient-HeartbeatExecutor-0] HTTP PUT http://localhost:8761/eureka/apps/USER-MANAGEMENT/Dev-MToaima.TradeNET.COM:user-management:8888?status=UP&lastDirtyTimestamp=1745938849902
2025-04-30 02:39:49,431 DEBUG o.s.c.l.CompositeLog [DiscoveryClient-HeartbeatExecutor-0] Accept=[application/json, application/*+json]
2025-04-30 02:39:49,434 DEBUG o.s.c.l.CompositeLog [DiscoveryClient-HeartbeatExecutor-0] Response 200 OK
2025-04-30 02:40:19,344 DEBUG o.s.c.l.CompositeLog [DiscoveryClient-CacheRefreshExecutor-0] HTTP GET http://localhost:8761/eureka/apps/delta
2025-04-30 02:40:19,344 DEBUG o.s.c.l.CompositeLog [DiscoveryClient-CacheRefreshExecutor-0] Accept=[application/json, application/*+json]
2025-04-30 02:40:19,362 DEBUG o.s.c.l.CompositeLog [DiscoveryClient-CacheRefreshExecutor-0] Response 200 OK
2025-04-30 02:40:19,362 DEBUG o.s.c.l.CompositeLog [DiscoveryClient-CacheRefreshExecutor-0] Reading to [org.springframework.cloud.netflix.eureka.http.EurekaApplications]
2025-04-30 02:40:19,440 DEBUG o.s.c.l.CompositeLog [DiscoveryClient-HeartbeatExecutor-0] HTTP PUT http://localhost:8761/eureka/apps/USER-MANAGEMENT/Dev-MToaima.TradeNET.COM:user-management:8888?status=UP&lastDirtyTimestamp=1745938849902
2025-04-30 02:40:19,440 DEBUG o.s.c.l.CompositeLog [DiscoveryClient-HeartbeatExecutor-0] Accept=[application/json, application/*+json]
2025-04-30 02:40:19,455 DEBUG o.s.c.l.CompositeLog [DiscoveryClient-HeartbeatExecutor-0] Response 200 OK
2025-04-30 02:40:49,364 DEBUG o.s.c.l.CompositeLog [DiscoveryClient-CacheRefreshExecutor-0] HTTP GET http://localhost:8761/eureka/apps/delta
2025-04-30 02:40:49,364 DEBUG o.s.c.l.CompositeLog [DiscoveryClient-CacheRefreshExecutor-0] Accept=[application/json, application/*+json]
2025-04-30 02:40:49,380 DEBUG o.s.c.l.CompositeLog [DiscoveryClient-CacheRefreshExecutor-0] Response 200 OK
2025-04-30 02:40:49,380 DEBUG o.s.c.l.CompositeLog [DiscoveryClient-CacheRefreshExecutor-0] Reading to [org.springframework.cloud.netflix.eureka.http.EurekaApplications]
2025-04-30 02:40:49,457 DEBUG o.s.c.l.CompositeLog [DiscoveryClient-HeartbeatExecutor-0] HTTP PUT http://localhost:8761/eureka/apps/USER-MANAGEMENT/Dev-MToaima.TradeNET.COM:user-management:8888?status=UP&lastDirtyTimestamp=1745938849902
2025-04-30 02:40:49,457 DEBUG o.s.c.l.CompositeLog [DiscoveryClient-HeartbeatExecutor-0] Accept=[application/json, application/*+json]
2025-04-30 02:40:49,474 DEBUG o.s.c.l.CompositeLog [DiscoveryClient-HeartbeatExecutor-0] Response 200 OK
2025-04-30 02:41:19,391 DEBUG o.s.c.l.CompositeLog [DiscoveryClient-CacheRefreshExecutor-0] HTTP GET http://localhost:8761/eureka/apps/delta
2025-04-30 02:41:19,391 DEBUG o.s.c.l.CompositeLog [DiscoveryClient-CacheRefreshExecutor-0] Accept=[application/json, application/*+json]
2025-04-30 02:41:19,407 DEBUG o.s.c.l.CompositeLog [DiscoveryClient-CacheRefreshExecutor-0] Response 200 OK
2025-04-30 02:41:19,407 DEBUG o.s.c.l.CompositeLog [DiscoveryClient-CacheRefreshExecutor-0] Reading to [org.springframework.cloud.netflix.eureka.http.EurekaApplications]
2025-04-30 02:41:19,484 DEBUG o.s.c.l.CompositeLog [DiscoveryClient-HeartbeatExecutor-0] HTTP PUT http://localhost:8761/eureka/apps/USER-MANAGEMENT/Dev-MToaima.TradeNET.COM:user-management:8888?status=UP&lastDirtyTimestamp=1745938849902
2025-04-30 02:41:19,485 DEBUG o.s.c.l.CompositeLog [DiscoveryClient-HeartbeatExecutor-0] Accept=[application/json, application/*+json]
2025-04-30 02:41:19,500 DEBUG o.s.c.l.CompositeLog [DiscoveryClient-HeartbeatExecutor-0] Response 200 OK
2025-04-30 02:41:49,427 DEBUG o.s.c.l.CompositeLog [DiscoveryClient-CacheRefreshExecutor-0] HTTP GET http://localhost:8761/eureka/apps/delta
2025-04-30 02:41:49,427 DEBUG o.s.c.l.CompositeLog [DiscoveryClient-CacheRefreshExecutor-0] Accept=[application/json, application/*+json]
2025-04-30 02:41:49,443 DEBUG o.s.c.l.CompositeLog [DiscoveryClient-CacheRefreshExecutor-0] Response 200 OK
2025-04-30 02:41:49,443 DEBUG o.s.c.l.CompositeLog [DiscoveryClient-CacheRefreshExecutor-0] Reading to [org.springframework.cloud.netflix.eureka.http.EurekaApplications]
2025-04-30 02:41:49,506 DEBUG o.s.c.l.CompositeLog [DiscoveryClient-HeartbeatExecutor-0] HTTP PUT http://localhost:8761/eureka/apps/USER-MANAGEMENT/Dev-MToaima.TradeNET.COM:user-management:8888?status=UP&lastDirtyTimestamp=1745938849902
2025-04-30 02:41:49,506 DEBUG o.s.c.l.CompositeLog [DiscoveryClient-HeartbeatExecutor-0] Accept=[application/json, application/*+json]
2025-04-30 02:41:49,522 DEBUG o.s.c.l.CompositeLog [DiscoveryClient-HeartbeatExecutor-0] Response 200 OK
2025-04-30 02:42:19,451 DEBUG o.s.c.l.CompositeLog [DiscoveryClient-CacheRefreshExecutor-0] HTTP GET http://localhost:8761/eureka/apps/delta
2025-04-30 02:42:19,451 DEBUG o.s.c.l.CompositeLog [DiscoveryClient-CacheRefreshExecutor-0] Accept=[application/json, application/*+json]
2025-04-30 02:42:19,468 DEBUG o.s.c.l.CompositeLog [DiscoveryClient-CacheRefreshExecutor-0] Response 200 OK
2025-04-30 02:42:19,468 DEBUG o.s.c.l.CompositeLog [DiscoveryClient-CacheRefreshExecutor-0] Reading to [org.springframework.cloud.netflix.eureka.http.EurekaApplications]
2025-04-30 02:42:19,530 DEBUG o.s.c.l.CompositeLog [DiscoveryClient-HeartbeatExecutor-0] HTTP PUT http://localhost:8761/eureka/apps/USER-MANAGEMENT/Dev-MToaima.TradeNET.COM:user-management:8888?status=UP&lastDirtyTimestamp=1745938849902
2025-04-30 02:42:19,530 DEBUG o.s.c.l.CompositeLog [DiscoveryClient-HeartbeatExecutor-0] Accept=[application/json, application/*+json]
2025-04-30 02:42:19,546 DEBUG o.s.c.l.CompositeLog [DiscoveryClient-HeartbeatExecutor-0] Response 200 OK
2025-04-30 02:42:49,477 DEBUG o.s.c.l.CompositeLog [DiscoveryClient-CacheRefreshExecutor-0] HTTP GET http://localhost:8761/eureka/apps/delta
2025-04-30 02:42:49,477 DEBUG o.s.c.l.CompositeLog [DiscoveryClient-CacheRefreshExecutor-0] Accept=[application/json, application/*+json]
2025-04-30 02:42:49,492 DEBUG o.s.c.l.CompositeLog [DiscoveryClient-CacheRefreshExecutor-0] Response 200 OK
2025-04-30 02:42:49,493 DEBUG o.s.c.l.CompositeLog [DiscoveryClient-CacheRefreshExecutor-0] Reading to [org.springframework.cloud.netflix.eureka.http.EurekaApplications]
2025-04-30 02:42:49,561 DEBUG o.s.c.l.CompositeLog [DiscoveryClient-HeartbeatExecutor-0] HTTP PUT http://localhost:8761/eureka/apps/USER-MANAGEMENT/Dev-MToaima.TradeNET.COM:user-management:8888?status=UP&lastDirtyTimestamp=1745938849902
2025-04-30 02:42:49,561 DEBUG o.s.c.l.CompositeLog [DiscoveryClient-HeartbeatExecutor-0] Accept=[application/json, application/*+json]
2025-04-30 02:42:49,577 DEBUG o.s.c.l.CompositeLog [DiscoveryClient-HeartbeatExecutor-0] Response 200 OK
2025-04-30 02:43:19,494 DEBUG o.s.c.l.CompositeLog [DiscoveryClient-CacheRefreshExecutor-0] HTTP GET http://localhost:8761/eureka/apps/delta
2025-04-30 02:43:19,494 DEBUG o.s.c.l.CompositeLog [DiscoveryClient-CacheRefreshExecutor-0] Accept=[application/json, application/*+json]
2025-04-30 02:43:19,510 DEBUG o.s.c.l.CompositeLog [DiscoveryClient-CacheRefreshExecutor-0] Response 200 OK
2025-04-30 02:43:19,510 DEBUG o.s.c.l.CompositeLog [DiscoveryClient-CacheRefreshExecutor-0] Reading to [org.springframework.cloud.netflix.eureka.http.EurekaApplications]
2025-04-30 02:43:19,591 DEBUG o.s.c.l.CompositeLog [DiscoveryClient-HeartbeatExecutor-0] HTTP PUT http://localhost:8761/eureka/apps/USER-MANAGEMENT/Dev-MToaima.TradeNET.COM:user-management:8888?status=UP&lastDirtyTimestamp=1745938849902
2025-04-30 02:43:19,591 DEBUG o.s.c.l.CompositeLog [DiscoveryClient-HeartbeatExecutor-0] Accept=[application/json, application/*+json]
2025-04-30 02:43:19,608 DEBUG o.s.c.l.CompositeLog [DiscoveryClient-HeartbeatExecutor-0] Response 200 OK
2025-04-30 02:43:49,524 DEBUG o.s.c.l.CompositeLog [DiscoveryClient-CacheRefreshExecutor-0] HTTP GET http://localhost:8761/eureka/apps/delta
2025-04-30 02:43:49,524 DEBUG o.s.c.l.CompositeLog [DiscoveryClient-CacheRefreshExecutor-0] Accept=[application/json, application/*+json]
2025-04-30 02:43:49,541 DEBUG o.s.c.l.CompositeLog [DiscoveryClient-CacheRefreshExecutor-0] Response 200 OK
2025-04-30 02:43:49,541 DEBUG o.s.c.l.CompositeLog [DiscoveryClient-CacheRefreshExecutor-0] Reading to [org.springframework.cloud.netflix.eureka.http.EurekaApplications]
2025-04-30 02:43:49,621 DEBUG o.s.c.l.CompositeLog [DiscoveryClient-HeartbeatExecutor-0] HTTP PUT http://localhost:8761/eureka/apps/USER-MANAGEMENT/Dev-MToaima.TradeNET.COM:user-management:8888?status=UP&lastDirtyTimestamp=1745938849902
2025-04-30 02:43:49,622 DEBUG o.s.c.l.CompositeLog [DiscoveryClient-HeartbeatExecutor-0] Accept=[application/json, application/*+json]
2025-04-30 02:43:49,637 DEBUG o.s.c.l.CompositeLog [DiscoveryClient-HeartbeatExecutor-0] Response 200 OK
2025-04-30 02:44:19,550 DEBUG o.s.c.l.CompositeLog [DiscoveryClient-CacheRefreshExecutor-0] HTTP GET http://localhost:8761/eureka/apps/delta
2025-04-30 02:44:19,550 DEBUG o.s.c.l.CompositeLog [DiscoveryClient-CacheRefreshExecutor-0] Accept=[application/json, application/*+json]
2025-04-30 02:44:19,566 DEBUG o.s.c.l.CompositeLog [DiscoveryClient-CacheRefreshExecutor-0] Response 200 OK
2025-04-30 02:44:19,566 DEBUG o.s.c.l.CompositeLog [DiscoveryClient-CacheRefreshExecutor-0] Reading to [org.springframework.cloud.netflix.eureka.http.EurekaApplications]
2025-04-30 02:44:19,646 DEBUG o.s.c.l.CompositeLog [DiscoveryClient-HeartbeatExecutor-0] HTTP PUT http://localhost:8761/eureka/apps/USER-MANAGEMENT/Dev-MToaima.TradeNET.COM:user-management:8888?status=UP&lastDirtyTimestamp=1745938849902
2025-04-30 02:44:19,646 DEBUG o.s.c.l.CompositeLog [DiscoveryClient-HeartbeatExecutor-0] Accept=[application/json, application/*+json]
2025-04-30 02:44:19,662 DEBUG o.s.c.l.CompositeLog [DiscoveryClient-HeartbeatExecutor-0] Response 200 OK
2025-04-30 02:44:36,446 INFO c.n.d.s.r.a.ConfigClusterResolver [AsyncResolver-bootstrap-executor-0] Resolving eureka endpoints via configuration
2025-04-30 02:44:49,580 DEBUG o.s.c.l.CompositeLog [DiscoveryClient-CacheRefreshExecutor-0] HTTP GET http://localhost:8761/eureka/apps/delta
2025-04-30 02:44:49,581 DEBUG o.s.c.l.CompositeLog [DiscoveryClient-CacheRefreshExecutor-0] Accept=[application/json, application/*+json]
2025-04-30 02:44:49,597 DEBUG o.s.c.l.CompositeLog [DiscoveryClient-CacheRefreshExecutor-0] Response 200 OK
2025-04-30 02:44:49,597 DEBUG o.s.c.l.CompositeLog [DiscoveryClient-CacheRefreshExecutor-0] Reading to [org.springframework.cloud.netflix.eureka.http.EurekaApplications]
2025-04-30 02:44:49,673 DEBUG o.s.c.l.CompositeLog [DiscoveryClient-HeartbeatExecutor-0] HTTP PUT http://localhost:8761/eureka/apps/USER-MANAGEMENT/Dev-MToaima.TradeNET.COM:user-management:8888?status=UP&lastDirtyTimestamp=1745938849902
2025-04-30 02:44:49,673 DEBUG o.s.c.l.CompositeLog [DiscoveryClient-HeartbeatExecutor-0] Accept=[application/json, application/*+json]
2025-04-30 02:44:49,689 DEBUG o.s.c.l.CompositeLog [DiscoveryClient-HeartbeatExecutor-0] Response 200 OK
2025-04-30 02:45:19,612 DEBUG o.s.c.l.CompositeLog [DiscoveryClient-CacheRefreshExecutor-0] HTTP GET http://localhost:8761/eureka/apps/delta
2025-04-30 02:45:19,612 DEBUG o.s.c.l.CompositeLog [DiscoveryClient-CacheRefreshExecutor-0] Accept=[application/json, application/*+json]
2025-04-30 02:45:19,629 DEBUG o.s.c.l.CompositeLog [DiscoveryClient-CacheRefreshExecutor-0] Response 200 OK
2025-04-30 02:45:19,630 DEBUG o.s.c.l.CompositeLog [DiscoveryClient-CacheRefreshExecutor-0] Reading to [org.springframework.cloud.netflix.eureka.http.EurekaApplications]
2025-04-30 02:45:19,692 DEBUG o.s.c.l.CompositeLog [DiscoveryClient-HeartbeatExecutor-0] HTTP PUT http://localhost:8761/eureka/apps/USER-MANAGEMENT/Dev-MToaima.TradeNET.COM:user-management:8888?status=UP&lastDirtyTimestamp=1745938849902
2025-04-30 02:45:19,692 DEBUG o.s.c.l.CompositeLog [DiscoveryClient-HeartbeatExecutor-0] Accept=[application/json, application/*+json]
2025-04-30 02:45:19,708 DEBUG o.s.c.l.CompositeLog [DiscoveryClient-HeartbeatExecutor-0] Response 200 OK
2025-04-30 02:45:49,636 DEBUG o.s.c.l.CompositeLog [DiscoveryClient-CacheRefreshExecutor-0] HTTP GET http://localhost:8761/eureka/apps/delta
2025-04-30 02:45:49,637 DEBUG o.s.c.l.CompositeLog [DiscoveryClient-CacheRefreshExecutor-0] Accept=[application/json, application/*+json]
2025-04-30 02:45:49,653 DEBUG o.s.c.l.CompositeLog [DiscoveryClient-CacheRefreshExecutor-0] Response 200 OK
2025-04-30 02:45:49,653 DEBUG o.s.c.l.CompositeLog [DiscoveryClient-CacheRefreshExecutor-0] Reading to [org.springframework.cloud.netflix.eureka.http.EurekaApplications]
2025-04-30 02:45:49,716 DEBUG o.s.c.l.CompositeLog [DiscoveryClient-HeartbeatExecutor-0] HTTP PUT http://localhost:8761/eureka/apps/USER-MANAGEMENT/Dev-MToaima.TradeNET.COM:user-management:8888?status=UP&lastDirtyTimestamp=1745938849902
2025-04-30 02:45:49,716 DEBUG o.s.c.l.CompositeLog [DiscoveryClient-HeartbeatExecutor-0] Accept=[application/json, application/*+json]
2025-04-30 02:45:49,733 DEBUG o.s.c.l.CompositeLog [DiscoveryClient-HeartbeatExecutor-0] Response 200 OK
2025-04-30 02:50:51,443 WARN c.z.h.p.HikariPool$HouseKeeper [HikariPool-4 housekeeper] HikariPool-4 - Thread starvation or clock leap detected (housekeeper delta=5m15s269ms731µs300ns).
2025-04-30 02:51:04,886 DEBUG o.s.c.l.CompositeLog [DiscoveryClient-HeartbeatExecutor-0] HTTP PUT http://localhost:8761/eureka/apps/USER-MANAGEMENT/Dev-MToaima.TradeNET.COM:user-management:8888?status=UP&lastDirtyTimestamp=1745938849902
2025-04-30 02:51:04,886 DEBUG o.s.c.l.CompositeLog [DiscoveryClient-CacheRefreshExecutor-0] HTTP GET http://localhost:8761/eureka/apps/delta
2025-04-30 02:51:04,886 DEBUG o.s.c.l.CompositeLog [DiscoveryClient-CacheRefreshExecutor-0] Accept=[application/json, application/*+json]
2025-04-30 02:51:04,886 DEBUG o.s.c.l.CompositeLog [DiscoveryClient-HeartbeatExecutor-0] Accept=[application/json, application/*+json]
2025-04-30 02:51:04,890 DEBUG o.s.c.l.CompositeLog [DiscoveryClient-HeartbeatExecutor-0] Response 200 OK
2025-04-30 02:51:04,890 DEBUG o.s.c.l.CompositeLog [DiscoveryClient-CacheRefreshExecutor-0] Response 200 OK
2025-04-30 02:51:04,890 DEBUG o.s.c.l.CompositeLog [DiscoveryClient-CacheRefreshExecutor-0] Reading to [org.springframework.cloud.netflix.eureka.http.EurekaApplications]
2025-04-30 02:51:34,891 DEBUG o.s.c.l.CompositeLog [DiscoveryClient-HeartbeatExecutor-0] HTTP PUT http://localhost:8761/eureka/apps/USER-MANAGEMENT/Dev-MToaima.TradeNET.COM:user-management:8888?status=UP&lastDirtyTimestamp=1745938849902
2025-04-30 02:51:34,891 DEBUG o.s.c.l.CompositeLog [DiscoveryClient-CacheRefreshExecutor-0] HTTP GET http://localhost:8761/eureka/apps/delta
2025-04-30 02:51:34,891 DEBUG o.s.c.l.CompositeLog [DiscoveryClient-HeartbeatExecutor-0] Accept=[application/json, application/*+json]
2025-04-30 02:51:34,891 DEBUG o.s.c.l.CompositeLog [DiscoveryClient-CacheRefreshExecutor-0] Accept=[application/json, application/*+json]
2025-04-30 02:51:34,909 DEBUG o.s.c.l.CompositeLog [DiscoveryClient-HeartbeatExecutor-0] Response 200 OK
2025-04-30 02:51:34,909 DEBUG o.s.c.l.CompositeLog [DiscoveryClient-CacheRefreshExecutor-0] Response 200 OK
2025-04-30 02:51:34,909 DEBUG o.s.c.l.CompositeLog [DiscoveryClient-CacheRefreshExecutor-0] Reading to [org.springframework.cloud.netflix.eureka.http.EurekaApplications]
2025-04-30 02:52:04,915 DEBUG o.s.c.l.CompositeLog [DiscoveryClient-HeartbeatExecutor-0] HTTP PUT http://localhost:8761/eureka/apps/USER-MANAGEMENT/Dev-MToaima.TradeNET.COM:user-management:8888?status=UP&lastDirtyTimestamp=1745938849902
2025-04-30 02:52:04,915 DEBUG o.s.c.l.CompositeLog [DiscoveryClient-CacheRefreshExecutor-0] HTTP GET http://localhost:8761/eureka/apps/delta
2025-04-30 02:52:04,915 DEBUG o.s.c.l.CompositeLog [DiscoveryClient-HeartbeatExecutor-0] Accept=[application/json, application/*+json]
2025-04-30 02:52:04,915 DEBUG o.s.c.l.CompositeLog [DiscoveryClient-CacheRefreshExecutor-0] Accept=[application/json, application/*+json]
2025-04-30 02:52:04,918 DEBUG o.s.c.l.CompositeLog [DiscoveryClient-CacheRefreshExecutor-0] Response 200 OK
2025-04-30 02:52:04,918 DEBUG o.s.c.l.CompositeLog [DiscoveryClient-HeartbeatExecutor-0] Response 200 OK
2025-04-30 02:52:04,919 DEBUG o.s.c.l.CompositeLog [DiscoveryClient-CacheRefreshExecutor-0] Reading to [org.springframework.cloud.netflix.eureka.http.EurekaApplications]
2025-04-30 02:52:34,932 DEBUG o.s.c.l.CompositeLog [DiscoveryClient-CacheRefreshExecutor-0] HTTP GET http://localhost:8761/eureka/apps/delta
2025-04-30 02:52:34,932 DEBUG o.s.c.l.CompositeLog [DiscoveryClient-HeartbeatExecutor-0] HTTP PUT http://localhost:8761/eureka/apps/USER-MANAGEMENT/Dev-MToaima.TradeNET.COM:user-management:8888?status=UP&lastDirtyTimestamp=1745938849902
2025-04-30 02:52:34,932 DEBUG o.s.c.l.CompositeLog [DiscoveryClient-CacheRefreshExecutor-0] Accept=[application/json, application/*+json]
2025-04-30 02:52:34,932 DEBUG o.s.c.l.CompositeLog [DiscoveryClient-HeartbeatExecutor-0] Accept=[application/json, application/*+json]
2025-04-30 02:52:34,946 DEBUG o.s.c.l.CompositeLog [DiscoveryClient-CacheRefreshExecutor-0] Response 200 OK
2025-04-30 02:52:34,946 DEBUG o.s.c.l.CompositeLog [DiscoveryClient-HeartbeatExecutor-0] Response 200 OK
2025-04-30 02:52:34,946 DEBUG o.s.c.l.CompositeLog [DiscoveryClient-CacheRefreshExecutor-0] Reading to [org.springframework.cloud.netflix.eureka.http.EurekaApplications]
2025-04-30 02:53:04,950 DEBUG o.s.c.l.CompositeLog [DiscoveryClient-HeartbeatExecutor-0] HTTP PUT http://localhost:8761/eureka/apps/USER-MANAGEMENT/Dev-MToaima.TradeNET.COM:user-management:8888?status=UP&lastDirtyTimestamp=1745938849902
2025-04-30 02:53:04,950 DEBUG o.s.c.l.CompositeLog [DiscoveryClient-CacheRefreshExecutor-0] HTTP GET http://localhost:8761/eureka/apps/delta
2025-04-30 02:53:04,950 DEBUG o.s.c.l.CompositeLog [DiscoveryClient-CacheRefreshExecutor-0] Accept=[application/json, application/*+json]
2025-04-30 02:53:04,950 DEBUG o.s.c.l.CompositeLog [DiscoveryClient-HeartbeatExecutor-0] Accept=[application/json, application/*+json]
2025-04-30 02:53:04,966 DEBUG o.s.c.l.CompositeLog [DiscoveryClient-CacheRefreshExecutor-0] Response 200 OK
2025-04-30 02:53:04,966 DEBUG o.s.c.l.CompositeLog [DiscoveryClient-HeartbeatExecutor-0] Response 200 OK
2025-04-30 02:53:04,966 DEBUG o.s.c.l.CompositeLog [DiscoveryClient-CacheRefreshExecutor-0] Reading to [org.springframework.cloud.netflix.eureka.http.EurekaApplications]
2025-04-30 02:53:34,968 DEBUG o.s.c.l.CompositeLog [DiscoveryClient-HeartbeatExecutor-0] HTTP PUT http://localhost:8761/eureka/apps/USER-MANAGEMENT/Dev-MToaima.TradeNET.COM:user-management:8888?status=UP&lastDirtyTimestamp=1745938849902
2025-04-30 02:53:34,968 DEBUG o.s.c.l.CompositeLog [DiscoveryClient-CacheRefreshExecutor-0] HTTP GET http://localhost:8761/eureka/apps/delta
2025-04-30 02:53:34,968 DEBUG o.s.c.l.CompositeLog [DiscoveryClient-HeartbeatExecutor-0] Accept=[application/json, application/*+json]
2025-04-30 02:53:34,968 DEBUG o.s.c.l.CompositeLog [DiscoveryClient-CacheRefreshExecutor-0] Accept=[application/json, application/*+json]
2025-04-30 02:53:34,984 DEBUG o.s.c.l.CompositeLog [DiscoveryClient-HeartbeatExecutor-0] Response 200 OK
2025-04-30 02:53:34,984 DEBUG o.s.c.l.CompositeLog [DiscoveryClient-CacheRefreshExecutor-0] Response 200 OK
2025-04-30 02:53:34,984 DEBUG o.s.c.l.CompositeLog [DiscoveryClient-CacheRefreshExecutor-0] Reading to [org.springframework.cloud.netflix.eureka.http.EurekaApplications]
2025-04-30 02:54:05,002 DEBUG o.s.c.l.CompositeLog [DiscoveryClient-CacheRefreshExecutor-0] HTTP GET http://localhost:8761/eureka/apps/delta
2025-04-30 02:54:05,002 DEBUG o.s.c.l.CompositeLog [DiscoveryClient-CacheRefreshExecutor-0] Accept=[application/json, application/*+json]
2025-04-30 02:54:05,005 DEBUG o.s.c.l.CompositeLog [DiscoveryClient-HeartbeatExecutor-0] HTTP PUT http://localhost:8761/eureka/apps/USER-MANAGEMENT/Dev-MToaima.TradeNET.COM:user-management:8888?status=UP&lastDirtyTimestamp=1745938849902
2025-04-30 02:54:05,008 DEBUG o.s.c.l.CompositeLog [DiscoveryClient-CacheRefreshExecutor-0] Response 200 OK
2025-04-30 02:54:05,008 DEBUG o.s.c.l.CompositeLog [DiscoveryClient-CacheRefreshExecutor-0] Reading to [org.springframework.cloud.netflix.eureka.http.EurekaApplications]
2025-04-30 02:54:05,008 DEBUG o.s.c.l.CompositeLog [DiscoveryClient-HeartbeatExecutor-0] Accept=[application/json, application/*+json]
2025-04-30 02:54:05,012 DEBUG o.s.c.l.CompositeLog [DiscoveryClient-HeartbeatExecutor-0] Response 200 OK
2025-04-30 02:54:21,674 INFO c.n.d.s.r.a.ConfigClusterResolver [AsyncResolver-bootstrap-executor-0] Resolving eureka endpoints via configuration
2025-04-30 02:54:35,023 DEBUG o.s.c.l.CompositeLog [DiscoveryClient-HeartbeatExecutor-0] HTTP PUT http://localhost:8761/eureka/apps/USER-MANAGEMENT/Dev-MToaima.TradeNET.COM:user-management:8888?status=UP&lastDirtyTimestamp=1745938849902
2025-04-30 02:54:35,023 DEBUG o.s.c.l.CompositeLog [DiscoveryClient-CacheRefreshExecutor-0] HTTP GET http://localhost:8761/eureka/apps/delta
2025-04-30 02:54:35,024 DEBUG o.s.c.l.CompositeLog [DiscoveryClient-HeartbeatExecutor-0] Accept=[application/json, application/*+json]
2025-04-30 02:54:35,024 DEBUG o.s.c.l.CompositeLog [DiscoveryClient-CacheRefreshExecutor-0] Accept=[application/json, application/*+json]
2025-04-30 02:54:35,040 DEBUG o.s.c.l.CompositeLog [DiscoveryClient-CacheRefreshExecutor-0] Response 200 OK
2025-04-30 02:54:35,040 DEBUG o.s.c.l.CompositeLog [DiscoveryClient-HeartbeatExecutor-0] Response 200 OK
2025-04-30 02:54:35,040 DEBUG o.s.c.l.CompositeLog [DiscoveryClient-CacheRefreshExecutor-0] Reading to [org.springframework.cloud.netflix.eureka.http.EurekaApplications]
2025-04-30 02:55:05,052 DEBUG o.s.c.l.CompositeLog [DiscoveryClient-HeartbeatExecutor-0] HTTP PUT http://localhost:8761/eureka/apps/USER-MANAGEMENT/Dev-MToaima.TradeNET.COM:user-management:8888?status=UP&lastDirtyTimestamp=1745938849902
2025-04-30 02:55:05,052 DEBUG o.s.c.l.CompositeLog [DiscoveryClient-CacheRefreshExecutor-0] HTTP GET http://localhost:8761/eureka/apps/delta
2025-04-30 02:55:05,052 DEBUG o.s.c.l.CompositeLog [DiscoveryClient-CacheRefreshExecutor-0] Accept=[application/json, application/*+json]
2025-04-30 02:55:05,052 DEBUG o.s.c.l.CompositeLog [DiscoveryClient-HeartbeatExecutor-0] Accept=[application/json, application/*+json]
2025-04-30 02:55:05,070 DEBUG o.s.c.l.CompositeLog [DiscoveryClient-CacheRefreshExecutor-0] Response 200 OK
2025-04-30 02:55:05,070 DEBUG o.s.c.l.CompositeLog [DiscoveryClient-HeartbeatExecutor-0] Response 200 OK
2025-04-30 02:55:05,070 DEBUG o.s.c.l.CompositeLog [DiscoveryClient-CacheRefreshExecutor-0] Reading to [org.springframework.cloud.netflix.eureka.http.EurekaApplications]
2025-04-30 02:55:35,081 DEBUG o.s.c.l.CompositeLog [DiscoveryClient-HeartbeatExecutor-0] HTTP PUT http://localhost:8761/eureka/apps/USER-MANAGEMENT/Dev-MToaima.TradeNET.COM:user-management:8888?status=UP&lastDirtyTimestamp=1745938849902
2025-04-30 02:55:35,081 DEBUG o.s.c.l.CompositeLog [DiscoveryClient-CacheRefreshExecutor-0] HTTP GET http://localhost:8761/eureka/apps/delta
2025-04-30 02:55:35,081 DEBUG o.s.c.l.CompositeLog [DiscoveryClient-HeartbeatExecutor-0] Accept=[application/json, application/*+json]
2025-04-30 02:55:35,081 DEBUG o.s.c.l.CompositeLog [DiscoveryClient-CacheRefreshExecutor-0] Accept=[application/json, application/*+json]
2025-04-30 02:55:35,097 DEBUG o.s.c.l.CompositeLog [DiscoveryClient-CacheRefreshExecutor-0] Response 200 OK
2025-04-30 02:55:35,097 DEBUG o.s.c.l.CompositeLog [DiscoveryClient-HeartbeatExecutor-0] Response 200 OK
2025-04-30 02:55:35,097 DEBUG o.s.c.l.CompositeLog [DiscoveryClient-CacheRefreshExecutor-0] Reading to [org.springframework.cloud.netflix.eureka.http.EurekaApplications]
2025-04-30 02:56:05,102 DEBUG o.s.c.l.CompositeLog [DiscoveryClient-CacheRefreshExecutor-0] HTTP GET http://localhost:8761/eureka/apps/delta
2025-04-30 02:56:05,102 DEBUG o.s.c.l.CompositeLog [DiscoveryClient-HeartbeatExecutor-0] HTTP PUT http://localhost:8761/eureka/apps/USER-MANAGEMENT/Dev-MToaima.TradeNET.COM:user-management:8888?status=UP&lastDirtyTimestamp=1745938849902
2025-04-30 02:56:05,103 DEBUG o.s.c.l.CompositeLog [DiscoveryClient-HeartbeatExecutor-0] Accept=[application/json, application/*+json]
2025-04-30 02:56:05,103 DEBUG o.s.c.l.CompositeLog [DiscoveryClient-CacheRefreshExecutor-0] Accept=[application/json, application/*+json]
2025-04-30 02:56:05,116 DEBUG o.s.c.l.CompositeLog [DiscoveryClient-HeartbeatExecutor-0] Response 200 OK
2025-04-30 02:56:05,116 DEBUG o.s.c.l.CompositeLog [DiscoveryClient-CacheRefreshExecutor-0] Response 200 OK
2025-04-30 02:56:05,117 DEBUG o.s.c.l.CompositeLog [DiscoveryClient-CacheRefreshExecutor-0] Reading to [org.springframework.cloud.netflix.eureka.http.EurekaApplications]
2025-04-30 02:56:35,127 DEBUG o.s.c.l.CompositeLog [DiscoveryClient-CacheRefreshExecutor-0] HTTP GET http://localhost:8761/eureka/apps/delta
2025-04-30 02:56:35,127 DEBUG o.s.c.l.CompositeLog [DiscoveryClient-HeartbeatExecutor-0] HTTP PUT http://localhost:8761/eureka/apps/USER-MANAGEMENT/Dev-MToaima.TradeNET.COM:user-management:8888?status=UP&lastDirtyTimestamp=1745938849902
2025-04-30 02:56:35,127 DEBUG o.s.c.l.CompositeLog [DiscoveryClient-HeartbeatExecutor-0] Accept=[application/json, application/*+json]
2025-04-30 02:56:35,127 DEBUG o.s.c.l.CompositeLog [DiscoveryClient-CacheRefreshExecutor-0] Accept=[application/json, application/*+json]
2025-04-30 02:56:35,143 DEBUG o.s.c.l.CompositeLog [DiscoveryClient-CacheRefreshExecutor-0] Response 200 OK
2025-04-30 02:56:35,143 DEBUG o.s.c.l.CompositeLog [DiscoveryClient-HeartbeatExecutor-0] Response 200 OK
2025-04-30 02:56:35,143 DEBUG o.s.c.l.CompositeLog [DiscoveryClient-CacheRefreshExecutor-0] Reading to [org.springframework.cloud.netflix.eureka.http.EurekaApplications]
2025-04-30 02:57:05,151 DEBUG o.s.c.l.CompositeLog [DiscoveryClient-HeartbeatExecutor-0] HTTP PUT http://localhost:8761/eureka/apps/USER-MANAGEMENT/Dev-MToaima.TradeNET.COM:user-management:8888?status=UP&lastDirtyTimestamp=1745938849902
2025-04-30 02:57:05,151 DEBUG o.s.c.l.CompositeLog [DiscoveryClient-CacheRefreshExecutor-0] HTTP GET http://localhost:8761/eureka/apps/delta
2025-04-30 02:57:05,151 DEBUG o.s.c.l.CompositeLog [DiscoveryClient-HeartbeatExecutor-0] Accept=[application/json, application/*+json]
2025-04-30 02:57:05,151 DEBUG o.s.c.l.CompositeLog [DiscoveryClient-CacheRefreshExecutor-0] Accept=[application/json, application/*+json]
2025-04-30 02:57:05,168 DEBUG o.s.c.l.CompositeLog [DiscoveryClient-CacheRefreshExecutor-0] Response 200 OK
2025-04-30 02:57:05,168 DEBUG o.s.c.l.CompositeLog [DiscoveryClient-HeartbeatExecutor-0] Response 200 OK
2025-04-30 02:57:05,168 DEBUG o.s.c.l.CompositeLog [DiscoveryClient-CacheRefreshExecutor-0] Reading to [org.springframework.cloud.netflix.eureka.http.EurekaApplications]
2025-04-30 02:57:35,180 DEBUG o.s.c.l.CompositeLog [DiscoveryClient-HeartbeatExecutor-0] HTTP PUT http://localhost:8761/eureka/apps/USER-MANAGEMENT/Dev-MToaima.TradeNET.COM:user-management:8888?status=UP&lastDirtyTimestamp=1745938849902
2025-04-30 02:57:35,180 DEBUG o.s.c.l.CompositeLog [DiscoveryClient-CacheRefreshExecutor-0] HTTP GET http://localhost:8761/eureka/apps/delta
2025-04-30 02:57:35,180 DEBUG o.s.c.l.CompositeLog [DiscoveryClient-HeartbeatExecutor-0] Accept=[application/json, application/*+json]
2025-04-30 02:57:35,180 DEBUG o.s.c.l.CompositeLog [DiscoveryClient-CacheRefreshExecutor-0] Accept=[application/json, application/*+json]
2025-04-30 02:57:35,190 DEBUG o.s.c.l.CompositeLog [DiscoveryClient-HeartbeatExecutor-0] Response 200 OK
2025-04-30 02:57:35,190 DEBUG o.s.c.l.CompositeLog [DiscoveryClient-CacheRefreshExecutor-0] Response 200 OK
2025-04-30 02:57:35,191 DEBUG o.s.c.l.CompositeLog [DiscoveryClient-CacheRefreshExecutor-0] Reading to [org.springframework.cloud.netflix.eureka.http.EurekaApplications]
2025-04-30 02:58:05,205 DEBUG o.s.c.l.CompositeLog [DiscoveryClient-CacheRefreshExecutor-0] HTTP GET http://localhost:8761/eureka/apps/delta
2025-04-30 02:58:05,205 DEBUG o.s.c.l.CompositeLog [DiscoveryClient-HeartbeatExecutor-0] HTTP PUT http://localhost:8761/eureka/apps/USER-MANAGEMENT/Dev-MToaima.TradeNET.COM:user-management:8888?status=UP&lastDirtyTimestamp=1745938849902
2025-04-30 02:58:05,205 DEBUG o.s.c.l.CompositeLog [DiscoveryClient-CacheRefreshExecutor-0] Accept=[application/json, application/*+json]
2025-04-30 02:58:05,205 DEBUG o.s.c.l.CompositeLog [DiscoveryClient-HeartbeatExecutor-0] Accept=[application/json, application/*+json]
2025-04-30 02:58:05,223 DEBUG o.s.c.l.CompositeLog [DiscoveryClient-CacheRefreshExecutor-0] Response 200 OK
2025-04-30 02:58:05,223 DEBUG o.s.c.l.CompositeLog [DiscoveryClient-HeartbeatExecutor-0] Response 200 OK
2025-04-30 02:58:05,224 DEBUG o.s.c.l.CompositeLog [DiscoveryClient-CacheRefreshExecutor-0] Reading to [org.springframework.cloud.netflix.eureka.http.EurekaApplications]
2025-04-30 02:58:35,231 DEBUG o.s.c.l.CompositeLog [DiscoveryClient-HeartbeatExecutor-0] HTTP PUT http://localhost:8761/eureka/apps/USER-MANAGEMENT/Dev-MToaima.TradeNET.COM:user-management:8888?status=UP&lastDirtyTimestamp=1745938849902
2025-04-30 02:58:35,231 DEBUG o.s.c.l.CompositeLog [DiscoveryClient-CacheRefreshExecutor-0] HTTP GET http://localhost:8761/eureka/apps/delta
2025-04-30 02:58:35,232 DEBUG o.s.c.l.CompositeLog [DiscoveryClient-HeartbeatExecutor-0] Accept=[application/json, application/*+json]
2025-04-30 02:58:35,232 DEBUG o.s.c.l.CompositeLog [DiscoveryClient-CacheRefreshExecutor-0] Accept=[application/json, application/*+json]
2025-04-30 02:58:35,247 DEBUG o.s.c.l.CompositeLog [DiscoveryClient-HeartbeatExecutor-0] Response 200 OK
2025-04-30 02:58:35,247 DEBUG o.s.c.l.CompositeLog [DiscoveryClient-CacheRefreshExecutor-0] Response 200 OK
2025-04-30 02:58:35,248 DEBUG o.s.c.l.CompositeLog [DiscoveryClient-CacheRefreshExecutor-0] Reading to [org.springframework.cloud.netflix.eureka.http.EurekaApplications]
2025-04-30 02:59:05,255 DEBUG o.s.c.l.CompositeLog [DiscoveryClient-CacheRefreshExecutor-0] HTTP GET http://localhost:8761/eureka/apps/delta
2025-04-30 02:59:05,255 DEBUG o.s.c.l.CompositeLog [DiscoveryClient-HeartbeatExecutor-0] HTTP PUT http://localhost:8761/eureka/apps/USER-MANAGEMENT/Dev-MToaima.TradeNET.COM:user-management:8888?status=UP&lastDirtyTimestamp=1745938849902
2025-04-30 02:59:05,256 DEBUG o.s.c.l.CompositeLog [DiscoveryClient-CacheRefreshExecutor-0] Accept=[application/json, application/*+json]
2025-04-30 02:59:05,256 DEBUG o.s.c.l.CompositeLog [DiscoveryClient-HeartbeatExecutor-0] Accept=[application/json, application/*+json]
2025-04-30 02:59:05,258 DEBUG o.s.c.l.CompositeLog [DiscoveryClient-HeartbeatExecutor-0] Response 200 OK
2025-04-30 02:59:05,258 DEBUG o.s.c.l.CompositeLog [DiscoveryClient-CacheRefreshExecutor-0] Response 200 OK
2025-04-30 02:59:05,258 DEBUG o.s.c.l.CompositeLog [DiscoveryClient-CacheRefreshExecutor-0] Reading to [org.springframework.cloud.netflix.eureka.http.EurekaApplications]
2025-04-30 02:59:21,675 INFO c.n.d.s.r.a.ConfigClusterResolver [AsyncResolver-bootstrap-executor-0] Resolving eureka endpoints via configuration
2025-04-30 02:59:35,262 DEBUG o.s.c.l.CompositeLog [DiscoveryClient-CacheRefreshExecutor-0] HTTP GET http://localhost:8761/eureka/apps/delta
2025-04-30 02:59:35,262 DEBUG o.s.c.l.CompositeLog [DiscoveryClient-HeartbeatExecutor-0] HTTP PUT http://localhost:8761/eureka/apps/USER-MANAGEMENT/Dev-MToaima.TradeNET.COM:user-management:8888?status=UP&lastDirtyTimestamp=1745938849902
2025-04-30 02:59:35,262 DEBUG o.s.c.l.CompositeLog [DiscoveryClient-CacheRefreshExecutor-0] Accept=[application/json, application/*+json]
2025-04-30 02:59:35,262 DEBUG o.s.c.l.CompositeLog [DiscoveryClient-HeartbeatExecutor-0] Accept=[application/json, application/*+json]
2025-04-30 02:59:35,280 DEBUG o.s.c.l.CompositeLog [DiscoveryClient-CacheRefreshExecutor-0] Response 200 OK
2025-04-30 02:59:35,280 DEBUG o.s.c.l.CompositeLog [DiscoveryClient-HeartbeatExecutor-0] Response 200 OK
2025-04-30 02:59:35,281 DEBUG o.s.c.l.CompositeLog [DiscoveryClient-CacheRefreshExecutor-0] Reading to [org.springframework.cloud.netflix.eureka.http.EurekaApplications]
2025-04-30 03:00:05,294 DEBUG o.s.c.l.CompositeLog [DiscoveryClient-CacheRefreshExecutor-0] HTTP GET http://localhost:8761/eureka/apps/delta
2025-04-30 03:00:05,294 DEBUG o.s.c.l.CompositeLog [DiscoveryClient-HeartbeatExecutor-0] HTTP PUT http://localhost:8761/eureka/apps/USER-MANAGEMENT/Dev-MToaima.TradeNET.COM:user-management:8888?status=UP&lastDirtyTimestamp=1745938849902
2025-04-30 03:00:05,295 DEBUG o.s.c.l.CompositeLog [DiscoveryClient-CacheRefreshExecutor-0] Accept=[application/json, application/*+json]
2025-04-30 03:00:05,295 DEBUG o.s.c.l.CompositeLog [DiscoveryClient-HeartbeatExecutor-0] Accept=[application/json, application/*+json]
2025-04-30 03:00:05,311 DEBUG o.s.c.l.CompositeLog [DiscoveryClient-CacheRefreshExecutor-0] Response 200 OK
2025-04-30 03:00:05,311 DEBUG o.s.c.l.CompositeLog [DiscoveryClient-HeartbeatExecutor-0] Response 200 OK
2025-04-30 03:00:05,312 DEBUG o.s.c.l.CompositeLog [DiscoveryClient-CacheRefreshExecutor-0] Reading to [org.springframework.cloud.netflix.eureka.http.EurekaApplications]
2025-04-30 03:00:35,319 DEBUG o.s.c.l.CompositeLog [DiscoveryClient-CacheRefreshExecutor-0] HTTP GET http://localhost:8761/eureka/apps/delta
2025-04-30 03:00:35,319 DEBUG o.s.c.l.CompositeLog [DiscoveryClient-HeartbeatExecutor-0] HTTP PUT http://localhost:8761/eureka/apps/USER-MANAGEMENT/Dev-MToaima.TradeNET.COM:user-management:8888?status=UP&lastDirtyTimestamp=1745938849902
2025-04-30 03:00:35,319 DEBUG o.s.c.l.CompositeLog [DiscoveryClient-CacheRefreshExecutor-0] Accept=[application/json, application/*+json]
2025-04-30 03:00:35,319 DEBUG o.s.c.l.CompositeLog [DiscoveryClient-HeartbeatExecutor-0] Accept=[application/json, application/*+json]
2025-04-30 03:00:35,335 DEBUG o.s.c.l.CompositeLog [DiscoveryClient-CacheRefreshExecutor-0] Response 200 OK
2025-04-30 03:00:35,335 DEBUG o.s.c.l.CompositeLog [DiscoveryClient-HeartbeatExecutor-0] Response 200 OK
2025-04-30 03:00:35,336 DEBUG o.s.c.l.CompositeLog [DiscoveryClient-CacheRefreshExecutor-0] Reading to [org.springframework.cloud.netflix.eureka.http.EurekaApplications]
2025-04-30 03:01:05,337 DEBUG o.s.c.l.CompositeLog [DiscoveryClient-CacheRefreshExecutor-0] HTTP GET http://localhost:8761/eureka/apps/delta
2025-04-30 03:01:05,337 DEBUG o.s.c.l.CompositeLog [DiscoveryClient-HeartbeatExecutor-0] HTTP PUT http://localhost:8761/eureka/apps/USER-MANAGEMENT/Dev-MToaima.TradeNET.COM:user-management:8888?status=UP&lastDirtyTimestamp=1745938849902
2025-04-30 03:01:05,338 DEBUG o.s.c.l.CompositeLog [DiscoveryClient-HeartbeatExecutor-0] Accept=[application/json, application/*+json]
2025-04-30 03:01:05,338 DEBUG o.s.c.l.CompositeLog [DiscoveryClient-CacheRefreshExecutor-0] Accept=[application/json, application/*+json]
2025-04-30 03:01:05,354 DEBUG o.s.c.l.CompositeLog [DiscoveryClient-HeartbeatExecutor-0] Response 200 OK
2025-04-30 03:01:05,354 DEBUG o.s.c.l.CompositeLog [DiscoveryClient-CacheRefreshExecutor-0] Response 200 OK
2025-04-30 03:01:05,354 DEBUG o.s.c.l.CompositeLog [DiscoveryClient-CacheRefreshExecutor-0] Reading to [org.springframework.cloud.netflix.eureka.http.EurekaApplications]
2025-04-30 03:01:35,366 DEBUG o.s.c.l.CompositeLog [DiscoveryClient-HeartbeatExecutor-0] HTTP PUT http://localhost:8761/eureka/apps/USER-MANAGEMENT/Dev-MToaima.TradeNET.COM:user-management:8888?status=UP&lastDirtyTimestamp=1745938849902
2025-04-30 03:01:35,366 DEBUG o.s.c.l.CompositeLog [DiscoveryClient-CacheRefreshExecutor-0] HTTP GET http://localhost:8761/eureka/apps/delta
2025-04-30 03:01:35,366 DEBUG o.s.c.l.CompositeLog [DiscoveryClient-HeartbeatExecutor-0] Accept=[application/json, application/*+json]
2025-04-30 03:01:35,366 DEBUG o.s.c.l.CompositeLog [DiscoveryClient-CacheRefreshExecutor-0] Accept=[application/json, application/*+json]
2025-04-30 03:01:35,374 DEBUG o.s.c.l.CompositeLog [DiscoveryClient-CacheRefreshExecutor-0] Response 200 OK
2025-04-30 03:01:35,374 DEBUG o.s.c.l.CompositeLog [DiscoveryClient-HeartbeatExecutor-0] Response 200 OK
2025-04-30 03:01:35,374 DEBUG o.s.c.l.CompositeLog [DiscoveryClient-CacheRefreshExecutor-0] Reading to [org.springframework.cloud.netflix.eureka.http.EurekaApplications]
2025-04-30 03:02:05,376 DEBUG o.s.c.l.CompositeLog [DiscoveryClient-HeartbeatExecutor-0] HTTP PUT http://localhost:8761/eureka/apps/USER-MANAGEMENT/Dev-MToaima.TradeNET.COM:user-management:8888?status=UP&lastDirtyTimestamp=1745938849902
2025-04-30 03:02:05,376 DEBUG o.s.c.l.CompositeLog [DiscoveryClient-CacheRefreshExecutor-0] HTTP GET http://localhost:8761/eureka/apps/delta
2025-04-30 03:02:05,376 DEBUG o.s.c.l.CompositeLog [DiscoveryClient-HeartbeatExecutor-0] Accept=[application/json, application/*+json]
2025-04-30 03:02:05,376 DEBUG o.s.c.l.CompositeLog [DiscoveryClient-CacheRefreshExecutor-0] Accept=[application/json, application/*+json]
2025-04-30 03:02:05,379 DEBUG o.s.c.l.CompositeLog [DiscoveryClient-HeartbeatExecutor-0] Response 200 OK
2025-04-30 03:02:05,379 DEBUG o.s.c.l.CompositeLog [DiscoveryClient-CacheRefreshExecutor-0] Response 200 OK
2025-04-30 03:02:05,379 DEBUG o.s.c.l.CompositeLog [DiscoveryClient-CacheRefreshExecutor-0] Reading to [org.springframework.cloud.netflix.eureka.http.EurekaApplications]
2025-04-30 03:02:35,385 DEBUG o.s.c.l.CompositeLog [DiscoveryClient-HeartbeatExecutor-0] HTTP PUT http://localhost:8761/eureka/apps/USER-MANAGEMENT/Dev-MToaima.TradeNET.COM:user-management:8888?status=UP&lastDirtyTimestamp=1745938849902
2025-04-30 03:02:35,385 DEBUG o.s.c.l.CompositeLog [DiscoveryClient-CacheRefreshExecutor-0] HTTP GET http://localhost:8761/eureka/apps/delta
2025-04-30 03:02:35,386 DEBUG o.s.c.l.CompositeLog [DiscoveryClient-HeartbeatExecutor-0] Accept=[application/json, application/*+json]
2025-04-30 03:02:35,386 DEBUG o.s.c.l.CompositeLog [DiscoveryClient-CacheRefreshExecutor-0] Accept=[application/json, application/*+json]
2025-04-30 03:02:35,401 DEBUG o.s.c.l.CompositeLog [DiscoveryClient-CacheRefreshExecutor-0] Response 200 OK
2025-04-30 03:02:35,401 DEBUG o.s.c.l.CompositeLog [DiscoveryClient-HeartbeatExecutor-0] Response 200 OK
2025-04-30 03:02:35,401 DEBUG o.s.c.l.CompositeLog [DiscoveryClient-CacheRefreshExecutor-0] Reading to [org.springframework.cloud.netflix.eureka.http.EurekaApplications]
2025-04-30 03:03:05,414 DEBUG o.s.c.l.CompositeLog [DiscoveryClient-HeartbeatExecutor-0] HTTP PUT http://localhost:8761/eureka/apps/USER-MANAGEMENT/Dev-MToaima.TradeNET.COM:user-management:8888?status=UP&lastDirtyTimestamp=1745938849902
2025-04-30 03:03:05,414 DEBUG o.s.c.l.CompositeLog [DiscoveryClient-CacheRefreshExecutor-0] HTTP GET http://localhost:8761/eureka/apps/delta
2025-04-30 03:03:05,414 DEBUG o.s.c.l.CompositeLog [DiscoveryClient-HeartbeatExecutor-0] Accept=[application/json, application/*+json]
2025-04-30 03:03:05,414 DEBUG o.s.c.l.CompositeLog [DiscoveryClient-CacheRefreshExecutor-0] Accept=[application/json, application/*+json]
2025-04-30 03:03:05,429 DEBUG o.s.c.l.CompositeLog [DiscoveryClient-HeartbeatExecutor-0] Response 200 OK
2025-04-30 03:03:05,429 DEBUG o.s.c.l.CompositeLog [DiscoveryClient-CacheRefreshExecutor-0] Response 200 OK
2025-04-30 03:03:05,429 DEBUG o.s.c.l.CompositeLog [DiscoveryClient-CacheRefreshExecutor-0] Reading to [org.springframework.cloud.netflix.eureka.http.EurekaApplications]
2025-04-30 03:03:35,434 DEBUG o.s.c.l.CompositeLog [DiscoveryClient-HeartbeatExecutor-0] HTTP PUT http://localhost:8761/eureka/apps/USER-MANAGEMENT/Dev-MToaima.TradeNET.COM:user-management:8888?status=UP&lastDirtyTimestamp=1745938849902
2025-04-30 03:03:35,434 DEBUG o.s.c.l.CompositeLog [DiscoveryClient-CacheRefreshExecutor-0] HTTP GET http://localhost:8761/eureka/apps/delta
2025-04-30 03:03:35,434 DEBUG o.s.c.l.CompositeLog [DiscoveryClient-HeartbeatExecutor-0] Accept=[application/json, application/*+json]
2025-04-30 03:03:35,434 DEBUG o.s.c.l.CompositeLog [DiscoveryClient-CacheRefreshExecutor-0] Accept=[application/json, application/*+json]
2025-04-30 03:03:35,451 DEBUG o.s.c.l.CompositeLog [DiscoveryClient-CacheRefreshExecutor-0] Response 200 OK
2025-04-30 03:03:35,451 DEBUG o.s.c.l.CompositeLog [DiscoveryClient-CacheRefreshExecutor-0] Reading to [org.springframework.cloud.netflix.eureka.http.EurekaApplications]
2025-04-30 03:03:35,451 DEBUG o.s.c.l.CompositeLog [DiscoveryClient-HeartbeatExecutor-0] Response 200 OK
2025-04-30 03:04:05,459 DEBUG o.s.c.l.CompositeLog [DiscoveryClient-CacheRefreshExecutor-0] HTTP GET http://localhost:8761/eureka/apps/delta
2025-04-30 03:04:05,459 DEBUG o.s.c.l.CompositeLog [DiscoveryClient-HeartbeatExecutor-0] HTTP PUT http://localhost:8761/eureka/apps/USER-MANAGEMENT/Dev-MToaima.TradeNET.COM:user-management:8888?status=UP&lastDirtyTimestamp=1745938849902
2025-04-30 03:04:05,460 DEBUG o.s.c.l.CompositeLog [DiscoveryClient-HeartbeatExecutor-0] Accept=[application/json, application/*+json]
2025-04-30 03:04:05,460 DEBUG o.s.c.l.CompositeLog [DiscoveryClient-CacheRefreshExecutor-0] Accept=[application/json, application/*+json]
2025-04-30 03:04:05,478 DEBUG o.s.c.l.CompositeLog [DiscoveryClient-CacheRefreshExecutor-0] Response 200 OK
2025-04-30 03:04:05,478 DEBUG o.s.c.l.CompositeLog [DiscoveryClient-HeartbeatExecutor-0] Response 200 OK
2025-04-30 03:04:05,478 DEBUG o.s.c.l.CompositeLog [DiscoveryClient-CacheRefreshExecutor-0] Reading to [org.springframework.cloud.netflix.eureka.http.EurekaApplications]
2025-04-30 03:04:21,678 INFO c.n.d.s.r.a.ConfigClusterResolver [AsyncResolver-bootstrap-executor-0] Resolving eureka endpoints via configuration
2025-04-30 03:04:35,482 DEBUG o.s.c.l.CompositeLog [DiscoveryClient-CacheRefreshExecutor-0] HTTP GET http://localhost:8761/eureka/apps/delta
2025-04-30 03:04:35,482 DEBUG o.s.c.l.CompositeLog [DiscoveryClient-HeartbeatExecutor-0] HTTP PUT http://localhost:8761/eureka/apps/USER-MANAGEMENT/Dev-MToaima.TradeNET.COM:user-management:8888?status=UP&lastDirtyTimestamp=1745938849902
2025-04-30 03:04:35,482 DEBUG o.s.c.l.CompositeLog [DiscoveryClient-CacheRefreshExecutor-0] Accept=[application/json, application/*+json]
2025-04-30 03:04:35,482 DEBUG o.s.c.l.CompositeLog [DiscoveryClient-HeartbeatExecutor-0] Accept=[application/json, application/*+json]
2025-04-30 03:04:35,488 DEBUG o.s.c.l.CompositeLog [DiscoveryClient-HeartbeatExecutor-0] Response 200 OK
2025-04-30 03:04:35,488 DEBUG o.s.c.l.CompositeLog [DiscoveryClient-CacheRefreshExecutor-0] Response 200 OK
2025-04-30 03:04:35,488 DEBUG o.s.c.l.CompositeLog [DiscoveryClient-CacheRefreshExecutor-0] Reading to [org.springframework.cloud.netflix.eureka.http.EurekaApplications]
2025-04-30 03:05:05,491 DEBUG o.s.c.l.CompositeLog [DiscoveryClient-CacheRefreshExecutor-0] HTTP GET http://localhost:8761/eureka/apps/delta
2025-04-30 03:05:05,491 DEBUG o.s.c.l.CompositeLog [DiscoveryClient-HeartbeatExecutor-0] HTTP PUT http://localhost:8761/eureka/apps/USER-MANAGEMENT/Dev-MToaima.TradeNET.COM:user-management:8888?status=UP&lastDirtyTimestamp=1745938849902
2025-04-30 03:05:05,492 DEBUG o.s.c.l.CompositeLog [DiscoveryClient-CacheRefreshExecutor-0] Accept=[application/json, application/*+json]
2025-04-30 03:05:05,492 DEBUG o.s.c.l.CompositeLog [DiscoveryClient-HeartbeatExecutor-0] Accept=[application/json, application/*+json]
2025-04-30 03:05:05,508 DEBUG o.s.c.l.CompositeLog [DiscoveryClient-CacheRefreshExecutor-0] Response 200 OK
2025-04-30 03:05:05,508 DEBUG o.s.c.l.CompositeLog [DiscoveryClient-HeartbeatExecutor-0] Response 200 OK
2025-04-30 03:05:05,508 DEBUG o.s.c.l.CompositeLog [DiscoveryClient-CacheRefreshExecutor-0] Reading to [org.springframework.cloud.netflix.eureka.http.EurekaApplications]
2025-04-30 03:05:35,518 DEBUG o.s.c.l.CompositeLog [DiscoveryClient-HeartbeatExecutor-0] HTTP PUT http://localhost:8761/eureka/apps/USER-MANAGEMENT/Dev-MToaima.TradeNET.COM:user-management:8888?status=UP&lastDirtyTimestamp=1745938849902
2025-04-30 03:05:35,518 DEBUG o.s.c.l.CompositeLog [DiscoveryClient-HeartbeatExecutor-0] Accept=[application/json, application/*+json]
2025-04-30 03:05:35,518 DEBUG o.s.c.l.CompositeLog [DiscoveryClient-CacheRefreshExecutor-0] HTTP GET http://localhost:8761/eureka/apps/delta
2025-04-30 03:05:35,518 DEBUG o.s.c.l.CompositeLog [DiscoveryClient-CacheRefreshExecutor-0] Accept=[application/json, application/*+json]
2025-04-30 03:05:35,525 DEBUG o.s.c.l.CompositeLog [DiscoveryClient-CacheRefreshExecutor-0] Response 200 OK
2025-04-30 03:05:35,525 DEBUG o.s.c.l.CompositeLog [DiscoveryClient-CacheRefreshExecutor-0] Reading to [org.springframework.cloud.netflix.eureka.http.EurekaApplications]
2025-04-30 03:05:35,534 DEBUG o.s.c.l.CompositeLog [DiscoveryClient-HeartbeatExecutor-0] Response 200 OK
2025-04-30 03:06:05,540 DEBUG o.s.c.l.CompositeLog [DiscoveryClient-HeartbeatExecutor-0] HTTP PUT http://localhost:8761/eureka/apps/USER-MANAGEMENT/Dev-MToaima.TradeNET.COM:user-management:8888?status=UP&lastDirtyTimestamp=1745938849902
2025-04-30 03:06:05,540 DEBUG o.s.c.l.CompositeLog [DiscoveryClient-CacheRefreshExecutor-0] HTTP GET http://localhost:8761/eureka/apps/delta
2025-04-30 03:06:05,540 DEBUG o.s.c.l.CompositeLog [DiscoveryClient-HeartbeatExecutor-0] Accept=[application/json, application/*+json]
2025-04-30 03:06:05,540 DEBUG o.s.c.l.CompositeLog [DiscoveryClient-CacheRefreshExecutor-0] Accept=[application/json, application/*+json]
2025-04-30 03:06:05,556 DEBUG o.s.c.l.CompositeLog [DiscoveryClient-HeartbeatExecutor-0] Response 200 OK
2025-04-30 03:06:05,556 DEBUG o.s.c.l.CompositeLog [DiscoveryClient-CacheRefreshExecutor-0] Response 200 OK
2025-04-30 03:06:05,556 DEBUG o.s.c.l.CompositeLog [DiscoveryClient-CacheRefreshExecutor-0] Reading to [org.springframework.cloud.netflix.eureka.http.EurekaApplications]
2025-04-30 03:06:35,570 DEBUG o.s.c.l.CompositeLog [DiscoveryClient-HeartbeatExecutor-0] HTTP PUT http://localhost:8761/eureka/apps/USER-MANAGEMENT/Dev-MToaima.TradeNET.COM:user-management:8888?status=UP&lastDirtyTimestamp=1745938849902
2025-04-30 03:06:35,570 DEBUG o.s.c.l.CompositeLog [DiscoveryClient-CacheRefreshExecutor-0] HTTP GET http://localhost:8761/eureka/apps/delta
2025-04-30 03:06:35,570 DEBUG o.s.c.l.CompositeLog [DiscoveryClient-HeartbeatExecutor-0] Accept=[application/json, application/*+json]
2025-04-30 03:06:35,571 DEBUG o.s.c.l.CompositeLog [DiscoveryClient-CacheRefreshExecutor-0] Accept=[application/json, application/*+json]
2025-04-30 03:06:35,586 DEBUG o.s.c.l.CompositeLog [DiscoveryClient-CacheRefreshExecutor-0] Response 200 OK
2025-04-30 03:06:35,586 DEBUG o.s.c.l.CompositeLog [DiscoveryClient-HeartbeatExecutor-0] Response 200 OK
2025-04-30 03:06:35,586 DEBUG o.s.c.l.CompositeLog [DiscoveryClient-CacheRefreshExecutor-0] Reading to [org.springframework.cloud.netflix.eureka.http.EurekaApplications]
2025-04-30 03:07:05,594 DEBUG o.s.c.l.CompositeLog [DiscoveryClient-HeartbeatExecutor-0] HTTP PUT http://localhost:8761/eureka/apps/USER-MANAGEMENT/Dev-MToaima.TradeNET.COM:user-management:8888?status=UP&lastDirtyTimestamp=1745938849902
2025-04-30 03:07:05,594 DEBUG o.s.c.l.CompositeLog [DiscoveryClient-CacheRefreshExecutor-0] HTTP GET http://localhost:8761/eureka/apps/delta
2025-04-30 03:07:05,595 DEBUG o.s.c.l.CompositeLog [DiscoveryClient-HeartbeatExecutor-0] Accept=[application/json, application/*+json]
2025-04-30 03:07:05,595 DEBUG o.s.c.l.CompositeLog [DiscoveryClient-CacheRefreshExecutor-0] Accept=[application/json, application/*+json]
2025-04-30 03:07:05,598 DEBUG o.s.c.l.CompositeLog [DiscoveryClient-HeartbeatExecutor-0] Response 200 OK
2025-04-30 03:07:05,598 DEBUG o.s.c.l.CompositeLog [DiscoveryClient-CacheRefreshExecutor-0] Response 200 OK
2025-04-30 03:07:05,598 DEBUG o.s.c.l.CompositeLog [DiscoveryClient-CacheRefreshExecutor-0] Reading to [org.springframework.cloud.netflix.eureka.http.EurekaApplications]
2025-04-30 03:07:35,600 DEBUG o.s.c.l.CompositeLog [DiscoveryClient-CacheRefreshExecutor-0] HTTP GET http://localhost:8761/eureka/apps/delta
2025-04-30 03:07:35,600 DEBUG o.s.c.l.CompositeLog [DiscoveryClient-HeartbeatExecutor-0] HTTP PUT http://localhost:8761/eureka/apps/USER-MANAGEMENT/Dev-MToaima.TradeNET.COM:user-management:8888?status=UP&lastDirtyTimestamp=1745938849902
2025-04-30 03:07:35,601 DEBUG o.s.c.l.CompositeLog [DiscoveryClient-CacheRefreshExecutor-0] Accept=[application/json, application/*+json]
2025-04-30 03:07:35,601 DEBUG o.s.c.l.CompositeLog [DiscoveryClient-HeartbeatExecutor-0] Accept=[application/json, application/*+json]
2025-04-30 03:07:35,615 DEBUG o.s.c.l.CompositeLog [DiscoveryClient-CacheRefreshExecutor-0] Response 200 OK
2025-04-30 03:07:35,615 DEBUG o.s.c.l.CompositeLog [DiscoveryClient-HeartbeatExecutor-0] Response 200 OK
2025-04-30 03:07:35,617 DEBUG o.s.c.l.CompositeLog [DiscoveryClient-CacheRefreshExecutor-0] Reading to [org.springframework.cloud.netflix.eureka.http.EurekaApplications]
2025-04-30 03:08:05,625 DEBUG o.s.c.l.CompositeLog [DiscoveryClient-CacheRefreshExecutor-0] HTTP GET http://localhost:8761/eureka/apps/delta
2025-04-30 03:08:05,625 DEBUG o.s.c.l.CompositeLog [DiscoveryClient-HeartbeatExecutor-0] HTTP PUT http://localhost:8761/eureka/apps/USER-MANAGEMENT/Dev-MToaima.TradeNET.COM:user-management:8888?status=UP&lastDirtyTimestamp=1745938849902
2025-04-30 03:08:05,625 DEBUG o.s.c.l.CompositeLog [DiscoveryClient-CacheRefreshExecutor-0] Accept=[application/json, application/*+json]
2025-04-30 03:08:05,625 DEBUG o.s.c.l.CompositeLog [DiscoveryClient-HeartbeatExecutor-0] Accept=[application/json, application/*+json]
2025-04-30 03:08:05,642 DEBUG o.s.c.l.CompositeLog [DiscoveryClient-HeartbeatExecutor-0] Response 200 OK
2025-04-30 03:08:05,642 DEBUG o.s.c.l.CompositeLog [DiscoveryClient-CacheRefreshExecutor-0] Response 200 OK
2025-04-30 03:08:05,642 DEBUG o.s.c.l.CompositeLog [DiscoveryClient-CacheRefreshExecutor-0] Reading to [org.springframework.cloud.netflix.eureka.http.EurekaApplications]
2025-04-30 03:08:35,653 DEBUG o.s.c.l.CompositeLog [DiscoveryClient-HeartbeatExecutor-0] HTTP PUT http://localhost:8761/eureka/apps/USER-MANAGEMENT/Dev-MToaima.TradeNET.COM:user-management:8888?status=UP&lastDirtyTimestamp=1745938849902
2025-04-30 03:08:35,653 DEBUG o.s.c.l.CompositeLog [DiscoveryClient-CacheRefreshExecutor-0] HTTP GET http://localhost:8761/eureka/apps/delta
2025-04-30 03:08:35,653 DEBUG o.s.c.l.CompositeLog [DiscoveryClient-HeartbeatExecutor-0] Accept=[application/json, application/*+json]
2025-04-30 03:08:35,653 DEBUG o.s.c.l.CompositeLog [DiscoveryClient-CacheRefreshExecutor-0] Accept=[application/json, application/*+json]
2025-04-30 03:08:35,670 DEBUG o.s.c.l.CompositeLog [DiscoveryClient-HeartbeatExecutor-0] Response 200 OK
2025-04-30 03:08:35,670 DEBUG o.s.c.l.CompositeLog [DiscoveryClient-CacheRefreshExecutor-0] Response 200 OK
2025-04-30 03:08:35,670 DEBUG o.s.c.l.CompositeLog [DiscoveryClient-CacheRefreshExecutor-0] Reading to [org.springframework.cloud.netflix.eureka.http.EurekaApplications]
2025-04-30 03:09:05,680 DEBUG o.s.c.l.CompositeLog [DiscoveryClient-HeartbeatExecutor-0] HTTP PUT http://localhost:8761/eureka/apps/USER-MANAGEMENT/Dev-MToaima.TradeNET.COM:user-management:8888?status=UP&lastDirtyTimestamp=1745938849902
2025-04-30 03:09:05,680 DEBUG o.s.c.l.CompositeLog [DiscoveryClient-CacheRefreshExecutor-0] HTTP GET http://localhost:8761/eureka/apps/delta
2025-04-30 03:09:05,681 DEBUG o.s.c.l.CompositeLog [DiscoveryClient-HeartbeatExecutor-0] Accept=[application/json, application/*+json]
2025-04-30 03:09:05,681 DEBUG o.s.c.l.CompositeLog [DiscoveryClient-CacheRefreshExecutor-0] Accept=[application/json, application/*+json]
2025-04-30 03:09:05,696 DEBUG o.s.c.l.CompositeLog [DiscoveryClient-CacheRefreshExecutor-0] Response 200 OK
2025-04-30 03:09:05,696 DEBUG o.s.c.l.CompositeLog [DiscoveryClient-HeartbeatExecutor-0] Response 200 OK
2025-04-30 03:09:05,696 DEBUG o.s.c.l.CompositeLog [DiscoveryClient-CacheRefreshExecutor-0] Reading to [org.springframework.cloud.netflix.eureka.http.EurekaApplications]
2025-04-30 03:09:21,683 INFO c.n.d.s.r.a.ConfigClusterResolver [AsyncResolver-bootstrap-executor-0] Resolving eureka endpoints via configuration
2025-04-30 03:09:35,701 DEBUG o.s.c.l.CompositeLog [DiscoveryClient-CacheRefreshExecutor-0] HTTP GET http://localhost:8761/eureka/apps/delta
2025-04-30 03:09:35,701 DEBUG o.s.c.l.CompositeLog [DiscoveryClient-CacheRefreshExecutor-0] Accept=[application/json, application/*+json]
2025-04-30 03:09:35,701 DEBUG o.s.c.l.CompositeLog [DiscoveryClient-HeartbeatExecutor-0] HTTP PUT http://localhost:8761/eureka/apps/USER-MANAGEMENT/Dev-MToaima.TradeNET.COM:user-management:8888?status=UP&lastDirtyTimestamp=1745938849902
2025-04-30 03:09:35,701 DEBUG o.s.c.l.CompositeLog [DiscoveryClient-HeartbeatExecutor-0] Accept=[application/json, application/*+json]
2025-04-30 03:09:35,717 DEBUG o.s.c.l.CompositeLog [DiscoveryClient-CacheRefreshExecutor-0] Response 200 OK
2025-04-30 03:09:35,717 DEBUG o.s.c.l.CompositeLog [DiscoveryClient-HeartbeatExecutor-0] Response 200 OK
2025-04-30 03:09:35,719 DEBUG o.s.c.l.CompositeLog [DiscoveryClient-CacheRefreshExecutor-0] Reading to [org.springframework.cloud.netflix.eureka.http.EurekaApplications]
2025-04-30 03:10:05,730 DEBUG o.s.c.l.CompositeLog [DiscoveryClient-CacheRefreshExecutor-0] HTTP GET http://localhost:8761/eureka/apps/delta
2025-04-30 03:10:05,730 DEBUG o.s.c.l.CompositeLog [DiscoveryClient-HeartbeatExecutor-0] HTTP PUT http://localhost:8761/eureka/apps/USER-MANAGEMENT/Dev-MToaima.TradeNET.COM:user-management:8888?status=UP&lastDirtyTimestamp=1745938849902
2025-04-30 03:10:05,730 DEBUG o.s.c.l.CompositeLog [DiscoveryClient-CacheRefreshExecutor-0] Accept=[application/json, application/*+json]
2025-04-30 03:10:05,730 DEBUG o.s.c.l.CompositeLog [DiscoveryClient-HeartbeatExecutor-0] Accept=[application/json, application/*+json]
2025-04-30 03:10:05,747 DEBUG o.s.c.l.CompositeLog [DiscoveryClient-HeartbeatExecutor-0] Response 200 OK
2025-04-30 03:10:05,747 DEBUG o.s.c.l.CompositeLog [DiscoveryClient-CacheRefreshExecutor-0] Response 200 OK
2025-04-30 03:10:05,747 DEBUG o.s.c.l.CompositeLog [DiscoveryClient-CacheRefreshExecutor-0] Reading to [org.springframework.cloud.netflix.eureka.http.EurekaApplications]
2025-04-30 03:10:35,750 DEBUG o.s.c.l.CompositeLog [DiscoveryClient-CacheRefreshExecutor-0] HTTP GET http://localhost:8761/eureka/apps/delta
2025-04-30 03:10:35,750 DEBUG o.s.c.l.CompositeLog [DiscoveryClient-HeartbeatExecutor-0] HTTP PUT http://localhost:8761/eureka/apps/USER-MANAGEMENT/Dev-MToaima.TradeNET.COM:user-management:8888?status=UP&lastDirtyTimestamp=1745938849902
2025-04-30 03:10:35,750 DEBUG o.s.c.l.CompositeLog [DiscoveryClient-CacheRefreshExecutor-0] Accept=[application/json, application/*+json]
2025-04-30 03:10:35,750 DEBUG o.s.c.l.CompositeLog [DiscoveryClient-HeartbeatExecutor-0] Accept=[application/json, application/*+json]
2025-04-30 03:10:35,767 DEBUG o.s.c.l.CompositeLog [DiscoveryClient-HeartbeatExecutor-0] Response 200 OK
2025-04-30 03:10:35,767 DEBUG o.s.c.l.CompositeLog [DiscoveryClient-CacheRefreshExecutor-0] Response 200 OK
2025-04-30 03:10:35,767 DEBUG o.s.c.l.CompositeLog [DiscoveryClient-CacheRefreshExecutor-0] Reading to [org.springframework.cloud.netflix.eureka.http.EurekaApplications]
2025-04-30 03:11:05,780 DEBUG o.s.c.l.CompositeLog [DiscoveryClient-CacheRefreshExecutor-0] HTTP GET http://localhost:8761/eureka/apps/delta
2025-04-30 03:11:05,780 DEBUG o.s.c.l.CompositeLog [DiscoveryClient-HeartbeatExecutor-0] HTTP PUT http://localhost:8761/eureka/apps/USER-MANAGEMENT/Dev-MToaima.TradeNET.COM:user-management:8888?status=UP&lastDirtyTimestamp=1745938849902
2025-04-30 03:11:05,781 DEBUG o.s.c.l.CompositeLog [DiscoveryClient-CacheRefreshExecutor-0] Accept=[application/json, application/*+json]
2025-04-30 03:11:05,781 DEBUG o.s.c.l.CompositeLog [DiscoveryClient-HeartbeatExecutor-0] Accept=[application/json, application/*+json]
2025-04-30 03:11:05,783 DEBUG o.s.c.l.CompositeLog [DiscoveryClient-HeartbeatExecutor-0] Response 200 OK
2025-04-30 03:11:05,783 DEBUG o.s.c.l.CompositeLog [DiscoveryClient-CacheRefreshExecutor-0] Response 200 OK
2025-04-30 03:11:05,783 DEBUG o.s.c.l.CompositeLog [DiscoveryClient-CacheRefreshExecutor-0] Reading to [org.springframework.cloud.netflix.eureka.http.EurekaApplications]
2025-04-30 03:11:35,788 DEBUG o.s.c.l.CompositeLog [DiscoveryClient-CacheRefreshExecutor-0] HTTP GET http://localhost:8761/eureka/apps/delta
2025-04-30 03:11:35,788 DEBUG o.s.c.l.CompositeLog [DiscoveryClient-HeartbeatExecutor-0] HTTP PUT http://localhost:8761/eureka/apps/USER-MANAGEMENT/Dev-MToaima.TradeNET.COM:user-management:8888?status=UP&lastDirtyTimestamp=1745938849902
2025-04-30 03:11:35,789 DEBUG o.s.c.l.CompositeLog [DiscoveryClient-CacheRefreshExecutor-0] Accept=[application/json, application/*+json]
2025-04-30 03:11:35,789 DEBUG o.s.c.l.CompositeLog [DiscoveryClient-HeartbeatExecutor-0] Accept=[application/json, application/*+json]
2025-04-30 03:11:35,805 DEBUG o.s.c.l.CompositeLog [DiscoveryClient-CacheRefreshExecutor-0] Response 200 OK
2025-04-30 03:11:35,805 DEBUG o.s.c.l.CompositeLog [DiscoveryClient-HeartbeatExecutor-0] Response 200 OK
2025-04-30 03:11:35,805 DEBUG o.s.c.l.CompositeLog [DiscoveryClient-CacheRefreshExecutor-0] Reading to [org.springframework.cloud.netflix.eureka.http.EurekaApplications]
2025-04-30 03:12:05,811 DEBUG o.s.c.l.CompositeLog [DiscoveryClient-CacheRefreshExecutor-0] HTTP GET http://localhost:8761/eureka/apps/delta
2025-04-30 03:12:05,812 DEBUG o.s.c.l.CompositeLog [DiscoveryClient-HeartbeatExecutor-0] HTTP PUT http://localhost:8761/eureka/apps/USER-MANAGEMENT/Dev-MToaima.TradeNET.COM:user-management:8888?status=UP&lastDirtyTimestamp=1745938849902
2025-04-30 03:12:05,812 DEBUG o.s.c.l.CompositeLog [DiscoveryClient-HeartbeatExecutor-0] Accept=[application/json, application/*+json]
2025-04-30 03:12:05,812 DEBUG o.s.c.l.CompositeLog [DiscoveryClient-CacheRefreshExecutor-0] Accept=[application/json, application/*+json]
2025-04-30 03:12:05,828 DEBUG o.s.c.l.CompositeLog [DiscoveryClient-HeartbeatExecutor-0] Response 200 OK
2025-04-30 03:12:05,828 DEBUG o.s.c.l.CompositeLog [DiscoveryClient-CacheRefreshExecutor-0] Response 200 OK
2025-04-30 03:12:05,829 DEBUG o.s.c.l.CompositeLog [DiscoveryClient-CacheRefreshExecutor-0] Reading to [org.springframework.cloud.netflix.eureka.http.EurekaApplications]
2025-04-30 03:12:22,306 INFO o.s.c.n.e.s.EurekaServiceRegistry [SpringApplicationShutdownHook] Unregistering application USER-MANAGEMENT with eureka with status DOWN
2025-04-30 03:12:22,307 INFO c.n.d.DiscoveryClient$3 [SpringApplicationShutdownHook] Saw local status change event StatusChangeEvent [timestamp=1745971942307, current=DOWN, previous=UP]
2025-04-30 03:12:22,308 INFO c.n.d.DiscoveryClient [DiscoveryClient-InstanceInfoReplicator-0] DiscoveryClient_USER-MANAGEMENT/Dev-MToaima.TradeNET.COM:user-management:8888: registering service...
2025-04-30 03:12:22,308 DEBUG o.s.c.l.CompositeLog [DiscoveryClient-InstanceInfoReplicator-0] HTTP POST http://localhost:8761/eureka/apps/USER-MANAGEMENT
2025-04-30 03:12:22,309 DEBUG o.s.c.l.CompositeLog [DiscoveryClient-InstanceInfoReplicator-0] Accept=[application/json, application/*+json]
2025-04-30 03:12:22,312 DEBUG o.s.c.l.CompositeLog [DiscoveryClient-InstanceInfoReplicator-0] Writing [InstanceInfo [instanceId = Dev-MToaima.TradeNET.COM:user-management:8888, appName = USER-MANAGEMENT, hostName = Dev-MToaima.TradeNET.COM, status = DOWN, ipAddr = 192.168.1.4, port = 8888, securePort = 443, dataCenterInfo = com.netflix.appinfo.MyDataCenterInfo@675577e4] as "application/json"
2025-04-30 03:12:22,335 DEBUG o.s.c.l.CompositeLog [DiscoveryClient-InstanceInfoReplicator-0] Response 204 NO_CONTENT
2025-04-30 03:12:22,336 INFO c.n.d.DiscoveryClient [DiscoveryClient-InstanceInfoReplicator-0] DiscoveryClient_USER-MANAGEMENT/Dev-MToaima.TradeNET.COM:user-management:8888 - registration status: 204
2025-04-30 03:12:22,369 INFO o.s.o.j.AbstractEntityManagerFactoryBean [SpringApplicationShutdownHook] Closing JPA EntityManagerFactory for persistence unit 'default'
2025-04-30 03:12:22,375 INFO c.z.h.HikariDataSource [SpringApplicationShutdownHook] HikariPool-4 - Shutdown initiated...
2025-04-30 03:12:22,392 INFO c.z.h.HikariDataSource [SpringApplicationShutdownHook] HikariPool-4 - Shutdown completed.
2025-04-30 03:12:22,394 INFO c.n.d.DiscoveryClient [SpringApplicationShutdownHook] Shutting down DiscoveryClient ...
2025-04-30 03:12:25,404 INFO c.n.d.DiscoveryClient [SpringApplicationShutdownHook] Unregistering ...
2025-04-30 03:12:25,404 DEBUG o.s.c.l.CompositeLog [SpringApplicationShutdownHook] HTTP DELETE http://localhost:8761/eureka/apps/USER-MANAGEMENT/Dev-MToaima.TradeNET.COM:user-management:8888
2025-04-30 03:12:25,405 DEBUG o.s.c.l.CompositeLog [SpringApplicationShutdownHook] Accept=[application/json, application/*+json]
2025-04-30 03:12:25,418 DEBUG o.s.c.l.CompositeLog [SpringApplicationShutdownHook] Response 200 OK
2025-04-30 03:12:25,418 INFO c.n.d.DiscoveryClient [SpringApplicationShutdownHook] DiscoveryClient_USER-MANAGEMENT/Dev-MToaima.TradeNET.COM:user-management:8888 - deregister  status: 200
2025-04-30 03:12:25,423 INFO c.n.d.DiscoveryClient [SpringApplicationShutdownHook] Completed shut down of DiscoveryClient
