2025-04-14 01:46:39,446 WARN c.z.h.p.HikariPool$HouseKeeper [HikariPool-1 housekeeper] HikariPool-1 - Thread starvation or clock leap detected (housekeeper delta=2h5s934ms127µs).
2025-04-14 01:46:45,670 DEBUG o.s.c.l.CompositeLog [DiscoveryClient-HeartbeatExecutor-0] HTTP PUT http://localhost:8761/eureka/apps/USER-MANAGEMENT/192.168.1.4:user-management:8888?status=UP&lastDirtyTimestamp=1744580379374
2025-04-14 01:46:45,670 DEBUG o.s.c.l.CompositeLog [DiscoveryClient-CacheRefreshExecutor-0] HTTP GET http://localhost:8761/eureka/apps/delta
2025-04-14 01:46:45,683 DEBUG o.s.c.l.CompositeLog [DiscoveryClient-HeartbeatExecutor-0] Accept=[application/json, application/*+json]
2025-04-14 01:46:45,687 DEBUG o.s.c.l.CompositeLog [DiscoveryClient-HeartbeatExecutor-0] Response 200 OK
2025-04-14 01:46:45,690 DEBUG o.s.c.l.CompositeLog [DiscoveryClient-CacheRefreshExecutor-0] Accept=[application/json, application/*+json]
2025-04-14 01:46:45,692 DEBUG o.s.c.l.CompositeLog [DiscoveryClient-CacheRefreshExecutor-0] Response 200 OK
2025-04-14 01:46:45,694 DEBUG o.s.c.l.CompositeLog [DiscoveryClient-CacheRefreshExecutor-0] Reading to [org.springframework.cloud.netflix.eureka.http.EurekaApplications]
2025-04-14 01:47:15,702 DEBUG o.s.c.l.CompositeLog [DiscoveryClient-CacheRefreshExecutor-0] HTTP GET http://localhost:8761/eureka/apps/delta
2025-04-14 01:47:15,702 DEBUG o.s.c.l.CompositeLog [DiscoveryClient-HeartbeatExecutor-0] HTTP PUT http://localhost:8761/eureka/apps/USER-MANAGEMENT/192.168.1.4:user-management:8888?status=UP&lastDirtyTimestamp=1744580379374
2025-04-14 01:47:15,702 DEBUG o.s.c.l.CompositeLog [DiscoveryClient-HeartbeatExecutor-0] Accept=[application/json, application/*+json]
2025-04-14 01:47:15,703 DEBUG o.s.c.l.CompositeLog [DiscoveryClient-CacheRefreshExecutor-0] Accept=[application/json, application/*+json]
2025-04-14 01:47:15,719 DEBUG o.s.c.l.CompositeLog [DiscoveryClient-HeartbeatExecutor-0] Response 200 OK
2025-04-14 01:47:15,721 DEBUG o.s.c.l.CompositeLog [DiscoveryClient-CacheRefreshExecutor-0] Response 200 OK
2025-04-14 01:47:15,721 DEBUG o.s.c.l.CompositeLog [DiscoveryClient-CacheRefreshExecutor-0] Reading to [org.springframework.cloud.netflix.eureka.http.EurekaApplications]
2025-04-14 01:47:45,733 DEBUG o.s.c.l.CompositeLog [DiscoveryClient-CacheRefreshExecutor-0] HTTP GET http://localhost:8761/eureka/apps/delta
2025-04-14 01:47:45,733 DEBUG o.s.c.l.CompositeLog [DiscoveryClient-HeartbeatExecutor-0] HTTP PUT http://localhost:8761/eureka/apps/USER-MANAGEMENT/192.168.1.4:user-management:8888?status=UP&lastDirtyTimestamp=1744580379374
2025-04-14 01:47:45,733 DEBUG o.s.c.l.CompositeLog [DiscoveryClient-CacheRefreshExecutor-0] Accept=[application/json, application/*+json]
2025-04-14 01:47:45,733 DEBUG o.s.c.l.CompositeLog [DiscoveryClient-HeartbeatExecutor-0] Accept=[application/json, application/*+json]
2025-04-14 01:47:45,749 DEBUG o.s.c.l.CompositeLog [DiscoveryClient-CacheRefreshExecutor-0] Response 200 OK
2025-04-14 01:47:45,749 DEBUG o.s.c.l.CompositeLog [DiscoveryClient-HeartbeatExecutor-0] Response 200 OK
2025-04-14 01:47:45,751 DEBUG o.s.c.l.CompositeLog [DiscoveryClient-CacheRefreshExecutor-0] Reading to [org.springframework.cloud.netflix.eureka.http.EurekaApplications]
2025-04-14 01:48:15,753 DEBUG o.s.c.l.CompositeLog [DiscoveryClient-CacheRefreshExecutor-0] HTTP GET http://localhost:8761/eureka/apps/delta
2025-04-14 01:48:15,753 DEBUG o.s.c.l.CompositeLog [DiscoveryClient-HeartbeatExecutor-0] HTTP PUT http://localhost:8761/eureka/apps/USER-MANAGEMENT/192.168.1.4:user-management:8888?status=UP&lastDirtyTimestamp=1744580379374
2025-04-14 01:48:15,753 DEBUG o.s.c.l.CompositeLog [DiscoveryClient-CacheRefreshExecutor-0] Accept=[application/json, application/*+json]
2025-04-14 01:48:15,753 DEBUG o.s.c.l.CompositeLog [DiscoveryClient-HeartbeatExecutor-0] Accept=[application/json, application/*+json]
2025-04-14 01:48:15,755 DEBUG o.s.c.l.CompositeLog [DiscoveryClient-HeartbeatExecutor-0] Response 200 OK
2025-04-14 01:48:15,755 DEBUG o.s.c.l.CompositeLog [DiscoveryClient-CacheRefreshExecutor-0] Response 200 OK
2025-04-14 01:48:15,755 DEBUG o.s.c.l.CompositeLog [DiscoveryClient-CacheRefreshExecutor-0] Reading to [org.springframework.cloud.netflix.eureka.http.EurekaApplications]
2025-04-14 01:48:45,762 DEBUG o.s.c.l.CompositeLog [DiscoveryClient-HeartbeatExecutor-0] HTTP PUT http://localhost:8761/eureka/apps/USER-MANAGEMENT/192.168.1.4:user-management:8888?status=UP&lastDirtyTimestamp=1744580379374
2025-04-14 01:48:45,762 DEBUG o.s.c.l.CompositeLog [DiscoveryClient-CacheRefreshExecutor-0] HTTP GET http://localhost:8761/eureka/apps/delta
2025-04-14 01:48:45,763 DEBUG o.s.c.l.CompositeLog [DiscoveryClient-HeartbeatExecutor-0] Accept=[application/json, application/*+json]
2025-04-14 01:48:45,763 DEBUG o.s.c.l.CompositeLog [DiscoveryClient-CacheRefreshExecutor-0] Accept=[application/json, application/*+json]
2025-04-14 01:48:45,780 DEBUG o.s.c.l.CompositeLog [DiscoveryClient-CacheRefreshExecutor-0] Response 200 OK
2025-04-14 01:48:45,780 DEBUG o.s.c.l.CompositeLog [DiscoveryClient-HeartbeatExecutor-0] Response 200 OK
2025-04-14 01:48:45,780 DEBUG o.s.c.l.CompositeLog [DiscoveryClient-CacheRefreshExecutor-0] Reading to [org.springframework.cloud.netflix.eureka.http.EurekaApplications]
2025-04-14 01:49:01,921 INFO o.s.c.n.e.s.EurekaServiceRegistry [SpringApplicationShutdownHook] Unregistering application USER-MANAGEMENT with eureka with status DOWN
2025-04-14 01:49:01,921 INFO c.n.d.DiscoveryClient$3 [SpringApplicationShutdownHook] Saw local status change event StatusChangeEvent [timestamp=1744588141921, current=DOWN, previous=UP]
2025-04-14 01:49:01,921 INFO c.n.d.DiscoveryClient [DiscoveryClient-InstanceInfoReplicator-0] DiscoveryClient_USER-MANAGEMENT/192.168.1.4:user-management:8888: registering service...
2025-04-14 01:49:01,921 DEBUG o.s.c.l.CompositeLog [DiscoveryClient-InstanceInfoReplicator-0] HTTP POST http://localhost:8761/eureka/apps/USER-MANAGEMENT
2025-04-14 01:49:01,923 DEBUG o.s.c.l.CompositeLog [DiscoveryClient-InstanceInfoReplicator-0] Accept=[application/json, application/*+json]
2025-04-14 01:49:01,925 DEBUG o.s.c.l.CompositeLog [DiscoveryClient-InstanceInfoReplicator-0] Writing [InstanceInfo [instanceId = 192.168.1.4:user-management:8888, appName = USER-MANAGEMENT, hostName = 192.168.1.4, status = DOWN, ipAddr = 192.168.1.4, port = 8888, securePort = 443, dataCenterInfo = com.netflix.appinfo.MyDataCenterInfo@5e1a4c43] as "application/json"
2025-04-14 01:49:01,935 DEBUG o.s.c.l.CompositeLog [DiscoveryClient-InstanceInfoReplicator-0] Response 204 NO_CONTENT
2025-04-14 01:49:01,938 INFO c.n.d.DiscoveryClient [DiscoveryClient-InstanceInfoReplicator-0] DiscoveryClient_USER-MANAGEMENT/192.168.1.4:user-management:8888 - registration status: 204
2025-04-14 01:49:01,957 INFO o.s.o.j.AbstractEntityManagerFactoryBean [SpringApplicationShutdownHook] Closing JPA EntityManagerFactory for persistence unit 'default'
2025-04-14 01:49:01,967 INFO c.z.h.HikariDataSource [SpringApplicationShutdownHook] HikariPool-1 - Shutdown initiated...
2025-04-14 01:49:02,000 INFO c.z.h.HikariDataSource [SpringApplicationShutdownHook] HikariPool-1 - Shutdown completed.
2025-04-14 01:49:02,001 INFO c.n.d.DiscoveryClient [SpringApplicationShutdownHook] Shutting down DiscoveryClient ...
2025-04-14 01:49:05,010 INFO c.n.d.DiscoveryClient [SpringApplicationShutdownHook] Unregistering ...
2025-04-14 01:49:05,011 DEBUG o.s.c.l.CompositeLog [SpringApplicationShutdownHook] HTTP DELETE http://localhost:8761/eureka/apps/USER-MANAGEMENT/192.168.1.4:user-management:8888
2025-04-14 01:49:05,012 DEBUG o.s.c.l.CompositeLog [SpringApplicationShutdownHook] Accept=[application/json, application/*+json]
2025-04-14 01:49:05,026 DEBUG o.s.c.l.CompositeLog [SpringApplicationShutdownHook] Response 200 OK
2025-04-14 01:49:05,028 INFO c.n.d.DiscoveryClient [SpringApplicationShutdownHook] DiscoveryClient_USER-MANAGEMENT/192.168.1.4:user-management:8888 - deregister  status: 200
2025-04-14 01:49:05,037 INFO c.n.d.DiscoveryClient [SpringApplicationShutdownHook] Completed shut down of DiscoveryClient
2025-04-14 10:50:48,646 INFO o.h.v.i.u.Version [background-preinit] HV000001: Hibernate Validator 8.0.1.Final
2025-04-14 10:50:48,711 INFO o.s.b.StartupInfoLogger [restartedMain] Starting UserOrgManagementApplication using Java 17.0.12 with PID 21968 (D:\Courses\BackEnd\Spring\Sb\User_Management_System\user-org-management\target\classes started by mtoaima in D:\Courses\BackEnd\Spring\Sb\User_Management_System\user-org-management)
2025-04-14 10:50:48,715 INFO o.s.b.SpringApplication [restartedMain] No active profile set, falling back to 1 default profile: "default"
2025-04-14 10:50:48,778 INFO o.s.b.l.DeferredLog [restartedMain] Fetching config from server at : http://localhost:8081
2025-04-14 10:50:48,779 INFO o.s.b.l.DeferredLog [restartedMain] Located environment: name=user-management, profiles=[default], label=null, version=ef3ccb72180485ea77e71aa24e8a6021544ae2b5, state=
2025-04-14 10:50:48,786 INFO o.s.b.l.DeferredLog [restartedMain] Devtools property defaults active! Set 'spring.devtools.add-properties' to 'false' to disable
2025-04-14 10:50:48,787 INFO o.s.b.l.DeferredLog [restartedMain] For additional web related logging consider setting the 'logging.level.web' property to 'DEBUG'
2025-04-14 10:50:50,020 INFO o.s.d.r.c.RepositoryConfigurationDelegate [restartedMain] Bootstrapping Spring Data JPA repositories in DEFAULT mode.
2025-04-14 10:50:50,185 INFO o.s.d.r.c.RepositoryConfigurationDelegate [restartedMain] Finished Spring Data repository scanning in 157 ms. Found 3 JPA repository interfaces.
2025-04-14 10:50:50,483 INFO o.s.c.c.s.GenericScope [restartedMain] BeanFactory id=f74d915f-4514-3717-bfc9-0ab6e98804f7
2025-04-14 10:50:50,842 WARN o.s.c.s.PostProcessorRegistrationDelegate$BeanPostProcessorChecker [restartedMain] Bean 'org.springframework.cloud.client.loadbalancer.LoadBalancerAutoConfiguration$LoadBalancerInterceptorConfig' of type [org.springframework.cloud.client.loadbalancer.LoadBalancerAutoConfiguration$LoadBalancerInterceptorConfig] is not eligible for getting processed by all BeanPostProcessors (for example: not eligible for auto-proxying). The currently created BeanPostProcessor [lbRestClientPostProcessor] is declared through a non-static factory method on that class; consider declaring it as static instead.
2025-04-14 10:50:50,847 WARN o.s.c.s.PostProcessorRegistrationDelegate$BeanPostProcessorChecker [restartedMain] Bean 'org.springframework.cloud.loadbalancer.config.BlockingLoadBalancerClientAutoConfiguration' of type [org.springframework.cloud.loadbalancer.config.BlockingLoadBalancerClientAutoConfiguration] is not eligible for getting processed by all BeanPostProcessors (for example: not eligible for auto-proxying). Is this bean getting eagerly injected into a currently created BeanPostProcessor [lbRestClientPostProcessor]? Check the corresponding BeanPostProcessor declaration and its dependencies.
2025-04-14 10:50:50,851 WARN o.s.c.s.PostProcessorRegistrationDelegate$BeanPostProcessorChecker [restartedMain] Bean 'org.springframework.cloud.loadbalancer.config.LoadBalancerAutoConfiguration' of type [org.springframework.cloud.loadbalancer.config.LoadBalancerAutoConfiguration] is not eligible for getting processed by all BeanPostProcessors (for example: not eligible for auto-proxying). Is this bean getting eagerly injected into a currently created BeanPostProcessor [lbRestClientPostProcessor]? Check the corresponding BeanPostProcessor declaration and its dependencies.
2025-04-14 10:50:50,879 WARN o.s.c.s.PostProcessorRegistrationDelegate$BeanPostProcessorChecker [restartedMain] Bean 'org.springframework.cloud.commons.config.CommonsConfigAutoConfiguration' of type [org.springframework.cloud.commons.config.CommonsConfigAutoConfiguration] is not eligible for getting processed by all BeanPostProcessors (for example: not eligible for auto-proxying). Is this bean getting eagerly injected into a currently created BeanPostProcessor [lbRestClientPostProcessor]? Check the corresponding BeanPostProcessor declaration and its dependencies.
2025-04-14 10:50:50,889 WARN o.s.c.s.PostProcessorRegistrationDelegate$BeanPostProcessorChecker [restartedMain] Bean 'org.springframework.cloud.client.loadbalancer.LoadBalancerDefaultMappingsProviderAutoConfiguration' of type [org.springframework.cloud.client.loadbalancer.LoadBalancerDefaultMappingsProviderAutoConfiguration] is not eligible for getting processed by all BeanPostProcessors (for example: not eligible for auto-proxying). Is this bean getting eagerly injected into a currently created BeanPostProcessor [lbRestClientPostProcessor]? Check the corresponding BeanPostProcessor declaration and its dependencies.
2025-04-14 10:50:50,891 WARN o.s.c.s.PostProcessorRegistrationDelegate$BeanPostProcessorChecker [restartedMain] Bean 'loadBalancerClientsDefaultsMappingsProvider' of type [org.springframework.cloud.client.loadbalancer.LoadBalancerDefaultMappingsProviderAutoConfiguration$$Lambda$776/0x00000229534ec328] is not eligible for getting processed by all BeanPostProcessors (for example: not eligible for auto-proxying). Is this bean getting eagerly injected into a currently created BeanPostProcessor [lbRestClientPostProcessor]? Check the corresponding BeanPostProcessor declaration and its dependencies.
2025-04-14 10:50:50,895 WARN o.s.c.s.PostProcessorRegistrationDelegate$BeanPostProcessorChecker [restartedMain] Bean 'defaultsBindHandlerAdvisor' of type [org.springframework.cloud.commons.config.DefaultsBindHandlerAdvisor] is not eligible for getting processed by all BeanPostProcessors (for example: not eligible for auto-proxying). Is this bean getting eagerly injected into a currently created BeanPostProcessor [lbRestClientPostProcessor]? Check the corresponding BeanPostProcessor declaration and its dependencies.
2025-04-14 10:50:50,907 WARN o.s.c.s.PostProcessorRegistrationDelegate$BeanPostProcessorChecker [restartedMain] Bean 'spring.cloud.loadbalancer-org.springframework.cloud.client.loadbalancer.LoadBalancerClientsProperties' of type [org.springframework.cloud.client.loadbalancer.LoadBalancerClientsProperties] is not eligible for getting processed by all BeanPostProcessors (for example: not eligible for auto-proxying). Is this bean getting eagerly injected into a currently created BeanPostProcessor [lbRestClientPostProcessor]? Check the corresponding BeanPostProcessor declaration and its dependencies.
2025-04-14 10:50:50,919 WARN o.s.c.s.PostProcessorRegistrationDelegate$BeanPostProcessorChecker [restartedMain] Bean 'default.org.springframework.cloud.loadbalancer.config.LoadBalancerAutoConfiguration.LoadBalancerClientSpecification' of type [org.springframework.cloud.loadbalancer.annotation.LoadBalancerClientSpecification] is not eligible for getting processed by all BeanPostProcessors (for example: not eligible for auto-proxying). Is this bean getting eagerly injected into a currently created BeanPostProcessor [lbRestClientPostProcessor]? Check the corresponding BeanPostProcessor declaration and its dependencies.
2025-04-14 10:50:50,924 WARN o.s.c.s.PostProcessorRegistrationDelegate$BeanPostProcessorChecker [restartedMain] Bean 'default.org.springframework.cloud.loadbalancer.config.BlockingLoadBalancerClientAutoConfiguration.LoadBalancerClientSpecification' of type [org.springframework.cloud.loadbalancer.annotation.LoadBalancerClientSpecification] is not eligible for getting processed by all BeanPostProcessors (for example: not eligible for auto-proxying). Is this bean getting eagerly injected into a currently created BeanPostProcessor [lbRestClientPostProcessor]? Check the corresponding BeanPostProcessor declaration and its dependencies.
2025-04-14 10:50:50,925 WARN o.s.c.s.PostProcessorRegistrationDelegate$BeanPostProcessorChecker [restartedMain] Bean 'default.org.springframework.cloud.netflix.eureka.loadbalancer.LoadBalancerEurekaAutoConfiguration.LoadBalancerClientSpecification' of type [org.springframework.cloud.loadbalancer.annotation.LoadBalancerClientSpecification] is not eligible for getting processed by all BeanPostProcessors (for example: not eligible for auto-proxying). Is this bean getting eagerly injected into a currently created BeanPostProcessor [lbRestClientPostProcessor]? Check the corresponding BeanPostProcessor declaration and its dependencies.
2025-04-14 10:50:50,927 WARN o.s.c.s.PostProcessorRegistrationDelegate$BeanPostProcessorChecker [restartedMain] Bean 'loadBalancerClientFactory' of type [org.springframework.cloud.loadbalancer.support.LoadBalancerClientFactory] is not eligible for getting processed by all BeanPostProcessors (for example: not eligible for auto-proxying). Is this bean getting eagerly injected into a currently created BeanPostProcessor [lbRestClientPostProcessor]? Check the corresponding BeanPostProcessor declaration and its dependencies.
2025-04-14 10:50:50,945 WARN o.s.c.s.PostProcessorRegistrationDelegate$BeanPostProcessorChecker [restartedMain] Bean 'blockingLoadBalancerClient' of type [org.springframework.cloud.loadbalancer.blocking.client.BlockingLoadBalancerClient] is not eligible for getting processed by all BeanPostProcessors (for example: not eligible for auto-proxying). Is this bean getting eagerly injected into a currently created BeanPostProcessor [lbRestClientPostProcessor]? Check the corresponding BeanPostProcessor declaration and its dependencies.
2025-04-14 10:50:50,967 WARN o.s.c.s.PostProcessorRegistrationDelegate$BeanPostProcessorChecker [restartedMain] Bean 'loadBalancerServiceInstanceCookieTransformer' of type [org.springframework.cloud.loadbalancer.core.LoadBalancerServiceInstanceCookieTransformer] is not eligible for getting processed by all BeanPostProcessors (for example: not eligible for auto-proxying). Is this bean getting eagerly injected into a currently created BeanPostProcessor [lbRestClientPostProcessor]? Check the corresponding BeanPostProcessor declaration and its dependencies.
2025-04-14 10:50:50,971 WARN o.s.c.s.PostProcessorRegistrationDelegate$BeanPostProcessorChecker [restartedMain] Bean 'xForwarderHeadersTransformer' of type [org.springframework.cloud.loadbalancer.blocking.XForwardedHeadersTransformer] is not eligible for getting processed by all BeanPostProcessors (for example: not eligible for auto-proxying). Is this bean getting eagerly injected into a currently created BeanPostProcessor [lbRestClientPostProcessor]? Check the corresponding BeanPostProcessor declaration and its dependencies.
2025-04-14 10:50:50,973 WARN o.s.c.s.PostProcessorRegistrationDelegate$BeanPostProcessorChecker [restartedMain] Bean 'org.springframework.cloud.client.loadbalancer.LoadBalancerAutoConfiguration' of type [org.springframework.cloud.client.loadbalancer.LoadBalancerAutoConfiguration] is not eligible for getting processed by all BeanPostProcessors (for example: not eligible for auto-proxying). Is this bean getting eagerly injected into a currently created BeanPostProcessor [lbRestClientPostProcessor]? Check the corresponding BeanPostProcessor declaration and its dependencies.
2025-04-14 10:50:50,977 WARN o.s.c.s.PostProcessorRegistrationDelegate$BeanPostProcessorChecker [restartedMain] Bean 'loadBalancerRequestFactory' of type [org.springframework.cloud.client.loadbalancer.LoadBalancerRequestFactory] is not eligible for getting processed by all BeanPostProcessors (for example: not eligible for auto-proxying). Is this bean getting eagerly injected into a currently created BeanPostProcessor [lbRestClientPostProcessor]? Check the corresponding BeanPostProcessor declaration and its dependencies.
2025-04-14 10:50:50,980 WARN o.s.c.s.PostProcessorRegistrationDelegate$BeanPostProcessorChecker [restartedMain] Bean 'loadBalancerInterceptor' of type [org.springframework.cloud.client.loadbalancer.LoadBalancerInterceptor] is not eligible for getting processed by all BeanPostProcessors (for example: not eligible for auto-proxying). Is this bean getting eagerly injected into a currently created BeanPostProcessor [lbRestClientPostProcessor]? Check the corresponding BeanPostProcessor declaration and its dependencies.
2025-04-14 10:50:51,757 INFO o.s.b.w.e.t.TomcatWebServer [restartedMain] Tomcat initialized with port 8888 (http)
2025-04-14 10:50:51,772 INFO o.a.j.l.DirectJDKLog [restartedMain] Initializing ProtocolHandler ["http-nio-8888"]
2025-04-14 10:50:51,776 INFO o.a.j.l.DirectJDKLog [restartedMain] Starting service [Tomcat]
2025-04-14 10:50:51,776 INFO o.a.j.l.DirectJDKLog [restartedMain] Starting Servlet engine: [Apache Tomcat/10.1.19]
2025-04-14 10:50:51,872 INFO o.a.j.l.DirectJDKLog [restartedMain] Initializing Spring embedded WebApplicationContext
2025-04-14 10:50:51,874 INFO o.s.b.w.s.c.ServletWebServerApplicationContext [restartedMain] Root WebApplicationContext: initialization completed in 3085 ms
2025-04-14 10:50:52,100 INFO c.z.h.HikariDataSource [restartedMain] HikariPool-1 - Starting...
2025-04-14 10:50:52,526 INFO c.z.h.p.HikariPool [restartedMain] HikariPool-1 - Added connection com.mysql.cj.jdbc.ConnectionImpl@6e5f2497
2025-04-14 10:50:52,529 INFO c.z.h.HikariDataSource [restartedMain] HikariPool-1 - Start completed.
2025-04-14 10:50:53,702 INFO l.l.c.JavaLogger [restartedMain] Reading from mydatabase.DATABASECHANGELOG
2025-04-14 10:50:53,780 INFO l.l.c.JavaLogger [restartedMain] Reading from mydatabase.DATABASECHANGELOG
2025-04-14 10:50:53,791 INFO l.l.c.JavaLogger [restartedMain] UPDATE SUMMARY
2025-04-14 10:50:53,791 INFO l.l.c.JavaLogger [restartedMain] Run:                          0
2025-04-14 10:50:53,792 INFO l.l.c.JavaLogger [restartedMain] Previously run:               3
2025-04-14 10:50:53,792 INFO l.l.c.JavaLogger [restartedMain] Filtered out:                 0
2025-04-14 10:50:53,793 INFO l.l.c.JavaLogger [restartedMain] -------------------------------
2025-04-14 10:50:53,793 INFO l.l.c.JavaLogger [restartedMain] Total change sets:            3
2025-04-14 10:50:53,793 INFO l.l.c.JavaLogger [restartedMain] Update summary generated
2025-04-14 10:50:53,876 INFO l.l.c.JavaLogger [restartedMain] Successfully released change log lock
2025-04-14 10:50:53,881 INFO l.l.c.JavaLogger [restartedMain] Command execution complete
2025-04-14 10:50:54,187 INFO o.h.j.i.u.LogHelper [restartedMain] HHH000204: Processing PersistenceUnitInfo [name: default]
2025-04-14 10:50:54,366 INFO o.h.Version [restartedMain] HHH000412: Hibernate ORM core version 6.4.4.Final
2025-04-14 10:50:54,437 INFO o.h.c.i.RegionFactoryInitiator [restartedMain] HHH000026: Second-level cache disabled
2025-04-14 10:50:54,834 INFO o.s.o.j.p.SpringPersistenceUnitInfo [restartedMain] No LoadTimeWeaver setup: ignoring JPA class transformer
2025-04-14 10:50:54,911 WARN o.h.e.j.d.i.DialectFactoryImpl [restartedMain] HHH90000025: MySQL8Dialect does not need to be specified explicitly using 'hibernate.dialect' (remove the property setting and it will be selected by default)
2025-04-14 10:50:54,914 WARN o.h.e.j.d.i.DialectFactoryImpl [restartedMain] HHH90000026: MySQL8Dialect has been deprecated; use org.hibernate.dialect.MySQLDialect instead
2025-04-14 10:50:56,560 INFO o.h.e.t.j.p.i.JtaPlatformInitiator [restartedMain] HHH000489: No JTA platform available (set 'hibernate.transaction.jta.platform' to enable JTA platform integration)
2025-04-14 10:50:56,563 INFO o.s.o.j.AbstractEntityManagerFactoryBean [restartedMain] Initialized JPA EntityManagerFactory for persistence unit 'default'
2025-04-14 10:50:57,170 INFO o.s.d.j.r.q.QueryEnhancerFactory [restartedMain] Hibernate is in classpath; If applicable, HQL parser will be used.
2025-04-14 10:50:58,164 WARN o.s.b.a.o.j.JpaBaseConfiguration$JpaWebConfiguration [restartedMain] spring.jpa.open-in-view is enabled by default. Therefore, database queries may be performed during view rendering. Explicitly configure spring.jpa.open-in-view to disable this warning
2025-04-14 10:50:58,446 DEBUG o.s.w.s.h.AbstractHandlerMethodMapping [restartedMain] 16 mappings in 'requestMappingHandlerMapping'
2025-04-14 10:50:58,663 DEBUG o.s.w.s.h.SimpleUrlHandlerMapping [restartedMain] Patterns [/webjars/**, /**] in 'resourceHandlerMapping'
2025-04-14 10:50:58,729 INFO o.s.s.w.DefaultSecurityFilterChain [restartedMain] Will secure any request with [org.springframework.security.web.session.DisableEncodeUrlFilter@696be931, org.springframework.security.web.context.request.async.WebAsyncManagerIntegrationFilter@713e0913, org.springframework.security.web.context.SecurityContextHolderFilter@34960de8, org.springframework.security.web.header.HeaderWriterFilter@3cbdae8c, org.springframework.security.web.authentication.logout.LogoutFilter@76c31622, com.user_organization_management.security.JwtRequestFilter@4b8052dd, org.springframework.security.web.savedrequest.RequestCacheAwareFilter@6c7d85b6, org.springframework.security.web.servletapi.SecurityContextHolderAwareRequestFilter@5defa82e, org.springframework.security.web.authentication.AnonymousAuthenticationFilter@c092f81, org.springframework.security.web.access.ExceptionTranslationFilter@7d8b4b0, org.springframework.security.web.access.intercept.AuthorizationFilter@3b98ca47]
2025-04-14 10:50:59,842 DEBUG o.s.w.s.m.m.a.RequestMappingHandlerAdapter [restartedMain] ControllerAdvice beans: 0 @ModelAttribute, 0 @InitBinder, 1 RequestBodyAdvice, 1 ResponseBodyAdvice
2025-04-14 10:51:00,354 DEBUG o.s.w.s.m.m.a.ExceptionHandlerExceptionResolver [restartedMain] ControllerAdvice beans: 1 @ExceptionHandler, 1 ResponseBodyAdvice
2025-04-14 10:51:02,028 WARN o.s.b.d.a.OptionalLiveReloadServer [restartedMain] Unable to start LiveReload server
2025-04-14 10:51:02,697 INFO o.s.c.n.e.c.DiscoveryClientOptionalArgsConfiguration [restartedMain] Eureka HTTP Client uses RestTemplate.
2025-04-14 10:51:03,173 WARN o.s.c.l.c.LoadBalancerCacheAutoConfiguration$LoadBalancerCaffeineWarnLogger [restartedMain] Spring Cloud LoadBalancer is currently working with the default cache. While this cache implementation is useful for development and tests, it's recommended to use Caffeine cache in production.You can switch to using Caffeine cache, by adding it and org.springframework.cache.caffeine.CaffeineCacheManager to the classpath.
2025-04-14 10:51:03,204 INFO o.s.c.n.e.InstanceInfoFactory [restartedMain] Setting initial instance status as: STARTING
2025-04-14 10:51:03,331 INFO c.n.d.DiscoveryClient [restartedMain] Initializing Eureka in region us-east-1
2025-04-14 10:51:03,340 INFO c.n.d.s.r.a.ConfigClusterResolver [restartedMain] Resolving eureka endpoints via configuration
2025-04-14 10:51:03,402 INFO c.n.d.DiscoveryClient [restartedMain] Disable delta property : false
2025-04-14 10:51:03,403 INFO c.n.d.DiscoveryClient [restartedMain] Single vip registry refresh property : null
2025-04-14 10:51:03,403 INFO c.n.d.DiscoveryClient [restartedMain] Force full registry fetch : false
2025-04-14 10:51:03,405 INFO c.n.d.DiscoveryClient [restartedMain] Application is null : false
2025-04-14 10:51:03,407 INFO c.n.d.DiscoveryClient [restartedMain] Registered Applications size is zero : true
2025-04-14 10:51:03,408 INFO c.n.d.DiscoveryClient [restartedMain] Application version is -1: true
2025-04-14 10:51:03,408 INFO c.n.d.DiscoveryClient [restartedMain] Getting all instance registry info from the eureka server
2025-04-14 10:51:03,605 DEBUG o.s.c.l.CompositeLog [restartedMain] HTTP GET http://localhost:8761/eureka/apps/
2025-04-14 10:51:03,715 DEBUG o.s.c.l.CompositeLog [restartedMain] Accept=[application/json, application/*+json]
2025-04-14 10:51:03,806 DEBUG o.s.c.l.CompositeLog [restartedMain] Response 200 OK
2025-04-14 10:51:03,809 DEBUG o.s.c.l.CompositeLog [restartedMain] Reading to [org.springframework.cloud.netflix.eureka.http.EurekaApplications]
2025-04-14 10:51:03,828 INFO c.n.d.DiscoveryClient [restartedMain] The response status is 200
2025-04-14 10:51:03,835 INFO c.n.d.DiscoveryClient [restartedMain] Starting heartbeat executor: renew interval is: 30
2025-04-14 10:51:03,840 INFO c.n.d.InstanceInfoReplicator [restartedMain] InstanceInfoReplicator onDemand update allowed rate per min is 4
2025-04-14 10:51:03,847 INFO c.n.d.DiscoveryClient [restartedMain] Discovery Client initialized at timestamp 1744620663847 with initial instances count: 3
2025-04-14 10:51:03,880 INFO o.s.c.n.e.s.EurekaServiceRegistry [restartedMain] Registering application USER-MANAGEMENT with eureka with status UP
2025-04-14 10:51:03,882 INFO c.n.d.DiscoveryClient$3 [restartedMain] Saw local status change event StatusChangeEvent [timestamp=1744620663882, current=UP, previous=STARTING]
2025-04-14 10:51:03,885 INFO c.n.d.DiscoveryClient [DiscoveryClient-InstanceInfoReplicator-0] DiscoveryClient_USER-MANAGEMENT/Dev-MToaima.TradeNET.COM:user-management:8888: registering service...
2025-04-14 10:51:03,888 INFO o.a.j.l.DirectJDKLog [restartedMain] Starting ProtocolHandler ["http-nio-8888"]
2025-04-14 10:51:03,918 DEBUG o.s.c.l.CompositeLog [DiscoveryClient-InstanceInfoReplicator-0] HTTP POST http://localhost:8761/eureka/apps/USER-MANAGEMENT
2025-04-14 10:51:03,938 DEBUG o.s.c.l.CompositeLog [DiscoveryClient-InstanceInfoReplicator-0] Accept=[application/json, application/*+json]
2025-04-14 10:51:04,006 DEBUG o.s.c.l.CompositeLog [DiscoveryClient-InstanceInfoReplicator-0] Writing [InstanceInfo [instanceId = Dev-MToaima.TradeNET.COM:user-management:8888, appName = USER-MANAGEMENT, hostName = Dev-MToaima.TradeNET.COM, status = UP, ipAddr = 192.168.2.77, port = 8888, securePort = 443, dataCenterInfo = com.netflix.appinfo.MyDataCenterInfo@1223ca7] as "application/json"
2025-04-14 10:51:04,027 INFO o.s.b.w.e.t.TomcatWebServer [restartedMain] Tomcat started on port 8888 (http) with context path ''
2025-04-14 10:51:04,045 INFO o.s.c.n.e.s.EurekaAutoServiceRegistration [restartedMain] Updating port to 8888
2025-04-14 10:51:04,079 DEBUG o.s.c.l.CompositeLog [DiscoveryClient-InstanceInfoReplicator-0] Response 204 NO_CONTENT
2025-04-14 10:51:04,080 INFO c.n.d.DiscoveryClient [DiscoveryClient-InstanceInfoReplicator-0] DiscoveryClient_USER-MANAGEMENT/Dev-MToaima.TradeNET.COM:user-management:8888 - registration status: 204
2025-04-14 10:51:04,655 INFO o.s.b.StartupInfoLogger [restartedMain] Started UserOrgManagementApplication in 20.693 seconds (process running for 21.915)
2025-04-14 10:51:33,841 DEBUG o.s.c.l.CompositeLog [DiscoveryClient-CacheRefreshExecutor-0] HTTP GET http://localhost:8761/eureka/apps/delta
2025-04-14 10:51:33,842 DEBUG o.s.c.l.CompositeLog [DiscoveryClient-CacheRefreshExecutor-0] Accept=[application/json, application/*+json]
2025-04-14 10:51:33,842 DEBUG o.s.c.l.CompositeLog [DiscoveryClient-HeartbeatExecutor-0] HTTP PUT http://localhost:8761/eureka/apps/USER-MANAGEMENT/Dev-MToaima.TradeNET.COM:user-management:8888?status=UP&lastDirtyTimestamp=1744620663881
2025-04-14 10:51:33,854 DEBUG o.s.c.l.CompositeLog [DiscoveryClient-HeartbeatExecutor-0] Accept=[application/json, application/*+json]
2025-04-14 10:51:33,860 DEBUG o.s.c.l.CompositeLog [DiscoveryClient-CacheRefreshExecutor-0] Response 200 OK
2025-04-14 10:51:33,861 DEBUG o.s.c.l.CompositeLog [DiscoveryClient-CacheRefreshExecutor-0] Reading to [org.springframework.cloud.netflix.eureka.http.EurekaApplications]
2025-04-14 10:51:33,875 DEBUG o.s.c.l.CompositeLog [DiscoveryClient-HeartbeatExecutor-0] Response 200 OK
2025-04-14 10:52:03,870 DEBUG o.s.c.l.CompositeLog [DiscoveryClient-CacheRefreshExecutor-0] HTTP GET http://localhost:8761/eureka/apps/delta
2025-04-14 10:52:03,871 DEBUG o.s.c.l.CompositeLog [DiscoveryClient-CacheRefreshExecutor-0] Accept=[application/json, application/*+json]
2025-04-14 10:52:03,886 DEBUG o.s.c.l.CompositeLog [DiscoveryClient-HeartbeatExecutor-0] HTTP PUT http://localhost:8761/eureka/apps/USER-MANAGEMENT/Dev-MToaima.TradeNET.COM:user-management:8888?status=UP&lastDirtyTimestamp=1744620663881
2025-04-14 10:52:03,886 DEBUG o.s.c.l.CompositeLog [DiscoveryClient-HeartbeatExecutor-0] Accept=[application/json, application/*+json]
2025-04-14 10:52:03,889 DEBUG o.s.c.l.CompositeLog [DiscoveryClient-CacheRefreshExecutor-0] Response 200 OK
2025-04-14 10:52:03,889 DEBUG o.s.c.l.CompositeLog [DiscoveryClient-CacheRefreshExecutor-0] Reading to [org.springframework.cloud.netflix.eureka.http.EurekaApplications]
2025-04-14 10:52:03,897 DEBUG o.s.c.l.CompositeLog [DiscoveryClient-HeartbeatExecutor-0] Response 200 OK
2025-04-14 10:52:33,897 DEBUG o.s.c.l.CompositeLog [DiscoveryClient-CacheRefreshExecutor-0] HTTP GET http://localhost:8761/eureka/apps/delta
2025-04-14 10:52:33,898 DEBUG o.s.c.l.CompositeLog [DiscoveryClient-CacheRefreshExecutor-0] Accept=[application/json, application/*+json]
2025-04-14 10:52:33,914 DEBUG o.s.c.l.CompositeLog [DiscoveryClient-HeartbeatExecutor-0] HTTP PUT http://localhost:8761/eureka/apps/USER-MANAGEMENT/Dev-MToaima.TradeNET.COM:user-management:8888?status=UP&lastDirtyTimestamp=1744620663881
2025-04-14 10:52:33,914 DEBUG o.s.c.l.CompositeLog [DiscoveryClient-HeartbeatExecutor-0] Accept=[application/json, application/*+json]
2025-04-14 10:52:33,918 DEBUG o.s.c.l.CompositeLog [DiscoveryClient-CacheRefreshExecutor-0] Response 200 OK
2025-04-14 10:52:33,918 DEBUG o.s.c.l.CompositeLog [DiscoveryClient-CacheRefreshExecutor-0] Reading to [org.springframework.cloud.netflix.eureka.http.EurekaApplications]
2025-04-14 10:52:33,932 DEBUG o.s.c.l.CompositeLog [DiscoveryClient-HeartbeatExecutor-0] Response 200 OK
2025-04-14 10:53:03,924 DEBUG o.s.c.l.CompositeLog [DiscoveryClient-CacheRefreshExecutor-0] HTTP GET http://localhost:8761/eureka/apps/delta
2025-04-14 10:53:03,925 DEBUG o.s.c.l.CompositeLog [DiscoveryClient-CacheRefreshExecutor-0] Accept=[application/json, application/*+json]
2025-04-14 10:53:03,940 DEBUG o.s.c.l.CompositeLog [DiscoveryClient-HeartbeatExecutor-0] HTTP PUT http://localhost:8761/eureka/apps/USER-MANAGEMENT/Dev-MToaima.TradeNET.COM:user-management:8888?status=UP&lastDirtyTimestamp=1744620663881
2025-04-14 10:53:03,941 DEBUG o.s.c.l.CompositeLog [DiscoveryClient-HeartbeatExecutor-0] Accept=[application/json, application/*+json]
2025-04-14 10:53:03,945 DEBUG o.s.c.l.CompositeLog [DiscoveryClient-CacheRefreshExecutor-0] Response 200 OK
2025-04-14 10:53:03,945 DEBUG o.s.c.l.CompositeLog [DiscoveryClient-CacheRefreshExecutor-0] Reading to [org.springframework.cloud.netflix.eureka.http.EurekaApplications]
2025-04-14 10:53:03,959 DEBUG o.s.c.l.CompositeLog [DiscoveryClient-HeartbeatExecutor-0] Response 200 OK
2025-04-14 10:53:33,954 DEBUG o.s.c.l.CompositeLog [DiscoveryClient-CacheRefreshExecutor-0] HTTP GET http://localhost:8761/eureka/apps/delta
2025-04-14 10:53:33,955 DEBUG o.s.c.l.CompositeLog [DiscoveryClient-CacheRefreshExecutor-0] Accept=[application/json, application/*+json]
2025-04-14 10:53:33,970 DEBUG o.s.c.l.CompositeLog [DiscoveryClient-HeartbeatExecutor-0] HTTP PUT http://localhost:8761/eureka/apps/USER-MANAGEMENT/Dev-MToaima.TradeNET.COM:user-management:8888?status=UP&lastDirtyTimestamp=1744620663881
2025-04-14 10:53:33,970 DEBUG o.s.c.l.CompositeLog [DiscoveryClient-HeartbeatExecutor-0] Accept=[application/json, application/*+json]
2025-04-14 10:53:33,973 DEBUG o.s.c.l.CompositeLog [DiscoveryClient-CacheRefreshExecutor-0] Response 200 OK
2025-04-14 10:53:33,973 DEBUG o.s.c.l.CompositeLog [DiscoveryClient-CacheRefreshExecutor-0] Reading to [org.springframework.cloud.netflix.eureka.http.EurekaApplications]
2025-04-14 10:53:33,989 DEBUG o.s.c.l.CompositeLog [DiscoveryClient-HeartbeatExecutor-0] Response 200 OK
2025-04-14 10:54:03,983 DEBUG o.s.c.l.CompositeLog [DiscoveryClient-CacheRefreshExecutor-0] HTTP GET http://localhost:8761/eureka/apps/delta
2025-04-14 10:54:03,983 DEBUG o.s.c.l.CompositeLog [DiscoveryClient-CacheRefreshExecutor-0] Accept=[application/json, application/*+json]
2025-04-14 10:54:03,998 DEBUG o.s.c.l.CompositeLog [DiscoveryClient-HeartbeatExecutor-0] HTTP PUT http://localhost:8761/eureka/apps/USER-MANAGEMENT/Dev-MToaima.TradeNET.COM:user-management:8888?status=UP&lastDirtyTimestamp=1744620663881
2025-04-14 10:54:03,999 DEBUG o.s.c.l.CompositeLog [DiscoveryClient-HeartbeatExecutor-0] Accept=[application/json, application/*+json]
2025-04-14 10:54:04,001 DEBUG o.s.c.l.CompositeLog [DiscoveryClient-CacheRefreshExecutor-0] Response 200 OK
2025-04-14 10:54:04,001 DEBUG o.s.c.l.CompositeLog [DiscoveryClient-CacheRefreshExecutor-0] Reading to [org.springframework.cloud.netflix.eureka.http.EurekaApplications]
2025-04-14 10:54:04,018 DEBUG o.s.c.l.CompositeLog [DiscoveryClient-HeartbeatExecutor-0] Response 200 OK
2025-04-14 10:54:34,005 DEBUG o.s.c.l.CompositeLog [DiscoveryClient-CacheRefreshExecutor-0] HTTP GET http://localhost:8761/eureka/apps/delta
2025-04-14 10:54:34,006 DEBUG o.s.c.l.CompositeLog [DiscoveryClient-CacheRefreshExecutor-0] Accept=[application/json, application/*+json]
2025-04-14 10:54:34,022 DEBUG o.s.c.l.CompositeLog [DiscoveryClient-HeartbeatExecutor-0] HTTP PUT http://localhost:8761/eureka/apps/USER-MANAGEMENT/Dev-MToaima.TradeNET.COM:user-management:8888?status=UP&lastDirtyTimestamp=1744620663881
2025-04-14 10:54:34,023 DEBUG o.s.c.l.CompositeLog [DiscoveryClient-HeartbeatExecutor-0] Accept=[application/json, application/*+json]
2025-04-14 10:54:34,026 DEBUG o.s.c.l.CompositeLog [DiscoveryClient-CacheRefreshExecutor-0] Response 200 OK
2025-04-14 10:54:34,026 DEBUG o.s.c.l.CompositeLog [DiscoveryClient-CacheRefreshExecutor-0] Reading to [org.springframework.cloud.netflix.eureka.http.EurekaApplications]
2025-04-14 10:54:34,039 DEBUG o.s.c.l.CompositeLog [DiscoveryClient-HeartbeatExecutor-0] Response 200 OK
2025-04-14 10:55:04,033 DEBUG o.s.c.l.CompositeLog [DiscoveryClient-CacheRefreshExecutor-0] HTTP GET http://localhost:8761/eureka/apps/delta
2025-04-14 10:55:04,033 DEBUG o.s.c.l.CompositeLog [DiscoveryClient-CacheRefreshExecutor-0] Accept=[application/json, application/*+json]
2025-04-14 10:55:04,042 DEBUG o.s.c.l.CompositeLog [DiscoveryClient-HeartbeatExecutor-0] HTTP PUT http://localhost:8761/eureka/apps/USER-MANAGEMENT/Dev-MToaima.TradeNET.COM:user-management:8888?status=UP&lastDirtyTimestamp=1744620663881
2025-04-14 10:55:04,042 DEBUG o.s.c.l.CompositeLog [DiscoveryClient-HeartbeatExecutor-0] Accept=[application/json, application/*+json]
2025-04-14 10:55:04,044 DEBUG o.s.c.l.CompositeLog [DiscoveryClient-CacheRefreshExecutor-0] Response 200 OK
2025-04-14 10:55:04,047 DEBUG o.s.c.l.CompositeLog [DiscoveryClient-CacheRefreshExecutor-0] Reading to [org.springframework.cloud.netflix.eureka.http.EurekaApplications]
2025-04-14 10:55:04,060 DEBUG o.s.c.l.CompositeLog [DiscoveryClient-HeartbeatExecutor-0] Response 200 OK
2025-04-14 10:55:34,052 DEBUG o.s.c.l.CompositeLog [DiscoveryClient-CacheRefreshExecutor-0] HTTP GET http://localhost:8761/eureka/apps/delta
2025-04-14 10:55:34,053 DEBUG o.s.c.l.CompositeLog [DiscoveryClient-CacheRefreshExecutor-0] Accept=[application/json, application/*+json]
2025-04-14 10:55:34,068 DEBUG o.s.c.l.CompositeLog [DiscoveryClient-HeartbeatExecutor-0] HTTP PUT http://localhost:8761/eureka/apps/USER-MANAGEMENT/Dev-MToaima.TradeNET.COM:user-management:8888?status=UP&lastDirtyTimestamp=1744620663881
2025-04-14 10:55:34,070 DEBUG o.s.c.l.CompositeLog [DiscoveryClient-HeartbeatExecutor-0] Accept=[application/json, application/*+json]
2025-04-14 10:55:34,072 DEBUG o.s.c.l.CompositeLog [DiscoveryClient-CacheRefreshExecutor-0] Response 200 OK
2025-04-14 10:55:34,073 DEBUG o.s.c.l.CompositeLog [DiscoveryClient-CacheRefreshExecutor-0] Reading to [org.springframework.cloud.netflix.eureka.http.EurekaApplications]
2025-04-14 10:55:34,087 DEBUG o.s.c.l.CompositeLog [DiscoveryClient-HeartbeatExecutor-0] Response 200 OK
2025-04-14 10:56:03,418 INFO c.n.d.s.r.a.ConfigClusterResolver [AsyncResolver-bootstrap-executor-0] Resolving eureka endpoints via configuration
2025-04-14 10:56:04,079 DEBUG o.s.c.l.CompositeLog [DiscoveryClient-CacheRefreshExecutor-0] HTTP GET http://localhost:8761/eureka/apps/delta
2025-04-14 10:56:04,079 DEBUG o.s.c.l.CompositeLog [DiscoveryClient-CacheRefreshExecutor-0] Accept=[application/json, application/*+json]
2025-04-14 10:56:04,092 DEBUG o.s.c.l.CompositeLog [DiscoveryClient-CacheRefreshExecutor-0] Response 200 OK
2025-04-14 10:56:04,092 DEBUG o.s.c.l.CompositeLog [DiscoveryClient-CacheRefreshExecutor-0] Reading to [org.springframework.cloud.netflix.eureka.http.EurekaApplications]
2025-04-14 10:56:04,095 DEBUG o.s.c.l.CompositeLog [DiscoveryClient-HeartbeatExecutor-0] HTTP PUT http://localhost:8761/eureka/apps/USER-MANAGEMENT/Dev-MToaima.TradeNET.COM:user-management:8888?status=UP&lastDirtyTimestamp=1744620663881
2025-04-14 10:56:04,096 DEBUG o.s.c.l.CompositeLog [DiscoveryClient-HeartbeatExecutor-0] Accept=[application/json, application/*+json]
2025-04-14 10:56:04,114 DEBUG o.s.c.l.CompositeLog [DiscoveryClient-HeartbeatExecutor-0] Response 200 OK
2025-04-14 10:56:34,100 DEBUG o.s.c.l.CompositeLog [DiscoveryClient-CacheRefreshExecutor-0] HTTP GET http://localhost:8761/eureka/apps/delta
2025-04-14 10:56:34,100 DEBUG o.s.c.l.CompositeLog [DiscoveryClient-CacheRefreshExecutor-0] Accept=[application/json, application/*+json]
2025-04-14 10:56:34,117 DEBUG o.s.c.l.CompositeLog [DiscoveryClient-HeartbeatExecutor-0] HTTP PUT http://localhost:8761/eureka/apps/USER-MANAGEMENT/Dev-MToaima.TradeNET.COM:user-management:8888?status=UP&lastDirtyTimestamp=1744620663881
2025-04-14 10:56:34,118 DEBUG o.s.c.l.CompositeLog [DiscoveryClient-HeartbeatExecutor-0] Accept=[application/json, application/*+json]
2025-04-14 10:56:34,118 DEBUG o.s.c.l.CompositeLog [DiscoveryClient-CacheRefreshExecutor-0] Response 200 OK
2025-04-14 10:56:34,118 DEBUG o.s.c.l.CompositeLog [DiscoveryClient-CacheRefreshExecutor-0] Reading to [org.springframework.cloud.netflix.eureka.http.EurekaApplications]
2025-04-14 10:56:34,127 DEBUG o.s.c.l.CompositeLog [DiscoveryClient-HeartbeatExecutor-0] Response 200 OK
2025-04-14 10:56:41,107 INFO o.a.j.l.DirectJDKLog [http-nio-8888-exec-1] Initializing Spring DispatcherServlet 'dispatcherServlet'
2025-04-14 10:56:41,107 INFO o.s.w.s.FrameworkServlet [http-nio-8888-exec-1] Initializing Servlet 'dispatcherServlet'
2025-04-14 10:56:41,107 DEBUG o.s.w.s.DispatcherServlet [http-nio-8888-exec-1] Detected StandardServletMultipartResolver
2025-04-14 10:56:41,107 DEBUG o.s.w.s.DispatcherServlet [http-nio-8888-exec-1] Detected AcceptHeaderLocaleResolver
2025-04-14 10:56:41,107 DEBUG o.s.w.s.DispatcherServlet [http-nio-8888-exec-1] Detected FixedThemeResolver
2025-04-14 10:56:41,107 DEBUG o.s.w.s.DispatcherServlet [http-nio-8888-exec-1] Detected org.springframework.web.servlet.view.DefaultRequestToViewNameTranslator@76334072
2025-04-14 10:56:41,107 DEBUG o.s.w.s.DispatcherServlet [http-nio-8888-exec-1] Detected org.springframework.web.servlet.support.SessionFlashMapManager@4b4125ad
2025-04-14 10:56:41,107 DEBUG o.s.w.s.FrameworkServlet [http-nio-8888-exec-1] enableLoggingRequestDetails='false': request parameters and headers will be masked to prevent unsafe logging of potentially sensitive data
2025-04-14 10:56:41,107 INFO o.s.w.s.FrameworkServlet [http-nio-8888-exec-1] Completed initialization in 0 ms
2025-04-14 10:56:41,186 ERROR o.a.j.l.DirectJDKLog [http-nio-8888-exec-1] Servlet.service() for servlet [dispatcherServlet] in context with path [] threw exception
io.jsonwebtoken.ExpiredJwtException: JWT expired at 2025-04-13T22:31:05Z. Current time: 2025-04-14T08:56:41Z, a difference of 37536185 milliseconds.  Allowed clock skew: 0 milliseconds.
	at io.jsonwebtoken.impl.DefaultJwtParser.parse(DefaultJwtParser.java:427)
	at io.jsonwebtoken.impl.DefaultJwtParser.parse(DefaultJwtParser.java:529)
	at io.jsonwebtoken.impl.DefaultJwtParser.parseClaimsJws(DefaultJwtParser.java:589)
	at com.user_organization_management.security.JwtUtil.extractUsername(JwtUtil.java:29)
	at com.user_organization_management.security.JwtRequestFilter.doFilterInternal(JwtRequestFilter.java:32)
	at org.springframework.web.filter.OncePerRequestFilter.doFilter(OncePerRequestFilter.java:116)
	at org.springframework.security.web.FilterChainProxy$VirtualFilterChain.doFilter(FilterChainProxy.java:374)
	at org.springframework.security.web.authentication.logout.LogoutFilter.doFilter(LogoutFilter.java:107)
	at org.springframework.security.web.authentication.logout.LogoutFilter.doFilter(LogoutFilter.java:93)
	at org.springframework.security.web.FilterChainProxy$VirtualFilterChain.doFilter(FilterChainProxy.java:374)
	at org.springframework.security.web.header.HeaderWriterFilter.doHeadersAfter(HeaderWriterFilter.java:90)
	at org.springframework.security.web.header.HeaderWriterFilter.doFilterInternal(HeaderWriterFilter.java:75)
	at org.springframework.web.filter.OncePerRequestFilter.doFilter(OncePerRequestFilter.java:116)
	at org.springframework.security.web.FilterChainProxy$VirtualFilterChain.doFilter(FilterChainProxy.java:374)
	at org.springframework.security.web.context.SecurityContextHolderFilter.doFilter(SecurityContextHolderFilter.java:82)
	at org.springframework.security.web.context.SecurityContextHolderFilter.doFilter(SecurityContextHolderFilter.java:69)
	at org.springframework.security.web.FilterChainProxy$VirtualFilterChain.doFilter(FilterChainProxy.java:374)
	at org.springframework.security.web.context.request.async.WebAsyncManagerIntegrationFilter.doFilterInternal(WebAsyncManagerIntegrationFilter.java:62)
	at org.springframework.web.filter.OncePerRequestFilter.doFilter(OncePerRequestFilter.java:116)
	at org.springframework.security.web.FilterChainProxy$VirtualFilterChain.doFilter(FilterChainProxy.java:374)
	at org.springframework.security.web.session.DisableEncodeUrlFilter.doFilterInternal(DisableEncodeUrlFilter.java:42)
	at org.springframework.web.filter.OncePerRequestFilter.doFilter(OncePerRequestFilter.java:116)
	at org.springframework.security.web.FilterChainProxy$VirtualFilterChain.doFilter(FilterChainProxy.java:374)
	at org.springframework.security.web.FilterChainProxy.doFilterInternal(FilterChainProxy.java:233)
	at org.springframework.security.web.FilterChainProxy.doFilter(FilterChainProxy.java:191)
	at org.springframework.web.filter.CompositeFilter$VirtualFilterChain.doFilter(CompositeFilter.java:113)
	at org.springframework.web.servlet.handler.HandlerMappingIntrospector.lambda$createCacheFilter$3(HandlerMappingIntrospector.java:195)
	at org.springframework.web.filter.CompositeFilter$VirtualFilterChain.doFilter(CompositeFilter.java:113)
	at org.springframework.web.filter.CompositeFilter.doFilter(CompositeFilter.java:74)
	at org.springframework.security.config.annotation.web.configuration.WebMvcSecurityConfiguration$CompositeFilterChainProxy.doFilter(WebMvcSecurityConfiguration.java:230)
	at org.springframework.web.filter.DelegatingFilterProxy.invokeDelegate(DelegatingFilterProxy.java:352)
	at org.springframework.web.filter.DelegatingFilterProxy.doFilter(DelegatingFilterProxy.java:268)
	at org.apache.catalina.core.ApplicationFilterChain.internalDoFilter(ApplicationFilterChain.java:174)
	at org.apache.catalina.core.ApplicationFilterChain.doFilter(ApplicationFilterChain.java:149)
	at org.springframework.web.filter.RequestContextFilter.doFilterInternal(RequestContextFilter.java:100)
	at org.springframework.web.filter.OncePerRequestFilter.doFilter(OncePerRequestFilter.java:116)
	at org.apache.catalina.core.ApplicationFilterChain.internalDoFilter(ApplicationFilterChain.java:174)
	at org.apache.catalina.core.ApplicationFilterChain.doFilter(ApplicationFilterChain.java:149)
	at org.springframework.web.filter.FormContentFilter.doFilterInternal(FormContentFilter.java:93)
	at org.springframework.web.filter.OncePerRequestFilter.doFilter(OncePerRequestFilter.java:116)
	at org.apache.catalina.core.ApplicationFilterChain.internalDoFilter(ApplicationFilterChain.java:174)
	at org.apache.catalina.core.ApplicationFilterChain.doFilter(ApplicationFilterChain.java:149)
	at org.springframework.web.filter.CharacterEncodingFilter.doFilterInternal(CharacterEncodingFilter.java:201)
	at org.springframework.web.filter.OncePerRequestFilter.doFilter(OncePerRequestFilter.java:116)
	at org.apache.catalina.core.ApplicationFilterChain.internalDoFilter(ApplicationFilterChain.java:174)
	at org.apache.catalina.core.ApplicationFilterChain.doFilter(ApplicationFilterChain.java:149)
	at org.apache.catalina.core.StandardWrapperValve.invoke(StandardWrapperValve.java:167)
	at org.apache.catalina.core.StandardContextValve.invoke(StandardContextValve.java:90)
	at org.apache.catalina.authenticator.AuthenticatorBase.invoke(AuthenticatorBase.java:482)
	at org.apache.catalina.core.StandardHostValve.invoke(StandardHostValve.java:115)
	at org.apache.catalina.valves.ErrorReportValve.invoke(ErrorReportValve.java:93)
	at org.apache.catalina.core.StandardEngineValve.invoke(StandardEngineValve.java:74)
	at org.apache.catalina.connector.CoyoteAdapter.service(CoyoteAdapter.java:344)
	at org.apache.coyote.http11.Http11Processor.service(Http11Processor.java:391)
	at org.apache.coyote.AbstractProcessorLight.process(AbstractProcessorLight.java:63)
	at org.apache.coyote.AbstractProtocol$ConnectionHandler.process(AbstractProtocol.java:896)
	at org.apache.tomcat.util.net.NioEndpoint$SocketProcessor.doRun(NioEndpoint.java:1744)
	at org.apache.tomcat.util.net.SocketProcessorBase.run(SocketProcessorBase.java:52)
	at org.apache.tomcat.util.threads.ThreadPoolExecutor.runWorker(ThreadPoolExecutor.java:1191)
	at org.apache.tomcat.util.threads.ThreadPoolExecutor$Worker.run(ThreadPoolExecutor.java:659)
	at org.apache.tomcat.util.threads.TaskThread$WrappingRunnable.run(TaskThread.java:63)
	at java.base/java.lang.Thread.run(Thread.java:842)
2025-04-14 10:56:41,320 WARN o.a.j.l.DirectJDKLog [http-nio-8888-exec-1] Creation of SecureRandom instance for session ID generation using [SHA1PRNG] took [112] milliseconds.
2025-04-14 10:57:01,803 DEBUG o.s.c.l.LogFormatUtils [http-nio-8888-exec-5] POST "/auth/login", parameters={}
2025-04-14 10:57:01,806 DEBUG o.s.w.s.h.AbstractHandlerMapping [http-nio-8888-exec-5] Mapped to com.user_organization_management.controller.AuthController#login(AuthRequest)
2025-04-14 10:57:01,823 DEBUG o.s.c.l.LogFormatUtils [http-nio-8888-exec-5] Read "application/json;charset=UTF-8" to [com.user_organization_management.model.AuthRequest@d804482]
2025-04-14 10:57:01,833 INFO c.u.a.LoggingAspect [http-nio-8888-exec-5] =================> Method Name is >> login 
2025-04-14 10:57:01,833 INFO c.u.a.LoggingAspect [http-nio-8888-exec-5] ====> argument >> com.user_organization_management.model.AuthRequest@d804482
2025-04-14 10:57:01,834 INFO c.u.a.LoggingAspect [http-nio-8888-exec-5] =================> Method Name is >> login 
2025-04-14 10:57:01,834 INFO c.u.a.LoggingAspect [http-nio-8888-exec-5] ====> argument >> com.user_organization_management.model.AuthRequest@d804482
2025-04-14 10:57:01,834 INFO c.u.a.LoggingAspect [http-nio-8888-exec-5] =================> Method Name is >> disableLogin 
2025-04-14 10:57:01,835 INFO c.u.a.LoggingAspect [http-nio-8888-exec-5] ====> argument >> testAdmin@gmail.com
2025-04-14 10:57:01,837 INFO c.u.a.LoggingAspect [http-nio-8888-exec-5] =================> Method Name is >> findByEmail 
2025-04-14 10:57:01,837 INFO c.u.a.LoggingAspect [http-nio-8888-exec-5] ====> argument >> testAdmin@gmail.com
2025-04-14 10:57:01,929 DEBUG o.h.e.j.s.SqlStatementLogger [http-nio-8888-exec-5] 
    select
        ue1_0.id,
        ue1_0.created_by,
        ue1_0.created_date,
        ue1_0.email,
        ue1_0.failed_count,
        ue1_0.last_modified_by,
        ue1_0.last_modified_date,
        ue1_0.locked,
        ue1_0.mobile,
        ue1_0.name,
        ue1_0.organization_id,
        ue1_0.password,
        ue1_0.role_id 
    from
        users ue1_0 
    where
        ue1_0.email=?
2025-04-14 10:57:01,953 DEBUG o.h.e.j.s.SqlStatementLogger [http-nio-8888-exec-5] 
    select
        oe1_0.id,
        oe1_0.created_by,
        oe1_0.created_date,
        oe1_0.last_modified_by,
        oe1_0.last_modified_date,
        oe1_0.name 
    from
        organizations oe1_0 
    where
        oe1_0.id=?
2025-04-14 10:57:01,973 DEBUG o.h.e.j.s.SqlStatementLogger [http-nio-8888-exec-5] 
    select
        re1_0.id,
        re1_0.created_by,
        re1_0.created_date,
        re1_0.last_modified_by,
        re1_0.last_modified_date,
        re1_0.name 
    from
        roles re1_0 
    where
        re1_0.id=?
2025-04-14 10:57:01,978 INFO c.u.a.MeasurementAspect [http-nio-8888-exec-5] KPI[method-execution]	for: void com.user_organization_management.service.UserService.disableLogin(String)	withArgs: [testAdmin@gmail.com]	took: 143 ms. 
2025-04-14 10:57:02,055 INFO c.u.a.LoggingAspect [http-nio-8888-exec-5] =================> Method Name is >> getUserByEmail 
2025-04-14 10:57:02,055 INFO c.u.a.LoggingAspect [http-nio-8888-exec-5] ====> argument >> testAdmin@gmail.com
2025-04-14 10:57:02,056 INFO c.u.a.LoggingAspect [http-nio-8888-exec-5] =================> Method Name is >> findByEmail 
2025-04-14 10:57:02,056 INFO c.u.a.LoggingAspect [http-nio-8888-exec-5] ====> argument >> testAdmin@gmail.com
2025-04-14 10:57:02,058 DEBUG o.h.e.j.s.SqlStatementLogger [http-nio-8888-exec-5] 
    select
        ue1_0.id,
        ue1_0.created_by,
        ue1_0.created_date,
        ue1_0.email,
        ue1_0.failed_count,
        ue1_0.last_modified_by,
        ue1_0.last_modified_date,
        ue1_0.locked,
        ue1_0.mobile,
        ue1_0.name,
        ue1_0.organization_id,
        ue1_0.password,
        ue1_0.role_id 
    from
        users ue1_0 
    where
        ue1_0.email=?
2025-04-14 10:57:02,062 INFO c.u.a.MeasurementAspect [http-nio-8888-exec-5] KPI[method-execution]	for: UserDTO com.user_organization_management.service.UserService.getUserByEmail(String)	withArgs: [testAdmin@gmail.com]	took: 6 ms. 
2025-04-14 10:57:02,063 INFO c.u.s.CustomUserDetailsService [http-nio-8888-exec-5] User testAdmin@gmail.com has role ROLE_ADMIN
2025-04-14 10:57:02,138 INFO c.u.a.LoggingAspect [http-nio-8888-exec-5] =================> Method Name is >> resetFailedLoginAttempts 
2025-04-14 10:57:02,138 INFO c.u.a.LoggingAspect [http-nio-8888-exec-5] ====> argument >> testAdmin@gmail.com
2025-04-14 10:57:02,138 INFO c.u.a.LoggingAspect [http-nio-8888-exec-5] =================> Method Name is >> findByEmail 
2025-04-14 10:57:02,138 INFO c.u.a.LoggingAspect [http-nio-8888-exec-5] ====> argument >> testAdmin@gmail.com
2025-04-14 10:57:02,138 DEBUG o.h.e.j.s.SqlStatementLogger [http-nio-8888-exec-5] 
    select
        ue1_0.id,
        ue1_0.created_by,
        ue1_0.created_date,
        ue1_0.email,
        ue1_0.failed_count,
        ue1_0.last_modified_by,
        ue1_0.last_modified_date,
        ue1_0.locked,
        ue1_0.mobile,
        ue1_0.name,
        ue1_0.organization_id,
        ue1_0.password,
        ue1_0.role_id 
    from
        users ue1_0 
    where
        ue1_0.email=?
2025-04-14 10:57:02,144 INFO c.u.a.MeasurementAspect [http-nio-8888-exec-5] KPI[method-execution]	for: void com.user_organization_management.service.UserService.resetFailedLoginAttempts(String)	withArgs: [testAdmin@gmail.com]	took: 6 ms. 
2025-04-14 10:57:02,144 INFO c.u.a.LoggingAspect [http-nio-8888-exec-5] =================> Method Name is >> getUserByEmail 
2025-04-14 10:57:02,144 INFO c.u.a.LoggingAspect [http-nio-8888-exec-5] ====> argument >> testAdmin@gmail.com
2025-04-14 10:57:02,144 INFO c.u.a.LoggingAspect [http-nio-8888-exec-5] =================> Method Name is >> findByEmail 
2025-04-14 10:57:02,144 INFO c.u.a.LoggingAspect [http-nio-8888-exec-5] ====> argument >> testAdmin@gmail.com
2025-04-14 10:57:02,145 DEBUG o.h.e.j.s.SqlStatementLogger [http-nio-8888-exec-5] 
    select
        ue1_0.id,
        ue1_0.created_by,
        ue1_0.created_date,
        ue1_0.email,
        ue1_0.failed_count,
        ue1_0.last_modified_by,
        ue1_0.last_modified_date,
        ue1_0.locked,
        ue1_0.mobile,
        ue1_0.name,
        ue1_0.organization_id,
        ue1_0.password,
        ue1_0.role_id 
    from
        users ue1_0 
    where
        ue1_0.email=?
2025-04-14 10:57:02,147 INFO c.u.a.MeasurementAspect [http-nio-8888-exec-5] KPI[method-execution]	for: UserDTO com.user_organization_management.service.UserService.getUserByEmail(String)	withArgs: [testAdmin@gmail.com]	took: 3 ms. 
2025-04-14 10:57:02,147 INFO c.u.s.CustomUserDetailsService [http-nio-8888-exec-5] User testAdmin@gmail.com has role ROLE_ADMIN
2025-04-14 10:57:02,156 INFO c.u.a.MeasurementAspect [http-nio-8888-exec-5] KPI[method-execution]	for: Map com.user_organization_management.service.AuthService.login(AuthRequest)	withArgs: [com.user_organization_management.model.AuthRequest@d804482]	took: 322 ms. 
2025-04-14 10:57:02,162 DEBUG o.s.w.s.m.m.a.AbstractMessageConverterMethodProcessor [http-nio-8888-exec-5] Using 'application/json', given [*/*] and supported [application/json, application/*+json]
2025-04-14 10:57:02,163 DEBUG o.s.c.l.LogFormatUtils [http-nio-8888-exec-5] Writing [{token=eyJhbGciOiJIUzI1NiJ9.eyJzdWIiOiJ0ZXN0QWRtaW5AZ21haWwuY29tIiwiaWF0IjoxNzQ0NjIxMDIyLCJleHAiOjE3 (truncated)...]
2025-04-14 10:57:02,167 DEBUG o.s.w.s.FrameworkServlet [http-nio-8888-exec-5] Completed 200 OK
2025-04-14 10:57:04,126 DEBUG o.s.c.l.CompositeLog [DiscoveryClient-CacheRefreshExecutor-0] HTTP GET http://localhost:8761/eureka/apps/delta
2025-04-14 10:57:04,127 DEBUG o.s.c.l.CompositeLog [DiscoveryClient-CacheRefreshExecutor-0] Accept=[application/json, application/*+json]
2025-04-14 10:57:04,142 DEBUG o.s.c.l.CompositeLog [DiscoveryClient-HeartbeatExecutor-0] HTTP PUT http://localhost:8761/eureka/apps/USER-MANAGEMENT/Dev-MToaima.TradeNET.COM:user-management:8888?status=UP&lastDirtyTimestamp=1744620663881
2025-04-14 10:57:04,143 DEBUG o.s.c.l.CompositeLog [DiscoveryClient-HeartbeatExecutor-0] Accept=[application/json, application/*+json]
2025-04-14 10:57:04,146 DEBUG o.s.c.l.CompositeLog [DiscoveryClient-CacheRefreshExecutor-0] Response 200 OK
2025-04-14 10:57:04,146 DEBUG o.s.c.l.CompositeLog [DiscoveryClient-CacheRefreshExecutor-0] Reading to [org.springframework.cloud.netflix.eureka.http.EurekaApplications]
2025-04-14 10:57:04,160 DEBUG o.s.c.l.CompositeLog [DiscoveryClient-HeartbeatExecutor-0] Response 200 OK
2025-04-14 10:57:20,964 INFO c.u.a.LoggingAspect [http-nio-8888-exec-6] =================> Method Name is >> getUserByEmail 
2025-04-14 10:57:20,964 INFO c.u.a.LoggingAspect [http-nio-8888-exec-6] ====> argument >> testAdmin@gmail.com
2025-04-14 10:57:20,964 INFO c.u.a.LoggingAspect [http-nio-8888-exec-6] =================> Method Name is >> findByEmail 
2025-04-14 10:57:20,964 INFO c.u.a.LoggingAspect [http-nio-8888-exec-6] ====> argument >> testAdmin@gmail.com
2025-04-14 10:57:21,000 DEBUG o.h.e.j.s.SqlStatementLogger [http-nio-8888-exec-6] 
    select
        ue1_0.id,
        ue1_0.created_by,
        ue1_0.created_date,
        ue1_0.email,
        ue1_0.failed_count,
        ue1_0.last_modified_by,
        ue1_0.last_modified_date,
        ue1_0.locked,
        ue1_0.mobile,
        ue1_0.name,
        ue1_0.organization_id,
        ue1_0.password,
        ue1_0.role_id 
    from
        users ue1_0 
    where
        ue1_0.email=?
2025-04-14 10:57:21,005 DEBUG o.h.e.j.s.SqlStatementLogger [http-nio-8888-exec-6] 
    select
        oe1_0.id,
        oe1_0.created_by,
        oe1_0.created_date,
        oe1_0.last_modified_by,
        oe1_0.last_modified_date,
        oe1_0.name 
    from
        organizations oe1_0 
    where
        oe1_0.id=?
2025-04-14 10:57:21,010 DEBUG o.h.e.j.s.SqlStatementLogger [http-nio-8888-exec-6] 
    select
        re1_0.id,
        re1_0.created_by,
        re1_0.created_date,
        re1_0.last_modified_by,
        re1_0.last_modified_date,
        re1_0.name 
    from
        roles re1_0 
    where
        re1_0.id=?
2025-04-14 10:57:21,013 INFO c.u.a.MeasurementAspect [http-nio-8888-exec-6] KPI[method-execution]	for: UserDTO com.user_organization_management.service.UserService.getUserByEmail(String)	withArgs: [testAdmin@gmail.com]	took: 49 ms. 
2025-04-14 10:57:21,013 INFO c.u.s.CustomUserDetailsService [http-nio-8888-exec-6] User testAdmin@gmail.com has role ROLE_ADMIN
2025-04-14 10:57:21,016 DEBUG o.s.c.l.LogFormatUtils [http-nio-8888-exec-6] POST "/organizations/create", parameters={}
2025-04-14 10:57:21,016 DEBUG o.s.w.s.h.AbstractHandlerMapping [http-nio-8888-exec-6] Mapped to com.user_organization_management.controller.OrganizationController#createOrganization(OrganizationDTO)
2025-04-14 10:57:21,024 DEBUG o.s.c.l.LogFormatUtils [http-nio-8888-exec-6] Read "application/json;charset=UTF-8" to [com.user_organization_management.dto.OrganizationDTO@3d2ae2af]
2025-04-14 10:57:21,043 INFO c.u.a.LoggingAspect [http-nio-8888-exec-6] =================> Method Name is >> createOrganization 
2025-04-14 10:57:21,044 INFO c.u.a.LoggingAspect [http-nio-8888-exec-6] ====> argument >> com.user_organization_management.dto.OrganizationDTO@3d2ae2af
2025-04-14 10:57:21,044 INFO c.u.a.LoggingAspect [http-nio-8888-exec-6] =================> Method Name is >> create 
2025-04-14 10:57:21,045 INFO c.u.a.LoggingAspect [http-nio-8888-exec-6] ====> argument >> com.user_organization_management.dto.OrganizationDTO@3d2ae2af
2025-04-14 10:57:21,045 INFO c.u.s.OrganizationService [http-nio-8888-exec-6] Creating organization with name: { %s }
2025-04-14 10:57:21,045 INFO c.u.a.LoggingAspect [http-nio-8888-exec-6] =================> Method Name is >> existsByName 
2025-04-14 10:57:21,045 INFO c.u.a.LoggingAspect [http-nio-8888-exec-6] ====> argument >> testttt
2025-04-14 10:57:21,058 DEBUG o.h.e.j.s.SqlStatementLogger [http-nio-8888-exec-6] 
    select
        oe1_0.id 
    from
        organizations oe1_0 
    where
        oe1_0.name=? 
    limit
        ?
2025-04-14 10:57:21,074 WARN c.u.s.OrganizationService [http-nio-8888-exec-6] Organization name '{ %s }' already exists.
2025-04-14 10:57:21,076 DEBUG o.s.w.s.m.m.a.ExceptionHandlerExceptionResolver [http-nio-8888-exec-6] Using @ExceptionHandler com.user_organization_management.exception.GlobalExceptionHandler#handleIllegalArgument(DuplicateRecordException)
2025-04-14 10:57:21,077 WARN c.u.e.ErrorResponseUtil [http-nio-8888-exec-6] DuplicateRecordException: Organization name already exists
2025-04-14 10:57:21,079 DEBUG o.s.w.s.m.m.a.AbstractMessageConverterMethodProcessor [http-nio-8888-exec-6] Using 'application/json', given [*/*] and supported [application/json, application/*+json]
2025-04-14 10:57:21,079 DEBUG o.s.c.l.LogFormatUtils [http-nio-8888-exec-6] Writing [com.user_organization_management.model.CustomErrorResponse@2a2b960e]
2025-04-14 10:57:21,080 WARN o.s.w.s.h.AbstractHandlerExceptionResolver [http-nio-8888-exec-6] Resolved [com.user_organization_management.exception.DuplicateRecordException: Organization name already exists]
2025-04-14 10:57:21,081 DEBUG o.s.w.s.FrameworkServlet [http-nio-8888-exec-6] Completed 409 CONFLICT
2025-04-14 10:57:34,149 DEBUG o.s.c.l.CompositeLog [DiscoveryClient-CacheRefreshExecutor-0] HTTP GET http://localhost:8761/eureka/apps/delta
2025-04-14 10:57:34,149 DEBUG o.s.c.l.CompositeLog [DiscoveryClient-CacheRefreshExecutor-0] Accept=[application/json, application/*+json]
2025-04-14 10:57:34,165 DEBUG o.s.c.l.CompositeLog [DiscoveryClient-HeartbeatExecutor-0] HTTP PUT http://localhost:8761/eureka/apps/USER-MANAGEMENT/Dev-MToaima.TradeNET.COM:user-management:8888?status=UP&lastDirtyTimestamp=1744620663881
2025-04-14 10:57:34,166 DEBUG o.s.c.l.CompositeLog [DiscoveryClient-HeartbeatExecutor-0] Accept=[application/json, application/*+json]
2025-04-14 10:57:34,168 DEBUG o.s.c.l.CompositeLog [DiscoveryClient-CacheRefreshExecutor-0] Response 200 OK
2025-04-14 10:57:34,168 DEBUG o.s.c.l.CompositeLog [DiscoveryClient-CacheRefreshExecutor-0] Reading to [org.springframework.cloud.netflix.eureka.http.EurekaApplications]
2025-04-14 10:57:34,183 DEBUG o.s.c.l.CompositeLog [DiscoveryClient-HeartbeatExecutor-0] Response 200 OK
2025-04-14 10:58:04,183 DEBUG o.s.c.l.CompositeLog [DiscoveryClient-CacheRefreshExecutor-0] HTTP GET http://localhost:8761/eureka/apps/delta
2025-04-14 10:58:04,184 DEBUG o.s.c.l.CompositeLog [DiscoveryClient-CacheRefreshExecutor-0] Accept=[application/json, application/*+json]
2025-04-14 10:58:04,199 DEBUG o.s.c.l.CompositeLog [DiscoveryClient-HeartbeatExecutor-0] HTTP PUT http://localhost:8761/eureka/apps/USER-MANAGEMENT/Dev-MToaima.TradeNET.COM:user-management:8888?status=UP&lastDirtyTimestamp=1744620663881
2025-04-14 10:58:04,200 DEBUG o.s.c.l.CompositeLog [DiscoveryClient-HeartbeatExecutor-0] Accept=[application/json, application/*+json]
2025-04-14 10:58:04,202 DEBUG o.s.c.l.CompositeLog [DiscoveryClient-CacheRefreshExecutor-0] Response 200 OK
2025-04-14 10:58:04,202 DEBUG o.s.c.l.CompositeLog [DiscoveryClient-CacheRefreshExecutor-0] Reading to [org.springframework.cloud.netflix.eureka.http.EurekaApplications]
2025-04-14 10:58:04,217 DEBUG o.s.c.l.CompositeLog [DiscoveryClient-HeartbeatExecutor-0] Response 200 OK
2025-04-14 10:58:34,204 DEBUG o.s.c.l.CompositeLog [DiscoveryClient-CacheRefreshExecutor-0] HTTP GET http://localhost:8761/eureka/apps/delta
2025-04-14 10:58:34,204 DEBUG o.s.c.l.CompositeLog [DiscoveryClient-CacheRefreshExecutor-0] Accept=[application/json, application/*+json]
2025-04-14 10:58:34,220 DEBUG o.s.c.l.CompositeLog [DiscoveryClient-HeartbeatExecutor-0] HTTP PUT http://localhost:8761/eureka/apps/USER-MANAGEMENT/Dev-MToaima.TradeNET.COM:user-management:8888?status=UP&lastDirtyTimestamp=1744620663881
2025-04-14 10:58:34,220 DEBUG o.s.c.l.CompositeLog [DiscoveryClient-HeartbeatExecutor-0] Accept=[application/json, application/*+json]
2025-04-14 10:58:34,223 DEBUG o.s.c.l.CompositeLog [DiscoveryClient-CacheRefreshExecutor-0] Response 200 OK
2025-04-14 10:58:34,223 DEBUG o.s.c.l.CompositeLog [DiscoveryClient-CacheRefreshExecutor-0] Reading to [org.springframework.cloud.netflix.eureka.http.EurekaApplications]
2025-04-14 10:58:34,239 DEBUG o.s.c.l.CompositeLog [DiscoveryClient-HeartbeatExecutor-0] Response 200 OK
2025-04-14 10:59:04,225 DEBUG o.s.c.l.CompositeLog [DiscoveryClient-CacheRefreshExecutor-0] HTTP GET http://localhost:8761/eureka/apps/delta
2025-04-14 10:59:04,226 DEBUG o.s.c.l.CompositeLog [DiscoveryClient-CacheRefreshExecutor-0] Accept=[application/json, application/*+json]
2025-04-14 10:59:04,241 DEBUG o.s.c.l.CompositeLog [DiscoveryClient-HeartbeatExecutor-0] HTTP PUT http://localhost:8761/eureka/apps/USER-MANAGEMENT/Dev-MToaima.TradeNET.COM:user-management:8888?status=UP&lastDirtyTimestamp=1744620663881
2025-04-14 10:59:04,242 DEBUG o.s.c.l.CompositeLog [DiscoveryClient-HeartbeatExecutor-0] Accept=[application/json, application/*+json]
2025-04-14 10:59:04,244 DEBUG o.s.c.l.CompositeLog [DiscoveryClient-CacheRefreshExecutor-0] Response 200 OK
2025-04-14 10:59:04,244 DEBUG o.s.c.l.CompositeLog [DiscoveryClient-CacheRefreshExecutor-0] Reading to [org.springframework.cloud.netflix.eureka.http.EurekaApplications]
2025-04-14 10:59:04,260 DEBUG o.s.c.l.CompositeLog [DiscoveryClient-HeartbeatExecutor-0] Response 200 OK
2025-04-14 10:59:34,250 DEBUG o.s.c.l.CompositeLog [DiscoveryClient-CacheRefreshExecutor-0] HTTP GET http://localhost:8761/eureka/apps/delta
2025-04-14 10:59:34,251 DEBUG o.s.c.l.CompositeLog [DiscoveryClient-CacheRefreshExecutor-0] Accept=[application/json, application/*+json]
2025-04-14 10:59:34,266 DEBUG o.s.c.l.CompositeLog [DiscoveryClient-HeartbeatExecutor-0] HTTP PUT http://localhost:8761/eureka/apps/USER-MANAGEMENT/Dev-MToaima.TradeNET.COM:user-management:8888?status=UP&lastDirtyTimestamp=1744620663881
2025-04-14 10:59:34,266 DEBUG o.s.c.l.CompositeLog [DiscoveryClient-HeartbeatExecutor-0] Accept=[application/json, application/*+json]
2025-04-14 10:59:34,269 DEBUG o.s.c.l.CompositeLog [DiscoveryClient-CacheRefreshExecutor-0] Response 200 OK
2025-04-14 10:59:34,269 DEBUG o.s.c.l.CompositeLog [DiscoveryClient-CacheRefreshExecutor-0] Reading to [org.springframework.cloud.netflix.eureka.http.EurekaApplications]
2025-04-14 10:59:34,285 DEBUG o.s.c.l.CompositeLog [DiscoveryClient-HeartbeatExecutor-0] Response 200 OK
2025-04-14 11:00:04,284 DEBUG o.s.c.l.CompositeLog [DiscoveryClient-CacheRefreshExecutor-0] HTTP GET http://localhost:8761/eureka/apps/delta
2025-04-14 11:00:04,284 DEBUG o.s.c.l.CompositeLog [DiscoveryClient-CacheRefreshExecutor-0] Accept=[application/json, application/*+json]
2025-04-14 11:00:04,299 DEBUG o.s.c.l.CompositeLog [DiscoveryClient-HeartbeatExecutor-0] HTTP PUT http://localhost:8761/eureka/apps/USER-MANAGEMENT/Dev-MToaima.TradeNET.COM:user-management:8888?status=UP&lastDirtyTimestamp=1744620663881
2025-04-14 11:00:04,302 DEBUG o.s.c.l.CompositeLog [DiscoveryClient-HeartbeatExecutor-0] Accept=[application/json, application/*+json]
2025-04-14 11:00:04,305 DEBUG o.s.c.l.CompositeLog [DiscoveryClient-CacheRefreshExecutor-0] Response 200 OK
2025-04-14 11:00:04,306 DEBUG o.s.c.l.CompositeLog [DiscoveryClient-CacheRefreshExecutor-0] Reading to [org.springframework.cloud.netflix.eureka.http.EurekaApplications]
2025-04-14 11:00:04,319 DEBUG o.s.c.l.CompositeLog [DiscoveryClient-HeartbeatExecutor-0] Response 200 OK
2025-04-14 11:00:34,312 DEBUG o.s.c.l.CompositeLog [DiscoveryClient-CacheRefreshExecutor-0] HTTP GET http://localhost:8761/eureka/apps/delta
2025-04-14 11:00:34,313 DEBUG o.s.c.l.CompositeLog [DiscoveryClient-CacheRefreshExecutor-0] Accept=[application/json, application/*+json]
2025-04-14 11:00:34,329 DEBUG o.s.c.l.CompositeLog [DiscoveryClient-HeartbeatExecutor-0] HTTP PUT http://localhost:8761/eureka/apps/USER-MANAGEMENT/Dev-MToaima.TradeNET.COM:user-management:8888?status=UP&lastDirtyTimestamp=1744620663881
2025-04-14 11:00:34,330 DEBUG o.s.c.l.CompositeLog [DiscoveryClient-HeartbeatExecutor-0] Accept=[application/json, application/*+json]
2025-04-14 11:00:34,334 DEBUG o.s.c.l.CompositeLog [DiscoveryClient-CacheRefreshExecutor-0] Response 200 OK
2025-04-14 11:00:34,334 DEBUG o.s.c.l.CompositeLog [DiscoveryClient-CacheRefreshExecutor-0] Reading to [org.springframework.cloud.netflix.eureka.http.EurekaApplications]
2025-04-14 11:00:34,350 DEBUG o.s.c.l.CompositeLog [DiscoveryClient-HeartbeatExecutor-0] Response 200 OK
2025-04-14 11:01:03,423 INFO c.n.d.s.r.a.ConfigClusterResolver [AsyncResolver-bootstrap-executor-0] Resolving eureka endpoints via configuration
2025-04-14 11:01:04,343 DEBUG o.s.c.l.CompositeLog [DiscoveryClient-CacheRefreshExecutor-0] HTTP GET http://localhost:8761/eureka/apps/delta
2025-04-14 11:01:04,343 DEBUG o.s.c.l.CompositeLog [DiscoveryClient-CacheRefreshExecutor-0] Accept=[application/json, application/*+json]
2025-04-14 11:01:04,359 DEBUG o.s.c.l.CompositeLog [DiscoveryClient-HeartbeatExecutor-0] HTTP PUT http://localhost:8761/eureka/apps/USER-MANAGEMENT/Dev-MToaima.TradeNET.COM:user-management:8888?status=UP&lastDirtyTimestamp=1744620663881
2025-04-14 11:01:04,360 DEBUG o.s.c.l.CompositeLog [DiscoveryClient-HeartbeatExecutor-0] Accept=[application/json, application/*+json]
2025-04-14 11:01:04,363 DEBUG o.s.c.l.CompositeLog [DiscoveryClient-CacheRefreshExecutor-0] Response 200 OK
2025-04-14 11:01:04,364 DEBUG o.s.c.l.CompositeLog [DiscoveryClient-CacheRefreshExecutor-0] Reading to [org.springframework.cloud.netflix.eureka.http.EurekaApplications]
2025-04-14 11:01:04,378 DEBUG o.s.c.l.CompositeLog [DiscoveryClient-HeartbeatExecutor-0] Response 200 OK
2025-04-14 11:01:34,366 DEBUG o.s.c.l.CompositeLog [DiscoveryClient-CacheRefreshExecutor-0] HTTP GET http://localhost:8761/eureka/apps/delta
2025-04-14 11:01:34,367 DEBUG o.s.c.l.CompositeLog [DiscoveryClient-CacheRefreshExecutor-0] Accept=[application/json, application/*+json]
2025-04-14 11:01:34,382 DEBUG o.s.c.l.CompositeLog [DiscoveryClient-HeartbeatExecutor-0] HTTP PUT http://localhost:8761/eureka/apps/USER-MANAGEMENT/Dev-MToaima.TradeNET.COM:user-management:8888?status=UP&lastDirtyTimestamp=1744620663881
2025-04-14 11:01:34,383 DEBUG o.s.c.l.CompositeLog [DiscoveryClient-HeartbeatExecutor-0] Accept=[application/json, application/*+json]
2025-04-14 11:01:34,385 DEBUG o.s.c.l.CompositeLog [DiscoveryClient-CacheRefreshExecutor-0] Response 200 OK
2025-04-14 11:01:34,385 DEBUG o.s.c.l.CompositeLog [DiscoveryClient-CacheRefreshExecutor-0] Reading to [org.springframework.cloud.netflix.eureka.http.EurekaApplications]
2025-04-14 11:01:34,401 DEBUG o.s.c.l.CompositeLog [DiscoveryClient-HeartbeatExecutor-0] Response 200 OK
2025-04-14 11:02:04,401 DEBUG o.s.c.l.CompositeLog [DiscoveryClient-CacheRefreshExecutor-0] HTTP GET http://localhost:8761/eureka/apps/delta
2025-04-14 11:02:04,402 DEBUG o.s.c.l.CompositeLog [DiscoveryClient-CacheRefreshExecutor-0] Accept=[application/json, application/*+json]
2025-04-14 11:02:04,421 DEBUG o.s.c.l.CompositeLog [DiscoveryClient-CacheRefreshExecutor-0] Response 200 OK
2025-04-14 11:02:04,421 DEBUG o.s.c.l.CompositeLog [DiscoveryClient-CacheRefreshExecutor-0] Reading to [org.springframework.cloud.netflix.eureka.http.EurekaApplications]
2025-04-14 11:02:04,424 DEBUG o.s.c.l.CompositeLog [DiscoveryClient-HeartbeatExecutor-0] HTTP PUT http://localhost:8761/eureka/apps/USER-MANAGEMENT/Dev-MToaima.TradeNET.COM:user-management:8888?status=UP&lastDirtyTimestamp=1744620663881
2025-04-14 11:02:04,435 DEBUG o.s.c.l.CompositeLog [DiscoveryClient-HeartbeatExecutor-0] Accept=[application/json, application/*+json]
2025-04-14 11:02:04,440 DEBUG o.s.c.l.CompositeLog [DiscoveryClient-HeartbeatExecutor-0] Response 200 OK
2025-04-14 11:02:34,434 DEBUG o.s.c.l.CompositeLog [DiscoveryClient-CacheRefreshExecutor-0] HTTP GET http://localhost:8761/eureka/apps/delta
2025-04-14 11:02:34,435 DEBUG o.s.c.l.CompositeLog [DiscoveryClient-CacheRefreshExecutor-0] Accept=[application/json, application/*+json]
2025-04-14 11:02:34,450 DEBUG o.s.c.l.CompositeLog [DiscoveryClient-HeartbeatExecutor-0] HTTP PUT http://localhost:8761/eureka/apps/USER-MANAGEMENT/Dev-MToaima.TradeNET.COM:user-management:8888?status=UP&lastDirtyTimestamp=1744620663881
2025-04-14 11:02:34,451 DEBUG o.s.c.l.CompositeLog [DiscoveryClient-HeartbeatExecutor-0] Accept=[application/json, application/*+json]
2025-04-14 11:02:34,453 DEBUG o.s.c.l.CompositeLog [DiscoveryClient-CacheRefreshExecutor-0] Response 200 OK
2025-04-14 11:02:34,453 DEBUG o.s.c.l.CompositeLog [DiscoveryClient-CacheRefreshExecutor-0] Reading to [org.springframework.cloud.netflix.eureka.http.EurekaApplications]
2025-04-14 11:02:34,468 DEBUG o.s.c.l.CompositeLog [DiscoveryClient-HeartbeatExecutor-0] Response 200 OK
2025-04-14 11:03:04,458 DEBUG o.s.c.l.CompositeLog [DiscoveryClient-CacheRefreshExecutor-0] HTTP GET http://localhost:8761/eureka/apps/delta
2025-04-14 11:03:04,459 DEBUG o.s.c.l.CompositeLog [DiscoveryClient-CacheRefreshExecutor-0] Accept=[application/json, application/*+json]
2025-04-14 11:03:04,474 DEBUG o.s.c.l.CompositeLog [DiscoveryClient-HeartbeatExecutor-0] HTTP PUT http://localhost:8761/eureka/apps/USER-MANAGEMENT/Dev-MToaima.TradeNET.COM:user-management:8888?status=UP&lastDirtyTimestamp=1744620663881
2025-04-14 11:03:04,475 DEBUG o.s.c.l.CompositeLog [DiscoveryClient-HeartbeatExecutor-0] Accept=[application/json, application/*+json]
2025-04-14 11:03:04,477 DEBUG o.s.c.l.CompositeLog [DiscoveryClient-CacheRefreshExecutor-0] Response 200 OK
2025-04-14 11:03:04,477 DEBUG o.s.c.l.CompositeLog [DiscoveryClient-CacheRefreshExecutor-0] Reading to [org.springframework.cloud.netflix.eureka.http.EurekaApplications]
2025-04-14 11:03:04,491 DEBUG o.s.c.l.CompositeLog [DiscoveryClient-HeartbeatExecutor-0] Response 200 OK
2025-04-14 11:03:34,486 DEBUG o.s.c.l.CompositeLog [DiscoveryClient-CacheRefreshExecutor-0] HTTP GET http://localhost:8761/eureka/apps/delta
2025-04-14 11:03:34,486 DEBUG o.s.c.l.CompositeLog [DiscoveryClient-CacheRefreshExecutor-0] Accept=[application/json, application/*+json]
2025-04-14 11:03:34,501 DEBUG o.s.c.l.CompositeLog [DiscoveryClient-HeartbeatExecutor-0] HTTP PUT http://localhost:8761/eureka/apps/USER-MANAGEMENT/Dev-MToaima.TradeNET.COM:user-management:8888?status=UP&lastDirtyTimestamp=1744620663881
2025-04-14 11:03:34,501 DEBUG o.s.c.l.CompositeLog [DiscoveryClient-HeartbeatExecutor-0] Accept=[application/json, application/*+json]
2025-04-14 11:03:34,503 DEBUG o.s.c.l.CompositeLog [DiscoveryClient-CacheRefreshExecutor-0] Response 200 OK
2025-04-14 11:03:34,504 DEBUG o.s.c.l.CompositeLog [DiscoveryClient-CacheRefreshExecutor-0] Reading to [org.springframework.cloud.netflix.eureka.http.EurekaApplications]
2025-04-14 11:03:34,519 DEBUG o.s.c.l.CompositeLog [DiscoveryClient-HeartbeatExecutor-0] Response 200 OK
2025-04-14 11:04:04,517 DEBUG o.s.c.l.CompositeLog [DiscoveryClient-CacheRefreshExecutor-0] HTTP GET http://localhost:8761/eureka/apps/delta
2025-04-14 11:04:04,517 DEBUG o.s.c.l.CompositeLog [DiscoveryClient-CacheRefreshExecutor-0] Accept=[application/json, application/*+json]
2025-04-14 11:04:04,532 DEBUG o.s.c.l.CompositeLog [DiscoveryClient-HeartbeatExecutor-0] HTTP PUT http://localhost:8761/eureka/apps/USER-MANAGEMENT/Dev-MToaima.TradeNET.COM:user-management:8888?status=UP&lastDirtyTimestamp=1744620663881
2025-04-14 11:04:04,532 DEBUG o.s.c.l.CompositeLog [DiscoveryClient-HeartbeatExecutor-0] Accept=[application/json, application/*+json]
2025-04-14 11:04:04,535 DEBUG o.s.c.l.CompositeLog [DiscoveryClient-CacheRefreshExecutor-0] Response 200 OK
2025-04-14 11:04:04,535 DEBUG o.s.c.l.CompositeLog [DiscoveryClient-CacheRefreshExecutor-0] Reading to [org.springframework.cloud.netflix.eureka.http.EurekaApplications]
2025-04-14 11:04:04,552 DEBUG o.s.c.l.CompositeLog [DiscoveryClient-HeartbeatExecutor-0] Response 200 OK
2025-04-14 11:04:34,582 DEBUG o.s.c.l.CompositeLog [DiscoveryClient-CacheRefreshExecutor-0] HTTP GET http://localhost:8761/eureka/apps/delta
2025-04-14 11:04:34,582 DEBUG o.s.c.l.CompositeLog [DiscoveryClient-CacheRefreshExecutor-0] Accept=[application/json, application/*+json]
2025-04-14 11:04:34,598 DEBUG o.s.c.l.CompositeLog [DiscoveryClient-HeartbeatExecutor-0] HTTP PUT http://localhost:8761/eureka/apps/USER-MANAGEMENT/Dev-MToaima.TradeNET.COM:user-management:8888?status=UP&lastDirtyTimestamp=1744620663881
2025-04-14 11:04:34,598 DEBUG o.s.c.l.CompositeLog [DiscoveryClient-HeartbeatExecutor-0] Accept=[application/json, application/*+json]
2025-04-14 11:04:34,601 DEBUG o.s.c.l.CompositeLog [DiscoveryClient-CacheRefreshExecutor-0] Response 200 OK
2025-04-14 11:04:34,601 DEBUG o.s.c.l.CompositeLog [DiscoveryClient-CacheRefreshExecutor-0] Reading to [org.springframework.cloud.netflix.eureka.http.EurekaApplications]
2025-04-14 11:04:34,616 DEBUG o.s.c.l.CompositeLog [DiscoveryClient-HeartbeatExecutor-0] Response 200 OK
2025-04-14 11:05:05,559 DEBUG o.s.c.l.CompositeLog [DiscoveryClient-CacheRefreshExecutor-0] HTTP GET http://localhost:8761/eureka/apps/delta
2025-04-14 11:05:05,560 DEBUG o.s.c.l.CompositeLog [DiscoveryClient-CacheRefreshExecutor-0] Accept=[application/json, application/*+json]
2025-04-14 11:05:05,576 DEBUG o.s.c.l.CompositeLog [DiscoveryClient-HeartbeatExecutor-0] HTTP PUT http://localhost:8761/eureka/apps/USER-MANAGEMENT/Dev-MToaima.TradeNET.COM:user-management:8888?status=UP&lastDirtyTimestamp=1744620663881
2025-04-14 11:05:05,576 DEBUG o.s.c.l.CompositeLog [DiscoveryClient-HeartbeatExecutor-0] Accept=[application/json, application/*+json]
2025-04-14 11:05:05,578 DEBUG o.s.c.l.CompositeLog [DiscoveryClient-CacheRefreshExecutor-0] Response 200 OK
2025-04-14 11:05:05,578 DEBUG o.s.c.l.CompositeLog [DiscoveryClient-CacheRefreshExecutor-0] Reading to [org.springframework.cloud.netflix.eureka.http.EurekaApplications]
2025-04-14 11:05:05,594 DEBUG o.s.c.l.CompositeLog [DiscoveryClient-HeartbeatExecutor-0] Response 200 OK
2025-04-14 11:05:36,536 DEBUG o.s.c.l.CompositeLog [DiscoveryClient-CacheRefreshExecutor-0] HTTP GET http://localhost:8761/eureka/apps/delta
2025-04-14 11:05:36,537 DEBUG o.s.c.l.CompositeLog [DiscoveryClient-CacheRefreshExecutor-0] Accept=[application/json, application/*+json]
2025-04-14 11:05:36,552 DEBUG o.s.c.l.CompositeLog [DiscoveryClient-HeartbeatExecutor-0] HTTP PUT http://localhost:8761/eureka/apps/USER-MANAGEMENT/Dev-MToaima.TradeNET.COM:user-management:8888?status=UP&lastDirtyTimestamp=1744620663881
2025-04-14 11:05:36,553 DEBUG o.s.c.l.CompositeLog [DiscoveryClient-HeartbeatExecutor-0] Accept=[application/json, application/*+json]
2025-04-14 11:05:36,554 DEBUG o.s.c.l.CompositeLog [DiscoveryClient-CacheRefreshExecutor-0] Response 200 OK
2025-04-14 11:05:36,555 DEBUG o.s.c.l.CompositeLog [DiscoveryClient-CacheRefreshExecutor-0] Reading to [org.springframework.cloud.netflix.eureka.http.EurekaApplications]
2025-04-14 11:05:36,572 DEBUG o.s.c.l.CompositeLog [DiscoveryClient-HeartbeatExecutor-0] Response 200 OK
2025-04-14 11:06:06,281 INFO c.n.d.s.r.a.ConfigClusterResolver [AsyncResolver-bootstrap-executor-0] Resolving eureka endpoints via configuration
2025-04-14 11:06:07,510 DEBUG o.s.c.l.CompositeLog [DiscoveryClient-CacheRefreshExecutor-0] HTTP GET http://localhost:8761/eureka/apps/delta
2025-04-14 11:06:07,511 DEBUG o.s.c.l.CompositeLog [DiscoveryClient-CacheRefreshExecutor-0] Accept=[application/json, application/*+json]
2025-04-14 11:06:07,526 DEBUG o.s.c.l.CompositeLog [DiscoveryClient-HeartbeatExecutor-0] HTTP PUT http://localhost:8761/eureka/apps/USER-MANAGEMENT/Dev-MToaima.TradeNET.COM:user-management:8888?status=UP&lastDirtyTimestamp=1744620663881
2025-04-14 11:06:07,527 DEBUG o.s.c.l.CompositeLog [DiscoveryClient-HeartbeatExecutor-0] Accept=[application/json, application/*+json]
2025-04-14 11:06:07,529 DEBUG o.s.c.l.CompositeLog [DiscoveryClient-CacheRefreshExecutor-0] Response 200 OK
2025-04-14 11:06:07,529 DEBUG o.s.c.l.CompositeLog [DiscoveryClient-CacheRefreshExecutor-0] Reading to [org.springframework.cloud.netflix.eureka.http.EurekaApplications]
2025-04-14 11:06:07,539 DEBUG o.s.c.l.CompositeLog [DiscoveryClient-HeartbeatExecutor-0] Response 200 OK
2025-04-14 11:06:38,495 DEBUG o.s.c.l.CompositeLog [DiscoveryClient-HeartbeatExecutor-0] HTTP PUT http://localhost:8761/eureka/apps/USER-MANAGEMENT/Dev-MToaima.TradeNET.COM:user-management:8888?status=UP&lastDirtyTimestamp=1744620663881
2025-04-14 11:06:38,495 DEBUG o.s.c.l.CompositeLog [DiscoveryClient-CacheRefreshExecutor-0] HTTP GET http://localhost:8761/eureka/apps/delta
2025-04-14 11:06:38,496 DEBUG o.s.c.l.CompositeLog [DiscoveryClient-CacheRefreshExecutor-0] Accept=[application/json, application/*+json]
2025-04-14 11:06:38,496 DEBUG o.s.c.l.CompositeLog [DiscoveryClient-HeartbeatExecutor-0] Accept=[application/json, application/*+json]
2025-04-14 11:06:38,514 DEBUG o.s.c.l.CompositeLog [DiscoveryClient-CacheRefreshExecutor-0] Response 200 OK
2025-04-14 11:06:38,514 DEBUG o.s.c.l.CompositeLog [DiscoveryClient-HeartbeatExecutor-0] Response 200 OK
2025-04-14 11:06:38,515 DEBUG o.s.c.l.CompositeLog [DiscoveryClient-CacheRefreshExecutor-0] Reading to [org.springframework.cloud.netflix.eureka.http.EurekaApplications]
2025-04-14 11:07:09,474 DEBUG o.s.c.l.CompositeLog [DiscoveryClient-CacheRefreshExecutor-0] HTTP GET http://localhost:8761/eureka/apps/delta
2025-04-14 11:07:09,474 DEBUG o.s.c.l.CompositeLog [DiscoveryClient-HeartbeatExecutor-0] HTTP PUT http://localhost:8761/eureka/apps/USER-MANAGEMENT/Dev-MToaima.TradeNET.COM:user-management:8888?status=UP&lastDirtyTimestamp=1744620663881
2025-04-14 11:07:09,475 DEBUG o.s.c.l.CompositeLog [DiscoveryClient-HeartbeatExecutor-0] Accept=[application/json, application/*+json]
2025-04-14 11:07:09,475 DEBUG o.s.c.l.CompositeLog [DiscoveryClient-CacheRefreshExecutor-0] Accept=[application/json, application/*+json]
2025-04-14 11:07:09,494 DEBUG o.s.c.l.CompositeLog [DiscoveryClient-HeartbeatExecutor-0] Response 200 OK
2025-04-14 11:07:09,494 DEBUG o.s.c.l.CompositeLog [DiscoveryClient-CacheRefreshExecutor-0] Response 200 OK
2025-04-14 11:07:09,494 DEBUG o.s.c.l.CompositeLog [DiscoveryClient-CacheRefreshExecutor-0] Reading to [org.springframework.cloud.netflix.eureka.http.EurekaApplications]
2025-04-14 11:07:40,448 DEBUG o.s.c.l.CompositeLog [DiscoveryClient-HeartbeatExecutor-0] HTTP PUT http://localhost:8761/eureka/apps/USER-MANAGEMENT/Dev-MToaima.TradeNET.COM:user-management:8888?status=UP&lastDirtyTimestamp=1744620663881
2025-04-14 11:07:40,448 DEBUG o.s.c.l.CompositeLog [DiscoveryClient-HeartbeatExecutor-0] Accept=[application/json, application/*+json]
2025-04-14 11:07:40,467 DEBUG o.s.c.l.CompositeLog [DiscoveryClient-HeartbeatExecutor-0] Response 200 OK
2025-04-14 11:07:40,469 DEBUG o.s.c.l.CompositeLog [DiscoveryClient-CacheRefreshExecutor-0] HTTP GET http://localhost:8761/eureka/apps/delta
2025-04-14 11:07:40,490 DEBUG o.s.c.l.CompositeLog [DiscoveryClient-CacheRefreshExecutor-0] Accept=[application/json, application/*+json]
2025-04-14 11:07:40,500 DEBUG o.s.c.l.CompositeLog [DiscoveryClient-CacheRefreshExecutor-0] Response 200 OK
2025-04-14 11:07:40,500 DEBUG o.s.c.l.CompositeLog [DiscoveryClient-CacheRefreshExecutor-0] Reading to [org.springframework.cloud.netflix.eureka.http.EurekaApplications]
2025-04-14 11:08:11,424 DEBUG o.s.c.l.CompositeLog [DiscoveryClient-HeartbeatExecutor-0] HTTP PUT http://localhost:8761/eureka/apps/USER-MANAGEMENT/Dev-MToaima.TradeNET.COM:user-management:8888?status=UP&lastDirtyTimestamp=1744620663881
2025-04-14 11:08:11,425 DEBUG o.s.c.l.CompositeLog [DiscoveryClient-HeartbeatExecutor-0] Accept=[application/json, application/*+json]
2025-04-14 11:08:11,444 DEBUG o.s.c.l.CompositeLog [DiscoveryClient-HeartbeatExecutor-0] Response 200 OK
2025-04-14 11:08:11,457 DEBUG o.s.c.l.CompositeLog [DiscoveryClient-CacheRefreshExecutor-0] HTTP GET http://localhost:8761/eureka/apps/delta
2025-04-14 11:08:11,457 DEBUG o.s.c.l.CompositeLog [DiscoveryClient-CacheRefreshExecutor-0] Accept=[application/json, application/*+json]
2025-04-14 11:08:11,475 DEBUG o.s.c.l.CompositeLog [DiscoveryClient-CacheRefreshExecutor-0] Response 200 OK
2025-04-14 11:08:11,475 DEBUG o.s.c.l.CompositeLog [DiscoveryClient-CacheRefreshExecutor-0] Reading to [org.springframework.cloud.netflix.eureka.http.EurekaApplications]
2025-04-14 11:08:42,400 DEBUG o.s.c.l.CompositeLog [DiscoveryClient-HeartbeatExecutor-0] HTTP PUT http://localhost:8761/eureka/apps/USER-MANAGEMENT/Dev-MToaima.TradeNET.COM:user-management:8888?status=UP&lastDirtyTimestamp=1744620663881
2025-04-14 11:08:42,401 DEBUG o.s.c.l.CompositeLog [DiscoveryClient-HeartbeatExecutor-0] Accept=[application/json, application/*+json]
2025-04-14 11:08:42,419 DEBUG o.s.c.l.CompositeLog [DiscoveryClient-HeartbeatExecutor-0] Response 200 OK
2025-04-14 11:08:42,433 DEBUG o.s.c.l.CompositeLog [DiscoveryClient-CacheRefreshExecutor-0] HTTP GET http://localhost:8761/eureka/apps/delta
2025-04-14 11:08:42,433 DEBUG o.s.c.l.CompositeLog [DiscoveryClient-CacheRefreshExecutor-0] Accept=[application/json, application/*+json]
2025-04-14 11:08:42,451 DEBUG o.s.c.l.CompositeLog [DiscoveryClient-CacheRefreshExecutor-0] Response 200 OK
2025-04-14 11:08:42,451 DEBUG o.s.c.l.CompositeLog [DiscoveryClient-CacheRefreshExecutor-0] Reading to [org.springframework.cloud.netflix.eureka.http.EurekaApplications]
2025-04-14 11:09:13,380 DEBUG o.s.c.l.CompositeLog [DiscoveryClient-HeartbeatExecutor-0] HTTP PUT http://localhost:8761/eureka/apps/USER-MANAGEMENT/Dev-MToaima.TradeNET.COM:user-management:8888?status=UP&lastDirtyTimestamp=1744620663881
2025-04-14 11:09:13,381 DEBUG o.s.c.l.CompositeLog [DiscoveryClient-HeartbeatExecutor-0] Accept=[application/json, application/*+json]
2025-04-14 11:09:13,399 DEBUG o.s.c.l.CompositeLog [DiscoveryClient-HeartbeatExecutor-0] Response 200 OK
2025-04-14 11:09:13,412 DEBUG o.s.c.l.CompositeLog [DiscoveryClient-CacheRefreshExecutor-0] HTTP GET http://localhost:8761/eureka/apps/delta
2025-04-14 11:09:13,412 DEBUG o.s.c.l.CompositeLog [DiscoveryClient-CacheRefreshExecutor-0] Accept=[application/json, application/*+json]
2025-04-14 11:09:13,431 DEBUG o.s.c.l.CompositeLog [DiscoveryClient-CacheRefreshExecutor-0] Response 200 OK
2025-04-14 11:09:13,431 DEBUG o.s.c.l.CompositeLog [DiscoveryClient-CacheRefreshExecutor-0] Reading to [org.springframework.cloud.netflix.eureka.http.EurekaApplications]
2025-04-14 11:09:44,317 DEBUG o.s.c.l.CompositeLog [DiscoveryClient-HeartbeatExecutor-0] HTTP PUT http://localhost:8761/eureka/apps/USER-MANAGEMENT/Dev-MToaima.TradeNET.COM:user-management:8888?status=UP&lastDirtyTimestamp=1744620663881
2025-04-14 11:09:44,317 DEBUG o.s.c.l.CompositeLog [DiscoveryClient-HeartbeatExecutor-0] Accept=[application/json, application/*+json]
2025-04-14 11:09:44,335 DEBUG o.s.c.l.CompositeLog [DiscoveryClient-HeartbeatExecutor-0] Response 200 OK
2025-04-14 11:09:44,348 DEBUG o.s.c.l.CompositeLog [DiscoveryClient-CacheRefreshExecutor-0] HTTP GET http://localhost:8761/eureka/apps/delta
2025-04-14 11:09:44,349 DEBUG o.s.c.l.CompositeLog [DiscoveryClient-CacheRefreshExecutor-0] Accept=[application/json, application/*+json]
2025-04-14 11:09:44,365 DEBUG o.s.c.l.CompositeLog [DiscoveryClient-CacheRefreshExecutor-0] Response 200 OK
2025-04-14 11:09:44,366 DEBUG o.s.c.l.CompositeLog [DiscoveryClient-CacheRefreshExecutor-0] Reading to [org.springframework.cloud.netflix.eureka.http.EurekaApplications]
2025-04-14 11:09:50,715 INFO o.s.c.n.e.s.EurekaServiceRegistry [SpringApplicationShutdownHook] Unregistering application USER-MANAGEMENT with eureka with status DOWN
2025-04-14 11:09:50,715 INFO c.n.d.DiscoveryClient$3 [SpringApplicationShutdownHook] Saw local status change event StatusChangeEvent [timestamp=1744621790715, current=DOWN, previous=UP]
2025-04-14 11:09:50,716 INFO c.n.d.DiscoveryClient [DiscoveryClient-InstanceInfoReplicator-0] DiscoveryClient_USER-MANAGEMENT/Dev-MToaima.TradeNET.COM:user-management:8888: registering service...
2025-04-14 11:09:50,716 DEBUG o.s.c.l.CompositeLog [DiscoveryClient-InstanceInfoReplicator-0] HTTP POST http://localhost:8761/eureka/apps/USER-MANAGEMENT
2025-04-14 11:09:50,716 DEBUG o.s.c.l.CompositeLog [DiscoveryClient-InstanceInfoReplicator-0] Accept=[application/json, application/*+json]
2025-04-14 11:09:50,721 DEBUG o.s.c.l.CompositeLog [DiscoveryClient-InstanceInfoReplicator-0] Writing [InstanceInfo [instanceId = Dev-MToaima.TradeNET.COM:user-management:8888, appName = USER-MANAGEMENT, hostName = Dev-MToaima.TradeNET.COM, status = DOWN, ipAddr = 192.168.2.77, port = 8888, securePort = 443, dataCenterInfo = com.netflix.appinfo.MyDataCenterInfo@1223ca7] as "application/json"
2025-04-14 11:09:50,733 DEBUG o.s.c.l.CompositeLog [DiscoveryClient-InstanceInfoReplicator-0] Response 204 NO_CONTENT
2025-04-14 11:09:50,734 INFO c.n.d.DiscoveryClient [DiscoveryClient-InstanceInfoReplicator-0] DiscoveryClient_USER-MANAGEMENT/Dev-MToaima.TradeNET.COM:user-management:8888 - registration status: 204
2025-04-14 11:09:50,759 INFO o.s.o.j.AbstractEntityManagerFactoryBean [SpringApplicationShutdownHook] Closing JPA EntityManagerFactory for persistence unit 'default'
2025-04-14 11:09:50,763 INFO c.z.h.HikariDataSource [SpringApplicationShutdownHook] HikariPool-1 - Shutdown initiated...
2025-04-14 11:09:50,780 INFO c.z.h.HikariDataSource [SpringApplicationShutdownHook] HikariPool-1 - Shutdown completed.
2025-04-14 11:09:50,780 INFO c.n.d.DiscoveryClient [SpringApplicationShutdownHook] Shutting down DiscoveryClient ...
2025-04-14 11:09:53,795 INFO c.n.d.DiscoveryClient [SpringApplicationShutdownHook] Unregistering ...
2025-04-14 11:09:53,797 DEBUG o.s.c.l.CompositeLog [SpringApplicationShutdownHook] HTTP DELETE http://localhost:8761/eureka/apps/USER-MANAGEMENT/Dev-MToaima.TradeNET.COM:user-management:8888
2025-04-14 11:09:53,797 DEBUG o.s.c.l.CompositeLog [SpringApplicationShutdownHook] Accept=[application/json, application/*+json]
2025-04-14 11:09:53,814 DEBUG o.s.c.l.CompositeLog [SpringApplicationShutdownHook] Response 200 OK
2025-04-14 11:09:53,814 INFO c.n.d.DiscoveryClient [SpringApplicationShutdownHook] DiscoveryClient_USER-MANAGEMENT/Dev-MToaima.TradeNET.COM:user-management:8888 - deregister  status: 200
2025-04-14 11:09:53,819 INFO c.n.d.DiscoveryClient [SpringApplicationShutdownHook] Completed shut down of DiscoveryClient
2025-04-14 11:10:01,236 INFO o.h.v.i.u.Version [background-preinit] HV000001: Hibernate Validator 8.0.1.Final
2025-04-14 11:10:01,275 INFO o.s.b.StartupInfoLogger [restartedMain] Starting UserOrgManagementApplication using Java 17.0.12 with PID 1856 (D:\Courses\BackEnd\Spring\Sb\User_Management_System\user-org-management\target\classes started by mtoaima in D:\Courses\BackEnd\Spring\Sb\User_Management_System\user-org-management)
2025-04-14 11:10:01,277 INFO o.s.b.SpringApplication [restartedMain] No active profile set, falling back to 1 default profile: "default"
2025-04-14 11:10:01,331 INFO o.s.b.l.DeferredLog [restartedMain] Fetching config from server at : http://localhost:8081
2025-04-14 11:10:01,331 INFO o.s.b.l.DeferredLog [restartedMain] Located environment: name=user-management, profiles=[default], label=null, version=ef3ccb72180485ea77e71aa24e8a6021544ae2b5, state=
2025-04-14 11:10:01,338 INFO o.s.b.l.DeferredLog [restartedMain] Devtools property defaults active! Set 'spring.devtools.add-properties' to 'false' to disable
2025-04-14 11:10:01,339 INFO o.s.b.l.DeferredLog [restartedMain] For additional web related logging consider setting the 'logging.level.web' property to 'DEBUG'
2025-04-14 11:10:02,199 INFO o.s.d.r.c.RepositoryConfigurationDelegate [restartedMain] Bootstrapping Spring Data JPA repositories in DEFAULT mode.
2025-04-14 11:10:02,348 INFO o.s.d.r.c.RepositoryConfigurationDelegate [restartedMain] Finished Spring Data repository scanning in 142 ms. Found 3 JPA repository interfaces.
2025-04-14 11:10:02,677 INFO o.s.c.c.s.GenericScope [restartedMain] BeanFactory id=f74d915f-4514-3717-bfc9-0ab6e98804f7
2025-04-14 11:10:02,969 WARN o.s.c.s.PostProcessorRegistrationDelegate$BeanPostProcessorChecker [restartedMain] Bean 'org.springframework.cloud.client.loadbalancer.LoadBalancerAutoConfiguration$LoadBalancerInterceptorConfig' of type [org.springframework.cloud.client.loadbalancer.LoadBalancerAutoConfiguration$LoadBalancerInterceptorConfig] is not eligible for getting processed by all BeanPostProcessors (for example: not eligible for auto-proxying). The currently created BeanPostProcessor [lbRestClientPostProcessor] is declared through a non-static factory method on that class; consider declaring it as static instead.
2025-04-14 11:10:02,975 WARN o.s.c.s.PostProcessorRegistrationDelegate$BeanPostProcessorChecker [restartedMain] Bean 'org.springframework.cloud.loadbalancer.config.BlockingLoadBalancerClientAutoConfiguration' of type [org.springframework.cloud.loadbalancer.config.BlockingLoadBalancerClientAutoConfiguration] is not eligible for getting processed by all BeanPostProcessors (for example: not eligible for auto-proxying). Is this bean getting eagerly injected into a currently created BeanPostProcessor [lbRestClientPostProcessor]? Check the corresponding BeanPostProcessor declaration and its dependencies.
2025-04-14 11:10:02,978 WARN o.s.c.s.PostProcessorRegistrationDelegate$BeanPostProcessorChecker [restartedMain] Bean 'org.springframework.cloud.loadbalancer.config.LoadBalancerAutoConfiguration' of type [org.springframework.cloud.loadbalancer.config.LoadBalancerAutoConfiguration] is not eligible for getting processed by all BeanPostProcessors (for example: not eligible for auto-proxying). Is this bean getting eagerly injected into a currently created BeanPostProcessor [lbRestClientPostProcessor]? Check the corresponding BeanPostProcessor declaration and its dependencies.
2025-04-14 11:10:02,994 WARN o.s.c.s.PostProcessorRegistrationDelegate$BeanPostProcessorChecker [restartedMain] Bean 'org.springframework.cloud.commons.config.CommonsConfigAutoConfiguration' of type [org.springframework.cloud.commons.config.CommonsConfigAutoConfiguration] is not eligible for getting processed by all BeanPostProcessors (for example: not eligible for auto-proxying). Is this bean getting eagerly injected into a currently created BeanPostProcessor [lbRestClientPostProcessor]? Check the corresponding BeanPostProcessor declaration and its dependencies.
2025-04-14 11:10:03,002 WARN o.s.c.s.PostProcessorRegistrationDelegate$BeanPostProcessorChecker [restartedMain] Bean 'org.springframework.cloud.client.loadbalancer.LoadBalancerDefaultMappingsProviderAutoConfiguration' of type [org.springframework.cloud.client.loadbalancer.LoadBalancerDefaultMappingsProviderAutoConfiguration] is not eligible for getting processed by all BeanPostProcessors (for example: not eligible for auto-proxying). Is this bean getting eagerly injected into a currently created BeanPostProcessor [lbRestClientPostProcessor]? Check the corresponding BeanPostProcessor declaration and its dependencies.
2025-04-14 11:10:03,004 WARN o.s.c.s.PostProcessorRegistrationDelegate$BeanPostProcessorChecker [restartedMain] Bean 'loadBalancerClientsDefaultsMappingsProvider' of type [org.springframework.cloud.client.loadbalancer.LoadBalancerDefaultMappingsProviderAutoConfiguration$$Lambda$776/0x0000026e834ec778] is not eligible for getting processed by all BeanPostProcessors (for example: not eligible for auto-proxying). Is this bean getting eagerly injected into a currently created BeanPostProcessor [lbRestClientPostProcessor]? Check the corresponding BeanPostProcessor declaration and its dependencies.
2025-04-14 11:10:03,008 WARN o.s.c.s.PostProcessorRegistrationDelegate$BeanPostProcessorChecker [restartedMain] Bean 'defaultsBindHandlerAdvisor' of type [org.springframework.cloud.commons.config.DefaultsBindHandlerAdvisor] is not eligible for getting processed by all BeanPostProcessors (for example: not eligible for auto-proxying). Is this bean getting eagerly injected into a currently created BeanPostProcessor [lbRestClientPostProcessor]? Check the corresponding BeanPostProcessor declaration and its dependencies.
2025-04-14 11:10:03,016 WARN o.s.c.s.PostProcessorRegistrationDelegate$BeanPostProcessorChecker [restartedMain] Bean 'spring.cloud.loadbalancer-org.springframework.cloud.client.loadbalancer.LoadBalancerClientsProperties' of type [org.springframework.cloud.client.loadbalancer.LoadBalancerClientsProperties] is not eligible for getting processed by all BeanPostProcessors (for example: not eligible for auto-proxying). Is this bean getting eagerly injected into a currently created BeanPostProcessor [lbRestClientPostProcessor]? Check the corresponding BeanPostProcessor declaration and its dependencies.
2025-04-14 11:10:03,028 WARN o.s.c.s.PostProcessorRegistrationDelegate$BeanPostProcessorChecker [restartedMain] Bean 'default.org.springframework.cloud.loadbalancer.config.LoadBalancerAutoConfiguration.LoadBalancerClientSpecification' of type [org.springframework.cloud.loadbalancer.annotation.LoadBalancerClientSpecification] is not eligible for getting processed by all BeanPostProcessors (for example: not eligible for auto-proxying). Is this bean getting eagerly injected into a currently created BeanPostProcessor [lbRestClientPostProcessor]? Check the corresponding BeanPostProcessor declaration and its dependencies.
2025-04-14 11:10:03,033 WARN o.s.c.s.PostProcessorRegistrationDelegate$BeanPostProcessorChecker [restartedMain] Bean 'default.org.springframework.cloud.loadbalancer.config.BlockingLoadBalancerClientAutoConfiguration.LoadBalancerClientSpecification' of type [org.springframework.cloud.loadbalancer.annotation.LoadBalancerClientSpecification] is not eligible for getting processed by all BeanPostProcessors (for example: not eligible for auto-proxying). Is this bean getting eagerly injected into a currently created BeanPostProcessor [lbRestClientPostProcessor]? Check the corresponding BeanPostProcessor declaration and its dependencies.
2025-04-14 11:10:03,034 WARN o.s.c.s.PostProcessorRegistrationDelegate$BeanPostProcessorChecker [restartedMain] Bean 'default.org.springframework.cloud.netflix.eureka.loadbalancer.LoadBalancerEurekaAutoConfiguration.LoadBalancerClientSpecification' of type [org.springframework.cloud.loadbalancer.annotation.LoadBalancerClientSpecification] is not eligible for getting processed by all BeanPostProcessors (for example: not eligible for auto-proxying). Is this bean getting eagerly injected into a currently created BeanPostProcessor [lbRestClientPostProcessor]? Check the corresponding BeanPostProcessor declaration and its dependencies.
2025-04-14 11:10:03,035 WARN o.s.c.s.PostProcessorRegistrationDelegate$BeanPostProcessorChecker [restartedMain] Bean 'loadBalancerClientFactory' of type [org.springframework.cloud.loadbalancer.support.LoadBalancerClientFactory] is not eligible for getting processed by all BeanPostProcessors (for example: not eligible for auto-proxying). Is this bean getting eagerly injected into a currently created BeanPostProcessor [lbRestClientPostProcessor]? Check the corresponding BeanPostProcessor declaration and its dependencies.
2025-04-14 11:10:03,054 WARN o.s.c.s.PostProcessorRegistrationDelegate$BeanPostProcessorChecker [restartedMain] Bean 'blockingLoadBalancerClient' of type [org.springframework.cloud.loadbalancer.blocking.client.BlockingLoadBalancerClient] is not eligible for getting processed by all BeanPostProcessors (for example: not eligible for auto-proxying). Is this bean getting eagerly injected into a currently created BeanPostProcessor [lbRestClientPostProcessor]? Check the corresponding BeanPostProcessor declaration and its dependencies.
2025-04-14 11:10:03,069 WARN o.s.c.s.PostProcessorRegistrationDelegate$BeanPostProcessorChecker [restartedMain] Bean 'loadBalancerServiceInstanceCookieTransformer' of type [org.springframework.cloud.loadbalancer.core.LoadBalancerServiceInstanceCookieTransformer] is not eligible for getting processed by all BeanPostProcessors (for example: not eligible for auto-proxying). Is this bean getting eagerly injected into a currently created BeanPostProcessor [lbRestClientPostProcessor]? Check the corresponding BeanPostProcessor declaration and its dependencies.
2025-04-14 11:10:03,072 WARN o.s.c.s.PostProcessorRegistrationDelegate$BeanPostProcessorChecker [restartedMain] Bean 'xForwarderHeadersTransformer' of type [org.springframework.cloud.loadbalancer.blocking.XForwardedHeadersTransformer] is not eligible for getting processed by all BeanPostProcessors (for example: not eligible for auto-proxying). Is this bean getting eagerly injected into a currently created BeanPostProcessor [lbRestClientPostProcessor]? Check the corresponding BeanPostProcessor declaration and its dependencies.
2025-04-14 11:10:03,073 WARN o.s.c.s.PostProcessorRegistrationDelegate$BeanPostProcessorChecker [restartedMain] Bean 'org.springframework.cloud.client.loadbalancer.LoadBalancerAutoConfiguration' of type [org.springframework.cloud.client.loadbalancer.LoadBalancerAutoConfiguration] is not eligible for getting processed by all BeanPostProcessors (for example: not eligible for auto-proxying). Is this bean getting eagerly injected into a currently created BeanPostProcessor [lbRestClientPostProcessor]? Check the corresponding BeanPostProcessor declaration and its dependencies.
2025-04-14 11:10:03,076 WARN o.s.c.s.PostProcessorRegistrationDelegate$BeanPostProcessorChecker [restartedMain] Bean 'loadBalancerRequestFactory' of type [org.springframework.cloud.client.loadbalancer.LoadBalancerRequestFactory] is not eligible for getting processed by all BeanPostProcessors (for example: not eligible for auto-proxying). Is this bean getting eagerly injected into a currently created BeanPostProcessor [lbRestClientPostProcessor]? Check the corresponding BeanPostProcessor declaration and its dependencies.
2025-04-14 11:10:03,078 WARN o.s.c.s.PostProcessorRegistrationDelegate$BeanPostProcessorChecker [restartedMain] Bean 'loadBalancerInterceptor' of type [org.springframework.cloud.client.loadbalancer.LoadBalancerInterceptor] is not eligible for getting processed by all BeanPostProcessors (for example: not eligible for auto-proxying). Is this bean getting eagerly injected into a currently created BeanPostProcessor [lbRestClientPostProcessor]? Check the corresponding BeanPostProcessor declaration and its dependencies.
2025-04-14 11:10:03,696 INFO o.s.b.w.e.t.TomcatWebServer [restartedMain] Tomcat initialized with port 8888 (http)
2025-04-14 11:10:03,706 INFO o.a.j.l.DirectJDKLog [restartedMain] Initializing ProtocolHandler ["http-nio-8888"]
2025-04-14 11:10:03,709 INFO o.a.j.l.DirectJDKLog [restartedMain] Starting service [Tomcat]
2025-04-14 11:10:03,710 INFO o.a.j.l.DirectJDKLog [restartedMain] Starting Servlet engine: [Apache Tomcat/10.1.19]
2025-04-14 11:10:03,779 INFO o.a.j.l.DirectJDKLog [restartedMain] Initializing Spring embedded WebApplicationContext
2025-04-14 11:10:03,781 INFO o.s.b.w.s.c.ServletWebServerApplicationContext [restartedMain] Root WebApplicationContext: initialization completed in 2438 ms
2025-04-14 11:10:03,953 INFO c.z.h.HikariDataSource [restartedMain] HikariPool-1 - Starting...
2025-04-14 11:10:04,300 INFO c.z.h.p.HikariPool [restartedMain] HikariPool-1 - Added connection com.mysql.cj.jdbc.ConnectionImpl@6e5f2497
2025-04-14 11:10:04,303 INFO c.z.h.HikariDataSource [restartedMain] HikariPool-1 - Start completed.
2025-04-14 11:10:05,220 INFO l.l.c.JavaLogger [restartedMain] Reading from mydatabase.DATABASECHANGELOG
2025-04-14 11:10:05,281 INFO l.l.c.JavaLogger [restartedMain] Reading from mydatabase.DATABASECHANGELOG
2025-04-14 11:10:05,290 INFO l.l.c.JavaLogger [restartedMain] UPDATE SUMMARY
2025-04-14 11:10:05,291 INFO l.l.c.JavaLogger [restartedMain] Run:                          0
2025-04-14 11:10:05,291 INFO l.l.c.JavaLogger [restartedMain] Previously run:               3
2025-04-14 11:10:05,291 INFO l.l.c.JavaLogger [restartedMain] Filtered out:                 0
2025-04-14 11:10:05,292 INFO l.l.c.JavaLogger [restartedMain] -------------------------------
2025-04-14 11:10:05,292 INFO l.l.c.JavaLogger [restartedMain] Total change sets:            3
2025-04-14 11:10:05,292 INFO l.l.c.JavaLogger [restartedMain] Update summary generated
2025-04-14 11:10:05,316 INFO l.l.c.JavaLogger [restartedMain] Successfully released change log lock
2025-04-14 11:10:05,318 INFO l.l.c.JavaLogger [restartedMain] Command execution complete
2025-04-14 11:10:05,415 INFO o.h.j.i.u.LogHelper [restartedMain] HHH000204: Processing PersistenceUnitInfo [name: default]
2025-04-14 11:10:05,470 INFO o.h.Version [restartedMain] HHH000412: Hibernate ORM core version 6.4.4.Final
2025-04-14 11:10:05,518 INFO o.h.c.i.RegionFactoryInitiator [restartedMain] HHH000026: Second-level cache disabled
2025-04-14 11:10:05,774 INFO o.s.o.j.p.SpringPersistenceUnitInfo [restartedMain] No LoadTimeWeaver setup: ignoring JPA class transformer
2025-04-14 11:10:05,820 WARN o.h.e.j.d.i.DialectFactoryImpl [restartedMain] HHH90000025: MySQL8Dialect does not need to be specified explicitly using 'hibernate.dialect' (remove the property setting and it will be selected by default)
2025-04-14 11:10:05,821 WARN o.h.e.j.d.i.DialectFactoryImpl [restartedMain] HHH90000026: MySQL8Dialect has been deprecated; use org.hibernate.dialect.MySQLDialect instead
2025-04-14 11:10:06,776 INFO o.h.e.t.j.p.i.JtaPlatformInitiator [restartedMain] HHH000489: No JTA platform available (set 'hibernate.transaction.jta.platform' to enable JTA platform integration)
2025-04-14 11:10:06,781 INFO o.s.o.j.AbstractEntityManagerFactoryBean [restartedMain] Initialized JPA EntityManagerFactory for persistence unit 'default'
2025-04-14 11:10:07,239 INFO o.s.d.j.r.q.QueryEnhancerFactory [restartedMain] Hibernate is in classpath; If applicable, HQL parser will be used.
2025-04-14 11:10:07,953 WARN o.s.b.a.o.j.JpaBaseConfiguration$JpaWebConfiguration [restartedMain] spring.jpa.open-in-view is enabled by default. Therefore, database queries may be performed during view rendering. Explicitly configure spring.jpa.open-in-view to disable this warning
2025-04-14 11:10:08,129 DEBUG o.s.w.s.h.AbstractHandlerMethodMapping [restartedMain] 16 mappings in 'requestMappingHandlerMapping'
2025-04-14 11:10:08,287 DEBUG o.s.w.s.h.SimpleUrlHandlerMapping [restartedMain] Patterns [/webjars/**, /**] in 'resourceHandlerMapping'
2025-04-14 11:10:08,333 INFO o.s.s.w.DefaultSecurityFilterChain [restartedMain] Will secure any request with [org.springframework.security.web.session.DisableEncodeUrlFilter@25ae0659, org.springframework.security.web.context.request.async.WebAsyncManagerIntegrationFilter@55fa400d, org.springframework.security.web.context.SecurityContextHolderFilter@7194f9f, org.springframework.security.web.header.HeaderWriterFilter@573602b5, org.springframework.security.web.authentication.logout.LogoutFilter@31162373, com.user_organization_management.security.JwtRequestFilter@2ab4b526, org.springframework.security.web.savedrequest.RequestCacheAwareFilter@1a20f649, org.springframework.security.web.servletapi.SecurityContextHolderAwareRequestFilter@2db61449, org.springframework.security.web.authentication.AnonymousAuthenticationFilter@5548b8de, org.springframework.security.web.access.ExceptionTranslationFilter@30c5b459, org.springframework.security.web.access.intercept.AuthorizationFilter@39b730bc]
2025-04-14 11:10:08,457 DEBUG o.s.w.s.m.m.a.RequestMappingHandlerAdapter [restartedMain] ControllerAdvice beans: 0 @ModelAttribute, 0 @InitBinder, 1 RequestBodyAdvice, 1 ResponseBodyAdvice
2025-04-14 11:10:08,501 DEBUG o.s.w.s.m.m.a.ExceptionHandlerExceptionResolver [restartedMain] ControllerAdvice beans: 1 @ExceptionHandler, 1 ResponseBodyAdvice
2025-04-14 11:10:08,764 WARN o.s.b.d.a.OptionalLiveReloadServer [restartedMain] Unable to start LiveReload server
2025-04-14 11:10:09,111 INFO o.s.c.n.e.c.DiscoveryClientOptionalArgsConfiguration [restartedMain] Eureka HTTP Client uses RestTemplate.
2025-04-14 11:10:09,469 WARN o.s.c.l.c.LoadBalancerCacheAutoConfiguration$LoadBalancerCaffeineWarnLogger [restartedMain] Spring Cloud LoadBalancer is currently working with the default cache. While this cache implementation is useful for development and tests, it's recommended to use Caffeine cache in production.You can switch to using Caffeine cache, by adding it and org.springframework.cache.caffeine.CaffeineCacheManager to the classpath.
2025-04-14 11:10:09,502 INFO o.s.c.n.e.InstanceInfoFactory [restartedMain] Setting initial instance status as: STARTING
2025-04-14 11:10:09,639 INFO c.n.d.DiscoveryClient [restartedMain] Initializing Eureka in region us-east-1
2025-04-14 11:10:09,645 INFO c.n.d.s.r.a.ConfigClusterResolver [restartedMain] Resolving eureka endpoints via configuration
2025-04-14 11:10:09,675 INFO c.n.d.DiscoveryClient [restartedMain] Disable delta property : false
2025-04-14 11:10:09,677 INFO c.n.d.DiscoveryClient [restartedMain] Single vip registry refresh property : null
2025-04-14 11:10:09,678 INFO c.n.d.DiscoveryClient [restartedMain] Force full registry fetch : false
2025-04-14 11:10:09,679 INFO c.n.d.DiscoveryClient [restartedMain] Application is null : false
2025-04-14 11:10:09,679 INFO c.n.d.DiscoveryClient [restartedMain] Registered Applications size is zero : true
2025-04-14 11:10:09,679 INFO c.n.d.DiscoveryClient [restartedMain] Application version is -1: true
2025-04-14 11:10:09,680 INFO c.n.d.DiscoveryClient [restartedMain] Getting all instance registry info from the eureka server
2025-04-14 11:10:09,882 DEBUG o.s.c.l.CompositeLog [restartedMain] HTTP GET http://localhost:8761/eureka/apps/
2025-04-14 11:10:09,959 DEBUG o.s.c.l.CompositeLog [restartedMain] Accept=[application/json, application/*+json]
2025-04-14 11:10:10,036 DEBUG o.s.c.l.CompositeLog [restartedMain] Response 200 OK
2025-04-14 11:10:10,038 DEBUG o.s.c.l.CompositeLog [restartedMain] Reading to [org.springframework.cloud.netflix.eureka.http.EurekaApplications]
2025-04-14 11:10:10,052 INFO c.n.d.DiscoveryClient [restartedMain] The response status is 200
2025-04-14 11:10:10,054 INFO c.n.d.DiscoveryClient [restartedMain] Starting heartbeat executor: renew interval is: 30
2025-04-14 11:10:10,057 INFO c.n.d.InstanceInfoReplicator [restartedMain] InstanceInfoReplicator onDemand update allowed rate per min is 4
2025-04-14 11:10:10,061 INFO c.n.d.DiscoveryClient [restartedMain] Discovery Client initialized at timestamp 1744621810061 with initial instances count: 3
2025-04-14 11:10:10,067 INFO o.s.c.n.e.s.EurekaServiceRegistry [restartedMain] Registering application USER-MANAGEMENT with eureka with status UP
2025-04-14 11:10:10,068 INFO c.n.d.DiscoveryClient$3 [restartedMain] Saw local status change event StatusChangeEvent [timestamp=1744621810068, current=UP, previous=STARTING]
2025-04-14 11:10:10,070 INFO c.n.d.DiscoveryClient [DiscoveryClient-InstanceInfoReplicator-0] DiscoveryClient_USER-MANAGEMENT/Dev-MToaima.TradeNET.COM:user-management:8888: registering service...
2025-04-14 11:10:10,071 INFO o.a.j.l.DirectJDKLog [restartedMain] Starting ProtocolHandler ["http-nio-8888"]
2025-04-14 11:10:10,076 DEBUG o.s.c.l.CompositeLog [DiscoveryClient-InstanceInfoReplicator-0] HTTP POST http://localhost:8761/eureka/apps/USER-MANAGEMENT
2025-04-14 11:10:10,079 DEBUG o.s.c.l.CompositeLog [DiscoveryClient-InstanceInfoReplicator-0] Accept=[application/json, application/*+json]
2025-04-14 11:10:10,098 DEBUG o.s.c.l.CompositeLog [DiscoveryClient-InstanceInfoReplicator-0] Writing [InstanceInfo [instanceId = Dev-MToaima.TradeNET.COM:user-management:8888, appName = USER-MANAGEMENT, hostName = Dev-MToaima.TradeNET.COM, status = UP, ipAddr = 192.168.2.77, port = 8888, securePort = 443, dataCenterInfo = com.netflix.appinfo.MyDataCenterInfo@79b2c025] as "application/json"
2025-04-14 11:10:10,116 INFO o.s.b.w.e.t.TomcatWebServer [restartedMain] Tomcat started on port 8888 (http) with context path ''
2025-04-14 11:10:10,118 INFO o.s.c.n.e.s.EurekaAutoServiceRegistration [restartedMain] Updating port to 8888
2025-04-14 11:10:10,127 DEBUG o.s.c.l.CompositeLog [DiscoveryClient-InstanceInfoReplicator-0] Response 204 NO_CONTENT
2025-04-14 11:10:10,127 INFO c.n.d.DiscoveryClient [DiscoveryClient-InstanceInfoReplicator-0] DiscoveryClient_USER-MANAGEMENT/Dev-MToaima.TradeNET.COM:user-management:8888 - registration status: 204
2025-04-14 11:10:10,432 INFO o.s.b.StartupInfoLogger [restartedMain] Started UserOrgManagementApplication in 11.148 seconds (process running for 11.987)
2025-04-14 11:10:40,063 DEBUG o.s.c.l.CompositeLog [DiscoveryClient-CacheRefreshExecutor-0] HTTP GET http://localhost:8761/eureka/apps/delta
2025-04-14 11:10:40,065 DEBUG o.s.c.l.CompositeLog [DiscoveryClient-CacheRefreshExecutor-0] Accept=[application/json, application/*+json]
2025-04-14 11:10:40,065 DEBUG o.s.c.l.CompositeLog [DiscoveryClient-HeartbeatExecutor-0] HTTP PUT http://localhost:8761/eureka/apps/USER-MANAGEMENT/Dev-MToaima.TradeNET.COM:user-management:8888?status=UP&lastDirtyTimestamp=1744621810068
2025-04-14 11:10:40,077 DEBUG o.s.c.l.CompositeLog [DiscoveryClient-HeartbeatExecutor-0] Accept=[application/json, application/*+json]
2025-04-14 11:10:40,079 DEBUG o.s.c.l.CompositeLog [DiscoveryClient-CacheRefreshExecutor-0] Response 200 OK
2025-04-14 11:10:40,080 DEBUG o.s.c.l.CompositeLog [DiscoveryClient-CacheRefreshExecutor-0] Reading to [org.springframework.cloud.netflix.eureka.http.EurekaApplications]
2025-04-14 11:10:40,095 DEBUG o.s.c.l.CompositeLog [DiscoveryClient-HeartbeatExecutor-0] Response 200 OK
2025-04-14 11:11:10,089 DEBUG o.s.c.l.CompositeLog [DiscoveryClient-CacheRefreshExecutor-0] HTTP GET http://localhost:8761/eureka/apps/delta
2025-04-14 11:11:10,090 DEBUG o.s.c.l.CompositeLog [DiscoveryClient-CacheRefreshExecutor-0] Accept=[application/json, application/*+json]
2025-04-14 11:11:10,104 DEBUG o.s.c.l.CompositeLog [DiscoveryClient-HeartbeatExecutor-0] HTTP PUT http://localhost:8761/eureka/apps/USER-MANAGEMENT/Dev-MToaima.TradeNET.COM:user-management:8888?status=UP&lastDirtyTimestamp=1744621810068
2025-04-14 11:11:10,104 DEBUG o.s.c.l.CompositeLog [DiscoveryClient-HeartbeatExecutor-0] Accept=[application/json, application/*+json]
2025-04-14 11:11:10,108 DEBUG o.s.c.l.CompositeLog [DiscoveryClient-CacheRefreshExecutor-0] Response 200 OK
2025-04-14 11:11:10,109 DEBUG o.s.c.l.CompositeLog [DiscoveryClient-CacheRefreshExecutor-0] Reading to [org.springframework.cloud.netflix.eureka.http.EurekaApplications]
2025-04-14 11:11:10,124 DEBUG o.s.c.l.CompositeLog [DiscoveryClient-HeartbeatExecutor-0] Response 200 OK
2025-04-14 11:11:40,119 DEBUG o.s.c.l.CompositeLog [DiscoveryClient-CacheRefreshExecutor-0] HTTP GET http://localhost:8761/eureka/apps/delta
2025-04-14 11:11:40,120 DEBUG o.s.c.l.CompositeLog [DiscoveryClient-CacheRefreshExecutor-0] Accept=[application/json, application/*+json]
2025-04-14 11:11:40,135 DEBUG o.s.c.l.CompositeLog [DiscoveryClient-HeartbeatExecutor-0] HTTP PUT http://localhost:8761/eureka/apps/USER-MANAGEMENT/Dev-MToaima.TradeNET.COM:user-management:8888?status=UP&lastDirtyTimestamp=1744621810068
2025-04-14 11:11:40,136 DEBUG o.s.c.l.CompositeLog [DiscoveryClient-HeartbeatExecutor-0] Accept=[application/json, application/*+json]
2025-04-14 11:11:40,139 DEBUG o.s.c.l.CompositeLog [DiscoveryClient-CacheRefreshExecutor-0] Response 200 OK
2025-04-14 11:11:40,140 DEBUG o.s.c.l.CompositeLog [DiscoveryClient-CacheRefreshExecutor-0] Reading to [org.springframework.cloud.netflix.eureka.http.EurekaApplications]
2025-04-14 11:11:40,155 DEBUG o.s.c.l.CompositeLog [DiscoveryClient-HeartbeatExecutor-0] Response 200 OK
2025-04-14 11:12:10,152 DEBUG o.s.c.l.CompositeLog [DiscoveryClient-CacheRefreshExecutor-0] HTTP GET http://localhost:8761/eureka/apps/delta
2025-04-14 11:12:10,152 DEBUG o.s.c.l.CompositeLog [DiscoveryClient-CacheRefreshExecutor-0] Accept=[application/json, application/*+json]
2025-04-14 11:12:10,166 DEBUG o.s.c.l.CompositeLog [DiscoveryClient-HeartbeatExecutor-0] HTTP PUT http://localhost:8761/eureka/apps/USER-MANAGEMENT/Dev-MToaima.TradeNET.COM:user-management:8888?status=UP&lastDirtyTimestamp=1744621810068
2025-04-14 11:12:10,167 DEBUG o.s.c.l.CompositeLog [DiscoveryClient-HeartbeatExecutor-0] Accept=[application/json, application/*+json]
2025-04-14 11:12:10,171 DEBUG o.s.c.l.CompositeLog [DiscoveryClient-CacheRefreshExecutor-0] Response 200 OK
2025-04-14 11:12:10,172 DEBUG o.s.c.l.CompositeLog [DiscoveryClient-CacheRefreshExecutor-0] Reading to [org.springframework.cloud.netflix.eureka.http.EurekaApplications]
2025-04-14 11:12:10,186 DEBUG o.s.c.l.CompositeLog [DiscoveryClient-HeartbeatExecutor-0] Response 200 OK
2025-04-14 11:12:40,178 DEBUG o.s.c.l.CompositeLog [DiscoveryClient-CacheRefreshExecutor-0] HTTP GET http://localhost:8761/eureka/apps/delta
2025-04-14 11:12:40,179 DEBUG o.s.c.l.CompositeLog [DiscoveryClient-CacheRefreshExecutor-0] Accept=[application/json, application/*+json]
2025-04-14 11:12:40,194 DEBUG o.s.c.l.CompositeLog [DiscoveryClient-HeartbeatExecutor-0] HTTP PUT http://localhost:8761/eureka/apps/USER-MANAGEMENT/Dev-MToaima.TradeNET.COM:user-management:8888?status=UP&lastDirtyTimestamp=1744621810068
2025-04-14 11:12:40,195 DEBUG o.s.c.l.CompositeLog [DiscoveryClient-HeartbeatExecutor-0] Accept=[application/json, application/*+json]
2025-04-14 11:12:40,197 DEBUG o.s.c.l.CompositeLog [DiscoveryClient-CacheRefreshExecutor-0] Response 200 OK
2025-04-14 11:12:40,198 DEBUG o.s.c.l.CompositeLog [DiscoveryClient-CacheRefreshExecutor-0] Reading to [org.springframework.cloud.netflix.eureka.http.EurekaApplications]
2025-04-14 11:12:40,212 DEBUG o.s.c.l.CompositeLog [DiscoveryClient-HeartbeatExecutor-0] Response 200 OK
2025-04-14 11:13:10,203 DEBUG o.s.c.l.CompositeLog [DiscoveryClient-CacheRefreshExecutor-0] HTTP GET http://localhost:8761/eureka/apps/delta
2025-04-14 11:13:10,205 DEBUG o.s.c.l.CompositeLog [DiscoveryClient-CacheRefreshExecutor-0] Accept=[application/json, application/*+json]
2025-04-14 11:13:10,218 DEBUG o.s.c.l.CompositeLog [DiscoveryClient-HeartbeatExecutor-0] HTTP PUT http://localhost:8761/eureka/apps/USER-MANAGEMENT/Dev-MToaima.TradeNET.COM:user-management:8888?status=UP&lastDirtyTimestamp=1744621810068
2025-04-14 11:13:10,218 DEBUG o.s.c.l.CompositeLog [DiscoveryClient-HeartbeatExecutor-0] Accept=[application/json, application/*+json]
2025-04-14 11:13:10,221 DEBUG o.s.c.l.CompositeLog [DiscoveryClient-CacheRefreshExecutor-0] Response 200 OK
2025-04-14 11:13:10,222 DEBUG o.s.c.l.CompositeLog [DiscoveryClient-CacheRefreshExecutor-0] Reading to [org.springframework.cloud.netflix.eureka.http.EurekaApplications]
2025-04-14 11:13:10,234 DEBUG o.s.c.l.CompositeLog [DiscoveryClient-HeartbeatExecutor-0] Response 200 OK
2025-04-14 11:13:40,229 DEBUG o.s.c.l.CompositeLog [DiscoveryClient-CacheRefreshExecutor-0] HTTP GET http://localhost:8761/eureka/apps/delta
2025-04-14 11:13:40,230 DEBUG o.s.c.l.CompositeLog [DiscoveryClient-CacheRefreshExecutor-0] Accept=[application/json, application/*+json]
2025-04-14 11:13:40,244 DEBUG o.s.c.l.CompositeLog [DiscoveryClient-HeartbeatExecutor-0] HTTP PUT http://localhost:8761/eureka/apps/USER-MANAGEMENT/Dev-MToaima.TradeNET.COM:user-management:8888?status=UP&lastDirtyTimestamp=1744621810068
2025-04-14 11:13:40,245 DEBUG o.s.c.l.CompositeLog [DiscoveryClient-HeartbeatExecutor-0] Accept=[application/json, application/*+json]
2025-04-14 11:13:40,247 DEBUG o.s.c.l.CompositeLog [DiscoveryClient-CacheRefreshExecutor-0] Response 200 OK
2025-04-14 11:13:40,248 DEBUG o.s.c.l.CompositeLog [DiscoveryClient-CacheRefreshExecutor-0] Reading to [org.springframework.cloud.netflix.eureka.http.EurekaApplications]
2025-04-14 11:13:40,264 DEBUG o.s.c.l.CompositeLog [DiscoveryClient-HeartbeatExecutor-0] Response 200 OK
2025-04-14 11:14:10,270 DEBUG o.s.c.l.CompositeLog [DiscoveryClient-CacheRefreshExecutor-0] HTTP GET http://localhost:8761/eureka/apps/delta
2025-04-14 11:14:10,271 DEBUG o.s.c.l.CompositeLog [DiscoveryClient-HeartbeatExecutor-0] HTTP PUT http://localhost:8761/eureka/apps/USER-MANAGEMENT/Dev-MToaima.TradeNET.COM:user-management:8888?status=UP&lastDirtyTimestamp=1744621810068
2025-04-14 11:14:10,271 DEBUG o.s.c.l.CompositeLog [DiscoveryClient-CacheRefreshExecutor-0] Accept=[application/json, application/*+json]
2025-04-14 11:14:10,272 DEBUG o.s.c.l.CompositeLog [DiscoveryClient-HeartbeatExecutor-0] Accept=[application/json, application/*+json]
2025-04-14 11:14:10,290 DEBUG o.s.c.l.CompositeLog [DiscoveryClient-CacheRefreshExecutor-0] Response 200 OK
2025-04-14 11:14:10,290 DEBUG o.s.c.l.CompositeLog [DiscoveryClient-HeartbeatExecutor-0] Response 200 OK
2025-04-14 11:14:10,291 DEBUG o.s.c.l.CompositeLog [DiscoveryClient-CacheRefreshExecutor-0] Reading to [org.springframework.cloud.netflix.eureka.http.EurekaApplications]
2025-04-14 11:14:40,297 DEBUG o.s.c.l.CompositeLog [DiscoveryClient-CacheRefreshExecutor-0] HTTP GET http://localhost:8761/eureka/apps/delta
2025-04-14 11:14:40,297 DEBUG o.s.c.l.CompositeLog [DiscoveryClient-HeartbeatExecutor-0] HTTP PUT http://localhost:8761/eureka/apps/USER-MANAGEMENT/Dev-MToaima.TradeNET.COM:user-management:8888?status=UP&lastDirtyTimestamp=1744621810068
2025-04-14 11:14:40,297 DEBUG o.s.c.l.CompositeLog [DiscoveryClient-CacheRefreshExecutor-0] Accept=[application/json, application/*+json]
2025-04-14 11:14:40,297 DEBUG o.s.c.l.CompositeLog [DiscoveryClient-HeartbeatExecutor-0] Accept=[application/json, application/*+json]
2025-04-14 11:14:40,310 DEBUG o.s.c.l.CompositeLog [DiscoveryClient-CacheRefreshExecutor-0] Response 200 OK
2025-04-14 11:14:40,310 DEBUG o.s.c.l.CompositeLog [DiscoveryClient-HeartbeatExecutor-0] Response 200 OK
2025-04-14 11:14:40,310 DEBUG o.s.c.l.CompositeLog [DiscoveryClient-CacheRefreshExecutor-0] Reading to [org.springframework.cloud.netflix.eureka.http.EurekaApplications]
2025-04-14 11:15:09,696 INFO c.n.d.s.r.a.ConfigClusterResolver [AsyncResolver-bootstrap-executor-0] Resolving eureka endpoints via configuration
2025-04-14 11:15:10,324 DEBUG o.s.c.l.CompositeLog [DiscoveryClient-HeartbeatExecutor-0] HTTP PUT http://localhost:8761/eureka/apps/USER-MANAGEMENT/Dev-MToaima.TradeNET.COM:user-management:8888?status=UP&lastDirtyTimestamp=1744621810068
2025-04-14 11:15:10,324 DEBUG o.s.c.l.CompositeLog [DiscoveryClient-CacheRefreshExecutor-0] HTTP GET http://localhost:8761/eureka/apps/delta
2025-04-14 11:15:10,324 DEBUG o.s.c.l.CompositeLog [DiscoveryClient-HeartbeatExecutor-0] Accept=[application/json, application/*+json]
2025-04-14 11:15:10,324 DEBUG o.s.c.l.CompositeLog [DiscoveryClient-CacheRefreshExecutor-0] Accept=[application/json, application/*+json]
2025-04-14 11:15:10,344 DEBUG o.s.c.l.CompositeLog [DiscoveryClient-HeartbeatExecutor-0] Response 200 OK
2025-04-14 11:15:10,344 DEBUG o.s.c.l.CompositeLog [DiscoveryClient-CacheRefreshExecutor-0] Response 200 OK
2025-04-14 11:15:10,345 DEBUG o.s.c.l.CompositeLog [DiscoveryClient-CacheRefreshExecutor-0] Reading to [org.springframework.cloud.netflix.eureka.http.EurekaApplications]
2025-04-14 11:15:40,346 DEBUG o.s.c.l.CompositeLog [DiscoveryClient-HeartbeatExecutor-0] HTTP PUT http://localhost:8761/eureka/apps/USER-MANAGEMENT/Dev-MToaima.TradeNET.COM:user-management:8888?status=UP&lastDirtyTimestamp=1744621810068
2025-04-14 11:15:40,347 DEBUG o.s.c.l.CompositeLog [DiscoveryClient-HeartbeatExecutor-0] Accept=[application/json, application/*+json]
2025-04-14 11:15:40,362 DEBUG o.s.c.l.CompositeLog [DiscoveryClient-CacheRefreshExecutor-0] HTTP GET http://localhost:8761/eureka/apps/delta
2025-04-14 11:15:40,362 DEBUG o.s.c.l.CompositeLog [DiscoveryClient-CacheRefreshExecutor-0] Accept=[application/json, application/*+json]
2025-04-14 11:15:40,365 DEBUG o.s.c.l.CompositeLog [DiscoveryClient-HeartbeatExecutor-0] Response 200 OK
2025-04-14 11:15:40,380 DEBUG o.s.c.l.CompositeLog [DiscoveryClient-CacheRefreshExecutor-0] Response 200 OK
2025-04-14 11:15:40,381 DEBUG o.s.c.l.CompositeLog [DiscoveryClient-CacheRefreshExecutor-0] Reading to [org.springframework.cloud.netflix.eureka.http.EurekaApplications]
2025-04-14 11:16:10,372 DEBUG o.s.c.l.CompositeLog [DiscoveryClient-HeartbeatExecutor-0] HTTP PUT http://localhost:8761/eureka/apps/USER-MANAGEMENT/Dev-MToaima.TradeNET.COM:user-management:8888?status=UP&lastDirtyTimestamp=1744621810068
2025-04-14 11:16:10,373 DEBUG o.s.c.l.CompositeLog [DiscoveryClient-HeartbeatExecutor-0] Accept=[application/json, application/*+json]
2025-04-14 11:16:10,386 DEBUG o.s.c.l.CompositeLog [DiscoveryClient-CacheRefreshExecutor-0] HTTP GET http://localhost:8761/eureka/apps/delta
2025-04-14 11:16:10,387 DEBUG o.s.c.l.CompositeLog [DiscoveryClient-CacheRefreshExecutor-0] Accept=[application/json, application/*+json]
2025-04-14 11:16:10,390 DEBUG o.s.c.l.CompositeLog [DiscoveryClient-HeartbeatExecutor-0] Response 200 OK
2025-04-14 11:16:10,405 DEBUG o.s.c.l.CompositeLog [DiscoveryClient-CacheRefreshExecutor-0] Response 200 OK
2025-04-14 11:16:10,406 DEBUG o.s.c.l.CompositeLog [DiscoveryClient-CacheRefreshExecutor-0] Reading to [org.springframework.cloud.netflix.eureka.http.EurekaApplications]
2025-04-14 11:16:20,625 INFO o.a.j.l.DirectJDKLog [http-nio-8888-exec-1] Initializing Spring DispatcherServlet 'dispatcherServlet'
2025-04-14 11:16:20,626 INFO o.s.w.s.FrameworkServlet [http-nio-8888-exec-1] Initializing Servlet 'dispatcherServlet'
2025-04-14 11:16:20,626 DEBUG o.s.w.s.DispatcherServlet [http-nio-8888-exec-1] Detected StandardServletMultipartResolver
2025-04-14 11:16:20,626 DEBUG o.s.w.s.DispatcherServlet [http-nio-8888-exec-1] Detected AcceptHeaderLocaleResolver
2025-04-14 11:16:20,627 DEBUG o.s.w.s.DispatcherServlet [http-nio-8888-exec-1] Detected FixedThemeResolver
2025-04-14 11:16:20,628 DEBUG o.s.w.s.DispatcherServlet [http-nio-8888-exec-1] Detected org.springframework.web.servlet.view.DefaultRequestToViewNameTranslator@b73dac7
2025-04-14 11:16:20,628 DEBUG o.s.w.s.DispatcherServlet [http-nio-8888-exec-1] Detected org.springframework.web.servlet.support.SessionFlashMapManager@6a2ba8fa
2025-04-14 11:16:20,629 DEBUG o.s.w.s.FrameworkServlet [http-nio-8888-exec-1] enableLoggingRequestDetails='false': request parameters and headers will be masked to prevent unsafe logging of potentially sensitive data
2025-04-14 11:16:20,629 INFO o.s.w.s.FrameworkServlet [http-nio-8888-exec-1] Completed initialization in 3 ms
2025-04-14 11:16:20,681 INFO c.u.a.LoggingAspect [http-nio-8888-exec-1] =================> Method Name is >> getUserByEmail 
2025-04-14 11:16:20,681 INFO c.u.a.LoggingAspect [http-nio-8888-exec-1] ====> argument >> testAdmin@gmail.com
2025-04-14 11:16:20,684 INFO c.u.a.LoggingAspect [http-nio-8888-exec-1] =================> Method Name is >> findByEmail 
2025-04-14 11:16:20,685 INFO c.u.a.LoggingAspect [http-nio-8888-exec-1] ====> argument >> testAdmin@gmail.com
2025-04-14 11:16:20,819 DEBUG o.h.e.j.s.SqlStatementLogger [http-nio-8888-exec-1] 
    select
        ue1_0.id,
        ue1_0.created_by,
        ue1_0.created_date,
        ue1_0.email,
        ue1_0.failed_count,
        ue1_0.last_modified_by,
        ue1_0.last_modified_date,
        ue1_0.locked,
        ue1_0.mobile,
        ue1_0.name,
        ue1_0.organization_id,
        ue1_0.password,
        ue1_0.role_id 
    from
        users ue1_0 
    where
        ue1_0.email=?
2025-04-14 11:16:20,838 DEBUG o.h.e.j.s.SqlStatementLogger [http-nio-8888-exec-1] 
    select
        oe1_0.id,
        oe1_0.created_by,
        oe1_0.created_date,
        oe1_0.last_modified_by,
        oe1_0.last_modified_date,
        oe1_0.name 
    from
        organizations oe1_0 
    where
        oe1_0.id=?
2025-04-14 11:16:20,857 DEBUG o.h.e.j.s.SqlStatementLogger [http-nio-8888-exec-1] 
    select
        re1_0.id,
        re1_0.created_by,
        re1_0.created_date,
        re1_0.last_modified_by,
        re1_0.last_modified_date,
        re1_0.name 
    from
        roles re1_0 
    where
        re1_0.id=?
2025-04-14 11:16:20,864 INFO c.u.a.MeasurementAspect [http-nio-8888-exec-1] KPI[method-execution]	for: UserDTO com.user_organization_management.service.UserService.getUserByEmail(String)	withArgs: [testAdmin@gmail.com]	took: 182 ms. 
2025-04-14 11:16:20,864 INFO c.u.s.CustomUserDetailsService [http-nio-8888-exec-1] User testAdmin@gmail.com has role ROLE_ADMIN
2025-04-14 11:16:20,872 DEBUG o.s.c.l.LogFormatUtils [http-nio-8888-exec-1] GET "/organizations/18", parameters={}
2025-04-14 11:16:20,875 DEBUG o.s.w.s.h.AbstractHandlerMapping [http-nio-8888-exec-1] Mapped to com.user_organization_management.controller.OrganizationController#getOrganizationById(Long)
2025-04-14 11:16:20,893 INFO c.u.a.LoggingAspect [http-nio-8888-exec-1] =================> Method Name is >> getOrganizationById 
2025-04-14 11:16:20,894 INFO c.u.a.LoggingAspect [http-nio-8888-exec-1] ====> argument >> 18
2025-04-14 11:16:20,894 INFO c.u.a.LoggingAspect [http-nio-8888-exec-1] =================> Method Name is >> getOrganizationById 
2025-04-14 11:16:20,894 INFO c.u.a.LoggingAspect [http-nio-8888-exec-1] ====> argument >> 18
2025-04-14 11:16:20,894 INFO c.u.s.OrganizationService [http-nio-8888-exec-1] Fetching organization by ID: { %s }
2025-04-14 11:16:20,895 INFO c.u.a.LoggingAspect [http-nio-8888-exec-1] =================> Method Name is >> findById 
2025-04-14 11:16:20,895 INFO c.u.a.LoggingAspect [http-nio-8888-exec-1] ====> argument >> 18
2025-04-14 11:16:20,927 DEBUG o.h.e.j.s.SqlStatementLogger [http-nio-8888-exec-1] 
    select
        oe1_0.id,
        oe1_0.created_by,
        oe1_0.created_date,
        oe1_0.last_modified_by,
        oe1_0.last_modified_date,
        oe1_0.name 
    from
        organizations oe1_0 
    where
        oe1_0.id=?
2025-04-14 11:16:20,941 DEBUG o.s.w.s.m.m.a.ExceptionHandlerExceptionResolver [http-nio-8888-exec-1] Using @ExceptionHandler com.user_organization_management.exception.GlobalExceptionHandler#handleEntityNotFound(EntityNotFoundException)
2025-04-14 11:16:20,942 WARN c.u.e.ErrorResponseUtil [http-nio-8888-exec-1] EntityNotFoundException: Organization not found
2025-04-14 11:16:20,951 DEBUG o.s.w.s.m.m.a.AbstractMessageConverterMethodProcessor [http-nio-8888-exec-1] Using 'application/json', given [*/*] and supported [application/json, application/*+json]
2025-04-14 11:16:20,954 DEBUG o.s.c.l.LogFormatUtils [http-nio-8888-exec-1] Writing [com.user_organization_management.model.CustomErrorResponse@64d4a350]
2025-04-14 11:16:20,961 WARN o.s.w.s.h.AbstractHandlerExceptionResolver [http-nio-8888-exec-1] Resolved [com.user_organization_management.exception.EntityNotFoundException: Organization not found]
2025-04-14 11:16:20,968 DEBUG o.s.w.s.FrameworkServlet [http-nio-8888-exec-1] Completed 404 NOT_FOUND
2025-04-14 11:16:29,498 INFO c.u.a.LoggingAspect [http-nio-8888-exec-2] =================> Method Name is >> getUserByEmail 
2025-04-14 11:16:29,498 INFO c.u.a.LoggingAspect [http-nio-8888-exec-2] ====> argument >> testAdmin@gmail.com
2025-04-14 11:16:29,498 INFO c.u.a.LoggingAspect [http-nio-8888-exec-2] =================> Method Name is >> findByEmail 
2025-04-14 11:16:29,499 INFO c.u.a.LoggingAspect [http-nio-8888-exec-2] ====> argument >> testAdmin@gmail.com
2025-04-14 11:16:29,501 DEBUG o.h.e.j.s.SqlStatementLogger [http-nio-8888-exec-2] 
    select
        ue1_0.id,
        ue1_0.created_by,
        ue1_0.created_date,
        ue1_0.email,
        ue1_0.failed_count,
        ue1_0.last_modified_by,
        ue1_0.last_modified_date,
        ue1_0.locked,
        ue1_0.mobile,
        ue1_0.name,
        ue1_0.organization_id,
        ue1_0.password,
        ue1_0.role_id 
    from
        users ue1_0 
    where
        ue1_0.email=?
2025-04-14 11:16:29,507 DEBUG o.h.e.j.s.SqlStatementLogger [http-nio-8888-exec-2] 
    select
        oe1_0.id,
        oe1_0.created_by,
        oe1_0.created_date,
        oe1_0.last_modified_by,
        oe1_0.last_modified_date,
        oe1_0.name 
    from
        organizations oe1_0 
    where
        oe1_0.id=?
2025-04-14 11:16:29,510 DEBUG o.h.e.j.s.SqlStatementLogger [http-nio-8888-exec-2] 
    select
        re1_0.id,
        re1_0.created_by,
        re1_0.created_date,
        re1_0.last_modified_by,
        re1_0.last_modified_date,
        re1_0.name 
    from
        roles re1_0 
    where
        re1_0.id=?
2025-04-14 11:16:29,514 INFO c.u.a.MeasurementAspect [http-nio-8888-exec-2] KPI[method-execution]	for: UserDTO com.user_organization_management.service.UserService.getUserByEmail(String)	withArgs: [testAdmin@gmail.com]	took: 16 ms. 
2025-04-14 11:16:29,514 INFO c.u.s.CustomUserDetailsService [http-nio-8888-exec-2] User testAdmin@gmail.com has role ROLE_ADMIN
2025-04-14 11:16:29,517 DEBUG o.s.c.l.LogFormatUtils [http-nio-8888-exec-2] GET "/organizations/18", parameters={}
2025-04-14 11:16:29,517 DEBUG o.s.w.s.h.AbstractHandlerMapping [http-nio-8888-exec-2] Mapped to com.user_organization_management.controller.OrganizationController#getOrganizationById(Long)
2025-04-14 11:16:29,518 INFO c.u.a.LoggingAspect [http-nio-8888-exec-2] =================> Method Name is >> getOrganizationById 
2025-04-14 11:16:29,519 INFO c.u.a.LoggingAspect [http-nio-8888-exec-2] ====> argument >> 18
2025-04-14 11:16:29,519 INFO c.u.a.LoggingAspect [http-nio-8888-exec-2] =================> Method Name is >> getOrganizationById 
2025-04-14 11:16:29,519 INFO c.u.a.LoggingAspect [http-nio-8888-exec-2] ====> argument >> 18
2025-04-14 11:16:29,519 INFO c.u.s.OrganizationService [http-nio-8888-exec-2] Fetching organization by ID: { %s }
2025-04-14 11:16:29,519 INFO c.u.a.LoggingAspect [http-nio-8888-exec-2] =================> Method Name is >> findById 
2025-04-14 11:16:29,519 INFO c.u.a.LoggingAspect [http-nio-8888-exec-2] ====> argument >> 18
2025-04-14 11:16:29,525 DEBUG o.h.e.j.s.SqlStatementLogger [http-nio-8888-exec-2] 
    select
        oe1_0.id,
        oe1_0.created_by,
        oe1_0.created_date,
        oe1_0.last_modified_by,
        oe1_0.last_modified_date,
        oe1_0.name 
    from
        organizations oe1_0 
    where
        oe1_0.id=?
2025-04-14 11:16:29,532 DEBUG o.s.w.s.m.m.a.ExceptionHandlerExceptionResolver [http-nio-8888-exec-2] Using @ExceptionHandler com.user_organization_management.exception.GlobalExceptionHandler#handleEntityNotFound(EntityNotFoundException)
2025-04-14 11:16:29,532 WARN c.u.e.ErrorResponseUtil [http-nio-8888-exec-2] EntityNotFoundException: Organization not found
2025-04-14 11:16:29,533 DEBUG o.s.w.s.m.m.a.AbstractMessageConverterMethodProcessor [http-nio-8888-exec-2] Using 'application/json', given [*/*] and supported [application/json, application/*+json]
2025-04-14 11:16:29,533 DEBUG o.s.c.l.LogFormatUtils [http-nio-8888-exec-2] Writing [com.user_organization_management.model.CustomErrorResponse@30fe4b5c]
2025-04-14 11:16:29,534 WARN o.s.w.s.h.AbstractHandlerExceptionResolver [http-nio-8888-exec-2] Resolved [com.user_organization_management.exception.EntityNotFoundException: Organization not found]
2025-04-14 11:16:29,535 DEBUG o.s.w.s.FrameworkServlet [http-nio-8888-exec-2] Completed 404 NOT_FOUND
2025-04-14 11:16:40,402 DEBUG o.s.c.l.CompositeLog [DiscoveryClient-HeartbeatExecutor-0] HTTP PUT http://localhost:8761/eureka/apps/USER-MANAGEMENT/Dev-MToaima.TradeNET.COM:user-management:8888?status=UP&lastDirtyTimestamp=1744621810068
2025-04-14 11:16:40,403 DEBUG o.s.c.l.CompositeLog [DiscoveryClient-HeartbeatExecutor-0] Accept=[application/json, application/*+json]
2025-04-14 11:16:40,417 DEBUG o.s.c.l.CompositeLog [DiscoveryClient-CacheRefreshExecutor-0] HTTP GET http://localhost:8761/eureka/apps/delta
2025-04-14 11:16:40,418 DEBUG o.s.c.l.CompositeLog [DiscoveryClient-CacheRefreshExecutor-0] Accept=[application/json, application/*+json]
2025-04-14 11:16:40,420 DEBUG o.s.c.l.CompositeLog [DiscoveryClient-HeartbeatExecutor-0] Response 200 OK
2025-04-14 11:16:40,437 DEBUG o.s.c.l.CompositeLog [DiscoveryClient-CacheRefreshExecutor-0] Response 200 OK
2025-04-14 11:16:40,438 DEBUG o.s.c.l.CompositeLog [DiscoveryClient-CacheRefreshExecutor-0] Reading to [org.springframework.cloud.netflix.eureka.http.EurekaApplications]
2025-04-14 11:17:10,412 DEBUG o.s.c.l.CompositeLog [DiscoveryClient-HeartbeatExecutor-0] HTTP PUT http://localhost:8761/eureka/apps/USER-MANAGEMENT/Dev-MToaima.TradeNET.COM:user-management:8888?status=UP&lastDirtyTimestamp=1744621810068
2025-04-14 11:17:10,412 DEBUG o.s.c.l.CompositeLog [DiscoveryClient-HeartbeatExecutor-0] Accept=[application/json, application/*+json]
2025-04-14 11:17:10,428 DEBUG o.s.c.l.CompositeLog [DiscoveryClient-CacheRefreshExecutor-0] HTTP GET http://localhost:8761/eureka/apps/delta
2025-04-14 11:17:10,429 DEBUG o.s.c.l.CompositeLog [DiscoveryClient-CacheRefreshExecutor-0] Accept=[application/json, application/*+json]
2025-04-14 11:17:10,432 DEBUG o.s.c.l.CompositeLog [DiscoveryClient-HeartbeatExecutor-0] Response 200 OK
2025-04-14 11:17:10,447 DEBUG o.s.c.l.CompositeLog [DiscoveryClient-CacheRefreshExecutor-0] Response 200 OK
2025-04-14 11:17:10,448 DEBUG o.s.c.l.CompositeLog [DiscoveryClient-CacheRefreshExecutor-0] Reading to [org.springframework.cloud.netflix.eureka.http.EurekaApplications]
2025-04-14 11:17:40,413 DEBUG o.s.c.l.CompositeLog [DiscoveryClient-HeartbeatExecutor-0] HTTP PUT http://localhost:8761/eureka/apps/USER-MANAGEMENT/Dev-MToaima.TradeNET.COM:user-management:8888?status=UP&lastDirtyTimestamp=1744621810068
2025-04-14 11:17:40,413 DEBUG o.s.c.l.CompositeLog [DiscoveryClient-HeartbeatExecutor-0] Accept=[application/json, application/*+json]
2025-04-14 11:17:40,428 DEBUG o.s.c.l.CompositeLog [DiscoveryClient-CacheRefreshExecutor-0] HTTP GET http://localhost:8761/eureka/apps/delta
2025-04-14 11:17:40,429 DEBUG o.s.c.l.CompositeLog [DiscoveryClient-CacheRefreshExecutor-0] Accept=[application/json, application/*+json]
2025-04-14 11:17:40,431 DEBUG o.s.c.l.CompositeLog [DiscoveryClient-HeartbeatExecutor-0] Response 200 OK
2025-04-14 11:17:40,446 DEBUG o.s.c.l.CompositeLog [DiscoveryClient-CacheRefreshExecutor-0] Response 200 OK
2025-04-14 11:17:40,447 DEBUG o.s.c.l.CompositeLog [DiscoveryClient-CacheRefreshExecutor-0] Reading to [org.springframework.cloud.netflix.eureka.http.EurekaApplications]
2025-04-14 11:18:01,569 INFO c.u.a.LoggingAspect [http-nio-8888-exec-4] =================> Method Name is >> getUserByEmail 
2025-04-14 11:18:01,569 INFO c.u.a.LoggingAspect [http-nio-8888-exec-4] ====> argument >> testAdmin@gmail.com
2025-04-14 11:18:01,569 INFO c.u.a.LoggingAspect [http-nio-8888-exec-4] =================> Method Name is >> findByEmail 
2025-04-14 11:18:01,570 INFO c.u.a.LoggingAspect [http-nio-8888-exec-4] ====> argument >> testAdmin@gmail.com
2025-04-14 11:18:01,571 DEBUG o.h.e.j.s.SqlStatementLogger [http-nio-8888-exec-4] 
    select
        ue1_0.id,
        ue1_0.created_by,
        ue1_0.created_date,
        ue1_0.email,
        ue1_0.failed_count,
        ue1_0.last_modified_by,
        ue1_0.last_modified_date,
        ue1_0.locked,
        ue1_0.mobile,
        ue1_0.name,
        ue1_0.organization_id,
        ue1_0.password,
        ue1_0.role_id 
    from
        users ue1_0 
    where
        ue1_0.email=?
2025-04-14 11:18:01,577 DEBUG o.h.e.j.s.SqlStatementLogger [http-nio-8888-exec-4] 
    select
        oe1_0.id,
        oe1_0.created_by,
        oe1_0.created_date,
        oe1_0.last_modified_by,
        oe1_0.last_modified_date,
        oe1_0.name 
    from
        organizations oe1_0 
    where
        oe1_0.id=?
2025-04-14 11:18:01,580 DEBUG o.h.e.j.s.SqlStatementLogger [http-nio-8888-exec-4] 
    select
        re1_0.id,
        re1_0.created_by,
        re1_0.created_date,
        re1_0.last_modified_by,
        re1_0.last_modified_date,
        re1_0.name 
    from
        roles re1_0 
    where
        re1_0.id=?
2025-04-14 11:18:01,584 INFO c.u.a.MeasurementAspect [http-nio-8888-exec-4] KPI[method-execution]	for: UserDTO com.user_organization_management.service.UserService.getUserByEmail(String)	withArgs: [testAdmin@gmail.com]	took: 15 ms. 
2025-04-14 11:18:01,585 INFO c.u.s.CustomUserDetailsService [http-nio-8888-exec-4] User testAdmin@gmail.com has role ROLE_ADMIN
2025-04-14 11:18:01,588 DEBUG o.s.c.l.LogFormatUtils [http-nio-8888-exec-4] GET "/organizations/18", parameters={}
2025-04-14 11:18:01,589 DEBUG o.s.w.s.h.AbstractHandlerMapping [http-nio-8888-exec-4] Mapped to com.user_organization_management.controller.OrganizationController#getOrganizationById(Long)
2025-04-14 11:18:01,589 INFO c.u.a.LoggingAspect [http-nio-8888-exec-4] =================> Method Name is >> getOrganizationById 
2025-04-14 11:18:01,589 INFO c.u.a.LoggingAspect [http-nio-8888-exec-4] ====> argument >> 18
2025-04-14 11:18:01,589 INFO c.u.a.LoggingAspect [http-nio-8888-exec-4] =================> Method Name is >> getOrganizationById 
2025-04-14 11:18:01,590 INFO c.u.a.LoggingAspect [http-nio-8888-exec-4] ====> argument >> 18
2025-04-14 11:18:01,590 INFO c.u.s.OrganizationService [http-nio-8888-exec-4] Fetching organization by ID: { %s }
2025-04-14 11:18:01,590 INFO c.u.a.LoggingAspect [http-nio-8888-exec-4] =================> Method Name is >> findById 
2025-04-14 11:18:01,590 INFO c.u.a.LoggingAspect [http-nio-8888-exec-4] ====> argument >> 18
2025-04-14 11:18:01,596 DEBUG o.h.e.j.s.SqlStatementLogger [http-nio-8888-exec-4] 
    select
        oe1_0.id,
        oe1_0.created_by,
        oe1_0.created_date,
        oe1_0.last_modified_by,
        oe1_0.last_modified_date,
        oe1_0.name 
    from
        organizations oe1_0 
    where
        oe1_0.id=?
2025-04-14 11:18:01,605 DEBUG o.s.w.s.m.m.a.ExceptionHandlerExceptionResolver [http-nio-8888-exec-4] Using @ExceptionHandler com.user_organization_management.exception.GlobalExceptionHandler#handleEntityNotFound(EntityNotFoundException)
2025-04-14 11:18:01,605 WARN c.u.e.ErrorResponseUtil [http-nio-8888-exec-4] EntityNotFoundException: Organization not found
2025-04-14 11:18:01,605 DEBUG o.s.w.s.m.m.a.AbstractMessageConverterMethodProcessor [http-nio-8888-exec-4] Using 'application/json', given [*/*] and supported [application/json, application/*+json]
2025-04-14 11:18:01,605 DEBUG o.s.c.l.LogFormatUtils [http-nio-8888-exec-4] Writing [com.user_organization_management.model.CustomErrorResponse@67ae4201]
2025-04-14 11:18:01,607 WARN o.s.w.s.h.AbstractHandlerExceptionResolver [http-nio-8888-exec-4] Resolved [com.user_organization_management.exception.EntityNotFoundException: Organization not found]
2025-04-14 11:18:01,607 DEBUG o.s.w.s.FrameworkServlet [http-nio-8888-exec-4] Completed 404 NOT_FOUND
2025-04-14 11:18:02,372 INFO c.u.a.LoggingAspect [http-nio-8888-exec-5] =================> Method Name is >> getUserByEmail 
2025-04-14 11:18:02,372 INFO c.u.a.LoggingAspect [http-nio-8888-exec-5] ====> argument >> testAdmin@gmail.com
2025-04-14 11:18:02,372 INFO c.u.a.LoggingAspect [http-nio-8888-exec-5] =================> Method Name is >> findByEmail 
2025-04-14 11:18:02,372 INFO c.u.a.LoggingAspect [http-nio-8888-exec-5] ====> argument >> testAdmin@gmail.com
2025-04-14 11:18:02,381 DEBUG o.h.e.j.s.SqlStatementLogger [http-nio-8888-exec-5] 
    select
        ue1_0.id,
        ue1_0.created_by,
        ue1_0.created_date,
        ue1_0.email,
        ue1_0.failed_count,
        ue1_0.last_modified_by,
        ue1_0.last_modified_date,
        ue1_0.locked,
        ue1_0.mobile,
        ue1_0.name,
        ue1_0.organization_id,
        ue1_0.password,
        ue1_0.role_id 
    from
        users ue1_0 
    where
        ue1_0.email=?
2025-04-14 11:18:02,389 DEBUG o.h.e.j.s.SqlStatementLogger [http-nio-8888-exec-5] 
    select
        oe1_0.id,
        oe1_0.created_by,
        oe1_0.created_date,
        oe1_0.last_modified_by,
        oe1_0.last_modified_date,
        oe1_0.name 
    from
        organizations oe1_0 
    where
        oe1_0.id=?
2025-04-14 11:18:02,393 DEBUG o.h.e.j.s.SqlStatementLogger [http-nio-8888-exec-5] 
    select
        re1_0.id,
        re1_0.created_by,
        re1_0.created_date,
        re1_0.last_modified_by,
        re1_0.last_modified_date,
        re1_0.name 
    from
        roles re1_0 
    where
        re1_0.id=?
2025-04-14 11:18:02,396 INFO c.u.a.MeasurementAspect [http-nio-8888-exec-5] KPI[method-execution]	for: UserDTO com.user_organization_management.service.UserService.getUserByEmail(String)	withArgs: [testAdmin@gmail.com]	took: 24 ms. 
2025-04-14 11:18:02,396 INFO c.u.s.CustomUserDetailsService [http-nio-8888-exec-5] User testAdmin@gmail.com has role ROLE_ADMIN
2025-04-14 11:18:02,399 DEBUG o.s.c.l.LogFormatUtils [http-nio-8888-exec-5] GET "/organizations/18", parameters={}
2025-04-14 11:18:02,399 DEBUG o.s.w.s.h.AbstractHandlerMapping [http-nio-8888-exec-5] Mapped to com.user_organization_management.controller.OrganizationController#getOrganizationById(Long)
2025-04-14 11:18:02,399 INFO c.u.a.LoggingAspect [http-nio-8888-exec-5] =================> Method Name is >> getOrganizationById 
2025-04-14 11:18:02,399 INFO c.u.a.LoggingAspect [http-nio-8888-exec-5] ====> argument >> 18
2025-04-14 11:18:02,399 INFO c.u.a.LoggingAspect [http-nio-8888-exec-5] =================> Method Name is >> getOrganizationById 
2025-04-14 11:18:02,399 INFO c.u.a.LoggingAspect [http-nio-8888-exec-5] ====> argument >> 18
2025-04-14 11:18:02,399 INFO c.u.s.OrganizationService [http-nio-8888-exec-5] Fetching organization by ID: { %s }
2025-04-14 11:18:02,399 INFO c.u.a.LoggingAspect [http-nio-8888-exec-5] =================> Method Name is >> findById 
2025-04-14 11:18:02,399 INFO c.u.a.LoggingAspect [http-nio-8888-exec-5] ====> argument >> 18
2025-04-14 11:18:02,408 DEBUG o.h.e.j.s.SqlStatementLogger [http-nio-8888-exec-5] 
    select
        oe1_0.id,
        oe1_0.created_by,
        oe1_0.created_date,
        oe1_0.last_modified_by,
        oe1_0.last_modified_date,
        oe1_0.name 
    from
        organizations oe1_0 
    where
        oe1_0.id=?
2025-04-14 11:18:02,418 DEBUG o.s.w.s.m.m.a.ExceptionHandlerExceptionResolver [http-nio-8888-exec-5] Using @ExceptionHandler com.user_organization_management.exception.GlobalExceptionHandler#handleEntityNotFound(EntityNotFoundException)
2025-04-14 11:18:02,418 WARN c.u.e.ErrorResponseUtil [http-nio-8888-exec-5] EntityNotFoundException: Organization not found
2025-04-14 11:18:02,419 DEBUG o.s.w.s.m.m.a.AbstractMessageConverterMethodProcessor [http-nio-8888-exec-5] Using 'application/json', given [*/*] and supported [application/json, application/*+json]
2025-04-14 11:18:02,419 DEBUG o.s.c.l.LogFormatUtils [http-nio-8888-exec-5] Writing [com.user_organization_management.model.CustomErrorResponse@a5415eb]
2025-04-14 11:18:02,420 WARN o.s.w.s.h.AbstractHandlerExceptionResolver [http-nio-8888-exec-5] Resolved [com.user_organization_management.exception.EntityNotFoundException: Organization not found]
2025-04-14 11:18:02,421 DEBUG o.s.w.s.FrameworkServlet [http-nio-8888-exec-5] Completed 404 NOT_FOUND
2025-04-14 11:18:08,647 INFO c.u.a.LoggingAspect [http-nio-8888-exec-6] =================> Method Name is >> getUserByEmail 
2025-04-14 11:18:08,647 INFO c.u.a.LoggingAspect [http-nio-8888-exec-6] ====> argument >> testAdmin@gmail.com
2025-04-14 11:18:08,647 INFO c.u.a.LoggingAspect [http-nio-8888-exec-6] =================> Method Name is >> findByEmail 
2025-04-14 11:18:08,647 INFO c.u.a.LoggingAspect [http-nio-8888-exec-6] ====> argument >> testAdmin@gmail.com
2025-04-14 11:18:08,648 DEBUG o.h.e.j.s.SqlStatementLogger [http-nio-8888-exec-6] 
    select
        ue1_0.id,
        ue1_0.created_by,
        ue1_0.created_date,
        ue1_0.email,
        ue1_0.failed_count,
        ue1_0.last_modified_by,
        ue1_0.last_modified_date,
        ue1_0.locked,
        ue1_0.mobile,
        ue1_0.name,
        ue1_0.organization_id,
        ue1_0.password,
        ue1_0.role_id 
    from
        users ue1_0 
    where
        ue1_0.email=?
2025-04-14 11:18:08,654 DEBUG o.h.e.j.s.SqlStatementLogger [http-nio-8888-exec-6] 
    select
        oe1_0.id,
        oe1_0.created_by,
        oe1_0.created_date,
        oe1_0.last_modified_by,
        oe1_0.last_modified_date,
        oe1_0.name 
    from
        organizations oe1_0 
    where
        oe1_0.id=?
2025-04-14 11:18:08,659 DEBUG o.h.e.j.s.SqlStatementLogger [http-nio-8888-exec-6] 
    select
        re1_0.id,
        re1_0.created_by,
        re1_0.created_date,
        re1_0.last_modified_by,
        re1_0.last_modified_date,
        re1_0.name 
    from
        roles re1_0 
    where
        re1_0.id=?
2025-04-14 11:18:08,663 INFO c.u.a.MeasurementAspect [http-nio-8888-exec-6] KPI[method-execution]	for: UserDTO com.user_organization_management.service.UserService.getUserByEmail(String)	withArgs: [testAdmin@gmail.com]	took: 16 ms. 
2025-04-14 11:18:08,663 INFO c.u.s.CustomUserDetailsService [http-nio-8888-exec-6] User testAdmin@gmail.com has role ROLE_ADMIN
2025-04-14 11:18:08,665 DEBUG o.s.c.l.LogFormatUtils [http-nio-8888-exec-6] GET "/organizations/18", parameters={}
2025-04-14 11:18:08,666 DEBUG o.s.w.s.h.AbstractHandlerMapping [http-nio-8888-exec-6] Mapped to com.user_organization_management.controller.OrganizationController#getOrganizationById(Long)
2025-04-14 11:18:08,666 INFO c.u.a.LoggingAspect [http-nio-8888-exec-6] =================> Method Name is >> getOrganizationById 
2025-04-14 11:18:08,666 INFO c.u.a.LoggingAspect [http-nio-8888-exec-6] ====> argument >> 18
2025-04-14 11:18:08,666 INFO c.u.a.LoggingAspect [http-nio-8888-exec-6] =================> Method Name is >> getOrganizationById 
2025-04-14 11:18:08,666 INFO c.u.a.LoggingAspect [http-nio-8888-exec-6] ====> argument >> 18
2025-04-14 11:18:08,666 INFO c.u.s.OrganizationService [http-nio-8888-exec-6] Fetching organization by ID: { %s }
2025-04-14 11:18:08,666 INFO c.u.a.LoggingAspect [http-nio-8888-exec-6] =================> Method Name is >> findById 
2025-04-14 11:18:08,666 INFO c.u.a.LoggingAspect [http-nio-8888-exec-6] ====> argument >> 18
2025-04-14 11:18:08,672 DEBUG o.h.e.j.s.SqlStatementLogger [http-nio-8888-exec-6] 
    select
        oe1_0.id,
        oe1_0.created_by,
        oe1_0.created_date,
        oe1_0.last_modified_by,
        oe1_0.last_modified_date,
        oe1_0.name 
    from
        organizations oe1_0 
    where
        oe1_0.id=?
2025-04-14 11:18:08,681 DEBUG o.s.w.s.m.m.a.ExceptionHandlerExceptionResolver [http-nio-8888-exec-6] Using @ExceptionHandler com.user_organization_management.exception.GlobalExceptionHandler#handleEntityNotFound(EntityNotFoundException)
2025-04-14 11:18:08,681 WARN c.u.e.ErrorResponseUtil [http-nio-8888-exec-6] EntityNotFoundException: Organization not found
2025-04-14 11:18:08,681 DEBUG o.s.w.s.m.m.a.AbstractMessageConverterMethodProcessor [http-nio-8888-exec-6] Using 'application/json', given [*/*] and supported [application/json, application/*+json]
2025-04-14 11:18:08,682 DEBUG o.s.c.l.LogFormatUtils [http-nio-8888-exec-6] Writing [com.user_organization_management.model.CustomErrorResponse@de9c8c9]
2025-04-14 11:18:08,682 WARN o.s.w.s.h.AbstractHandlerExceptionResolver [http-nio-8888-exec-6] Resolved [com.user_organization_management.exception.EntityNotFoundException: Organization not found]
2025-04-14 11:18:08,683 DEBUG o.s.w.s.FrameworkServlet [http-nio-8888-exec-6] Completed 404 NOT_FOUND
2025-04-14 11:18:10,409 DEBUG o.s.c.l.CompositeLog [DiscoveryClient-HeartbeatExecutor-0] HTTP PUT http://localhost:8761/eureka/apps/USER-MANAGEMENT/Dev-MToaima.TradeNET.COM:user-management:8888?status=UP&lastDirtyTimestamp=1744621810068
2025-04-14 11:18:10,410 DEBUG o.s.c.l.CompositeLog [DiscoveryClient-HeartbeatExecutor-0] Accept=[application/json, application/*+json]
2025-04-14 11:18:10,423 DEBUG o.s.c.l.CompositeLog [DiscoveryClient-CacheRefreshExecutor-0] HTTP GET http://localhost:8761/eureka/apps/delta
2025-04-14 11:18:10,424 DEBUG o.s.c.l.CompositeLog [DiscoveryClient-CacheRefreshExecutor-0] Accept=[application/json, application/*+json]
2025-04-14 11:18:10,427 DEBUG o.s.c.l.CompositeLog [DiscoveryClient-HeartbeatExecutor-0] Response 200 OK
2025-04-14 11:18:10,441 DEBUG o.s.c.l.CompositeLog [DiscoveryClient-CacheRefreshExecutor-0] Response 200 OK
2025-04-14 11:18:10,441 DEBUG o.s.c.l.CompositeLog [DiscoveryClient-CacheRefreshExecutor-0] Reading to [org.springframework.cloud.netflix.eureka.http.EurekaApplications]
2025-04-14 11:18:40,414 DEBUG o.s.c.l.CompositeLog [DiscoveryClient-HeartbeatExecutor-0] HTTP PUT http://localhost:8761/eureka/apps/USER-MANAGEMENT/Dev-MToaima.TradeNET.COM:user-management:8888?status=UP&lastDirtyTimestamp=1744621810068
2025-04-14 11:18:40,414 DEBUG o.s.c.l.CompositeLog [DiscoveryClient-HeartbeatExecutor-0] Accept=[application/json, application/*+json]
2025-04-14 11:18:40,429 DEBUG o.s.c.l.CompositeLog [DiscoveryClient-CacheRefreshExecutor-0] HTTP GET http://localhost:8761/eureka/apps/delta
2025-04-14 11:18:40,429 DEBUG o.s.c.l.CompositeLog [DiscoveryClient-CacheRefreshExecutor-0] Accept=[application/json, application/*+json]
2025-04-14 11:18:40,432 DEBUG o.s.c.l.CompositeLog [DiscoveryClient-HeartbeatExecutor-0] Response 200 OK
2025-04-14 11:18:40,447 DEBUG o.s.c.l.CompositeLog [DiscoveryClient-CacheRefreshExecutor-0] Response 200 OK
2025-04-14 11:18:40,448 DEBUG o.s.c.l.CompositeLog [DiscoveryClient-CacheRefreshExecutor-0] Reading to [org.springframework.cloud.netflix.eureka.http.EurekaApplications]
2025-04-14 11:19:10,409 DEBUG o.s.c.l.CompositeLog [DiscoveryClient-HeartbeatExecutor-0] HTTP PUT http://localhost:8761/eureka/apps/USER-MANAGEMENT/Dev-MToaima.TradeNET.COM:user-management:8888?status=UP&lastDirtyTimestamp=1744621810068
2025-04-14 11:19:10,410 DEBUG o.s.c.l.CompositeLog [DiscoveryClient-HeartbeatExecutor-0] Accept=[application/json, application/*+json]
2025-04-14 11:19:10,425 DEBUG o.s.c.l.CompositeLog [DiscoveryClient-CacheRefreshExecutor-0] HTTP GET http://localhost:8761/eureka/apps/delta
2025-04-14 11:19:10,425 DEBUG o.s.c.l.CompositeLog [DiscoveryClient-CacheRefreshExecutor-0] Accept=[application/json, application/*+json]
2025-04-14 11:19:10,427 DEBUG o.s.c.l.CompositeLog [DiscoveryClient-HeartbeatExecutor-0] Response 200 OK
2025-04-14 11:19:10,442 DEBUG o.s.c.l.CompositeLog [DiscoveryClient-CacheRefreshExecutor-0] Response 200 OK
2025-04-14 11:19:10,442 DEBUG o.s.c.l.CompositeLog [DiscoveryClient-CacheRefreshExecutor-0] Reading to [org.springframework.cloud.netflix.eureka.http.EurekaApplications]
2025-04-14 11:19:22,782 INFO c.u.a.LoggingAspect [http-nio-8888-exec-8] =================> Method Name is >> getUserByEmail 
2025-04-14 11:19:22,783 INFO c.u.a.LoggingAspect [http-nio-8888-exec-8] ====> argument >> testAdmin@gmail.com
2025-04-14 11:19:22,783 INFO c.u.a.LoggingAspect [http-nio-8888-exec-8] =================> Method Name is >> findByEmail 
2025-04-14 11:19:22,783 INFO c.u.a.LoggingAspect [http-nio-8888-exec-8] ====> argument >> testAdmin@gmail.com
2025-04-14 11:19:22,784 DEBUG o.h.e.j.s.SqlStatementLogger [http-nio-8888-exec-8] 
    select
        ue1_0.id,
        ue1_0.created_by,
        ue1_0.created_date,
        ue1_0.email,
        ue1_0.failed_count,
        ue1_0.last_modified_by,
        ue1_0.last_modified_date,
        ue1_0.locked,
        ue1_0.mobile,
        ue1_0.name,
        ue1_0.organization_id,
        ue1_0.password,
        ue1_0.role_id 
    from
        users ue1_0 
    where
        ue1_0.email=?
2025-04-14 11:19:22,789 DEBUG o.h.e.j.s.SqlStatementLogger [http-nio-8888-exec-8] 
    select
        oe1_0.id,
        oe1_0.created_by,
        oe1_0.created_date,
        oe1_0.last_modified_by,
        oe1_0.last_modified_date,
        oe1_0.name 
    from
        organizations oe1_0 
    where
        oe1_0.id=?
2025-04-14 11:19:22,794 DEBUG o.h.e.j.s.SqlStatementLogger [http-nio-8888-exec-8] 
    select
        re1_0.id,
        re1_0.created_by,
        re1_0.created_date,
        re1_0.last_modified_by,
        re1_0.last_modified_date,
        re1_0.name 
    from
        roles re1_0 
    where
        re1_0.id=?
2025-04-14 11:19:22,799 INFO c.u.a.MeasurementAspect [http-nio-8888-exec-8] KPI[method-execution]	for: UserDTO com.user_organization_management.service.UserService.getUserByEmail(String)	withArgs: [testAdmin@gmail.com]	took: 16 ms. 
2025-04-14 11:19:22,799 INFO c.u.s.CustomUserDetailsService [http-nio-8888-exec-8] User testAdmin@gmail.com has role ROLE_ADMIN
2025-04-14 11:19:22,802 DEBUG o.s.c.l.LogFormatUtils [http-nio-8888-exec-8] GET "/organizations/18", parameters={}
2025-04-14 11:19:22,803 DEBUG o.s.w.s.h.AbstractHandlerMapping [http-nio-8888-exec-8] Mapped to com.user_organization_management.controller.OrganizationController#getOrganizationById(Long)
2025-04-14 11:19:22,803 INFO c.u.a.LoggingAspect [http-nio-8888-exec-8] =================> Method Name is >> getOrganizationById 
2025-04-14 11:19:22,803 INFO c.u.a.LoggingAspect [http-nio-8888-exec-8] ====> argument >> 18
2025-04-14 11:19:22,804 INFO c.u.a.LoggingAspect [http-nio-8888-exec-8] =================> Method Name is >> getOrganizationById 
2025-04-14 11:19:22,804 INFO c.u.a.LoggingAspect [http-nio-8888-exec-8] ====> argument >> 18
2025-04-14 11:19:22,804 INFO c.u.s.OrganizationService [http-nio-8888-exec-8] Fetching organization by ID: { %s }
2025-04-14 11:19:22,804 INFO c.u.a.LoggingAspect [http-nio-8888-exec-8] =================> Method Name is >> findById 
2025-04-14 11:19:22,804 INFO c.u.a.LoggingAspect [http-nio-8888-exec-8] ====> argument >> 18
2025-04-14 11:19:22,810 DEBUG o.h.e.j.s.SqlStatementLogger [http-nio-8888-exec-8] 
    select
        oe1_0.id,
        oe1_0.created_by,
        oe1_0.created_date,
        oe1_0.last_modified_by,
        oe1_0.last_modified_date,
        oe1_0.name 
    from
        organizations oe1_0 
    where
        oe1_0.id=?
2025-04-14 11:19:22,819 DEBUG o.s.w.s.m.m.a.ExceptionHandlerExceptionResolver [http-nio-8888-exec-8] Using @ExceptionHandler com.user_organization_management.exception.GlobalExceptionHandler#handleEntityNotFound(EntityNotFoundException)
2025-04-14 11:19:22,820 WARN c.u.e.ErrorResponseUtil [http-nio-8888-exec-8] EntityNotFoundException: Organization not found
2025-04-14 11:19:22,821 DEBUG o.s.w.s.m.m.a.AbstractMessageConverterMethodProcessor [http-nio-8888-exec-8] Using 'application/json', given [*/*] and supported [application/json, application/*+json]
2025-04-14 11:19:22,821 DEBUG o.s.c.l.LogFormatUtils [http-nio-8888-exec-8] Writing [com.user_organization_management.model.CustomErrorResponse@7961b1d1]
2025-04-14 11:19:22,822 WARN o.s.w.s.h.AbstractHandlerExceptionResolver [http-nio-8888-exec-8] Resolved [com.user_organization_management.exception.EntityNotFoundException: Organization not found]
2025-04-14 11:19:22,823 DEBUG o.s.w.s.FrameworkServlet [http-nio-8888-exec-8] Completed 404 NOT_FOUND
2025-04-14 11:19:40,400 DEBUG o.s.c.l.CompositeLog [DiscoveryClient-HeartbeatExecutor-0] HTTP PUT http://localhost:8761/eureka/apps/USER-MANAGEMENT/Dev-MToaima.TradeNET.COM:user-management:8888?status=UP&lastDirtyTimestamp=1744621810068
2025-04-14 11:19:40,400 DEBUG o.s.c.l.CompositeLog [DiscoveryClient-HeartbeatExecutor-0] Accept=[application/json, application/*+json]
2025-04-14 11:19:40,416 DEBUG o.s.c.l.CompositeLog [DiscoveryClient-CacheRefreshExecutor-0] HTTP GET http://localhost:8761/eureka/apps/delta
2025-04-14 11:19:40,417 DEBUG o.s.c.l.CompositeLog [DiscoveryClient-CacheRefreshExecutor-0] Accept=[application/json, application/*+json]
2025-04-14 11:19:40,419 DEBUG o.s.c.l.CompositeLog [DiscoveryClient-HeartbeatExecutor-0] Response 200 OK
2025-04-14 11:19:40,433 DEBUG o.s.c.l.CompositeLog [DiscoveryClient-CacheRefreshExecutor-0] Response 200 OK
2025-04-14 11:19:40,433 DEBUG o.s.c.l.CompositeLog [DiscoveryClient-CacheRefreshExecutor-0] Reading to [org.springframework.cloud.netflix.eureka.http.EurekaApplications]
2025-04-14 11:19:42,651 DEBUG o.s.c.l.LogFormatUtils [http-nio-8888-exec-10] POST "/auth/login", parameters={}
2025-04-14 11:19:42,652 DEBUG o.s.w.s.h.AbstractHandlerMapping [http-nio-8888-exec-10] Mapped to com.user_organization_management.controller.AuthController#login(AuthRequest)
2025-04-14 11:19:42,657 DEBUG o.s.c.l.LogFormatUtils [http-nio-8888-exec-10] Read "application/json;charset=UTF-8" to [com.user_organization_management.model.AuthRequest@1e6c24d3]
2025-04-14 11:19:42,660 INFO c.u.a.LoggingAspect [http-nio-8888-exec-10] =================> Method Name is >> login 
2025-04-14 11:19:42,660 INFO c.u.a.LoggingAspect [http-nio-8888-exec-10] ====> argument >> com.user_organization_management.model.AuthRequest@1e6c24d3
2025-04-14 11:19:42,660 INFO c.u.a.LoggingAspect [http-nio-8888-exec-10] =================> Method Name is >> login 
2025-04-14 11:19:42,661 INFO c.u.a.LoggingAspect [http-nio-8888-exec-10] ====> argument >> com.user_organization_management.model.AuthRequest@1e6c24d3
2025-04-14 11:19:42,661 INFO c.u.a.LoggingAspect [http-nio-8888-exec-10] =================> Method Name is >> disableLogin 
2025-04-14 11:19:42,661 INFO c.u.a.LoggingAspect [http-nio-8888-exec-10] ====> argument >> testAdmin@gmail.com
2025-04-14 11:19:42,662 INFO c.u.a.LoggingAspect [http-nio-8888-exec-10] =================> Method Name is >> findByEmail 
2025-04-14 11:19:42,663 INFO c.u.a.LoggingAspect [http-nio-8888-exec-10] ====> argument >> testAdmin@gmail.com
2025-04-14 11:19:42,664 DEBUG o.h.e.j.s.SqlStatementLogger [http-nio-8888-exec-10] 
    select
        ue1_0.id,
        ue1_0.created_by,
        ue1_0.created_date,
        ue1_0.email,
        ue1_0.failed_count,
        ue1_0.last_modified_by,
        ue1_0.last_modified_date,
        ue1_0.locked,
        ue1_0.mobile,
        ue1_0.name,
        ue1_0.organization_id,
        ue1_0.password,
        ue1_0.role_id 
    from
        users ue1_0 
    where
        ue1_0.email=?
2025-04-14 11:19:42,671 DEBUG o.h.e.j.s.SqlStatementLogger [http-nio-8888-exec-10] 
    select
        oe1_0.id,
        oe1_0.created_by,
        oe1_0.created_date,
        oe1_0.last_modified_by,
        oe1_0.last_modified_date,
        oe1_0.name 
    from
        organizations oe1_0 
    where
        oe1_0.id=?
2025-04-14 11:19:42,675 DEBUG o.h.e.j.s.SqlStatementLogger [http-nio-8888-exec-10] 
    select
        re1_0.id,
        re1_0.created_by,
        re1_0.created_date,
        re1_0.last_modified_by,
        re1_0.last_modified_date,
        re1_0.name 
    from
        roles re1_0 
    where
        re1_0.id=?
2025-04-14 11:19:42,679 INFO c.u.a.MeasurementAspect [http-nio-8888-exec-10] KPI[method-execution]	for: void com.user_organization_management.service.UserService.disableLogin(String)	withArgs: [testAdmin@gmail.com]	took: 17 ms. 
2025-04-14 11:19:42,785 INFO c.u.a.LoggingAspect [http-nio-8888-exec-10] =================> Method Name is >> getUserByEmail 
2025-04-14 11:19:42,785 INFO c.u.a.LoggingAspect [http-nio-8888-exec-10] ====> argument >> testAdmin@gmail.com
2025-04-14 11:19:42,785 INFO c.u.a.LoggingAspect [http-nio-8888-exec-10] =================> Method Name is >> findByEmail 
2025-04-14 11:19:42,785 INFO c.u.a.LoggingAspect [http-nio-8888-exec-10] ====> argument >> testAdmin@gmail.com
2025-04-14 11:19:42,786 DEBUG o.h.e.j.s.SqlStatementLogger [http-nio-8888-exec-10] 
    select
        ue1_0.id,
        ue1_0.created_by,
        ue1_0.created_date,
        ue1_0.email,
        ue1_0.failed_count,
        ue1_0.last_modified_by,
        ue1_0.last_modified_date,
        ue1_0.locked,
        ue1_0.mobile,
        ue1_0.name,
        ue1_0.organization_id,
        ue1_0.password,
        ue1_0.role_id 
    from
        users ue1_0 
    where
        ue1_0.email=?
2025-04-14 11:19:42,791 INFO c.u.a.MeasurementAspect [http-nio-8888-exec-10] KPI[method-execution]	for: UserDTO com.user_organization_management.service.UserService.getUserByEmail(String)	withArgs: [testAdmin@gmail.com]	took: 6 ms. 
2025-04-14 11:19:42,791 INFO c.u.s.CustomUserDetailsService [http-nio-8888-exec-10] User testAdmin@gmail.com has role ROLE_ADMIN
2025-04-14 11:19:42,858 INFO c.u.a.LoggingAspect [http-nio-8888-exec-10] =================> Method Name is >> resetFailedLoginAttempts 
2025-04-14 11:19:42,858 INFO c.u.a.LoggingAspect [http-nio-8888-exec-10] ====> argument >> testAdmin@gmail.com
2025-04-14 11:19:42,860 INFO c.u.a.LoggingAspect [http-nio-8888-exec-10] =================> Method Name is >> findByEmail 
2025-04-14 11:19:42,860 INFO c.u.a.LoggingAspect [http-nio-8888-exec-10] ====> argument >> testAdmin@gmail.com
2025-04-14 11:19:42,860 DEBUG o.h.e.j.s.SqlStatementLogger [http-nio-8888-exec-10] 
    select
        ue1_0.id,
        ue1_0.created_by,
        ue1_0.created_date,
        ue1_0.email,
        ue1_0.failed_count,
        ue1_0.last_modified_by,
        ue1_0.last_modified_date,
        ue1_0.locked,
        ue1_0.mobile,
        ue1_0.name,
        ue1_0.organization_id,
        ue1_0.password,
        ue1_0.role_id 
    from
        users ue1_0 
    where
        ue1_0.email=?
2025-04-14 11:19:42,866 INFO c.u.a.MeasurementAspect [http-nio-8888-exec-10] KPI[method-execution]	for: void com.user_organization_management.service.UserService.resetFailedLoginAttempts(String)	withArgs: [testAdmin@gmail.com]	took: 6 ms. 
2025-04-14 11:19:42,867 INFO c.u.a.LoggingAspect [http-nio-8888-exec-10] =================> Method Name is >> getUserByEmail 
2025-04-14 11:19:42,867 INFO c.u.a.LoggingAspect [http-nio-8888-exec-10] ====> argument >> testAdmin@gmail.com
2025-04-14 11:19:42,867 INFO c.u.a.LoggingAspect [http-nio-8888-exec-10] =================> Method Name is >> findByEmail 
2025-04-14 11:19:42,867 INFO c.u.a.LoggingAspect [http-nio-8888-exec-10] ====> argument >> testAdmin@gmail.com
2025-04-14 11:19:42,868 DEBUG o.h.e.j.s.SqlStatementLogger [http-nio-8888-exec-10] 
    select
        ue1_0.id,
        ue1_0.created_by,
        ue1_0.created_date,
        ue1_0.email,
        ue1_0.failed_count,
        ue1_0.last_modified_by,
        ue1_0.last_modified_date,
        ue1_0.locked,
        ue1_0.mobile,
        ue1_0.name,
        ue1_0.organization_id,
        ue1_0.password,
        ue1_0.role_id 
    from
        users ue1_0 
    where
        ue1_0.email=?
2025-04-14 11:19:42,872 INFO c.u.a.MeasurementAspect [http-nio-8888-exec-10] KPI[method-execution]	for: UserDTO com.user_organization_management.service.UserService.getUserByEmail(String)	withArgs: [testAdmin@gmail.com]	took: 5 ms. 
2025-04-14 11:19:42,873 INFO c.u.s.CustomUserDetailsService [http-nio-8888-exec-10] User testAdmin@gmail.com has role ROLE_ADMIN
2025-04-14 11:19:42,888 INFO c.u.a.MeasurementAspect [http-nio-8888-exec-10] KPI[method-execution]	for: Map com.user_organization_management.service.AuthService.login(AuthRequest)	withArgs: [com.user_organization_management.model.AuthRequest@1e6c24d3]	took: 227 ms. 
2025-04-14 11:19:42,889 DEBUG o.s.w.s.m.m.a.AbstractMessageConverterMethodProcessor [http-nio-8888-exec-10] Using 'application/json', given [*/*] and supported [application/json, application/*+json]
2025-04-14 11:19:42,890 DEBUG o.s.c.l.LogFormatUtils [http-nio-8888-exec-10] Writing [{token=eyJhbGciOiJIUzI1NiJ9.eyJzdWIiOiJ0ZXN0QWRtaW5AZ21haWwuY29tIiwiaWF0IjoxNzQ0NjIyMzgyLCJleHAiOjE3 (truncated)...]
2025-04-14 11:19:42,892 DEBUG o.s.w.s.FrameworkServlet [http-nio-8888-exec-10] Completed 200 OK
2025-04-14 11:20:02,068 DEBUG o.s.c.l.LogFormatUtils [http-nio-8888-exec-1] POST "/auth/login", parameters={}
2025-04-14 11:20:02,069 DEBUG o.s.w.s.h.AbstractHandlerMapping [http-nio-8888-exec-1] Mapped to com.user_organization_management.controller.AuthController#login(AuthRequest)
2025-04-14 11:20:02,070 DEBUG o.s.c.l.LogFormatUtils [http-nio-8888-exec-1] Read "application/json;charset=UTF-8" to [com.user_organization_management.model.AuthRequest@3f5559dc]
2025-04-14 11:20:02,070 INFO c.u.a.LoggingAspect [http-nio-8888-exec-1] =================> Method Name is >> login 
2025-04-14 11:20:02,071 INFO c.u.a.LoggingAspect [http-nio-8888-exec-1] ====> argument >> com.user_organization_management.model.AuthRequest@3f5559dc
2025-04-14 11:20:02,071 INFO c.u.a.LoggingAspect [http-nio-8888-exec-1] =================> Method Name is >> login 
2025-04-14 11:20:02,071 INFO c.u.a.LoggingAspect [http-nio-8888-exec-1] ====> argument >> com.user_organization_management.model.AuthRequest@3f5559dc
2025-04-14 11:20:02,071 INFO c.u.a.LoggingAspect [http-nio-8888-exec-1] =================> Method Name is >> disableLogin 
2025-04-14 11:20:02,071 INFO c.u.a.LoggingAspect [http-nio-8888-exec-1] ====> argument >> testAdmin@gmail.com
2025-04-14 11:20:02,071 INFO c.u.a.LoggingAspect [http-nio-8888-exec-1] =================> Method Name is >> findByEmail 
2025-04-14 11:20:02,071 INFO c.u.a.LoggingAspect [http-nio-8888-exec-1] ====> argument >> testAdmin@gmail.com
2025-04-14 11:20:02,072 DEBUG o.h.e.j.s.SqlStatementLogger [http-nio-8888-exec-1] 
    select
        ue1_0.id,
        ue1_0.created_by,
        ue1_0.created_date,
        ue1_0.email,
        ue1_0.failed_count,
        ue1_0.last_modified_by,
        ue1_0.last_modified_date,
        ue1_0.locked,
        ue1_0.mobile,
        ue1_0.name,
        ue1_0.organization_id,
        ue1_0.password,
        ue1_0.role_id 
    from
        users ue1_0 
    where
        ue1_0.email=?
2025-04-14 11:20:02,077 DEBUG o.h.e.j.s.SqlStatementLogger [http-nio-8888-exec-1] 
    select
        oe1_0.id,
        oe1_0.created_by,
        oe1_0.created_date,
        oe1_0.last_modified_by,
        oe1_0.last_modified_date,
        oe1_0.name 
    from
        organizations oe1_0 
    where
        oe1_0.id=?
2025-04-14 11:20:02,080 DEBUG o.h.e.j.s.SqlStatementLogger [http-nio-8888-exec-1] 
    select
        re1_0.id,
        re1_0.created_by,
        re1_0.created_date,
        re1_0.last_modified_by,
        re1_0.last_modified_date,
        re1_0.name 
    from
        roles re1_0 
    where
        re1_0.id=?
2025-04-14 11:20:02,084 INFO c.u.a.MeasurementAspect [http-nio-8888-exec-1] KPI[method-execution]	for: void com.user_organization_management.service.UserService.disableLogin(String)	withArgs: [testAdmin@gmail.com]	took: 13 ms. 
2025-04-14 11:20:02,084 INFO c.u.a.LoggingAspect [http-nio-8888-exec-1] =================> Method Name is >> getUserByEmail 
2025-04-14 11:20:02,084 INFO c.u.a.LoggingAspect [http-nio-8888-exec-1] ====> argument >> testAdmin@gmail.com
2025-04-14 11:20:02,084 INFO c.u.a.LoggingAspect [http-nio-8888-exec-1] =================> Method Name is >> findByEmail 
2025-04-14 11:20:02,084 INFO c.u.a.LoggingAspect [http-nio-8888-exec-1] ====> argument >> testAdmin@gmail.com
2025-04-14 11:20:02,085 DEBUG o.h.e.j.s.SqlStatementLogger [http-nio-8888-exec-1] 
    select
        ue1_0.id,
        ue1_0.created_by,
        ue1_0.created_date,
        ue1_0.email,
        ue1_0.failed_count,
        ue1_0.last_modified_by,
        ue1_0.last_modified_date,
        ue1_0.locked,
        ue1_0.mobile,
        ue1_0.name,
        ue1_0.organization_id,
        ue1_0.password,
        ue1_0.role_id 
    from
        users ue1_0 
    where
        ue1_0.email=?
2025-04-14 11:20:02,088 INFO c.u.a.MeasurementAspect [http-nio-8888-exec-1] KPI[method-execution]	for: UserDTO com.user_organization_management.service.UserService.getUserByEmail(String)	withArgs: [testAdmin@gmail.com]	took: 4 ms. 
2025-04-14 11:20:02,089 INFO c.u.s.CustomUserDetailsService [http-nio-8888-exec-1] User testAdmin@gmail.com has role ROLE_ADMIN
2025-04-14 11:20:02,163 INFO c.u.a.LoggingAspect [http-nio-8888-exec-1] =================> Method Name is >> resetFailedLoginAttempts 
2025-04-14 11:20:02,164 INFO c.u.a.LoggingAspect [http-nio-8888-exec-1] ====> argument >> testAdmin@gmail.com
2025-04-14 11:20:02,164 INFO c.u.a.LoggingAspect [http-nio-8888-exec-1] =================> Method Name is >> findByEmail 
2025-04-14 11:20:02,164 INFO c.u.a.LoggingAspect [http-nio-8888-exec-1] ====> argument >> testAdmin@gmail.com
2025-04-14 11:20:02,165 DEBUG o.h.e.j.s.SqlStatementLogger [http-nio-8888-exec-1] 
    select
        ue1_0.id,
        ue1_0.created_by,
        ue1_0.created_date,
        ue1_0.email,
        ue1_0.failed_count,
        ue1_0.last_modified_by,
        ue1_0.last_modified_date,
        ue1_0.locked,
        ue1_0.mobile,
        ue1_0.name,
        ue1_0.organization_id,
        ue1_0.password,
        ue1_0.role_id 
    from
        users ue1_0 
    where
        ue1_0.email=?
2025-04-14 11:20:02,169 INFO c.u.a.MeasurementAspect [http-nio-8888-exec-1] KPI[method-execution]	for: void com.user_organization_management.service.UserService.resetFailedLoginAttempts(String)	withArgs: [testAdmin@gmail.com]	took: 5 ms. 
2025-04-14 11:20:02,170 INFO c.u.a.LoggingAspect [http-nio-8888-exec-1] =================> Method Name is >> getUserByEmail 
2025-04-14 11:20:02,170 INFO c.u.a.LoggingAspect [http-nio-8888-exec-1] ====> argument >> testAdmin@gmail.com
2025-04-14 11:20:02,170 INFO c.u.a.LoggingAspect [http-nio-8888-exec-1] =================> Method Name is >> findByEmail 
2025-04-14 11:20:02,170 INFO c.u.a.LoggingAspect [http-nio-8888-exec-1] ====> argument >> testAdmin@gmail.com
2025-04-14 11:20:02,171 DEBUG o.h.e.j.s.SqlStatementLogger [http-nio-8888-exec-1] 
    select
        ue1_0.id,
        ue1_0.created_by,
        ue1_0.created_date,
        ue1_0.email,
        ue1_0.failed_count,
        ue1_0.last_modified_by,
        ue1_0.last_modified_date,
        ue1_0.locked,
        ue1_0.mobile,
        ue1_0.name,
        ue1_0.organization_id,
        ue1_0.password,
        ue1_0.role_id 
    from
        users ue1_0 
    where
        ue1_0.email=?
2025-04-14 11:20:02,174 INFO c.u.a.MeasurementAspect [http-nio-8888-exec-1] KPI[method-execution]	for: UserDTO com.user_organization_management.service.UserService.getUserByEmail(String)	withArgs: [testAdmin@gmail.com]	took: 4 ms. 
2025-04-14 11:20:02,174 INFO c.u.s.CustomUserDetailsService [http-nio-8888-exec-1] User testAdmin@gmail.com has role ROLE_ADMIN
2025-04-14 11:20:02,176 INFO c.u.a.MeasurementAspect [http-nio-8888-exec-1] KPI[method-execution]	for: Map com.user_organization_management.service.AuthService.login(AuthRequest)	withArgs: [com.user_organization_management.model.AuthRequest@3f5559dc]	took: 105 ms. 
2025-04-14 11:20:02,176 DEBUG o.s.w.s.m.m.a.AbstractMessageConverterMethodProcessor [http-nio-8888-exec-1] Using 'application/json', given [*/*] and supported [application/json, application/*+json]
2025-04-14 11:20:02,176 DEBUG o.s.c.l.LogFormatUtils [http-nio-8888-exec-1] Writing [{token=eyJhbGciOiJIUzI1NiJ9.eyJzdWIiOiJ0ZXN0QWRtaW5AZ21haWwuY29tIiwiaWF0IjoxNzQ0NjIyNDAyLCJleHAiOjE3 (truncated)...]
2025-04-14 11:20:02,178 DEBUG o.s.w.s.FrameworkServlet [http-nio-8888-exec-1] Completed 200 OK
2025-04-14 11:20:09,504 INFO c.n.d.s.r.a.ConfigClusterResolver [AsyncResolver-bootstrap-executor-0] Resolving eureka endpoints via configuration
2025-04-14 11:20:10,392 DEBUG o.s.c.l.CompositeLog [DiscoveryClient-HeartbeatExecutor-0] HTTP PUT http://localhost:8761/eureka/apps/USER-MANAGEMENT/Dev-MToaima.TradeNET.COM:user-management:8888?status=UP&lastDirtyTimestamp=1744621810068
2025-04-14 11:20:10,393 DEBUG o.s.c.l.CompositeLog [DiscoveryClient-HeartbeatExecutor-0] Accept=[application/json, application/*+json]
2025-04-14 11:20:10,409 DEBUG o.s.c.l.CompositeLog [DiscoveryClient-CacheRefreshExecutor-0] HTTP GET http://localhost:8761/eureka/apps/delta
2025-04-14 11:20:10,409 DEBUG o.s.c.l.CompositeLog [DiscoveryClient-CacheRefreshExecutor-0] Accept=[application/json, application/*+json]
2025-04-14 11:20:10,411 DEBUG o.s.c.l.CompositeLog [DiscoveryClient-HeartbeatExecutor-0] Response 200 OK
2025-04-14 11:20:10,428 DEBUG o.s.c.l.CompositeLog [DiscoveryClient-CacheRefreshExecutor-0] Response 200 OK
2025-04-14 11:20:10,428 DEBUG o.s.c.l.CompositeLog [DiscoveryClient-CacheRefreshExecutor-0] Reading to [org.springframework.cloud.netflix.eureka.http.EurekaApplications]
2025-04-14 11:20:33,921 INFO c.u.a.LoggingAspect [http-nio-8888-exec-3] =================> Method Name is >> getUserByEmail 
2025-04-14 11:20:33,922 INFO c.u.a.LoggingAspect [http-nio-8888-exec-3] ====> argument >> testAdmin@gmail.com
2025-04-14 11:20:33,922 INFO c.u.a.LoggingAspect [http-nio-8888-exec-3] =================> Method Name is >> findByEmail 
2025-04-14 11:20:33,922 INFO c.u.a.LoggingAspect [http-nio-8888-exec-3] ====> argument >> testAdmin@gmail.com
2025-04-14 11:20:33,924 DEBUG o.h.e.j.s.SqlStatementLogger [http-nio-8888-exec-3] 
    select
        ue1_0.id,
        ue1_0.created_by,
        ue1_0.created_date,
        ue1_0.email,
        ue1_0.failed_count,
        ue1_0.last_modified_by,
        ue1_0.last_modified_date,
        ue1_0.locked,
        ue1_0.mobile,
        ue1_0.name,
        ue1_0.organization_id,
        ue1_0.password,
        ue1_0.role_id 
    from
        users ue1_0 
    where
        ue1_0.email=?
2025-04-14 11:20:33,929 DEBUG o.h.e.j.s.SqlStatementLogger [http-nio-8888-exec-3] 
    select
        oe1_0.id,
        oe1_0.created_by,
        oe1_0.created_date,
        oe1_0.last_modified_by,
        oe1_0.last_modified_date,
        oe1_0.name 
    from
        organizations oe1_0 
    where
        oe1_0.id=?
2025-04-14 11:20:33,933 DEBUG o.h.e.j.s.SqlStatementLogger [http-nio-8888-exec-3] 
    select
        re1_0.id,
        re1_0.created_by,
        re1_0.created_date,
        re1_0.last_modified_by,
        re1_0.last_modified_date,
        re1_0.name 
    from
        roles re1_0 
    where
        re1_0.id=?
2025-04-14 11:20:33,937 INFO c.u.a.MeasurementAspect [http-nio-8888-exec-3] KPI[method-execution]	for: UserDTO com.user_organization_management.service.UserService.getUserByEmail(String)	withArgs: [testAdmin@gmail.com]	took: 15 ms. 
2025-04-14 11:20:33,937 INFO c.u.s.CustomUserDetailsService [http-nio-8888-exec-3] User testAdmin@gmail.com has role ROLE_ADMIN
2025-04-14 11:20:33,939 DEBUG o.s.c.l.LogFormatUtils [http-nio-8888-exec-3] GET "/users/2", parameters={}
2025-04-14 11:20:33,940 DEBUG o.s.w.s.h.AbstractHandlerMapping [http-nio-8888-exec-3] Mapped to com.user_organization_management.controller.UserController#getUserById(Long)
2025-04-14 11:20:33,941 INFO c.u.a.LoggingAspect [http-nio-8888-exec-3] =================> Method Name is >> getUserById 
2025-04-14 11:20:33,941 INFO c.u.a.LoggingAspect [http-nio-8888-exec-3] ====> argument >> 2
2025-04-14 11:20:33,956 INFO c.u.a.LoggingAspect [http-nio-8888-exec-3] =================> Method Name is >> getUserById 
2025-04-14 11:20:33,957 INFO c.u.a.LoggingAspect [http-nio-8888-exec-3] ====> argument >> 2
2025-04-14 11:20:33,961 INFO c.u.a.LoggingAspect [http-nio-8888-exec-3] =================> Method Name is >> findById 
2025-04-14 11:20:33,961 INFO c.u.a.LoggingAspect [http-nio-8888-exec-3] ====> argument >> 2
2025-04-14 11:20:33,968 DEBUG o.h.e.j.s.SqlStatementLogger [http-nio-8888-exec-3] 
    select
        ue1_0.id,
        ue1_0.created_by,
        ue1_0.created_date,
        ue1_0.email,
        ue1_0.failed_count,
        ue1_0.last_modified_by,
        ue1_0.last_modified_date,
        ue1_0.locked,
        ue1_0.mobile,
        ue1_0.name,
        o1_0.id,
        o1_0.created_by,
        o1_0.created_date,
        o1_0.last_modified_by,
        o1_0.last_modified_date,
        o1_0.name,
        ue1_0.password,
        r1_0.id,
        r1_0.created_by,
        r1_0.created_date,
        r1_0.last_modified_by,
        r1_0.last_modified_date,
        r1_0.name 
    from
        users ue1_0 
    left join
        organizations o1_0 
            on o1_0.id=ue1_0.organization_id 
    left join
        roles r1_0 
            on r1_0.id=ue1_0.role_id 
    where
        ue1_0.id=?
2025-04-14 11:20:33,981 INFO c.u.a.MeasurementAspect [http-nio-8888-exec-3] KPI[method-execution]	for: UserDTO com.user_organization_management.service.UserService.getUserById(Long)	withArgs: [2]	took: 23 ms. 
2025-04-14 11:20:33,984 DEBUG o.s.w.s.m.m.a.AbstractMessageConverterMethodProcessor [http-nio-8888-exec-3] Using 'application/json', given [*/*] and supported [application/json, application/*+json]
2025-04-14 11:20:33,985 DEBUG o.s.c.l.LogFormatUtils [http-nio-8888-exec-3] Writing [com.user_organization_management.dto.UserDTO@2c5d4bbf]
2025-04-14 11:20:33,986 DEBUG o.s.w.s.FrameworkServlet [http-nio-8888-exec-3] Completed 200 OK
2025-04-14 11:20:39,942 INFO c.u.a.LoggingAspect [http-nio-8888-exec-4] =================> Method Name is >> getUserByEmail 
2025-04-14 11:20:39,942 INFO c.u.a.LoggingAspect [http-nio-8888-exec-4] ====> argument >> testAdmin@gmail.com
2025-04-14 11:20:39,942 INFO c.u.a.LoggingAspect [http-nio-8888-exec-4] =================> Method Name is >> findByEmail 
2025-04-14 11:20:39,942 INFO c.u.a.LoggingAspect [http-nio-8888-exec-4] ====> argument >> testAdmin@gmail.com
2025-04-14 11:20:39,944 DEBUG o.h.e.j.s.SqlStatementLogger [http-nio-8888-exec-4] 
    select
        ue1_0.id,
        ue1_0.created_by,
        ue1_0.created_date,
        ue1_0.email,
        ue1_0.failed_count,
        ue1_0.last_modified_by,
        ue1_0.last_modified_date,
        ue1_0.locked,
        ue1_0.mobile,
        ue1_0.name,
        ue1_0.organization_id,
        ue1_0.password,
        ue1_0.role_id 
    from
        users ue1_0 
    where
        ue1_0.email=?
2025-04-14 11:20:39,949 DEBUG o.h.e.j.s.SqlStatementLogger [http-nio-8888-exec-4] 
    select
        oe1_0.id,
        oe1_0.created_by,
        oe1_0.created_date,
        oe1_0.last_modified_by,
        oe1_0.last_modified_date,
        oe1_0.name 
    from
        organizations oe1_0 
    where
        oe1_0.id=?
2025-04-14 11:20:39,953 DEBUG o.h.e.j.s.SqlStatementLogger [http-nio-8888-exec-4] 
    select
        re1_0.id,
        re1_0.created_by,
        re1_0.created_date,
        re1_0.last_modified_by,
        re1_0.last_modified_date,
        re1_0.name 
    from
        roles re1_0 
    where
        re1_0.id=?
2025-04-14 11:20:39,957 INFO c.u.a.MeasurementAspect [http-nio-8888-exec-4] KPI[method-execution]	for: UserDTO com.user_organization_management.service.UserService.getUserByEmail(String)	withArgs: [testAdmin@gmail.com]	took: 15 ms. 
2025-04-14 11:20:39,957 INFO c.u.s.CustomUserDetailsService [http-nio-8888-exec-4] User testAdmin@gmail.com has role ROLE_ADMIN
2025-04-14 11:20:39,961 DEBUG o.s.c.l.LogFormatUtils [http-nio-8888-exec-4] GET "/users/33", parameters={}
2025-04-14 11:20:39,962 DEBUG o.s.w.s.h.AbstractHandlerMapping [http-nio-8888-exec-4] Mapped to com.user_organization_management.controller.UserController#getUserById(Long)
2025-04-14 11:20:39,963 INFO c.u.a.LoggingAspect [http-nio-8888-exec-4] =================> Method Name is >> getUserById 
2025-04-14 11:20:39,964 INFO c.u.a.LoggingAspect [http-nio-8888-exec-4] ====> argument >> 33
2025-04-14 11:20:39,964 INFO c.u.a.LoggingAspect [http-nio-8888-exec-4] =================> Method Name is >> getUserById 
2025-04-14 11:20:39,964 INFO c.u.a.LoggingAspect [http-nio-8888-exec-4] ====> argument >> 33
2025-04-14 11:20:39,965 INFO c.u.a.LoggingAspect [http-nio-8888-exec-4] =================> Method Name is >> findById 
2025-04-14 11:20:39,965 INFO c.u.a.LoggingAspect [http-nio-8888-exec-4] ====> argument >> 33
2025-04-14 11:20:39,972 DEBUG o.h.e.j.s.SqlStatementLogger [http-nio-8888-exec-4] 
    select
        ue1_0.id,
        ue1_0.created_by,
        ue1_0.created_date,
        ue1_0.email,
        ue1_0.failed_count,
        ue1_0.last_modified_by,
        ue1_0.last_modified_date,
        ue1_0.locked,
        ue1_0.mobile,
        ue1_0.name,
        o1_0.id,
        o1_0.created_by,
        o1_0.created_date,
        o1_0.last_modified_by,
        o1_0.last_modified_date,
        o1_0.name,
        ue1_0.password,
        r1_0.id,
        r1_0.created_by,
        r1_0.created_date,
        r1_0.last_modified_by,
        r1_0.last_modified_date,
        r1_0.name 
    from
        users ue1_0 
    left join
        organizations o1_0 
            on o1_0.id=ue1_0.organization_id 
    left join
        roles r1_0 
            on r1_0.id=ue1_0.role_id 
    where
        ue1_0.id=?
2025-04-14 11:20:39,978 DEBUG o.s.w.s.m.m.a.ExceptionHandlerExceptionResolver [http-nio-8888-exec-4] Using @ExceptionHandler com.user_organization_management.exception.GlobalExceptionHandler#handleEntityNotFound(EntityNotFoundException)
2025-04-14 11:20:39,979 WARN c.u.e.ErrorResponseUtil [http-nio-8888-exec-4] EntityNotFoundException: User with id 33 not found
2025-04-14 11:20:39,979 DEBUG o.s.w.s.m.m.a.AbstractMessageConverterMethodProcessor [http-nio-8888-exec-4] Using 'application/json', given [*/*] and supported [application/json, application/*+json]
2025-04-14 11:20:39,979 DEBUG o.s.c.l.LogFormatUtils [http-nio-8888-exec-4] Writing [com.user_organization_management.model.CustomErrorResponse@3bbe056]
2025-04-14 11:20:39,980 WARN o.s.w.s.h.AbstractHandlerExceptionResolver [http-nio-8888-exec-4] Resolved [com.user_organization_management.exception.EntityNotFoundException: User with id 33 not found]
2025-04-14 11:20:39,981 DEBUG o.s.w.s.FrameworkServlet [http-nio-8888-exec-4] Completed 404 NOT_FOUND
2025-04-14 11:20:40,386 DEBUG o.s.c.l.CompositeLog [DiscoveryClient-HeartbeatExecutor-0] HTTP PUT http://localhost:8761/eureka/apps/USER-MANAGEMENT/Dev-MToaima.TradeNET.COM:user-management:8888?status=UP&lastDirtyTimestamp=1744621810068
2025-04-14 11:20:40,387 DEBUG o.s.c.l.CompositeLog [DiscoveryClient-HeartbeatExecutor-0] Accept=[application/json, application/*+json]
2025-04-14 11:20:40,402 DEBUG o.s.c.l.CompositeLog [DiscoveryClient-CacheRefreshExecutor-0] HTTP GET http://localhost:8761/eureka/apps/delta
2025-04-14 11:20:40,403 DEBUG o.s.c.l.CompositeLog [DiscoveryClient-CacheRefreshExecutor-0] Accept=[application/json, application/*+json]
2025-04-14 11:20:40,404 DEBUG o.s.c.l.CompositeLog [DiscoveryClient-HeartbeatExecutor-0] Response 200 OK
2025-04-14 11:20:40,420 DEBUG o.s.c.l.CompositeLog [DiscoveryClient-CacheRefreshExecutor-0] Response 200 OK
2025-04-14 11:20:40,420 DEBUG o.s.c.l.CompositeLog [DiscoveryClient-CacheRefreshExecutor-0] Reading to [org.springframework.cloud.netflix.eureka.http.EurekaApplications]
2025-04-14 11:21:10,379 DEBUG o.s.c.l.CompositeLog [DiscoveryClient-HeartbeatExecutor-0] HTTP PUT http://localhost:8761/eureka/apps/USER-MANAGEMENT/Dev-MToaima.TradeNET.COM:user-management:8888?status=UP&lastDirtyTimestamp=1744621810068
2025-04-14 11:21:10,379 DEBUG o.s.c.l.CompositeLog [DiscoveryClient-HeartbeatExecutor-0] Accept=[application/json, application/*+json]
2025-04-14 11:21:10,394 DEBUG o.s.c.l.CompositeLog [DiscoveryClient-CacheRefreshExecutor-0] HTTP GET http://localhost:8761/eureka/apps/delta
2025-04-14 11:21:10,394 DEBUG o.s.c.l.CompositeLog [DiscoveryClient-CacheRefreshExecutor-0] Accept=[application/json, application/*+json]
2025-04-14 11:21:10,396 DEBUG o.s.c.l.CompositeLog [DiscoveryClient-HeartbeatExecutor-0] Response 200 OK
2025-04-14 11:21:10,413 DEBUG o.s.c.l.CompositeLog [DiscoveryClient-CacheRefreshExecutor-0] Response 200 OK
2025-04-14 11:21:10,413 DEBUG o.s.c.l.CompositeLog [DiscoveryClient-CacheRefreshExecutor-0] Reading to [org.springframework.cloud.netflix.eureka.http.EurekaApplications]
2025-04-14 11:21:40,371 DEBUG o.s.c.l.CompositeLog [DiscoveryClient-HeartbeatExecutor-0] HTTP PUT http://localhost:8761/eureka/apps/USER-MANAGEMENT/Dev-MToaima.TradeNET.COM:user-management:8888?status=UP&lastDirtyTimestamp=1744621810068
2025-04-14 11:21:40,372 DEBUG o.s.c.l.CompositeLog [DiscoveryClient-HeartbeatExecutor-0] Accept=[application/json, application/*+json]
2025-04-14 11:21:40,385 DEBUG o.s.c.l.CompositeLog [DiscoveryClient-CacheRefreshExecutor-0] HTTP GET http://localhost:8761/eureka/apps/delta
2025-04-14 11:21:40,386 DEBUG o.s.c.l.CompositeLog [DiscoveryClient-CacheRefreshExecutor-0] Accept=[application/json, application/*+json]
2025-04-14 11:21:40,389 DEBUG o.s.c.l.CompositeLog [DiscoveryClient-HeartbeatExecutor-0] Response 200 OK
2025-04-14 11:21:40,403 DEBUG o.s.c.l.CompositeLog [DiscoveryClient-CacheRefreshExecutor-0] Response 200 OK
2025-04-14 11:21:40,403 DEBUG o.s.c.l.CompositeLog [DiscoveryClient-CacheRefreshExecutor-0] Reading to [org.springframework.cloud.netflix.eureka.http.EurekaApplications]
2025-04-14 11:22:10,392 DEBUG o.s.c.l.CompositeLog [DiscoveryClient-HeartbeatExecutor-0] HTTP PUT http://localhost:8761/eureka/apps/USER-MANAGEMENT/Dev-MToaima.TradeNET.COM:user-management:8888?status=UP&lastDirtyTimestamp=1744621810068
2025-04-14 11:22:10,393 DEBUG o.s.c.l.CompositeLog [DiscoveryClient-HeartbeatExecutor-0] Accept=[application/json, application/*+json]
2025-04-14 11:22:10,408 DEBUG o.s.c.l.CompositeLog [DiscoveryClient-CacheRefreshExecutor-0] HTTP GET http://localhost:8761/eureka/apps/delta
2025-04-14 11:22:10,408 DEBUG o.s.c.l.CompositeLog [DiscoveryClient-CacheRefreshExecutor-0] Accept=[application/json, application/*+json]
2025-04-14 11:22:10,410 DEBUG o.s.c.l.CompositeLog [DiscoveryClient-HeartbeatExecutor-0] Response 200 OK
2025-04-14 11:22:10,426 DEBUG o.s.c.l.CompositeLog [DiscoveryClient-CacheRefreshExecutor-0] Response 200 OK
2025-04-14 11:22:10,426 DEBUG o.s.c.l.CompositeLog [DiscoveryClient-CacheRefreshExecutor-0] Reading to [org.springframework.cloud.netflix.eureka.http.EurekaApplications]
2025-04-14 11:22:40,417 DEBUG o.s.c.l.CompositeLog [DiscoveryClient-HeartbeatExecutor-0] HTTP PUT http://localhost:8761/eureka/apps/USER-MANAGEMENT/Dev-MToaima.TradeNET.COM:user-management:8888?status=UP&lastDirtyTimestamp=1744621810068
2025-04-14 11:22:40,418 DEBUG o.s.c.l.CompositeLog [DiscoveryClient-HeartbeatExecutor-0] Accept=[application/json, application/*+json]
2025-04-14 11:22:40,432 DEBUG o.s.c.l.CompositeLog [DiscoveryClient-CacheRefreshExecutor-0] HTTP GET http://localhost:8761/eureka/apps/delta
2025-04-14 11:22:40,433 DEBUG o.s.c.l.CompositeLog [DiscoveryClient-CacheRefreshExecutor-0] Accept=[application/json, application/*+json]
2025-04-14 11:22:40,436 DEBUG o.s.c.l.CompositeLog [DiscoveryClient-HeartbeatExecutor-0] Response 200 OK
2025-04-14 11:22:40,451 DEBUG o.s.c.l.CompositeLog [DiscoveryClient-CacheRefreshExecutor-0] Response 200 OK
2025-04-14 11:22:40,452 DEBUG o.s.c.l.CompositeLog [DiscoveryClient-CacheRefreshExecutor-0] Reading to [org.springframework.cloud.netflix.eureka.http.EurekaApplications]
2025-04-14 11:23:10,444 DEBUG o.s.c.l.CompositeLog [DiscoveryClient-HeartbeatExecutor-0] HTTP PUT http://localhost:8761/eureka/apps/USER-MANAGEMENT/Dev-MToaima.TradeNET.COM:user-management:8888?status=UP&lastDirtyTimestamp=1744621810068
2025-04-14 11:23:10,445 DEBUG o.s.c.l.CompositeLog [DiscoveryClient-HeartbeatExecutor-0] Accept=[application/json, application/*+json]
2025-04-14 11:23:10,459 DEBUG o.s.c.l.CompositeLog [DiscoveryClient-CacheRefreshExecutor-0] HTTP GET http://localhost:8761/eureka/apps/delta
2025-04-14 11:23:10,459 DEBUG o.s.c.l.CompositeLog [DiscoveryClient-CacheRefreshExecutor-0] Accept=[application/json, application/*+json]
2025-04-14 11:23:10,462 DEBUG o.s.c.l.CompositeLog [DiscoveryClient-HeartbeatExecutor-0] Response 200 OK
2025-04-14 11:23:10,477 DEBUG o.s.c.l.CompositeLog [DiscoveryClient-CacheRefreshExecutor-0] Response 200 OK
2025-04-14 11:23:10,477 DEBUG o.s.c.l.CompositeLog [DiscoveryClient-CacheRefreshExecutor-0] Reading to [org.springframework.cloud.netflix.eureka.http.EurekaApplications]
2025-04-14 11:23:40,474 DEBUG o.s.c.l.CompositeLog [DiscoveryClient-HeartbeatExecutor-0] HTTP PUT http://localhost:8761/eureka/apps/USER-MANAGEMENT/Dev-MToaima.TradeNET.COM:user-management:8888?status=UP&lastDirtyTimestamp=1744621810068
2025-04-14 11:23:40,475 DEBUG o.s.c.l.CompositeLog [DiscoveryClient-HeartbeatExecutor-0] Accept=[application/json, application/*+json]
2025-04-14 11:23:40,490 DEBUG o.s.c.l.CompositeLog [DiscoveryClient-CacheRefreshExecutor-0] HTTP GET http://localhost:8761/eureka/apps/delta
2025-04-14 11:23:40,490 DEBUG o.s.c.l.CompositeLog [DiscoveryClient-CacheRefreshExecutor-0] Accept=[application/json, application/*+json]
2025-04-14 11:23:40,493 DEBUG o.s.c.l.CompositeLog [DiscoveryClient-HeartbeatExecutor-0] Response 200 OK
2025-04-14 11:23:40,507 DEBUG o.s.c.l.CompositeLog [DiscoveryClient-CacheRefreshExecutor-0] Response 200 OK
2025-04-14 11:23:40,508 DEBUG o.s.c.l.CompositeLog [DiscoveryClient-CacheRefreshExecutor-0] Reading to [org.springframework.cloud.netflix.eureka.http.EurekaApplications]
2025-04-14 11:24:10,509 DEBUG o.s.c.l.CompositeLog [DiscoveryClient-HeartbeatExecutor-0] HTTP PUT http://localhost:8761/eureka/apps/USER-MANAGEMENT/Dev-MToaima.TradeNET.COM:user-management:8888?status=UP&lastDirtyTimestamp=1744621810068
2025-04-14 11:24:10,509 DEBUG o.s.c.l.CompositeLog [DiscoveryClient-HeartbeatExecutor-0] Accept=[application/json, application/*+json]
2025-04-14 11:24:10,524 DEBUG o.s.c.l.CompositeLog [DiscoveryClient-CacheRefreshExecutor-0] HTTP GET http://localhost:8761/eureka/apps/delta
2025-04-14 11:24:10,525 DEBUG o.s.c.l.CompositeLog [DiscoveryClient-CacheRefreshExecutor-0] Accept=[application/json, application/*+json]
2025-04-14 11:24:10,527 DEBUG o.s.c.l.CompositeLog [DiscoveryClient-HeartbeatExecutor-0] Response 200 OK
2025-04-14 11:24:10,542 DEBUG o.s.c.l.CompositeLog [DiscoveryClient-CacheRefreshExecutor-0] Response 200 OK
2025-04-14 11:24:10,542 DEBUG o.s.c.l.CompositeLog [DiscoveryClient-CacheRefreshExecutor-0] Reading to [org.springframework.cloud.netflix.eureka.http.EurekaApplications]
2025-04-14 11:24:40,538 DEBUG o.s.c.l.CompositeLog [DiscoveryClient-HeartbeatExecutor-0] HTTP PUT http://localhost:8761/eureka/apps/USER-MANAGEMENT/Dev-MToaima.TradeNET.COM:user-management:8888?status=UP&lastDirtyTimestamp=1744621810068
2025-04-14 11:24:40,539 DEBUG o.s.c.l.CompositeLog [DiscoveryClient-HeartbeatExecutor-0] Accept=[application/json, application/*+json]
2025-04-14 11:24:40,555 DEBUG o.s.c.l.CompositeLog [DiscoveryClient-CacheRefreshExecutor-0] HTTP GET http://localhost:8761/eureka/apps/delta
2025-04-14 11:24:40,555 DEBUG o.s.c.l.CompositeLog [DiscoveryClient-CacheRefreshExecutor-0] Accept=[application/json, application/*+json]
2025-04-14 11:24:40,558 DEBUG o.s.c.l.CompositeLog [DiscoveryClient-HeartbeatExecutor-0] Response 200 OK
2025-04-14 11:24:40,573 DEBUG o.s.c.l.CompositeLog [DiscoveryClient-CacheRefreshExecutor-0] Response 200 OK
2025-04-14 11:24:40,573 DEBUG o.s.c.l.CompositeLog [DiscoveryClient-CacheRefreshExecutor-0] Reading to [org.springframework.cloud.netflix.eureka.http.EurekaApplications]
2025-04-14 11:25:09,415 INFO c.n.d.s.r.a.ConfigClusterResolver [AsyncResolver-bootstrap-executor-0] Resolving eureka endpoints via configuration
2025-04-14 11:25:10,560 DEBUG o.s.c.l.CompositeLog [DiscoveryClient-HeartbeatExecutor-0] HTTP PUT http://localhost:8761/eureka/apps/USER-MANAGEMENT/Dev-MToaima.TradeNET.COM:user-management:8888?status=UP&lastDirtyTimestamp=1744621810068
2025-04-14 11:25:10,561 DEBUG o.s.c.l.CompositeLog [DiscoveryClient-HeartbeatExecutor-0] Accept=[application/json, application/*+json]
2025-04-14 11:25:10,576 DEBUG o.s.c.l.CompositeLog [DiscoveryClient-CacheRefreshExecutor-0] HTTP GET http://localhost:8761/eureka/apps/delta
2025-04-14 11:25:10,577 DEBUG o.s.c.l.CompositeLog [DiscoveryClient-CacheRefreshExecutor-0] Accept=[application/json, application/*+json]
2025-04-14 11:25:10,579 DEBUG o.s.c.l.CompositeLog [DiscoveryClient-HeartbeatExecutor-0] Response 200 OK
2025-04-14 11:25:10,594 DEBUG o.s.c.l.CompositeLog [DiscoveryClient-CacheRefreshExecutor-0] Response 200 OK
2025-04-14 11:25:10,595 DEBUG o.s.c.l.CompositeLog [DiscoveryClient-CacheRefreshExecutor-0] Reading to [org.springframework.cloud.netflix.eureka.http.EurekaApplications]
2025-04-14 11:25:40,580 DEBUG o.s.c.l.CompositeLog [DiscoveryClient-HeartbeatExecutor-0] HTTP PUT http://localhost:8761/eureka/apps/USER-MANAGEMENT/Dev-MToaima.TradeNET.COM:user-management:8888?status=UP&lastDirtyTimestamp=1744621810068
2025-04-14 11:25:40,581 DEBUG o.s.c.l.CompositeLog [DiscoveryClient-HeartbeatExecutor-0] Accept=[application/json, application/*+json]
2025-04-14 11:25:40,597 DEBUG o.s.c.l.CompositeLog [DiscoveryClient-CacheRefreshExecutor-0] HTTP GET http://localhost:8761/eureka/apps/delta
2025-04-14 11:25:40,598 DEBUG o.s.c.l.CompositeLog [DiscoveryClient-CacheRefreshExecutor-0] Accept=[application/json, application/*+json]
2025-04-14 11:25:40,599 DEBUG o.s.c.l.CompositeLog [DiscoveryClient-HeartbeatExecutor-0] Response 200 OK
2025-04-14 11:25:40,614 DEBUG o.s.c.l.CompositeLog [DiscoveryClient-CacheRefreshExecutor-0] Response 200 OK
2025-04-14 11:25:40,615 DEBUG o.s.c.l.CompositeLog [DiscoveryClient-CacheRefreshExecutor-0] Reading to [org.springframework.cloud.netflix.eureka.http.EurekaApplications]
2025-04-14 11:26:10,610 DEBUG o.s.c.l.CompositeLog [DiscoveryClient-HeartbeatExecutor-0] HTTP PUT http://localhost:8761/eureka/apps/USER-MANAGEMENT/Dev-MToaima.TradeNET.COM:user-management:8888?status=UP&lastDirtyTimestamp=1744621810068
2025-04-14 11:26:10,610 DEBUG o.s.c.l.CompositeLog [DiscoveryClient-HeartbeatExecutor-0] Accept=[application/json, application/*+json]
2025-04-14 11:26:10,626 DEBUG o.s.c.l.CompositeLog [DiscoveryClient-CacheRefreshExecutor-0] HTTP GET http://localhost:8761/eureka/apps/delta
2025-04-14 11:26:10,627 DEBUG o.s.c.l.CompositeLog [DiscoveryClient-CacheRefreshExecutor-0] Accept=[application/json, application/*+json]
2025-04-14 11:26:10,628 DEBUG o.s.c.l.CompositeLog [DiscoveryClient-HeartbeatExecutor-0] Response 200 OK
2025-04-14 11:26:10,643 DEBUG o.s.c.l.CompositeLog [DiscoveryClient-CacheRefreshExecutor-0] Response 200 OK
2025-04-14 11:26:10,643 DEBUG o.s.c.l.CompositeLog [DiscoveryClient-CacheRefreshExecutor-0] Reading to [org.springframework.cloud.netflix.eureka.http.EurekaApplications]
2025-04-14 11:26:40,631 DEBUG o.s.c.l.CompositeLog [DiscoveryClient-HeartbeatExecutor-0] HTTP PUT http://localhost:8761/eureka/apps/USER-MANAGEMENT/Dev-MToaima.TradeNET.COM:user-management:8888?status=UP&lastDirtyTimestamp=1744621810068
2025-04-14 11:26:40,631 DEBUG o.s.c.l.CompositeLog [DiscoveryClient-HeartbeatExecutor-0] Accept=[application/json, application/*+json]
2025-04-14 11:26:40,647 DEBUG o.s.c.l.CompositeLog [DiscoveryClient-CacheRefreshExecutor-0] HTTP GET http://localhost:8761/eureka/apps/delta
2025-04-14 11:26:40,647 DEBUG o.s.c.l.CompositeLog [DiscoveryClient-CacheRefreshExecutor-0] Accept=[application/json, application/*+json]
2025-04-14 11:26:40,649 DEBUG o.s.c.l.CompositeLog [DiscoveryClient-HeartbeatExecutor-0] Response 200 OK
2025-04-14 11:26:40,665 DEBUG o.s.c.l.CompositeLog [DiscoveryClient-CacheRefreshExecutor-0] Response 200 OK
2025-04-14 11:26:40,665 DEBUG o.s.c.l.CompositeLog [DiscoveryClient-CacheRefreshExecutor-0] Reading to [org.springframework.cloud.netflix.eureka.http.EurekaApplications]
2025-04-14 11:27:10,659 DEBUG o.s.c.l.CompositeLog [DiscoveryClient-HeartbeatExecutor-0] HTTP PUT http://localhost:8761/eureka/apps/USER-MANAGEMENT/Dev-MToaima.TradeNET.COM:user-management:8888?status=UP&lastDirtyTimestamp=1744621810068
2025-04-14 11:27:10,659 DEBUG o.s.c.l.CompositeLog [DiscoveryClient-HeartbeatExecutor-0] Accept=[application/json, application/*+json]
2025-04-14 11:27:10,677 DEBUG o.s.c.l.CompositeLog [DiscoveryClient-HeartbeatExecutor-0] Response 200 OK
2025-04-14 11:27:10,684 DEBUG o.s.c.l.CompositeLog [DiscoveryClient-CacheRefreshExecutor-0] HTTP GET http://localhost:8761/eureka/apps/delta
2025-04-14 11:27:10,697 DEBUG o.s.c.l.CompositeLog [DiscoveryClient-CacheRefreshExecutor-0] Accept=[application/json, application/*+json]
2025-04-14 11:27:10,703 DEBUG o.s.c.l.CompositeLog [DiscoveryClient-CacheRefreshExecutor-0] Response 200 OK
2025-04-14 11:27:10,704 DEBUG o.s.c.l.CompositeLog [DiscoveryClient-CacheRefreshExecutor-0] Reading to [org.springframework.cloud.netflix.eureka.http.EurekaApplications]
2025-04-14 11:27:40,689 DEBUG o.s.c.l.CompositeLog [DiscoveryClient-HeartbeatExecutor-0] HTTP PUT http://localhost:8761/eureka/apps/USER-MANAGEMENT/Dev-MToaima.TradeNET.COM:user-management:8888?status=UP&lastDirtyTimestamp=1744621810068
2025-04-14 11:27:40,690 DEBUG o.s.c.l.CompositeLog [DiscoveryClient-HeartbeatExecutor-0] Accept=[application/json, application/*+json]
2025-04-14 11:27:40,706 DEBUG o.s.c.l.CompositeLog [DiscoveryClient-HeartbeatExecutor-0] Response 200 OK
2025-04-14 11:27:40,706 DEBUG o.s.c.l.CompositeLog [DiscoveryClient-CacheRefreshExecutor-0] HTTP GET http://localhost:8761/eureka/apps/delta
2025-04-14 11:27:40,707 DEBUG o.s.c.l.CompositeLog [DiscoveryClient-CacheRefreshExecutor-0] Accept=[application/json, application/*+json]
2025-04-14 11:27:40,722 DEBUG o.s.c.l.CompositeLog [DiscoveryClient-CacheRefreshExecutor-0] Response 200 OK
2025-04-14 11:27:40,722 DEBUG o.s.c.l.CompositeLog [DiscoveryClient-CacheRefreshExecutor-0] Reading to [org.springframework.cloud.netflix.eureka.http.EurekaApplications]
2025-04-14 11:50:25,983 WARN c.z.h.p.HikariPool$HouseKeeper [HikariPool-1 housekeeper] HikariPool-1 - Thread starvation or clock leap detected (housekeeper delta=22m51s639ms118µs).
2025-04-14 11:50:32,346 DEBUG o.s.c.l.CompositeLog [DiscoveryClient-CacheRefreshExecutor-0] HTTP GET http://localhost:8761/eureka/apps/delta
2025-04-14 11:50:32,347 DEBUG o.s.c.l.CompositeLog [DiscoveryClient-CacheRefreshExecutor-0] Accept=[application/json, application/*+json]
2025-04-14 11:50:32,351 DEBUG o.s.c.l.CompositeLog [DiscoveryClient-HeartbeatExecutor-0] HTTP PUT http://localhost:8761/eureka/apps/USER-MANAGEMENT/Dev-MToaima.TradeNET.COM:user-management:8888?status=UP&lastDirtyTimestamp=1744621810068
2025-04-14 11:50:32,352 DEBUG o.s.c.l.CompositeLog [DiscoveryClient-CacheRefreshExecutor-0] Response 200 OK
2025-04-14 11:50:32,353 DEBUG o.s.c.l.CompositeLog [DiscoveryClient-CacheRefreshExecutor-0] Reading to [org.springframework.cloud.netflix.eureka.http.EurekaApplications]
2025-04-14 11:50:32,360 DEBUG o.s.c.l.CompositeLog [DiscoveryClient-HeartbeatExecutor-0] Accept=[application/json, application/*+json]
2025-04-14 11:50:32,363 DEBUG o.s.c.l.CompositeLog [DiscoveryClient-HeartbeatExecutor-0] Response 200 OK
2025-04-14 11:51:02,356 DEBUG o.s.c.l.CompositeLog [DiscoveryClient-CacheRefreshExecutor-0] HTTP GET http://localhost:8761/eureka/apps/delta
2025-04-14 11:51:02,356 DEBUG o.s.c.l.CompositeLog [DiscoveryClient-CacheRefreshExecutor-0] Accept=[application/json, application/*+json]
2025-04-14 11:51:02,371 DEBUG o.s.c.l.CompositeLog [DiscoveryClient-HeartbeatExecutor-0] HTTP PUT http://localhost:8761/eureka/apps/USER-MANAGEMENT/Dev-MToaima.TradeNET.COM:user-management:8888?status=UP&lastDirtyTimestamp=1744621810068
2025-04-14 11:51:02,372 DEBUG o.s.c.l.CompositeLog [DiscoveryClient-HeartbeatExecutor-0] Accept=[application/json, application/*+json]
2025-04-14 11:51:02,375 DEBUG o.s.c.l.CompositeLog [DiscoveryClient-CacheRefreshExecutor-0] Response 200 OK
2025-04-14 11:51:02,375 DEBUG o.s.c.l.CompositeLog [DiscoveryClient-CacheRefreshExecutor-0] Reading to [org.springframework.cloud.netflix.eureka.http.EurekaApplications]
2025-04-14 11:51:02,390 DEBUG o.s.c.l.CompositeLog [DiscoveryClient-HeartbeatExecutor-0] Response 200 OK
2025-04-14 11:51:32,379 DEBUG o.s.c.l.CompositeLog [DiscoveryClient-CacheRefreshExecutor-0] HTTP GET http://localhost:8761/eureka/apps/delta
2025-04-14 11:51:32,380 DEBUG o.s.c.l.CompositeLog [DiscoveryClient-CacheRefreshExecutor-0] Accept=[application/json, application/*+json]
2025-04-14 11:51:32,395 DEBUG o.s.c.l.CompositeLog [DiscoveryClient-HeartbeatExecutor-0] HTTP PUT http://localhost:8761/eureka/apps/USER-MANAGEMENT/Dev-MToaima.TradeNET.COM:user-management:8888?status=UP&lastDirtyTimestamp=1744621810068
2025-04-14 11:51:32,395 DEBUG o.s.c.l.CompositeLog [DiscoveryClient-HeartbeatExecutor-0] Accept=[application/json, application/*+json]
2025-04-14 11:51:32,398 DEBUG o.s.c.l.CompositeLog [DiscoveryClient-CacheRefreshExecutor-0] Response 200 OK
2025-04-14 11:51:32,398 DEBUG o.s.c.l.CompositeLog [DiscoveryClient-CacheRefreshExecutor-0] Reading to [org.springframework.cloud.netflix.eureka.http.EurekaApplications]
2025-04-14 11:51:32,412 DEBUG o.s.c.l.CompositeLog [DiscoveryClient-HeartbeatExecutor-0] Response 200 OK
2025-04-14 11:52:02,409 DEBUG o.s.c.l.CompositeLog [DiscoveryClient-CacheRefreshExecutor-0] HTTP GET http://localhost:8761/eureka/apps/delta
2025-04-14 11:52:02,409 DEBUG o.s.c.l.CompositeLog [DiscoveryClient-CacheRefreshExecutor-0] Accept=[application/json, application/*+json]
2025-04-14 11:52:02,424 DEBUG o.s.c.l.CompositeLog [DiscoveryClient-HeartbeatExecutor-0] HTTP PUT http://localhost:8761/eureka/apps/USER-MANAGEMENT/Dev-MToaima.TradeNET.COM:user-management:8888?status=UP&lastDirtyTimestamp=1744621810068
2025-04-14 11:52:02,424 DEBUG o.s.c.l.CompositeLog [DiscoveryClient-HeartbeatExecutor-0] Accept=[application/json, application/*+json]
2025-04-14 11:52:02,428 DEBUG o.s.c.l.CompositeLog [DiscoveryClient-CacheRefreshExecutor-0] Response 200 OK
2025-04-14 11:52:02,428 DEBUG o.s.c.l.CompositeLog [DiscoveryClient-CacheRefreshExecutor-0] Reading to [org.springframework.cloud.netflix.eureka.http.EurekaApplications]
2025-04-14 11:52:02,443 DEBUG o.s.c.l.CompositeLog [DiscoveryClient-HeartbeatExecutor-0] Response 200 OK
2025-04-14 11:52:31,064 INFO c.n.d.s.r.a.ConfigClusterResolver [AsyncResolver-bootstrap-executor-0] Resolving eureka endpoints via configuration
2025-04-14 11:52:32,436 DEBUG o.s.c.l.CompositeLog [DiscoveryClient-CacheRefreshExecutor-0] HTTP GET http://localhost:8761/eureka/apps/delta
2025-04-14 11:52:32,437 DEBUG o.s.c.l.CompositeLog [DiscoveryClient-CacheRefreshExecutor-0] Accept=[application/json, application/*+json]
2025-04-14 11:52:32,452 DEBUG o.s.c.l.CompositeLog [DiscoveryClient-HeartbeatExecutor-0] HTTP PUT http://localhost:8761/eureka/apps/USER-MANAGEMENT/Dev-MToaima.TradeNET.COM:user-management:8888?status=UP&lastDirtyTimestamp=1744621810068
2025-04-14 11:52:32,452 DEBUG o.s.c.l.CompositeLog [DiscoveryClient-HeartbeatExecutor-0] Accept=[application/json, application/*+json]
2025-04-14 11:52:32,455 DEBUG o.s.c.l.CompositeLog [DiscoveryClient-CacheRefreshExecutor-0] Response 200 OK
2025-04-14 11:52:32,455 DEBUG o.s.c.l.CompositeLog [DiscoveryClient-CacheRefreshExecutor-0] Reading to [org.springframework.cloud.netflix.eureka.http.EurekaApplications]
2025-04-14 11:52:32,470 DEBUG o.s.c.l.CompositeLog [DiscoveryClient-HeartbeatExecutor-0] Response 200 OK
2025-04-14 11:53:02,461 DEBUG o.s.c.l.CompositeLog [DiscoveryClient-CacheRefreshExecutor-0] HTTP GET http://localhost:8761/eureka/apps/delta
2025-04-14 11:53:02,461 DEBUG o.s.c.l.CompositeLog [DiscoveryClient-CacheRefreshExecutor-0] Accept=[application/json, application/*+json]
2025-04-14 11:53:02,477 DEBUG o.s.c.l.CompositeLog [DiscoveryClient-HeartbeatExecutor-0] HTTP PUT http://localhost:8761/eureka/apps/USER-MANAGEMENT/Dev-MToaima.TradeNET.COM:user-management:8888?status=UP&lastDirtyTimestamp=1744621810068
2025-04-14 11:53:02,477 DEBUG o.s.c.l.CompositeLog [DiscoveryClient-HeartbeatExecutor-0] Accept=[application/json, application/*+json]
2025-04-14 11:53:02,478 DEBUG o.s.c.l.CompositeLog [DiscoveryClient-CacheRefreshExecutor-0] Response 200 OK
2025-04-14 11:53:02,479 DEBUG o.s.c.l.CompositeLog [DiscoveryClient-CacheRefreshExecutor-0] Reading to [org.springframework.cloud.netflix.eureka.http.EurekaApplications]
2025-04-14 11:53:02,494 DEBUG o.s.c.l.CompositeLog [DiscoveryClient-HeartbeatExecutor-0] Response 200 OK
2025-04-14 11:53:32,482 DEBUG o.s.c.l.CompositeLog [DiscoveryClient-CacheRefreshExecutor-0] HTTP GET http://localhost:8761/eureka/apps/delta
2025-04-14 11:53:32,482 DEBUG o.s.c.l.CompositeLog [DiscoveryClient-CacheRefreshExecutor-0] Accept=[application/json, application/*+json]
2025-04-14 11:53:32,498 DEBUG o.s.c.l.CompositeLog [DiscoveryClient-HeartbeatExecutor-0] HTTP PUT http://localhost:8761/eureka/apps/USER-MANAGEMENT/Dev-MToaima.TradeNET.COM:user-management:8888?status=UP&lastDirtyTimestamp=1744621810068
2025-04-14 11:53:32,498 DEBUG o.s.c.l.CompositeLog [DiscoveryClient-HeartbeatExecutor-0] Accept=[application/json, application/*+json]
2025-04-14 11:53:32,500 DEBUG o.s.c.l.CompositeLog [DiscoveryClient-CacheRefreshExecutor-0] Response 200 OK
2025-04-14 11:53:32,500 DEBUG o.s.c.l.CompositeLog [DiscoveryClient-CacheRefreshExecutor-0] Reading to [org.springframework.cloud.netflix.eureka.http.EurekaApplications]
2025-04-14 11:53:32,515 DEBUG o.s.c.l.CompositeLog [DiscoveryClient-HeartbeatExecutor-0] Response 200 OK
2025-04-14 11:56:44,238 WARN c.z.h.p.HikariPool$HouseKeeper [HikariPool-1 housekeeper] HikariPool-1 - Thread starvation or clock leap detected (housekeeper delta=3m18s219ms589µs700ns).
2025-04-14 11:56:50,716 DEBUG o.s.c.l.CompositeLog [DiscoveryClient-HeartbeatExecutor-0] HTTP PUT http://localhost:8761/eureka/apps/USER-MANAGEMENT/Dev-MToaima.TradeNET.COM:user-management:8888?status=UP&lastDirtyTimestamp=1744621810068
2025-04-14 11:56:50,716 DEBUG o.s.c.l.CompositeLog [DiscoveryClient-HeartbeatExecutor-0] Accept=[application/json, application/*+json]
2025-04-14 11:56:50,720 DEBUG o.s.c.l.CompositeLog [DiscoveryClient-HeartbeatExecutor-0] Response 200 OK
2025-04-14 11:56:50,720 DEBUG o.s.c.l.CompositeLog [DiscoveryClient-CacheRefreshExecutor-0] HTTP GET http://localhost:8761/eureka/apps/delta
2025-04-14 11:56:50,729 DEBUG o.s.c.l.CompositeLog [DiscoveryClient-CacheRefreshExecutor-0] Accept=[application/json, application/*+json]
2025-04-14 11:56:50,733 DEBUG o.s.c.l.CompositeLog [DiscoveryClient-CacheRefreshExecutor-0] Response 200 OK
2025-04-14 11:56:50,733 DEBUG o.s.c.l.CompositeLog [DiscoveryClient-CacheRefreshExecutor-0] Reading to [org.springframework.cloud.netflix.eureka.http.EurekaApplications]
2025-04-14 11:57:20,737 DEBUG o.s.c.l.CompositeLog [DiscoveryClient-HeartbeatExecutor-0] HTTP PUT http://localhost:8761/eureka/apps/USER-MANAGEMENT/Dev-MToaima.TradeNET.COM:user-management:8888?status=UP&lastDirtyTimestamp=1744621810068
2025-04-14 11:57:20,737 DEBUG o.s.c.l.CompositeLog [DiscoveryClient-CacheRefreshExecutor-0] HTTP GET http://localhost:8761/eureka/apps/delta
2025-04-14 11:57:20,737 DEBUG o.s.c.l.CompositeLog [DiscoveryClient-HeartbeatExecutor-0] Accept=[application/json, application/*+json]
2025-04-14 11:57:20,738 DEBUG o.s.c.l.CompositeLog [DiscoveryClient-CacheRefreshExecutor-0] Accept=[application/json, application/*+json]
2025-04-14 11:57:20,753 DEBUG o.s.c.l.CompositeLog [DiscoveryClient-HeartbeatExecutor-0] Response 200 OK
2025-04-14 11:57:20,753 DEBUG o.s.c.l.CompositeLog [DiscoveryClient-CacheRefreshExecutor-0] Response 200 OK
2025-04-14 11:57:20,755 DEBUG o.s.c.l.CompositeLog [DiscoveryClient-CacheRefreshExecutor-0] Reading to [org.springframework.cloud.netflix.eureka.http.EurekaApplications]
2025-04-14 11:57:50,761 DEBUG o.s.c.l.CompositeLog [DiscoveryClient-CacheRefreshExecutor-0] HTTP GET http://localhost:8761/eureka/apps/delta
2025-04-14 11:57:50,761 DEBUG o.s.c.l.CompositeLog [DiscoveryClient-HeartbeatExecutor-0] HTTP PUT http://localhost:8761/eureka/apps/USER-MANAGEMENT/Dev-MToaima.TradeNET.COM:user-management:8888?status=UP&lastDirtyTimestamp=1744621810068
2025-04-14 11:57:50,762 DEBUG o.s.c.l.CompositeLog [DiscoveryClient-CacheRefreshExecutor-0] Accept=[application/json, application/*+json]
2025-04-14 11:57:50,762 DEBUG o.s.c.l.CompositeLog [DiscoveryClient-HeartbeatExecutor-0] Accept=[application/json, application/*+json]
2025-04-14 11:57:50,779 DEBUG o.s.c.l.CompositeLog [DiscoveryClient-CacheRefreshExecutor-0] Response 200 OK
2025-04-14 11:57:50,779 DEBUG o.s.c.l.CompositeLog [DiscoveryClient-HeartbeatExecutor-0] Response 200 OK
2025-04-14 11:57:50,779 DEBUG o.s.c.l.CompositeLog [DiscoveryClient-CacheRefreshExecutor-0] Reading to [org.springframework.cloud.netflix.eureka.http.EurekaApplications]
2025-04-14 11:58:20,783 DEBUG o.s.c.l.CompositeLog [DiscoveryClient-CacheRefreshExecutor-0] HTTP GET http://localhost:8761/eureka/apps/delta
2025-04-14 11:58:20,783 DEBUG o.s.c.l.CompositeLog [DiscoveryClient-HeartbeatExecutor-0] HTTP PUT http://localhost:8761/eureka/apps/USER-MANAGEMENT/Dev-MToaima.TradeNET.COM:user-management:8888?status=UP&lastDirtyTimestamp=1744621810068
2025-04-14 11:58:20,784 DEBUG o.s.c.l.CompositeLog [DiscoveryClient-CacheRefreshExecutor-0] Accept=[application/json, application/*+json]
2025-04-14 11:58:20,784 DEBUG o.s.c.l.CompositeLog [DiscoveryClient-HeartbeatExecutor-0] Accept=[application/json, application/*+json]
2025-04-14 11:58:20,800 DEBUG o.s.c.l.CompositeLog [DiscoveryClient-HeartbeatExecutor-0] Response 200 OK
2025-04-14 11:58:20,800 DEBUG o.s.c.l.CompositeLog [DiscoveryClient-CacheRefreshExecutor-0] Response 200 OK
2025-04-14 11:58:20,801 DEBUG o.s.c.l.CompositeLog [DiscoveryClient-CacheRefreshExecutor-0] Reading to [org.springframework.cloud.netflix.eureka.http.EurekaApplications]
2025-04-14 11:58:50,810 DEBUG o.s.c.l.CompositeLog [DiscoveryClient-CacheRefreshExecutor-0] HTTP GET http://localhost:8761/eureka/apps/delta
2025-04-14 11:58:50,810 DEBUG o.s.c.l.CompositeLog [DiscoveryClient-HeartbeatExecutor-0] HTTP PUT http://localhost:8761/eureka/apps/USER-MANAGEMENT/Dev-MToaima.TradeNET.COM:user-management:8888?status=UP&lastDirtyTimestamp=1744621810068
2025-04-14 11:58:50,811 DEBUG o.s.c.l.CompositeLog [DiscoveryClient-CacheRefreshExecutor-0] Accept=[application/json, application/*+json]
2025-04-14 11:58:50,811 DEBUG o.s.c.l.CompositeLog [DiscoveryClient-HeartbeatExecutor-0] Accept=[application/json, application/*+json]
2025-04-14 11:58:50,829 DEBUG o.s.c.l.CompositeLog [DiscoveryClient-CacheRefreshExecutor-0] Response 200 OK
2025-04-14 11:58:50,829 DEBUG o.s.c.l.CompositeLog [DiscoveryClient-HeartbeatExecutor-0] Response 200 OK
2025-04-14 11:58:50,829 DEBUG o.s.c.l.CompositeLog [DiscoveryClient-CacheRefreshExecutor-0] Reading to [org.springframework.cloud.netflix.eureka.http.EurekaApplications]
2025-04-14 11:59:20,839 DEBUG o.s.c.l.CompositeLog [DiscoveryClient-CacheRefreshExecutor-0] HTTP GET http://localhost:8761/eureka/apps/delta
2025-04-14 11:59:20,839 DEBUG o.s.c.l.CompositeLog [DiscoveryClient-HeartbeatExecutor-0] HTTP PUT http://localhost:8761/eureka/apps/USER-MANAGEMENT/Dev-MToaima.TradeNET.COM:user-management:8888?status=UP&lastDirtyTimestamp=1744621810068
2025-04-14 11:59:20,840 DEBUG o.s.c.l.CompositeLog [DiscoveryClient-CacheRefreshExecutor-0] Accept=[application/json, application/*+json]
2025-04-14 11:59:20,840 DEBUG o.s.c.l.CompositeLog [DiscoveryClient-HeartbeatExecutor-0] Accept=[application/json, application/*+json]
2025-04-14 11:59:20,856 DEBUG o.s.c.l.CompositeLog [DiscoveryClient-CacheRefreshExecutor-0] Response 200 OK
2025-04-14 11:59:20,856 DEBUG o.s.c.l.CompositeLog [DiscoveryClient-HeartbeatExecutor-0] Response 200 OK
2025-04-14 11:59:20,856 DEBUG o.s.c.l.CompositeLog [DiscoveryClient-CacheRefreshExecutor-0] Reading to [org.springframework.cloud.netflix.eureka.http.EurekaApplications]
2025-04-14 11:59:50,858 DEBUG o.s.c.l.CompositeLog [DiscoveryClient-HeartbeatExecutor-0] HTTP PUT http://localhost:8761/eureka/apps/USER-MANAGEMENT/Dev-MToaima.TradeNET.COM:user-management:8888?status=UP&lastDirtyTimestamp=1744621810068
2025-04-14 11:59:50,858 DEBUG o.s.c.l.CompositeLog [DiscoveryClient-CacheRefreshExecutor-0] HTTP GET http://localhost:8761/eureka/apps/delta
2025-04-14 11:59:50,859 DEBUG o.s.c.l.CompositeLog [DiscoveryClient-HeartbeatExecutor-0] Accept=[application/json, application/*+json]
2025-04-14 11:59:50,859 DEBUG o.s.c.l.CompositeLog [DiscoveryClient-CacheRefreshExecutor-0] Accept=[application/json, application/*+json]
2025-04-14 11:59:50,876 DEBUG o.s.c.l.CompositeLog [DiscoveryClient-CacheRefreshExecutor-0] Response 200 OK
2025-04-14 11:59:50,876 DEBUG o.s.c.l.CompositeLog [DiscoveryClient-HeartbeatExecutor-0] Response 200 OK
2025-04-14 11:59:50,877 DEBUG o.s.c.l.CompositeLog [DiscoveryClient-CacheRefreshExecutor-0] Reading to [org.springframework.cloud.netflix.eureka.http.EurekaApplications]
2025-04-14 12:00:19,285 INFO c.n.d.s.r.a.ConfigClusterResolver [AsyncResolver-bootstrap-executor-0] Resolving eureka endpoints via configuration
2025-04-14 12:00:20,892 DEBUG o.s.c.l.CompositeLog [DiscoveryClient-CacheRefreshExecutor-0] HTTP GET http://localhost:8761/eureka/apps/delta
2025-04-14 12:00:20,892 DEBUG o.s.c.l.CompositeLog [DiscoveryClient-HeartbeatExecutor-0] HTTP PUT http://localhost:8761/eureka/apps/USER-MANAGEMENT/Dev-MToaima.TradeNET.COM:user-management:8888?status=UP&lastDirtyTimestamp=1744621810068
2025-04-14 12:00:20,895 DEBUG o.s.c.l.CompositeLog [DiscoveryClient-CacheRefreshExecutor-0] Accept=[application/json, application/*+json]
2025-04-14 12:00:20,895 DEBUG o.s.c.l.CompositeLog [DiscoveryClient-HeartbeatExecutor-0] Accept=[application/json, application/*+json]
2025-04-14 12:00:20,912 DEBUG o.s.c.l.CompositeLog [DiscoveryClient-HeartbeatExecutor-0] Response 200 OK
2025-04-14 12:00:20,912 DEBUG o.s.c.l.CompositeLog [DiscoveryClient-CacheRefreshExecutor-0] Response 200 OK
2025-04-14 12:00:20,913 DEBUG o.s.c.l.CompositeLog [DiscoveryClient-CacheRefreshExecutor-0] Reading to [org.springframework.cloud.netflix.eureka.http.EurekaApplications]
2025-04-14 12:00:50,927 DEBUG o.s.c.l.CompositeLog [DiscoveryClient-CacheRefreshExecutor-0] HTTP GET http://localhost:8761/eureka/apps/delta
2025-04-14 12:00:50,927 DEBUG o.s.c.l.CompositeLog [DiscoveryClient-HeartbeatExecutor-0] HTTP PUT http://localhost:8761/eureka/apps/USER-MANAGEMENT/Dev-MToaima.TradeNET.COM:user-management:8888?status=UP&lastDirtyTimestamp=1744621810068
2025-04-14 12:00:50,928 DEBUG o.s.c.l.CompositeLog [DiscoveryClient-CacheRefreshExecutor-0] Accept=[application/json, application/*+json]
2025-04-14 12:00:50,928 DEBUG o.s.c.l.CompositeLog [DiscoveryClient-HeartbeatExecutor-0] Accept=[application/json, application/*+json]
2025-04-14 12:00:50,945 DEBUG o.s.c.l.CompositeLog [DiscoveryClient-HeartbeatExecutor-0] Response 200 OK
2025-04-14 12:00:50,945 DEBUG o.s.c.l.CompositeLog [DiscoveryClient-CacheRefreshExecutor-0] Response 200 OK
2025-04-14 12:00:50,946 DEBUG o.s.c.l.CompositeLog [DiscoveryClient-CacheRefreshExecutor-0] Reading to [org.springframework.cloud.netflix.eureka.http.EurekaApplications]
2025-04-14 12:01:20,948 DEBUG o.s.c.l.CompositeLog [DiscoveryClient-CacheRefreshExecutor-0] HTTP GET http://localhost:8761/eureka/apps/delta
2025-04-14 12:01:20,948 DEBUG o.s.c.l.CompositeLog [DiscoveryClient-HeartbeatExecutor-0] HTTP PUT http://localhost:8761/eureka/apps/USER-MANAGEMENT/Dev-MToaima.TradeNET.COM:user-management:8888?status=UP&lastDirtyTimestamp=1744621810068
2025-04-14 12:01:20,949 DEBUG o.s.c.l.CompositeLog [DiscoveryClient-CacheRefreshExecutor-0] Accept=[application/json, application/*+json]
2025-04-14 12:01:20,949 DEBUG o.s.c.l.CompositeLog [DiscoveryClient-HeartbeatExecutor-0] Accept=[application/json, application/*+json]
2025-04-14 12:01:20,966 DEBUG o.s.c.l.CompositeLog [DiscoveryClient-HeartbeatExecutor-0] Response 200 OK
2025-04-14 12:01:20,966 DEBUG o.s.c.l.CompositeLog [DiscoveryClient-CacheRefreshExecutor-0] Response 200 OK
2025-04-14 12:01:20,967 DEBUG o.s.c.l.CompositeLog [DiscoveryClient-CacheRefreshExecutor-0] Reading to [org.springframework.cloud.netflix.eureka.http.EurekaApplications]
2025-04-14 12:01:50,977 DEBUG o.s.c.l.CompositeLog [DiscoveryClient-CacheRefreshExecutor-0] HTTP GET http://localhost:8761/eureka/apps/delta
2025-04-14 12:01:50,977 DEBUG o.s.c.l.CompositeLog [DiscoveryClient-HeartbeatExecutor-0] HTTP PUT http://localhost:8761/eureka/apps/USER-MANAGEMENT/Dev-MToaima.TradeNET.COM:user-management:8888?status=UP&lastDirtyTimestamp=1744621810068
2025-04-14 12:01:50,977 DEBUG o.s.c.l.CompositeLog [DiscoveryClient-CacheRefreshExecutor-0] Accept=[application/json, application/*+json]
2025-04-14 12:01:50,977 DEBUG o.s.c.l.CompositeLog [DiscoveryClient-HeartbeatExecutor-0] Accept=[application/json, application/*+json]
2025-04-14 12:01:50,994 DEBUG o.s.c.l.CompositeLog [DiscoveryClient-CacheRefreshExecutor-0] Response 200 OK
2025-04-14 12:01:50,994 DEBUG o.s.c.l.CompositeLog [DiscoveryClient-HeartbeatExecutor-0] Response 200 OK
2025-04-14 12:01:50,994 DEBUG o.s.c.l.CompositeLog [DiscoveryClient-CacheRefreshExecutor-0] Reading to [org.springframework.cloud.netflix.eureka.http.EurekaApplications]
2025-04-14 12:02:21,009 DEBUG o.s.c.l.CompositeLog [DiscoveryClient-CacheRefreshExecutor-0] HTTP GET http://localhost:8761/eureka/apps/delta
2025-04-14 12:02:21,009 DEBUG o.s.c.l.CompositeLog [DiscoveryClient-HeartbeatExecutor-0] HTTP PUT http://localhost:8761/eureka/apps/USER-MANAGEMENT/Dev-MToaima.TradeNET.COM:user-management:8888?status=UP&lastDirtyTimestamp=1744621810068
2025-04-14 12:02:21,010 DEBUG o.s.c.l.CompositeLog [DiscoveryClient-CacheRefreshExecutor-0] Accept=[application/json, application/*+json]
2025-04-14 12:02:21,010 DEBUG o.s.c.l.CompositeLog [DiscoveryClient-HeartbeatExecutor-0] Accept=[application/json, application/*+json]
2025-04-14 12:02:21,027 DEBUG o.s.c.l.CompositeLog [DiscoveryClient-CacheRefreshExecutor-0] Response 200 OK
2025-04-14 12:02:21,027 DEBUG o.s.c.l.CompositeLog [DiscoveryClient-HeartbeatExecutor-0] Response 200 OK
2025-04-14 12:02:21,028 DEBUG o.s.c.l.CompositeLog [DiscoveryClient-CacheRefreshExecutor-0] Reading to [org.springframework.cloud.netflix.eureka.http.EurekaApplications]
2025-04-14 12:02:51,036 DEBUG o.s.c.l.CompositeLog [DiscoveryClient-CacheRefreshExecutor-0] HTTP GET http://localhost:8761/eureka/apps/delta
2025-04-14 12:02:51,036 DEBUG o.s.c.l.CompositeLog [DiscoveryClient-HeartbeatExecutor-0] HTTP PUT http://localhost:8761/eureka/apps/USER-MANAGEMENT/Dev-MToaima.TradeNET.COM:user-management:8888?status=UP&lastDirtyTimestamp=1744621810068
2025-04-14 12:02:51,036 DEBUG o.s.c.l.CompositeLog [DiscoveryClient-HeartbeatExecutor-0] Accept=[application/json, application/*+json]
2025-04-14 12:02:51,036 DEBUG o.s.c.l.CompositeLog [DiscoveryClient-CacheRefreshExecutor-0] Accept=[application/json, application/*+json]
2025-04-14 12:02:51,053 DEBUG o.s.c.l.CompositeLog [DiscoveryClient-CacheRefreshExecutor-0] Response 200 OK
2025-04-14 12:02:51,053 DEBUG o.s.c.l.CompositeLog [DiscoveryClient-HeartbeatExecutor-0] Response 200 OK
2025-04-14 12:02:51,054 DEBUG o.s.c.l.CompositeLog [DiscoveryClient-CacheRefreshExecutor-0] Reading to [org.springframework.cloud.netflix.eureka.http.EurekaApplications]
2025-04-14 12:03:21,070 DEBUG o.s.c.l.CompositeLog [DiscoveryClient-CacheRefreshExecutor-0] HTTP GET http://localhost:8761/eureka/apps/delta
2025-04-14 12:03:21,070 DEBUG o.s.c.l.CompositeLog [DiscoveryClient-HeartbeatExecutor-0] HTTP PUT http://localhost:8761/eureka/apps/USER-MANAGEMENT/Dev-MToaima.TradeNET.COM:user-management:8888?status=UP&lastDirtyTimestamp=1744621810068
2025-04-14 12:03:21,071 DEBUG o.s.c.l.CompositeLog [DiscoveryClient-HeartbeatExecutor-0] Accept=[application/json, application/*+json]
2025-04-14 12:03:21,071 DEBUG o.s.c.l.CompositeLog [DiscoveryClient-CacheRefreshExecutor-0] Accept=[application/json, application/*+json]
2025-04-14 12:03:21,087 DEBUG o.s.c.l.CompositeLog [DiscoveryClient-HeartbeatExecutor-0] Response 200 OK
2025-04-14 12:03:21,087 DEBUG o.s.c.l.CompositeLog [DiscoveryClient-CacheRefreshExecutor-0] Response 200 OK
2025-04-14 12:03:21,088 DEBUG o.s.c.l.CompositeLog [DiscoveryClient-CacheRefreshExecutor-0] Reading to [org.springframework.cloud.netflix.eureka.http.EurekaApplications]
2025-04-14 12:03:51,091 DEBUG o.s.c.l.CompositeLog [DiscoveryClient-CacheRefreshExecutor-0] HTTP GET http://localhost:8761/eureka/apps/delta
2025-04-14 12:03:51,091 DEBUG o.s.c.l.CompositeLog [DiscoveryClient-HeartbeatExecutor-0] HTTP PUT http://localhost:8761/eureka/apps/USER-MANAGEMENT/Dev-MToaima.TradeNET.COM:user-management:8888?status=UP&lastDirtyTimestamp=1744621810068
2025-04-14 12:03:51,092 DEBUG o.s.c.l.CompositeLog [DiscoveryClient-CacheRefreshExecutor-0] Accept=[application/json, application/*+json]
2025-04-14 12:03:51,092 DEBUG o.s.c.l.CompositeLog [DiscoveryClient-HeartbeatExecutor-0] Accept=[application/json, application/*+json]
2025-04-14 12:03:51,110 DEBUG o.s.c.l.CompositeLog [DiscoveryClient-HeartbeatExecutor-0] Response 200 OK
2025-04-14 12:03:51,110 DEBUG o.s.c.l.CompositeLog [DiscoveryClient-CacheRefreshExecutor-0] Response 200 OK
2025-04-14 12:03:51,111 DEBUG o.s.c.l.CompositeLog [DiscoveryClient-CacheRefreshExecutor-0] Reading to [org.springframework.cloud.netflix.eureka.http.EurekaApplications]
2025-04-14 12:04:21,126 DEBUG o.s.c.l.CompositeLog [DiscoveryClient-CacheRefreshExecutor-0] HTTP GET http://localhost:8761/eureka/apps/delta
2025-04-14 12:04:21,126 DEBUG o.s.c.l.CompositeLog [DiscoveryClient-HeartbeatExecutor-0] HTTP PUT http://localhost:8761/eureka/apps/USER-MANAGEMENT/Dev-MToaima.TradeNET.COM:user-management:8888?status=UP&lastDirtyTimestamp=1744621810068
2025-04-14 12:04:21,127 DEBUG o.s.c.l.CompositeLog [DiscoveryClient-HeartbeatExecutor-0] Accept=[application/json, application/*+json]
2025-04-14 12:04:21,127 DEBUG o.s.c.l.CompositeLog [DiscoveryClient-CacheRefreshExecutor-0] Accept=[application/json, application/*+json]
2025-04-14 12:04:21,145 DEBUG o.s.c.l.CompositeLog [DiscoveryClient-HeartbeatExecutor-0] Response 200 OK
2025-04-14 12:04:21,144 DEBUG o.s.c.l.CompositeLog [DiscoveryClient-CacheRefreshExecutor-0] Response 200 OK
2025-04-14 12:04:21,145 DEBUG o.s.c.l.CompositeLog [DiscoveryClient-CacheRefreshExecutor-0] Reading to [org.springframework.cloud.netflix.eureka.http.EurekaApplications]
2025-04-14 12:04:51,157 DEBUG o.s.c.l.CompositeLog [DiscoveryClient-CacheRefreshExecutor-0] HTTP GET http://localhost:8761/eureka/apps/delta
2025-04-14 12:04:51,157 DEBUG o.s.c.l.CompositeLog [DiscoveryClient-HeartbeatExecutor-0] HTTP PUT http://localhost:8761/eureka/apps/USER-MANAGEMENT/Dev-MToaima.TradeNET.COM:user-management:8888?status=UP&lastDirtyTimestamp=1744621810068
2025-04-14 12:04:51,157 DEBUG o.s.c.l.CompositeLog [DiscoveryClient-CacheRefreshExecutor-0] Accept=[application/json, application/*+json]
2025-04-14 12:04:51,157 DEBUG o.s.c.l.CompositeLog [DiscoveryClient-HeartbeatExecutor-0] Accept=[application/json, application/*+json]
2025-04-14 12:04:51,174 DEBUG o.s.c.l.CompositeLog [DiscoveryClient-HeartbeatExecutor-0] Response 200 OK
2025-04-14 12:04:51,174 DEBUG o.s.c.l.CompositeLog [DiscoveryClient-CacheRefreshExecutor-0] Response 200 OK
2025-04-14 12:04:51,175 DEBUG o.s.c.l.CompositeLog [DiscoveryClient-CacheRefreshExecutor-0] Reading to [org.springframework.cloud.netflix.eureka.http.EurekaApplications]
2025-04-14 12:05:04,690 INFO o.s.c.n.e.s.EurekaServiceRegistry [SpringApplicationShutdownHook] Unregistering application USER-MANAGEMENT with eureka with status DOWN
2025-04-14 12:05:04,690 INFO c.n.d.DiscoveryClient$3 [SpringApplicationShutdownHook] Saw local status change event StatusChangeEvent [timestamp=1744625104690, current=DOWN, previous=UP]
2025-04-14 12:05:04,690 INFO c.n.d.DiscoveryClient [DiscoveryClient-InstanceInfoReplicator-0] DiscoveryClient_USER-MANAGEMENT/Dev-MToaima.TradeNET.COM:user-management:8888: registering service...
2025-04-14 12:05:04,692 DEBUG o.s.c.l.CompositeLog [DiscoveryClient-InstanceInfoReplicator-0] HTTP POST http://localhost:8761/eureka/apps/USER-MANAGEMENT
2025-04-14 12:05:04,693 DEBUG o.s.c.l.CompositeLog [DiscoveryClient-InstanceInfoReplicator-0] Accept=[application/json, application/*+json]
2025-04-14 12:05:04,697 DEBUG o.s.c.l.CompositeLog [DiscoveryClient-InstanceInfoReplicator-0] Writing [InstanceInfo [instanceId = Dev-MToaima.TradeNET.COM:user-management:8888, appName = USER-MANAGEMENT, hostName = Dev-MToaima.TradeNET.COM, status = DOWN, ipAddr = 192.168.2.77, port = 8888, securePort = 443, dataCenterInfo = com.netflix.appinfo.MyDataCenterInfo@79b2c025] as "application/json"
2025-04-14 12:05:04,717 DEBUG o.s.c.l.CompositeLog [DiscoveryClient-InstanceInfoReplicator-0] Response 204 NO_CONTENT
2025-04-14 12:05:04,717 INFO c.n.d.DiscoveryClient [DiscoveryClient-InstanceInfoReplicator-0] DiscoveryClient_USER-MANAGEMENT/Dev-MToaima.TradeNET.COM:user-management:8888 - registration status: 204
2025-04-14 12:05:04,740 INFO o.s.o.j.AbstractEntityManagerFactoryBean [SpringApplicationShutdownHook] Closing JPA EntityManagerFactory for persistence unit 'default'
2025-04-14 12:05:04,745 INFO c.z.h.HikariDataSource [SpringApplicationShutdownHook] HikariPool-1 - Shutdown initiated...
2025-04-14 12:05:04,767 INFO c.z.h.HikariDataSource [SpringApplicationShutdownHook] HikariPool-1 - Shutdown completed.
2025-04-14 12:05:04,767 INFO c.n.d.DiscoveryClient [SpringApplicationShutdownHook] Shutting down DiscoveryClient ...
2025-04-14 12:05:07,775 INFO c.n.d.DiscoveryClient [SpringApplicationShutdownHook] Unregistering ...
2025-04-14 12:05:07,777 DEBUG o.s.c.l.CompositeLog [SpringApplicationShutdownHook] HTTP DELETE http://localhost:8761/eureka/apps/USER-MANAGEMENT/Dev-MToaima.TradeNET.COM:user-management:8888
2025-04-14 12:05:07,778 DEBUG o.s.c.l.CompositeLog [SpringApplicationShutdownHook] Accept=[application/json, application/*+json]
2025-04-14 12:05:07,794 DEBUG o.s.c.l.CompositeLog [SpringApplicationShutdownHook] Response 200 OK
2025-04-14 12:05:07,795 INFO c.n.d.DiscoveryClient [SpringApplicationShutdownHook] DiscoveryClient_USER-MANAGEMENT/Dev-MToaima.TradeNET.COM:user-management:8888 - deregister  status: 200
2025-04-14 12:05:07,805 INFO c.n.d.DiscoveryClient [SpringApplicationShutdownHook] Completed shut down of DiscoveryClient
2025-04-14 12:09:18,250 INFO o.h.v.i.u.Version [background-preinit] HV000001: Hibernate Validator 8.0.1.Final
2025-04-14 12:09:18,288 INFO o.s.b.StartupInfoLogger [restartedMain] Starting UserOrgManagementApplication using Java 17.0.12 with PID 27388 (D:\Courses\BackEnd\Spring\Sb\User_Management_System\user-org-management\target\classes started by mtoaima in D:\Courses\BackEnd\Spring\Sb\User_Management_System\user-org-management)
2025-04-14 12:09:18,289 INFO o.s.b.SpringApplication [restartedMain] No active profile set, falling back to 1 default profile: "default"
2025-04-14 12:09:18,338 INFO o.s.b.l.DeferredLog [restartedMain] Fetching config from server at : http://localhost:8081
2025-04-14 12:09:18,339 INFO o.s.b.l.DeferredLog [restartedMain] Located environment: name=user-management, profiles=[default], label=null, version=ef3ccb72180485ea77e71aa24e8a6021544ae2b5, state=
2025-04-14 12:09:18,341 INFO o.s.b.l.DeferredLog [restartedMain] Devtools property defaults active! Set 'spring.devtools.add-properties' to 'false' to disable
2025-04-14 12:09:18,342 INFO o.s.b.l.DeferredLog [restartedMain] For additional web related logging consider setting the 'logging.level.web' property to 'DEBUG'
2025-04-14 12:09:19,150 INFO o.s.d.r.c.RepositoryConfigurationDelegate [restartedMain] Bootstrapping Spring Data JPA repositories in DEFAULT mode.
2025-04-14 12:09:19,290 INFO o.s.d.r.c.RepositoryConfigurationDelegate [restartedMain] Finished Spring Data repository scanning in 128 ms. Found 3 JPA repository interfaces.
2025-04-14 12:09:19,604 INFO o.s.c.c.s.GenericScope [restartedMain] BeanFactory id=f74d915f-4514-3717-bfc9-0ab6e98804f7
2025-04-14 12:09:19,974 WARN o.s.c.s.PostProcessorRegistrationDelegate$BeanPostProcessorChecker [restartedMain] Bean 'org.springframework.cloud.client.loadbalancer.LoadBalancerAutoConfiguration$LoadBalancerInterceptorConfig' of type [org.springframework.cloud.client.loadbalancer.LoadBalancerAutoConfiguration$LoadBalancerInterceptorConfig] is not eligible for getting processed by all BeanPostProcessors (for example: not eligible for auto-proxying). The currently created BeanPostProcessor [lbRestClientPostProcessor] is declared through a non-static factory method on that class; consider declaring it as static instead.
2025-04-14 12:09:19,979 WARN o.s.c.s.PostProcessorRegistrationDelegate$BeanPostProcessorChecker [restartedMain] Bean 'org.springframework.cloud.loadbalancer.config.BlockingLoadBalancerClientAutoConfiguration' of type [org.springframework.cloud.loadbalancer.config.BlockingLoadBalancerClientAutoConfiguration] is not eligible for getting processed by all BeanPostProcessors (for example: not eligible for auto-proxying). Is this bean getting eagerly injected into a currently created BeanPostProcessor [lbRestClientPostProcessor]? Check the corresponding BeanPostProcessor declaration and its dependencies.
2025-04-14 12:09:19,982 WARN o.s.c.s.PostProcessorRegistrationDelegate$BeanPostProcessorChecker [restartedMain] Bean 'org.springframework.cloud.loadbalancer.config.LoadBalancerAutoConfiguration' of type [org.springframework.cloud.loadbalancer.config.LoadBalancerAutoConfiguration] is not eligible for getting processed by all BeanPostProcessors (for example: not eligible for auto-proxying). Is this bean getting eagerly injected into a currently created BeanPostProcessor [lbRestClientPostProcessor]? Check the corresponding BeanPostProcessor declaration and its dependencies.
2025-04-14 12:09:19,996 WARN o.s.c.s.PostProcessorRegistrationDelegate$BeanPostProcessorChecker [restartedMain] Bean 'org.springframework.cloud.commons.config.CommonsConfigAutoConfiguration' of type [org.springframework.cloud.commons.config.CommonsConfigAutoConfiguration] is not eligible for getting processed by all BeanPostProcessors (for example: not eligible for auto-proxying). Is this bean getting eagerly injected into a currently created BeanPostProcessor [lbRestClientPostProcessor]? Check the corresponding BeanPostProcessor declaration and its dependencies.
2025-04-14 12:09:20,005 WARN o.s.c.s.PostProcessorRegistrationDelegate$BeanPostProcessorChecker [restartedMain] Bean 'org.springframework.cloud.client.loadbalancer.LoadBalancerDefaultMappingsProviderAutoConfiguration' of type [org.springframework.cloud.client.loadbalancer.LoadBalancerDefaultMappingsProviderAutoConfiguration] is not eligible for getting processed by all BeanPostProcessors (for example: not eligible for auto-proxying). Is this bean getting eagerly injected into a currently created BeanPostProcessor [lbRestClientPostProcessor]? Check the corresponding BeanPostProcessor declaration and its dependencies.
2025-04-14 12:09:20,007 WARN o.s.c.s.PostProcessorRegistrationDelegate$BeanPostProcessorChecker [restartedMain] Bean 'loadBalancerClientsDefaultsMappingsProvider' of type [org.springframework.cloud.client.loadbalancer.LoadBalancerDefaultMappingsProviderAutoConfiguration$$Lambda$776/0x000002ac834ed900] is not eligible for getting processed by all BeanPostProcessors (for example: not eligible for auto-proxying). Is this bean getting eagerly injected into a currently created BeanPostProcessor [lbRestClientPostProcessor]? Check the corresponding BeanPostProcessor declaration and its dependencies.
2025-04-14 12:09:20,010 WARN o.s.c.s.PostProcessorRegistrationDelegate$BeanPostProcessorChecker [restartedMain] Bean 'defaultsBindHandlerAdvisor' of type [org.springframework.cloud.commons.config.DefaultsBindHandlerAdvisor] is not eligible for getting processed by all BeanPostProcessors (for example: not eligible for auto-proxying). Is this bean getting eagerly injected into a currently created BeanPostProcessor [lbRestClientPostProcessor]? Check the corresponding BeanPostProcessor declaration and its dependencies.
2025-04-14 12:09:20,020 WARN o.s.c.s.PostProcessorRegistrationDelegate$BeanPostProcessorChecker [restartedMain] Bean 'spring.cloud.loadbalancer-org.springframework.cloud.client.loadbalancer.LoadBalancerClientsProperties' of type [org.springframework.cloud.client.loadbalancer.LoadBalancerClientsProperties] is not eligible for getting processed by all BeanPostProcessors (for example: not eligible for auto-proxying). Is this bean getting eagerly injected into a currently created BeanPostProcessor [lbRestClientPostProcessor]? Check the corresponding BeanPostProcessor declaration and its dependencies.
2025-04-14 12:09:20,030 WARN o.s.c.s.PostProcessorRegistrationDelegate$BeanPostProcessorChecker [restartedMain] Bean 'default.org.springframework.cloud.loadbalancer.config.LoadBalancerAutoConfiguration.LoadBalancerClientSpecification' of type [org.springframework.cloud.loadbalancer.annotation.LoadBalancerClientSpecification] is not eligible for getting processed by all BeanPostProcessors (for example: not eligible for auto-proxying). Is this bean getting eagerly injected into a currently created BeanPostProcessor [lbRestClientPostProcessor]? Check the corresponding BeanPostProcessor declaration and its dependencies.
2025-04-14 12:09:20,036 WARN o.s.c.s.PostProcessorRegistrationDelegate$BeanPostProcessorChecker [restartedMain] Bean 'default.org.springframework.cloud.loadbalancer.config.BlockingLoadBalancerClientAutoConfiguration.LoadBalancerClientSpecification' of type [org.springframework.cloud.loadbalancer.annotation.LoadBalancerClientSpecification] is not eligible for getting processed by all BeanPostProcessors (for example: not eligible for auto-proxying). Is this bean getting eagerly injected into a currently created BeanPostProcessor [lbRestClientPostProcessor]? Check the corresponding BeanPostProcessor declaration and its dependencies.
2025-04-14 12:09:20,037 WARN o.s.c.s.PostProcessorRegistrationDelegate$BeanPostProcessorChecker [restartedMain] Bean 'default.org.springframework.cloud.netflix.eureka.loadbalancer.LoadBalancerEurekaAutoConfiguration.LoadBalancerClientSpecification' of type [org.springframework.cloud.loadbalancer.annotation.LoadBalancerClientSpecification] is not eligible for getting processed by all BeanPostProcessors (for example: not eligible for auto-proxying). Is this bean getting eagerly injected into a currently created BeanPostProcessor [lbRestClientPostProcessor]? Check the corresponding BeanPostProcessor declaration and its dependencies.
2025-04-14 12:09:20,039 WARN o.s.c.s.PostProcessorRegistrationDelegate$BeanPostProcessorChecker [restartedMain] Bean 'loadBalancerClientFactory' of type [org.springframework.cloud.loadbalancer.support.LoadBalancerClientFactory] is not eligible for getting processed by all BeanPostProcessors (for example: not eligible for auto-proxying). Is this bean getting eagerly injected into a currently created BeanPostProcessor [lbRestClientPostProcessor]? Check the corresponding BeanPostProcessor declaration and its dependencies.
2025-04-14 12:09:20,056 WARN o.s.c.s.PostProcessorRegistrationDelegate$BeanPostProcessorChecker [restartedMain] Bean 'blockingLoadBalancerClient' of type [org.springframework.cloud.loadbalancer.blocking.client.BlockingLoadBalancerClient] is not eligible for getting processed by all BeanPostProcessors (for example: not eligible for auto-proxying). Is this bean getting eagerly injected into a currently created BeanPostProcessor [lbRestClientPostProcessor]? Check the corresponding BeanPostProcessor declaration and its dependencies.
2025-04-14 12:09:20,076 WARN o.s.c.s.PostProcessorRegistrationDelegate$BeanPostProcessorChecker [restartedMain] Bean 'loadBalancerServiceInstanceCookieTransformer' of type [org.springframework.cloud.loadbalancer.core.LoadBalancerServiceInstanceCookieTransformer] is not eligible for getting processed by all BeanPostProcessors (for example: not eligible for auto-proxying). Is this bean getting eagerly injected into a currently created BeanPostProcessor [lbRestClientPostProcessor]? Check the corresponding BeanPostProcessor declaration and its dependencies.
2025-04-14 12:09:20,080 WARN o.s.c.s.PostProcessorRegistrationDelegate$BeanPostProcessorChecker [restartedMain] Bean 'xForwarderHeadersTransformer' of type [org.springframework.cloud.loadbalancer.blocking.XForwardedHeadersTransformer] is not eligible for getting processed by all BeanPostProcessors (for example: not eligible for auto-proxying). Is this bean getting eagerly injected into a currently created BeanPostProcessor [lbRestClientPostProcessor]? Check the corresponding BeanPostProcessor declaration and its dependencies.
2025-04-14 12:09:20,082 WARN o.s.c.s.PostProcessorRegistrationDelegate$BeanPostProcessorChecker [restartedMain] Bean 'org.springframework.cloud.client.loadbalancer.LoadBalancerAutoConfiguration' of type [org.springframework.cloud.client.loadbalancer.LoadBalancerAutoConfiguration] is not eligible for getting processed by all BeanPostProcessors (for example: not eligible for auto-proxying). Is this bean getting eagerly injected into a currently created BeanPostProcessor [lbRestClientPostProcessor]? Check the corresponding BeanPostProcessor declaration and its dependencies.
2025-04-14 12:09:20,086 WARN o.s.c.s.PostProcessorRegistrationDelegate$BeanPostProcessorChecker [restartedMain] Bean 'loadBalancerRequestFactory' of type [org.springframework.cloud.client.loadbalancer.LoadBalancerRequestFactory] is not eligible for getting processed by all BeanPostProcessors (for example: not eligible for auto-proxying). Is this bean getting eagerly injected into a currently created BeanPostProcessor [lbRestClientPostProcessor]? Check the corresponding BeanPostProcessor declaration and its dependencies.
2025-04-14 12:09:20,087 WARN o.s.c.s.PostProcessorRegistrationDelegate$BeanPostProcessorChecker [restartedMain] Bean 'loadBalancerInterceptor' of type [org.springframework.cloud.client.loadbalancer.LoadBalancerInterceptor] is not eligible for getting processed by all BeanPostProcessors (for example: not eligible for auto-proxying). Is this bean getting eagerly injected into a currently created BeanPostProcessor [lbRestClientPostProcessor]? Check the corresponding BeanPostProcessor declaration and its dependencies.
2025-04-14 12:09:20,751 INFO o.s.b.w.e.t.TomcatWebServer [restartedMain] Tomcat initialized with port 8888 (http)
2025-04-14 12:09:20,763 INFO o.a.j.l.DirectJDKLog [restartedMain] Initializing ProtocolHandler ["http-nio-8888"]
2025-04-14 12:09:20,765 INFO o.a.j.l.DirectJDKLog [restartedMain] Starting service [Tomcat]
2025-04-14 12:09:20,766 INFO o.a.j.l.DirectJDKLog [restartedMain] Starting Servlet engine: [Apache Tomcat/10.1.19]
2025-04-14 12:09:20,855 INFO o.a.j.l.DirectJDKLog [restartedMain] Initializing Spring embedded WebApplicationContext
2025-04-14 12:09:20,856 INFO o.s.b.w.s.c.ServletWebServerApplicationContext [restartedMain] Root WebApplicationContext: initialization completed in 2509 ms
2025-04-14 12:09:21,035 INFO c.z.h.HikariDataSource [restartedMain] HikariPool-1 - Starting...
2025-04-14 12:09:21,321 INFO c.z.h.p.HikariPool [restartedMain] HikariPool-1 - Added connection com.mysql.cj.jdbc.ConnectionImpl@4fd0bff2
2025-04-14 12:09:21,323 INFO c.z.h.HikariDataSource [restartedMain] HikariPool-1 - Start completed.
2025-04-14 12:09:22,154 INFO l.l.c.JavaLogger [restartedMain] Reading from mydatabase.DATABASECHANGELOG
2025-04-14 12:09:22,220 INFO l.l.c.JavaLogger [restartedMain] Reading from mydatabase.DATABASECHANGELOG
2025-04-14 12:09:22,230 INFO l.l.c.JavaLogger [restartedMain] UPDATE SUMMARY
2025-04-14 12:09:22,231 INFO l.l.c.JavaLogger [restartedMain] Run:                          0
2025-04-14 12:09:22,231 INFO l.l.c.JavaLogger [restartedMain] Previously run:               3
2025-04-14 12:09:22,231 INFO l.l.c.JavaLogger [restartedMain] Filtered out:                 0
2025-04-14 12:09:22,232 INFO l.l.c.JavaLogger [restartedMain] -------------------------------
2025-04-14 12:09:22,232 INFO l.l.c.JavaLogger [restartedMain] Total change sets:            3
2025-04-14 12:09:22,232 INFO l.l.c.JavaLogger [restartedMain] Update summary generated
2025-04-14 12:09:22,257 INFO l.l.c.JavaLogger [restartedMain] Successfully released change log lock
2025-04-14 12:09:22,260 INFO l.l.c.JavaLogger [restartedMain] Command execution complete
2025-04-14 12:09:22,369 INFO o.h.j.i.u.LogHelper [restartedMain] HHH000204: Processing PersistenceUnitInfo [name: default]
2025-04-14 12:09:22,441 INFO o.h.Version [restartedMain] HHH000412: Hibernate ORM core version 6.4.4.Final
2025-04-14 12:09:22,480 INFO o.h.c.i.RegionFactoryInitiator [restartedMain] HHH000026: Second-level cache disabled
2025-04-14 12:09:22,740 INFO o.s.o.j.p.SpringPersistenceUnitInfo [restartedMain] No LoadTimeWeaver setup: ignoring JPA class transformer
2025-04-14 12:09:22,793 WARN o.h.e.j.d.i.DialectFactoryImpl [restartedMain] HHH90000025: MySQL8Dialect does not need to be specified explicitly using 'hibernate.dialect' (remove the property setting and it will be selected by default)
2025-04-14 12:09:22,794 WARN o.h.e.j.d.i.DialectFactoryImpl [restartedMain] HHH90000026: MySQL8Dialect has been deprecated; use org.hibernate.dialect.MySQLDialect instead
2025-04-14 12:09:23,710 INFO o.h.e.t.j.p.i.JtaPlatformInitiator [restartedMain] HHH000489: No JTA platform available (set 'hibernate.transaction.jta.platform' to enable JTA platform integration)
2025-04-14 12:09:23,713 INFO o.s.o.j.AbstractEntityManagerFactoryBean [restartedMain] Initialized JPA EntityManagerFactory for persistence unit 'default'
2025-04-14 12:09:24,149 INFO o.s.d.j.r.q.QueryEnhancerFactory [restartedMain] Hibernate is in classpath; If applicable, HQL parser will be used.
2025-04-14 12:09:24,817 WARN o.s.b.a.o.j.JpaBaseConfiguration$JpaWebConfiguration [restartedMain] spring.jpa.open-in-view is enabled by default. Therefore, database queries may be performed during view rendering. Explicitly configure spring.jpa.open-in-view to disable this warning
2025-04-14 12:09:25,004 DEBUG o.s.w.s.h.AbstractHandlerMethodMapping [restartedMain] 16 mappings in 'requestMappingHandlerMapping'
2025-04-14 12:09:25,162 DEBUG o.s.w.s.h.SimpleUrlHandlerMapping [restartedMain] Patterns [/webjars/**, /**] in 'resourceHandlerMapping'
2025-04-14 12:09:25,207 INFO o.s.s.w.DefaultSecurityFilterChain [restartedMain] Will secure any request with [org.springframework.security.web.session.DisableEncodeUrlFilter@32ecb95f, org.springframework.security.web.context.request.async.WebAsyncManagerIntegrationFilter@72c9a018, org.springframework.security.web.context.SecurityContextHolderFilter@74ec6427, org.springframework.security.web.header.HeaderWriterFilter@3cff0c87, org.springframework.security.web.authentication.logout.LogoutFilter@3f357824, com.user_organization_management.security.JwtRequestFilter@7c198e5e, org.springframework.security.web.savedrequest.RequestCacheAwareFilter@5dd899cb, org.springframework.security.web.servletapi.SecurityContextHolderAwareRequestFilter@145a5870, org.springframework.security.web.authentication.AnonymousAuthenticationFilter@41e1094c, org.springframework.security.web.access.ExceptionTranslationFilter@367753d6, org.springframework.security.web.access.intercept.AuthorizationFilter@463ea4a1]
2025-04-14 12:09:25,333 DEBUG o.s.w.s.m.m.a.RequestMappingHandlerAdapter [restartedMain] ControllerAdvice beans: 0 @ModelAttribute, 0 @InitBinder, 1 RequestBodyAdvice, 1 ResponseBodyAdvice
2025-04-14 12:09:25,382 DEBUG o.s.w.s.m.m.a.ExceptionHandlerExceptionResolver [restartedMain] ControllerAdvice beans: 1 @ExceptionHandler, 1 ResponseBodyAdvice
2025-04-14 12:09:25,638 WARN o.s.b.d.a.OptionalLiveReloadServer [restartedMain] Unable to start LiveReload server
2025-04-14 12:09:26,020 INFO o.s.c.n.e.c.DiscoveryClientOptionalArgsConfiguration [restartedMain] Eureka HTTP Client uses RestTemplate.
2025-04-14 12:09:26,322 WARN o.s.c.l.c.LoadBalancerCacheAutoConfiguration$LoadBalancerCaffeineWarnLogger [restartedMain] Spring Cloud LoadBalancer is currently working with the default cache. While this cache implementation is useful for development and tests, it's recommended to use Caffeine cache in production.You can switch to using Caffeine cache, by adding it and org.springframework.cache.caffeine.CaffeineCacheManager to the classpath.
2025-04-14 12:09:26,345 INFO o.s.c.n.e.InstanceInfoFactory [restartedMain] Setting initial instance status as: STARTING
2025-04-14 12:09:26,477 INFO c.n.d.DiscoveryClient [restartedMain] Initializing Eureka in region us-east-1
2025-04-14 12:09:26,483 INFO c.n.d.s.r.a.ConfigClusterResolver [restartedMain] Resolving eureka endpoints via configuration
2025-04-14 12:09:26,524 INFO c.n.d.DiscoveryClient [restartedMain] Disable delta property : false
2025-04-14 12:09:26,525 INFO c.n.d.DiscoveryClient [restartedMain] Single vip registry refresh property : null
2025-04-14 12:09:26,525 INFO c.n.d.DiscoveryClient [restartedMain] Force full registry fetch : false
2025-04-14 12:09:26,526 INFO c.n.d.DiscoveryClient [restartedMain] Application is null : false
2025-04-14 12:09:26,526 INFO c.n.d.DiscoveryClient [restartedMain] Registered Applications size is zero : true
2025-04-14 12:09:26,526 INFO c.n.d.DiscoveryClient [restartedMain] Application version is -1: true
2025-04-14 12:09:26,527 INFO c.n.d.DiscoveryClient [restartedMain] Getting all instance registry info from the eureka server
2025-04-14 12:09:26,760 DEBUG o.s.c.l.CompositeLog [restartedMain] HTTP GET http://localhost:8761/eureka/apps/
2025-04-14 12:09:26,824 DEBUG o.s.c.l.CompositeLog [restartedMain] Accept=[application/json, application/*+json]
2025-04-14 12:09:26,910 DEBUG o.s.c.l.CompositeLog [restartedMain] Response 200 OK
2025-04-14 12:09:26,912 DEBUG o.s.c.l.CompositeLog [restartedMain] Reading to [org.springframework.cloud.netflix.eureka.http.EurekaApplications]
2025-04-14 12:09:26,935 INFO c.n.d.DiscoveryClient [restartedMain] The response status is 200
2025-04-14 12:09:26,940 INFO c.n.d.DiscoveryClient [restartedMain] Starting heartbeat executor: renew interval is: 30
2025-04-14 12:09:26,946 INFO c.n.d.InstanceInfoReplicator [restartedMain] InstanceInfoReplicator onDemand update allowed rate per min is 4
2025-04-14 12:09:26,957 INFO c.n.d.DiscoveryClient [restartedMain] Discovery Client initialized at timestamp 1744625366957 with initial instances count: 3
2025-04-14 12:09:26,973 INFO o.s.c.n.e.s.EurekaServiceRegistry [restartedMain] Registering application USER-MANAGEMENT with eureka with status UP
2025-04-14 12:09:26,981 INFO c.n.d.DiscoveryClient$3 [restartedMain] Saw local status change event StatusChangeEvent [timestamp=1744625366981, current=UP, previous=STARTING]
2025-04-14 12:09:26,987 INFO c.n.d.DiscoveryClient [DiscoveryClient-InstanceInfoReplicator-0] DiscoveryClient_USER-MANAGEMENT/Dev-MToaima.TradeNET.COM:user-management:8888: registering service...
2025-04-14 12:09:26,987 INFO o.a.j.l.DirectJDKLog [restartedMain] Starting ProtocolHandler ["http-nio-8888"]
2025-04-14 12:09:27,020 DEBUG o.s.c.l.CompositeLog [DiscoveryClient-InstanceInfoReplicator-0] HTTP POST http://localhost:8761/eureka/apps/USER-MANAGEMENT
2025-04-14 12:09:27,034 DEBUG o.s.c.l.CompositeLog [DiscoveryClient-InstanceInfoReplicator-0] Accept=[application/json, application/*+json]
2025-04-14 12:09:27,077 DEBUG o.s.c.l.CompositeLog [DiscoveryClient-InstanceInfoReplicator-0] Writing [InstanceInfo [instanceId = Dev-MToaima.TradeNET.COM:user-management:8888, appName = USER-MANAGEMENT, hostName = Dev-MToaima.TradeNET.COM, status = UP, ipAddr = 192.168.2.77, port = 8888, securePort = 443, dataCenterInfo = com.netflix.appinfo.MyDataCenterInfo@7ee83484] as "application/json"
2025-04-14 12:09:27,091 INFO o.s.b.w.e.t.TomcatWebServer [restartedMain] Tomcat started on port 8888 (http) with context path ''
2025-04-14 12:09:27,093 INFO o.s.c.n.e.s.EurekaAutoServiceRegistration [restartedMain] Updating port to 8888
2025-04-14 12:09:27,109 DEBUG o.s.c.l.CompositeLog [DiscoveryClient-InstanceInfoReplicator-0] Response 204 NO_CONTENT
2025-04-14 12:09:27,110 INFO c.n.d.DiscoveryClient [DiscoveryClient-InstanceInfoReplicator-0] DiscoveryClient_USER-MANAGEMENT/Dev-MToaima.TradeNET.COM:user-management:8888 - registration status: 204
2025-04-14 12:09:27,764 INFO o.s.b.StartupInfoLogger [restartedMain] Started UserOrgManagementApplication in 11.538 seconds (process running for 12.385)
2025-04-14 12:09:56,958 DEBUG o.s.c.l.CompositeLog [DiscoveryClient-CacheRefreshExecutor-0] HTTP GET http://localhost:8761/eureka/apps/delta
2025-04-14 12:09:56,960 DEBUG o.s.c.l.CompositeLog [DiscoveryClient-HeartbeatExecutor-0] HTTP PUT http://localhost:8761/eureka/apps/USER-MANAGEMENT/Dev-MToaima.TradeNET.COM:user-management:8888?status=UP&lastDirtyTimestamp=1744625366980
2025-04-14 12:09:56,960 DEBUG o.s.c.l.CompositeLog [DiscoveryClient-CacheRefreshExecutor-0] Accept=[application/json, application/*+json]
2025-04-14 12:09:56,973 DEBUG o.s.c.l.CompositeLog [DiscoveryClient-CacheRefreshExecutor-0] Response 200 OK
2025-04-14 12:09:56,973 DEBUG o.s.c.l.CompositeLog [DiscoveryClient-CacheRefreshExecutor-0] Reading to [org.springframework.cloud.netflix.eureka.http.EurekaApplications]
2025-04-14 12:09:56,974 DEBUG o.s.c.l.CompositeLog [DiscoveryClient-HeartbeatExecutor-0] Accept=[application/json, application/*+json]
2025-04-14 12:09:56,987 DEBUG o.s.c.l.CompositeLog [DiscoveryClient-HeartbeatExecutor-0] Response 200 OK
2025-04-14 12:10:26,983 DEBUG o.s.c.l.CompositeLog [DiscoveryClient-CacheRefreshExecutor-0] HTTP GET http://localhost:8761/eureka/apps/delta
2025-04-14 12:10:26,984 DEBUG o.s.c.l.CompositeLog [DiscoveryClient-CacheRefreshExecutor-0] Accept=[application/json, application/*+json]
2025-04-14 12:10:26,997 DEBUG o.s.c.l.CompositeLog [DiscoveryClient-HeartbeatExecutor-0] HTTP PUT http://localhost:8761/eureka/apps/USER-MANAGEMENT/Dev-MToaima.TradeNET.COM:user-management:8888?status=UP&lastDirtyTimestamp=1744625366980
2025-04-14 12:10:26,997 DEBUG o.s.c.l.CompositeLog [DiscoveryClient-HeartbeatExecutor-0] Accept=[application/json, application/*+json]
2025-04-14 12:10:26,999 DEBUG o.s.c.l.CompositeLog [DiscoveryClient-CacheRefreshExecutor-0] Response 200 OK
2025-04-14 12:10:26,999 DEBUG o.s.c.l.CompositeLog [DiscoveryClient-CacheRefreshExecutor-0] Reading to [org.springframework.cloud.netflix.eureka.http.EurekaApplications]
2025-04-14 12:10:27,014 DEBUG o.s.c.l.CompositeLog [DiscoveryClient-HeartbeatExecutor-0] Response 200 OK
2025-04-14 12:10:57,009 DEBUG o.s.c.l.CompositeLog [DiscoveryClient-CacheRefreshExecutor-0] HTTP GET http://localhost:8761/eureka/apps/delta
2025-04-14 12:10:57,010 DEBUG o.s.c.l.CompositeLog [DiscoveryClient-CacheRefreshExecutor-0] Accept=[application/json, application/*+json]
2025-04-14 12:10:57,025 DEBUG o.s.c.l.CompositeLog [DiscoveryClient-HeartbeatExecutor-0] HTTP PUT http://localhost:8761/eureka/apps/USER-MANAGEMENT/Dev-MToaima.TradeNET.COM:user-management:8888?status=UP&lastDirtyTimestamp=1744625366980
2025-04-14 12:10:57,026 DEBUG o.s.c.l.CompositeLog [DiscoveryClient-HeartbeatExecutor-0] Accept=[application/json, application/*+json]
2025-04-14 12:10:57,027 DEBUG o.s.c.l.CompositeLog [DiscoveryClient-CacheRefreshExecutor-0] Response 200 OK
2025-04-14 12:10:57,027 DEBUG o.s.c.l.CompositeLog [DiscoveryClient-CacheRefreshExecutor-0] Reading to [org.springframework.cloud.netflix.eureka.http.EurekaApplications]
2025-04-14 12:10:57,041 DEBUG o.s.c.l.CompositeLog [DiscoveryClient-HeartbeatExecutor-0] Response 200 OK
2025-04-14 12:11:27,038 DEBUG o.s.c.l.CompositeLog [DiscoveryClient-CacheRefreshExecutor-0] HTTP GET http://localhost:8761/eureka/apps/delta
2025-04-14 12:11:27,038 DEBUG o.s.c.l.CompositeLog [DiscoveryClient-CacheRefreshExecutor-0] Accept=[application/json, application/*+json]
2025-04-14 12:11:27,053 DEBUG o.s.c.l.CompositeLog [DiscoveryClient-HeartbeatExecutor-0] HTTP PUT http://localhost:8761/eureka/apps/USER-MANAGEMENT/Dev-MToaima.TradeNET.COM:user-management:8888?status=UP&lastDirtyTimestamp=1744625366980
2025-04-14 12:11:27,054 DEBUG o.s.c.l.CompositeLog [DiscoveryClient-HeartbeatExecutor-0] Accept=[application/json, application/*+json]
2025-04-14 12:11:27,055 DEBUG o.s.c.l.CompositeLog [DiscoveryClient-CacheRefreshExecutor-0] Response 200 OK
2025-04-14 12:11:27,056 DEBUG o.s.c.l.CompositeLog [DiscoveryClient-CacheRefreshExecutor-0] Reading to [org.springframework.cloud.netflix.eureka.http.EurekaApplications]
2025-04-14 12:11:27,070 DEBUG o.s.c.l.CompositeLog [DiscoveryClient-HeartbeatExecutor-0] Response 200 OK
2025-04-14 12:11:57,069 DEBUG o.s.c.l.CompositeLog [DiscoveryClient-CacheRefreshExecutor-0] HTTP GET http://localhost:8761/eureka/apps/delta
2025-04-14 12:11:57,069 DEBUG o.s.c.l.CompositeLog [DiscoveryClient-CacheRefreshExecutor-0] Accept=[application/json, application/*+json]
2025-04-14 12:11:57,085 DEBUG o.s.c.l.CompositeLog [DiscoveryClient-HeartbeatExecutor-0] HTTP PUT http://localhost:8761/eureka/apps/USER-MANAGEMENT/Dev-MToaima.TradeNET.COM:user-management:8888?status=UP&lastDirtyTimestamp=1744625366980
2025-04-14 12:11:57,087 DEBUG o.s.c.l.CompositeLog [DiscoveryClient-HeartbeatExecutor-0] Accept=[application/json, application/*+json]
2025-04-14 12:11:57,088 DEBUG o.s.c.l.CompositeLog [DiscoveryClient-CacheRefreshExecutor-0] Response 200 OK
2025-04-14 12:11:57,088 DEBUG o.s.c.l.CompositeLog [DiscoveryClient-CacheRefreshExecutor-0] Reading to [org.springframework.cloud.netflix.eureka.http.EurekaApplications]
2025-04-14 12:11:57,102 DEBUG o.s.c.l.CompositeLog [DiscoveryClient-HeartbeatExecutor-0] Response 200 OK
2025-04-14 12:12:27,105 DEBUG o.s.c.l.CompositeLog [DiscoveryClient-CacheRefreshExecutor-0] HTTP GET http://localhost:8761/eureka/apps/delta
2025-04-14 12:12:27,105 DEBUG o.s.c.l.CompositeLog [DiscoveryClient-HeartbeatExecutor-0] HTTP PUT http://localhost:8761/eureka/apps/USER-MANAGEMENT/Dev-MToaima.TradeNET.COM:user-management:8888?status=UP&lastDirtyTimestamp=1744625366980
2025-04-14 12:12:27,105 DEBUG o.s.c.l.CompositeLog [DiscoveryClient-CacheRefreshExecutor-0] Accept=[application/json, application/*+json]
2025-04-14 12:12:27,105 DEBUG o.s.c.l.CompositeLog [DiscoveryClient-HeartbeatExecutor-0] Accept=[application/json, application/*+json]
2025-04-14 12:12:27,122 DEBUG o.s.c.l.CompositeLog [DiscoveryClient-CacheRefreshExecutor-0] Response 200 OK
2025-04-14 12:12:27,122 DEBUG o.s.c.l.CompositeLog [DiscoveryClient-HeartbeatExecutor-0] Response 200 OK
2025-04-14 12:12:27,122 DEBUG o.s.c.l.CompositeLog [DiscoveryClient-CacheRefreshExecutor-0] Reading to [org.springframework.cloud.netflix.eureka.http.EurekaApplications]
2025-04-14 12:12:57,123 DEBUG o.s.c.l.CompositeLog [DiscoveryClient-HeartbeatExecutor-0] HTTP PUT http://localhost:8761/eureka/apps/USER-MANAGEMENT/Dev-MToaima.TradeNET.COM:user-management:8888?status=UP&lastDirtyTimestamp=1744625366980
2025-04-14 12:12:57,124 DEBUG o.s.c.l.CompositeLog [DiscoveryClient-HeartbeatExecutor-0] Accept=[application/json, application/*+json]
2025-04-14 12:12:57,139 DEBUG o.s.c.l.CompositeLog [DiscoveryClient-CacheRefreshExecutor-0] HTTP GET http://localhost:8761/eureka/apps/delta
2025-04-14 12:12:57,139 DEBUG o.s.c.l.CompositeLog [DiscoveryClient-CacheRefreshExecutor-0] Accept=[application/json, application/*+json]
2025-04-14 12:12:57,141 DEBUG o.s.c.l.CompositeLog [DiscoveryClient-HeartbeatExecutor-0] Response 200 OK
2025-04-14 12:12:57,156 DEBUG o.s.c.l.CompositeLog [DiscoveryClient-CacheRefreshExecutor-0] Response 200 OK
2025-04-14 12:12:57,157 DEBUG o.s.c.l.CompositeLog [DiscoveryClient-CacheRefreshExecutor-0] Reading to [org.springframework.cloud.netflix.eureka.http.EurekaApplications]
2025-04-14 12:13:27,153 DEBUG o.s.c.l.CompositeLog [DiscoveryClient-HeartbeatExecutor-0] HTTP PUT http://localhost:8761/eureka/apps/USER-MANAGEMENT/Dev-MToaima.TradeNET.COM:user-management:8888?status=UP&lastDirtyTimestamp=1744625366980
2025-04-14 12:13:27,153 DEBUG o.s.c.l.CompositeLog [DiscoveryClient-HeartbeatExecutor-0] Accept=[application/json, application/*+json]
2025-04-14 12:13:27,168 DEBUG o.s.c.l.CompositeLog [DiscoveryClient-CacheRefreshExecutor-0] HTTP GET http://localhost:8761/eureka/apps/delta
2025-04-14 12:13:27,168 DEBUG o.s.c.l.CompositeLog [DiscoveryClient-CacheRefreshExecutor-0] Accept=[application/json, application/*+json]
2025-04-14 12:13:27,169 DEBUG o.s.c.l.CompositeLog [DiscoveryClient-HeartbeatExecutor-0] Response 200 OK
2025-04-14 12:13:27,185 DEBUG o.s.c.l.CompositeLog [DiscoveryClient-CacheRefreshExecutor-0] Response 200 OK
2025-04-14 12:13:27,185 DEBUG o.s.c.l.CompositeLog [DiscoveryClient-CacheRefreshExecutor-0] Reading to [org.springframework.cloud.netflix.eureka.http.EurekaApplications]
2025-04-14 12:13:57,185 DEBUG o.s.c.l.CompositeLog [DiscoveryClient-HeartbeatExecutor-0] HTTP PUT http://localhost:8761/eureka/apps/USER-MANAGEMENT/Dev-MToaima.TradeNET.COM:user-management:8888?status=UP&lastDirtyTimestamp=1744625366980
2025-04-14 12:13:57,186 DEBUG o.s.c.l.CompositeLog [DiscoveryClient-HeartbeatExecutor-0] Accept=[application/json, application/*+json]
2025-04-14 12:13:57,199 DEBUG o.s.c.l.CompositeLog [DiscoveryClient-CacheRefreshExecutor-0] HTTP GET http://localhost:8761/eureka/apps/delta
2025-04-14 12:13:57,201 DEBUG o.s.c.l.CompositeLog [DiscoveryClient-CacheRefreshExecutor-0] Accept=[application/json, application/*+json]
2025-04-14 12:13:57,202 DEBUG o.s.c.l.CompositeLog [DiscoveryClient-HeartbeatExecutor-0] Response 200 OK
2025-04-14 12:13:57,216 DEBUG o.s.c.l.CompositeLog [DiscoveryClient-CacheRefreshExecutor-0] Response 200 OK
2025-04-14 12:13:57,217 DEBUG o.s.c.l.CompositeLog [DiscoveryClient-CacheRefreshExecutor-0] Reading to [org.springframework.cloud.netflix.eureka.http.EurekaApplications]
2025-04-14 12:14:26,531 INFO c.n.d.s.r.a.ConfigClusterResolver [AsyncResolver-bootstrap-executor-0] Resolving eureka endpoints via configuration
2025-04-14 12:14:27,215 DEBUG o.s.c.l.CompositeLog [DiscoveryClient-HeartbeatExecutor-0] HTTP PUT http://localhost:8761/eureka/apps/USER-MANAGEMENT/Dev-MToaima.TradeNET.COM:user-management:8888?status=UP&lastDirtyTimestamp=1744625366980
2025-04-14 12:14:27,215 DEBUG o.s.c.l.CompositeLog [DiscoveryClient-HeartbeatExecutor-0] Accept=[application/json, application/*+json]
2025-04-14 12:14:27,230 DEBUG o.s.c.l.CompositeLog [DiscoveryClient-CacheRefreshExecutor-0] HTTP GET http://localhost:8761/eureka/apps/delta
2025-04-14 12:14:27,231 DEBUG o.s.c.l.CompositeLog [DiscoveryClient-CacheRefreshExecutor-0] Accept=[application/json, application/*+json]
2025-04-14 12:14:27,233 DEBUG o.s.c.l.CompositeLog [DiscoveryClient-HeartbeatExecutor-0] Response 200 OK
2025-04-14 12:14:27,248 DEBUG o.s.c.l.CompositeLog [DiscoveryClient-CacheRefreshExecutor-0] Response 200 OK
2025-04-14 12:14:27,248 DEBUG o.s.c.l.CompositeLog [DiscoveryClient-CacheRefreshExecutor-0] Reading to [org.springframework.cloud.netflix.eureka.http.EurekaApplications]
2025-04-14 12:25:47,321 WARN c.z.h.p.HikariPool$HouseKeeper [HikariPool-1 housekeeper] HikariPool-1 - Thread starvation or clock leap detected (housekeeper delta=11m25s832ms553µs300ns).
2025-04-14 12:25:53,060 DEBUG o.s.c.l.CompositeLog [DiscoveryClient-CacheRefreshExecutor-0] HTTP GET http://localhost:8761/eureka/apps/delta
2025-04-14 12:25:53,060 DEBUG o.s.c.l.CompositeLog [DiscoveryClient-HeartbeatExecutor-0] HTTP PUT http://localhost:8761/eureka/apps/USER-MANAGEMENT/Dev-MToaima.TradeNET.COM:user-management:8888?status=UP&lastDirtyTimestamp=1744625366980
2025-04-14 12:25:53,060 DEBUG o.s.c.l.CompositeLog [DiscoveryClient-CacheRefreshExecutor-0] Accept=[application/json, application/*+json]
2025-04-14 12:25:53,060 DEBUG o.s.c.l.CompositeLog [DiscoveryClient-HeartbeatExecutor-0] Accept=[application/json, application/*+json]
2025-04-14 12:25:53,066 DEBUG o.s.c.l.CompositeLog [DiscoveryClient-CacheRefreshExecutor-0] Response 200 OK
2025-04-14 12:25:53,066 DEBUG o.s.c.l.CompositeLog [DiscoveryClient-HeartbeatExecutor-0] Response 200 OK
2025-04-14 12:25:53,067 DEBUG o.s.c.l.CompositeLog [DiscoveryClient-CacheRefreshExecutor-0] Reading to [org.springframework.cloud.netflix.eureka.http.EurekaApplications]
2025-04-14 12:26:23,080 DEBUG o.s.c.l.CompositeLog [DiscoveryClient-CacheRefreshExecutor-0] HTTP GET http://localhost:8761/eureka/apps/delta
2025-04-14 12:26:23,080 DEBUG o.s.c.l.CompositeLog [DiscoveryClient-HeartbeatExecutor-0] HTTP PUT http://localhost:8761/eureka/apps/USER-MANAGEMENT/Dev-MToaima.TradeNET.COM:user-management:8888?status=UP&lastDirtyTimestamp=1744625366980
2025-04-14 12:26:23,081 DEBUG o.s.c.l.CompositeLog [DiscoveryClient-CacheRefreshExecutor-0] Accept=[application/json, application/*+json]
2025-04-14 12:26:23,081 DEBUG o.s.c.l.CompositeLog [DiscoveryClient-HeartbeatExecutor-0] Accept=[application/json, application/*+json]
2025-04-14 12:26:23,097 DEBUG o.s.c.l.CompositeLog [DiscoveryClient-HeartbeatExecutor-0] Response 200 OK
2025-04-14 12:26:23,097 DEBUG o.s.c.l.CompositeLog [DiscoveryClient-CacheRefreshExecutor-0] Response 200 OK
2025-04-14 12:26:23,098 DEBUG o.s.c.l.CompositeLog [DiscoveryClient-CacheRefreshExecutor-0] Reading to [org.springframework.cloud.netflix.eureka.http.EurekaApplications]
2025-04-14 12:26:53,103 DEBUG o.s.c.l.CompositeLog [DiscoveryClient-HeartbeatExecutor-0] HTTP PUT http://localhost:8761/eureka/apps/USER-MANAGEMENT/Dev-MToaima.TradeNET.COM:user-management:8888?status=UP&lastDirtyTimestamp=1744625366980
2025-04-14 12:26:53,103 DEBUG o.s.c.l.CompositeLog [DiscoveryClient-CacheRefreshExecutor-0] HTTP GET http://localhost:8761/eureka/apps/delta
2025-04-14 12:26:53,104 DEBUG o.s.c.l.CompositeLog [DiscoveryClient-CacheRefreshExecutor-0] Accept=[application/json, application/*+json]
2025-04-14 12:26:53,104 DEBUG o.s.c.l.CompositeLog [DiscoveryClient-HeartbeatExecutor-0] Accept=[application/json, application/*+json]
2025-04-14 12:26:53,121 DEBUG o.s.c.l.CompositeLog [DiscoveryClient-HeartbeatExecutor-0] Response 200 OK
2025-04-14 12:26:53,121 DEBUG o.s.c.l.CompositeLog [DiscoveryClient-CacheRefreshExecutor-0] Response 200 OK
2025-04-14 12:26:53,121 DEBUG o.s.c.l.CompositeLog [DiscoveryClient-CacheRefreshExecutor-0] Reading to [org.springframework.cloud.netflix.eureka.http.EurekaApplications]
2025-04-14 12:27:23,125 DEBUG o.s.c.l.CompositeLog [DiscoveryClient-CacheRefreshExecutor-0] HTTP GET http://localhost:8761/eureka/apps/delta
2025-04-14 12:27:23,125 DEBUG o.s.c.l.CompositeLog [DiscoveryClient-HeartbeatExecutor-0] HTTP PUT http://localhost:8761/eureka/apps/USER-MANAGEMENT/Dev-MToaima.TradeNET.COM:user-management:8888?status=UP&lastDirtyTimestamp=1744625366980
2025-04-14 12:27:23,126 DEBUG o.s.c.l.CompositeLog [DiscoveryClient-CacheRefreshExecutor-0] Accept=[application/json, application/*+json]
2025-04-14 12:27:23,127 DEBUG o.s.c.l.CompositeLog [DiscoveryClient-HeartbeatExecutor-0] Accept=[application/json, application/*+json]
2025-04-14 12:27:23,142 DEBUG o.s.c.l.CompositeLog [DiscoveryClient-HeartbeatExecutor-0] Response 200 OK
2025-04-14 12:27:23,142 DEBUG o.s.c.l.CompositeLog [DiscoveryClient-CacheRefreshExecutor-0] Response 200 OK
2025-04-14 12:27:23,143 DEBUG o.s.c.l.CompositeLog [DiscoveryClient-CacheRefreshExecutor-0] Reading to [org.springframework.cloud.netflix.eureka.http.EurekaApplications]
2025-04-14 12:27:53,144 DEBUG o.s.c.l.CompositeLog [DiscoveryClient-CacheRefreshExecutor-0] HTTP GET http://localhost:8761/eureka/apps/delta
2025-04-14 12:27:53,144 DEBUG o.s.c.l.CompositeLog [DiscoveryClient-HeartbeatExecutor-0] HTTP PUT http://localhost:8761/eureka/apps/USER-MANAGEMENT/Dev-MToaima.TradeNET.COM:user-management:8888?status=UP&lastDirtyTimestamp=1744625366980
2025-04-14 12:27:53,146 DEBUG o.s.c.l.CompositeLog [DiscoveryClient-HeartbeatExecutor-0] Accept=[application/json, application/*+json]
2025-04-14 12:27:53,146 DEBUG o.s.c.l.CompositeLog [DiscoveryClient-CacheRefreshExecutor-0] Accept=[application/json, application/*+json]
2025-04-14 12:27:53,163 DEBUG o.s.c.l.CompositeLog [DiscoveryClient-HeartbeatExecutor-0] Response 200 OK
2025-04-14 12:27:53,163 DEBUG o.s.c.l.CompositeLog [DiscoveryClient-CacheRefreshExecutor-0] Response 200 OK
2025-04-14 12:27:53,164 DEBUG o.s.c.l.CompositeLog [DiscoveryClient-CacheRefreshExecutor-0] Reading to [org.springframework.cloud.netflix.eureka.http.EurekaApplications]
2025-04-14 12:28:23,173 DEBUG o.s.c.l.CompositeLog [DiscoveryClient-CacheRefreshExecutor-0] HTTP GET http://localhost:8761/eureka/apps/delta
2025-04-14 12:28:23,173 DEBUG o.s.c.l.CompositeLog [DiscoveryClient-HeartbeatExecutor-0] HTTP PUT http://localhost:8761/eureka/apps/USER-MANAGEMENT/Dev-MToaima.TradeNET.COM:user-management:8888?status=UP&lastDirtyTimestamp=1744625366980
2025-04-14 12:28:23,173 DEBUG o.s.c.l.CompositeLog [DiscoveryClient-CacheRefreshExecutor-0] Accept=[application/json, application/*+json]
2025-04-14 12:28:23,173 DEBUG o.s.c.l.CompositeLog [DiscoveryClient-HeartbeatExecutor-0] Accept=[application/json, application/*+json]
2025-04-14 12:28:23,190 DEBUG o.s.c.l.CompositeLog [DiscoveryClient-CacheRefreshExecutor-0] Response 200 OK
2025-04-14 12:28:23,190 DEBUG o.s.c.l.CompositeLog [DiscoveryClient-HeartbeatExecutor-0] Response 200 OK
2025-04-14 12:28:23,190 DEBUG o.s.c.l.CompositeLog [DiscoveryClient-CacheRefreshExecutor-0] Reading to [org.springframework.cloud.netflix.eureka.http.EurekaApplications]
2025-04-14 12:28:53,197 DEBUG o.s.c.l.CompositeLog [DiscoveryClient-CacheRefreshExecutor-0] HTTP GET http://localhost:8761/eureka/apps/delta
2025-04-14 12:28:53,197 DEBUG o.s.c.l.CompositeLog [DiscoveryClient-HeartbeatExecutor-0] HTTP PUT http://localhost:8761/eureka/apps/USER-MANAGEMENT/Dev-MToaima.TradeNET.COM:user-management:8888?status=UP&lastDirtyTimestamp=1744625366980
2025-04-14 12:28:53,198 DEBUG o.s.c.l.CompositeLog [DiscoveryClient-HeartbeatExecutor-0] Accept=[application/json, application/*+json]
2025-04-14 12:28:53,198 DEBUG o.s.c.l.CompositeLog [DiscoveryClient-CacheRefreshExecutor-0] Accept=[application/json, application/*+json]
2025-04-14 12:28:53,214 DEBUG o.s.c.l.CompositeLog [DiscoveryClient-CacheRefreshExecutor-0] Response 200 OK
2025-04-14 12:28:53,214 DEBUG o.s.c.l.CompositeLog [DiscoveryClient-HeartbeatExecutor-0] Response 200 OK
2025-04-14 12:28:53,215 DEBUG o.s.c.l.CompositeLog [DiscoveryClient-CacheRefreshExecutor-0] Reading to [org.springframework.cloud.netflix.eureka.http.EurekaApplications]
2025-04-14 12:29:23,230 DEBUG o.s.c.l.CompositeLog [DiscoveryClient-CacheRefreshExecutor-0] HTTP GET http://localhost:8761/eureka/apps/delta
2025-04-14 12:29:23,230 DEBUG o.s.c.l.CompositeLog [DiscoveryClient-HeartbeatExecutor-0] HTTP PUT http://localhost:8761/eureka/apps/USER-MANAGEMENT/Dev-MToaima.TradeNET.COM:user-management:8888?status=UP&lastDirtyTimestamp=1744625366980
2025-04-14 12:29:23,231 DEBUG o.s.c.l.CompositeLog [DiscoveryClient-CacheRefreshExecutor-0] Accept=[application/json, application/*+json]
2025-04-14 12:29:23,231 DEBUG o.s.c.l.CompositeLog [DiscoveryClient-HeartbeatExecutor-0] Accept=[application/json, application/*+json]
2025-04-14 12:29:23,248 DEBUG o.s.c.l.CompositeLog [DiscoveryClient-HeartbeatExecutor-0] Response 200 OK
2025-04-14 12:29:23,248 DEBUG o.s.c.l.CompositeLog [DiscoveryClient-CacheRefreshExecutor-0] Response 200 OK
2025-04-14 12:29:23,249 DEBUG o.s.c.l.CompositeLog [DiscoveryClient-CacheRefreshExecutor-0] Reading to [org.springframework.cloud.netflix.eureka.http.EurekaApplications]
2025-04-14 12:29:53,259 DEBUG o.s.c.l.CompositeLog [DiscoveryClient-HeartbeatExecutor-0] HTTP PUT http://localhost:8761/eureka/apps/USER-MANAGEMENT/Dev-MToaima.TradeNET.COM:user-management:8888?status=UP&lastDirtyTimestamp=1744625366980
2025-04-14 12:29:53,259 DEBUG o.s.c.l.CompositeLog [DiscoveryClient-CacheRefreshExecutor-0] HTTP GET http://localhost:8761/eureka/apps/delta
2025-04-14 12:29:53,259 DEBUG o.s.c.l.CompositeLog [DiscoveryClient-CacheRefreshExecutor-0] Accept=[application/json, application/*+json]
2025-04-14 12:29:53,259 DEBUG o.s.c.l.CompositeLog [DiscoveryClient-HeartbeatExecutor-0] Accept=[application/json, application/*+json]
2025-04-14 12:29:53,275 DEBUG o.s.c.l.CompositeLog [DiscoveryClient-CacheRefreshExecutor-0] Response 200 OK
2025-04-14 12:29:53,275 DEBUG o.s.c.l.CompositeLog [DiscoveryClient-HeartbeatExecutor-0] Response 200 OK
2025-04-14 12:29:53,275 DEBUG o.s.c.l.CompositeLog [DiscoveryClient-CacheRefreshExecutor-0] Reading to [org.springframework.cloud.netflix.eureka.http.EurekaApplications]
2025-04-14 12:30:22,363 INFO c.n.d.s.r.a.ConfigClusterResolver [AsyncResolver-bootstrap-executor-0] Resolving eureka endpoints via configuration
2025-04-14 12:30:23,282 DEBUG o.s.c.l.CompositeLog [DiscoveryClient-HeartbeatExecutor-0] HTTP PUT http://localhost:8761/eureka/apps/USER-MANAGEMENT/Dev-MToaima.TradeNET.COM:user-management:8888?status=UP&lastDirtyTimestamp=1744625366980
2025-04-14 12:30:23,282 DEBUG o.s.c.l.CompositeLog [DiscoveryClient-CacheRefreshExecutor-0] HTTP GET http://localhost:8761/eureka/apps/delta
2025-04-14 12:30:23,283 DEBUG o.s.c.l.CompositeLog [DiscoveryClient-HeartbeatExecutor-0] Accept=[application/json, application/*+json]
2025-04-14 12:30:23,283 DEBUG o.s.c.l.CompositeLog [DiscoveryClient-CacheRefreshExecutor-0] Accept=[application/json, application/*+json]
2025-04-14 12:30:23,299 DEBUG o.s.c.l.CompositeLog [DiscoveryClient-CacheRefreshExecutor-0] Response 200 OK
2025-04-14 12:30:23,299 DEBUG o.s.c.l.CompositeLog [DiscoveryClient-HeartbeatExecutor-0] Response 200 OK
2025-04-14 12:30:23,300 DEBUG o.s.c.l.CompositeLog [DiscoveryClient-CacheRefreshExecutor-0] Reading to [org.springframework.cloud.netflix.eureka.http.EurekaApplications]
2025-04-14 12:30:53,306 DEBUG o.s.c.l.CompositeLog [DiscoveryClient-HeartbeatExecutor-0] HTTP PUT http://localhost:8761/eureka/apps/USER-MANAGEMENT/Dev-MToaima.TradeNET.COM:user-management:8888?status=UP&lastDirtyTimestamp=1744625366980
2025-04-14 12:30:53,306 DEBUG o.s.c.l.CompositeLog [DiscoveryClient-CacheRefreshExecutor-0] HTTP GET http://localhost:8761/eureka/apps/delta
2025-04-14 12:30:53,307 DEBUG o.s.c.l.CompositeLog [DiscoveryClient-HeartbeatExecutor-0] Accept=[application/json, application/*+json]
2025-04-14 12:30:53,307 DEBUG o.s.c.l.CompositeLog [DiscoveryClient-CacheRefreshExecutor-0] Accept=[application/json, application/*+json]
2025-04-14 12:30:53,324 DEBUG o.s.c.l.CompositeLog [DiscoveryClient-HeartbeatExecutor-0] Response 200 OK
2025-04-14 12:30:53,324 DEBUG o.s.c.l.CompositeLog [DiscoveryClient-CacheRefreshExecutor-0] Response 200 OK
2025-04-14 12:30:53,324 DEBUG o.s.c.l.CompositeLog [DiscoveryClient-CacheRefreshExecutor-0] Reading to [org.springframework.cloud.netflix.eureka.http.EurekaApplications]
2025-04-14 12:31:23,343 DEBUG o.s.c.l.CompositeLog [DiscoveryClient-HeartbeatExecutor-0] HTTP PUT http://localhost:8761/eureka/apps/USER-MANAGEMENT/Dev-MToaima.TradeNET.COM:user-management:8888?status=UP&lastDirtyTimestamp=1744625366980
2025-04-14 12:31:23,343 DEBUG o.s.c.l.CompositeLog [DiscoveryClient-CacheRefreshExecutor-0] HTTP GET http://localhost:8761/eureka/apps/delta
2025-04-14 12:31:23,344 DEBUG o.s.c.l.CompositeLog [DiscoveryClient-HeartbeatExecutor-0] Accept=[application/json, application/*+json]
2025-04-14 12:31:23,344 DEBUG o.s.c.l.CompositeLog [DiscoveryClient-CacheRefreshExecutor-0] Accept=[application/json, application/*+json]
2025-04-14 12:31:23,361 DEBUG o.s.c.l.CompositeLog [DiscoveryClient-CacheRefreshExecutor-0] Response 200 OK
2025-04-14 12:31:23,361 DEBUG o.s.c.l.CompositeLog [DiscoveryClient-HeartbeatExecutor-0] Response 200 OK
2025-04-14 12:31:23,361 DEBUG o.s.c.l.CompositeLog [DiscoveryClient-CacheRefreshExecutor-0] Reading to [org.springframework.cloud.netflix.eureka.http.EurekaApplications]
2025-04-14 12:31:53,390 DEBUG o.s.c.l.CompositeLog [DiscoveryClient-CacheRefreshExecutor-0] HTTP GET http://localhost:8761/eureka/apps/delta
2025-04-14 12:31:53,390 DEBUG o.s.c.l.CompositeLog [DiscoveryClient-HeartbeatExecutor-0] HTTP PUT http://localhost:8761/eureka/apps/USER-MANAGEMENT/Dev-MToaima.TradeNET.COM:user-management:8888?status=UP&lastDirtyTimestamp=1744625366980
2025-04-14 12:31:53,391 DEBUG o.s.c.l.CompositeLog [DiscoveryClient-CacheRefreshExecutor-0] Accept=[application/json, application/*+json]
2025-04-14 12:31:53,391 DEBUG o.s.c.l.CompositeLog [DiscoveryClient-HeartbeatExecutor-0] Accept=[application/json, application/*+json]
2025-04-14 12:31:53,406 DEBUG o.s.c.l.CompositeLog [DiscoveryClient-CacheRefreshExecutor-0] Response 200 OK
2025-04-14 12:31:53,406 DEBUG o.s.c.l.CompositeLog [DiscoveryClient-HeartbeatExecutor-0] Response 200 OK
2025-04-14 12:31:53,407 DEBUG o.s.c.l.CompositeLog [DiscoveryClient-CacheRefreshExecutor-0] Reading to [org.springframework.cloud.netflix.eureka.http.EurekaApplications]
2025-04-14 12:32:23,426 DEBUG o.s.c.l.CompositeLog [DiscoveryClient-CacheRefreshExecutor-0] HTTP GET http://localhost:8761/eureka/apps/delta
2025-04-14 12:32:23,426 DEBUG o.s.c.l.CompositeLog [DiscoveryClient-HeartbeatExecutor-0] HTTP PUT http://localhost:8761/eureka/apps/USER-MANAGEMENT/Dev-MToaima.TradeNET.COM:user-management:8888?status=UP&lastDirtyTimestamp=1744625366980
2025-04-14 12:32:23,427 DEBUG o.s.c.l.CompositeLog [DiscoveryClient-CacheRefreshExecutor-0] Accept=[application/json, application/*+json]
2025-04-14 12:32:23,427 DEBUG o.s.c.l.CompositeLog [DiscoveryClient-HeartbeatExecutor-0] Accept=[application/json, application/*+json]
2025-04-14 12:32:23,443 DEBUG o.s.c.l.CompositeLog [DiscoveryClient-HeartbeatExecutor-0] Response 200 OK
2025-04-14 12:32:23,443 DEBUG o.s.c.l.CompositeLog [DiscoveryClient-CacheRefreshExecutor-0] Response 200 OK
2025-04-14 12:32:23,443 DEBUG o.s.c.l.CompositeLog [DiscoveryClient-CacheRefreshExecutor-0] Reading to [org.springframework.cloud.netflix.eureka.http.EurekaApplications]
2025-04-14 12:32:53,459 DEBUG o.s.c.l.CompositeLog [DiscoveryClient-CacheRefreshExecutor-0] HTTP GET http://localhost:8761/eureka/apps/delta
2025-04-14 12:32:53,459 DEBUG o.s.c.l.CompositeLog [DiscoveryClient-HeartbeatExecutor-0] HTTP PUT http://localhost:8761/eureka/apps/USER-MANAGEMENT/Dev-MToaima.TradeNET.COM:user-management:8888?status=UP&lastDirtyTimestamp=1744625366980
2025-04-14 12:32:53,460 DEBUG o.s.c.l.CompositeLog [DiscoveryClient-CacheRefreshExecutor-0] Accept=[application/json, application/*+json]
2025-04-14 12:32:53,460 DEBUG o.s.c.l.CompositeLog [DiscoveryClient-HeartbeatExecutor-0] Accept=[application/json, application/*+json]
2025-04-14 12:32:53,475 DEBUG o.s.c.l.CompositeLog [DiscoveryClient-HeartbeatExecutor-0] Response 200 OK
2025-04-14 12:32:53,475 DEBUG o.s.c.l.CompositeLog [DiscoveryClient-CacheRefreshExecutor-0] Response 200 OK
2025-04-14 12:32:53,476 DEBUG o.s.c.l.CompositeLog [DiscoveryClient-CacheRefreshExecutor-0] Reading to [org.springframework.cloud.netflix.eureka.http.EurekaApplications]
2025-04-14 12:33:23,499 DEBUG o.s.c.l.CompositeLog [DiscoveryClient-CacheRefreshExecutor-0] HTTP GET http://localhost:8761/eureka/apps/delta
2025-04-14 12:33:23,499 DEBUG o.s.c.l.CompositeLog [DiscoveryClient-HeartbeatExecutor-0] HTTP PUT http://localhost:8761/eureka/apps/USER-MANAGEMENT/Dev-MToaima.TradeNET.COM:user-management:8888?status=UP&lastDirtyTimestamp=1744625366980
2025-04-14 12:33:23,499 DEBUG o.s.c.l.CompositeLog [DiscoveryClient-HeartbeatExecutor-0] Accept=[application/json, application/*+json]
2025-04-14 12:33:23,499 DEBUG o.s.c.l.CompositeLog [DiscoveryClient-CacheRefreshExecutor-0] Accept=[application/json, application/*+json]
2025-04-14 12:33:23,517 DEBUG o.s.c.l.CompositeLog [DiscoveryClient-HeartbeatExecutor-0] Response 200 OK
2025-04-14 12:33:23,517 DEBUG o.s.c.l.CompositeLog [DiscoveryClient-CacheRefreshExecutor-0] Response 200 OK
2025-04-14 12:33:23,518 DEBUG o.s.c.l.CompositeLog [DiscoveryClient-CacheRefreshExecutor-0] Reading to [org.springframework.cloud.netflix.eureka.http.EurekaApplications]
2025-04-14 12:33:53,548 DEBUG o.s.c.l.CompositeLog [DiscoveryClient-HeartbeatExecutor-0] HTTP PUT http://localhost:8761/eureka/apps/USER-MANAGEMENT/Dev-MToaima.TradeNET.COM:user-management:8888?status=UP&lastDirtyTimestamp=1744625366980
2025-04-14 12:33:53,548 DEBUG o.s.c.l.CompositeLog [DiscoveryClient-CacheRefreshExecutor-0] HTTP GET http://localhost:8761/eureka/apps/delta
2025-04-14 12:33:53,548 DEBUG o.s.c.l.CompositeLog [DiscoveryClient-HeartbeatExecutor-0] Accept=[application/json, application/*+json]
2025-04-14 12:33:53,548 DEBUG o.s.c.l.CompositeLog [DiscoveryClient-CacheRefreshExecutor-0] Accept=[application/json, application/*+json]
2025-04-14 12:33:53,564 DEBUG o.s.c.l.CompositeLog [DiscoveryClient-HeartbeatExecutor-0] Response 200 OK
2025-04-14 12:33:53,564 DEBUG o.s.c.l.CompositeLog [DiscoveryClient-CacheRefreshExecutor-0] Response 200 OK
2025-04-14 12:33:53,565 DEBUG o.s.c.l.CompositeLog [DiscoveryClient-CacheRefreshExecutor-0] Reading to [org.springframework.cloud.netflix.eureka.http.EurekaApplications]
2025-04-14 12:34:23,583 DEBUG o.s.c.l.CompositeLog [DiscoveryClient-CacheRefreshExecutor-0] HTTP GET http://localhost:8761/eureka/apps/delta
2025-04-14 12:34:23,583 DEBUG o.s.c.l.CompositeLog [DiscoveryClient-HeartbeatExecutor-0] HTTP PUT http://localhost:8761/eureka/apps/USER-MANAGEMENT/Dev-MToaima.TradeNET.COM:user-management:8888?status=UP&lastDirtyTimestamp=1744625366980
2025-04-14 12:34:23,584 DEBUG o.s.c.l.CompositeLog [DiscoveryClient-CacheRefreshExecutor-0] Accept=[application/json, application/*+json]
2025-04-14 12:34:23,584 DEBUG o.s.c.l.CompositeLog [DiscoveryClient-HeartbeatExecutor-0] Accept=[application/json, application/*+json]
2025-04-14 12:34:23,600 DEBUG o.s.c.l.CompositeLog [DiscoveryClient-HeartbeatExecutor-0] Response 200 OK
2025-04-14 12:34:23,600 DEBUG o.s.c.l.CompositeLog [DiscoveryClient-CacheRefreshExecutor-0] Response 200 OK
2025-04-14 12:34:23,601 DEBUG o.s.c.l.CompositeLog [DiscoveryClient-CacheRefreshExecutor-0] Reading to [org.springframework.cloud.netflix.eureka.http.EurekaApplications]
2025-04-14 12:34:53,628 DEBUG o.s.c.l.CompositeLog [DiscoveryClient-HeartbeatExecutor-0] HTTP PUT http://localhost:8761/eureka/apps/USER-MANAGEMENT/Dev-MToaima.TradeNET.COM:user-management:8888?status=UP&lastDirtyTimestamp=1744625366980
2025-04-14 12:34:53,628 DEBUG o.s.c.l.CompositeLog [DiscoveryClient-CacheRefreshExecutor-0] HTTP GET http://localhost:8761/eureka/apps/delta
2025-04-14 12:34:53,628 DEBUG o.s.c.l.CompositeLog [DiscoveryClient-HeartbeatExecutor-0] Accept=[application/json, application/*+json]
2025-04-14 12:34:53,628 DEBUG o.s.c.l.CompositeLog [DiscoveryClient-CacheRefreshExecutor-0] Accept=[application/json, application/*+json]
2025-04-14 12:34:53,645 DEBUG o.s.c.l.CompositeLog [DiscoveryClient-CacheRefreshExecutor-0] Response 200 OK
2025-04-14 12:34:53,645 DEBUG o.s.c.l.CompositeLog [DiscoveryClient-HeartbeatExecutor-0] Response 200 OK
2025-04-14 12:34:53,646 DEBUG o.s.c.l.CompositeLog [DiscoveryClient-CacheRefreshExecutor-0] Reading to [org.springframework.cloud.netflix.eureka.http.EurekaApplications]
2025-04-14 12:35:22,502 INFO c.n.d.s.r.a.ConfigClusterResolver [AsyncResolver-bootstrap-executor-0] Resolving eureka endpoints via configuration
2025-04-14 12:35:23,680 DEBUG o.s.c.l.CompositeLog [DiscoveryClient-CacheRefreshExecutor-0] HTTP GET http://localhost:8761/eureka/apps/delta
2025-04-14 12:35:23,681 DEBUG o.s.c.l.CompositeLog [DiscoveryClient-HeartbeatExecutor-0] HTTP PUT http://localhost:8761/eureka/apps/USER-MANAGEMENT/Dev-MToaima.TradeNET.COM:user-management:8888?status=UP&lastDirtyTimestamp=1744625366980
2025-04-14 12:35:23,699 DEBUG o.s.c.l.CompositeLog [DiscoveryClient-HeartbeatExecutor-0] Accept=[application/json, application/*+json]
2025-04-14 12:35:23,702 DEBUG o.s.c.l.CompositeLog [DiscoveryClient-CacheRefreshExecutor-0] Accept=[application/json, application/*+json]
2025-04-14 12:35:23,704 DEBUG o.s.c.l.CompositeLog [DiscoveryClient-HeartbeatExecutor-0] Response 200 OK
2025-04-14 12:35:23,706 DEBUG o.s.c.l.CompositeLog [DiscoveryClient-CacheRefreshExecutor-0] Response 200 OK
2025-04-14 12:35:23,706 DEBUG o.s.c.l.CompositeLog [DiscoveryClient-CacheRefreshExecutor-0] Reading to [org.springframework.cloud.netflix.eureka.http.EurekaApplications]
2025-04-14 12:35:53,721 DEBUG o.s.c.l.CompositeLog [DiscoveryClient-CacheRefreshExecutor-0] HTTP GET http://localhost:8761/eureka/apps/delta
2025-04-14 12:35:53,721 DEBUG o.s.c.l.CompositeLog [DiscoveryClient-HeartbeatExecutor-0] HTTP PUT http://localhost:8761/eureka/apps/USER-MANAGEMENT/Dev-MToaima.TradeNET.COM:user-management:8888?status=UP&lastDirtyTimestamp=1744625366980
2025-04-14 12:35:53,722 DEBUG o.s.c.l.CompositeLog [DiscoveryClient-HeartbeatExecutor-0] Accept=[application/json, application/*+json]
2025-04-14 12:35:53,722 DEBUG o.s.c.l.CompositeLog [DiscoveryClient-CacheRefreshExecutor-0] Accept=[application/json, application/*+json]
2025-04-14 12:35:53,738 DEBUG o.s.c.l.CompositeLog [DiscoveryClient-HeartbeatExecutor-0] Response 200 OK
2025-04-14 12:35:53,738 DEBUG o.s.c.l.CompositeLog [DiscoveryClient-CacheRefreshExecutor-0] Response 200 OK
2025-04-14 12:35:53,738 DEBUG o.s.c.l.CompositeLog [DiscoveryClient-CacheRefreshExecutor-0] Reading to [org.springframework.cloud.netflix.eureka.http.EurekaApplications]
2025-04-14 12:36:23,744 DEBUG o.s.c.l.CompositeLog [DiscoveryClient-CacheRefreshExecutor-0] HTTP GET http://localhost:8761/eureka/apps/delta
2025-04-14 12:36:23,744 DEBUG o.s.c.l.CompositeLog [DiscoveryClient-HeartbeatExecutor-0] HTTP PUT http://localhost:8761/eureka/apps/USER-MANAGEMENT/Dev-MToaima.TradeNET.COM:user-management:8888?status=UP&lastDirtyTimestamp=1744625366980
2025-04-14 12:36:23,744 DEBUG o.s.c.l.CompositeLog [DiscoveryClient-CacheRefreshExecutor-0] Accept=[application/json, application/*+json]
2025-04-14 12:36:23,744 DEBUG o.s.c.l.CompositeLog [DiscoveryClient-HeartbeatExecutor-0] Accept=[application/json, application/*+json]
2025-04-14 12:36:23,761 DEBUG o.s.c.l.CompositeLog [DiscoveryClient-CacheRefreshExecutor-0] Response 200 OK
2025-04-14 12:36:23,761 DEBUG o.s.c.l.CompositeLog [DiscoveryClient-HeartbeatExecutor-0] Response 200 OK
2025-04-14 12:36:23,762 DEBUG o.s.c.l.CompositeLog [DiscoveryClient-CacheRefreshExecutor-0] Reading to [org.springframework.cloud.netflix.eureka.http.EurekaApplications]
2025-04-14 12:36:53,771 DEBUG o.s.c.l.CompositeLog [DiscoveryClient-CacheRefreshExecutor-0] HTTP GET http://localhost:8761/eureka/apps/delta
2025-04-14 12:36:53,771 DEBUG o.s.c.l.CompositeLog [DiscoveryClient-HeartbeatExecutor-0] HTTP PUT http://localhost:8761/eureka/apps/USER-MANAGEMENT/Dev-MToaima.TradeNET.COM:user-management:8888?status=UP&lastDirtyTimestamp=1744625366980
2025-04-14 12:36:53,772 DEBUG o.s.c.l.CompositeLog [DiscoveryClient-CacheRefreshExecutor-0] Accept=[application/json, application/*+json]
2025-04-14 12:36:53,772 DEBUG o.s.c.l.CompositeLog [DiscoveryClient-HeartbeatExecutor-0] Accept=[application/json, application/*+json]
2025-04-14 12:36:53,788 DEBUG o.s.c.l.CompositeLog [DiscoveryClient-HeartbeatExecutor-0] Response 200 OK
2025-04-14 12:36:53,790 DEBUG o.s.c.l.CompositeLog [DiscoveryClient-CacheRefreshExecutor-0] Response 200 OK
2025-04-14 12:36:53,791 DEBUG o.s.c.l.CompositeLog [DiscoveryClient-CacheRefreshExecutor-0] Reading to [org.springframework.cloud.netflix.eureka.http.EurekaApplications]
2025-04-14 12:37:23,795 DEBUG o.s.c.l.CompositeLog [DiscoveryClient-HeartbeatExecutor-0] HTTP PUT http://localhost:8761/eureka/apps/USER-MANAGEMENT/Dev-MToaima.TradeNET.COM:user-management:8888?status=UP&lastDirtyTimestamp=1744625366980
2025-04-14 12:37:23,795 DEBUG o.s.c.l.CompositeLog [DiscoveryClient-CacheRefreshExecutor-0] HTTP GET http://localhost:8761/eureka/apps/delta
2025-04-14 12:37:23,796 DEBUG o.s.c.l.CompositeLog [DiscoveryClient-CacheRefreshExecutor-0] Accept=[application/json, application/*+json]
2025-04-14 12:37:23,796 DEBUG o.s.c.l.CompositeLog [DiscoveryClient-HeartbeatExecutor-0] Accept=[application/json, application/*+json]
2025-04-14 12:37:23,813 DEBUG o.s.c.l.CompositeLog [DiscoveryClient-HeartbeatExecutor-0] Response 200 OK
2025-04-14 12:37:23,813 DEBUG o.s.c.l.CompositeLog [DiscoveryClient-CacheRefreshExecutor-0] Response 200 OK
2025-04-14 12:37:23,813 DEBUG o.s.c.l.CompositeLog [DiscoveryClient-CacheRefreshExecutor-0] Reading to [org.springframework.cloud.netflix.eureka.http.EurekaApplications]
2025-04-14 12:37:53,819 DEBUG o.s.c.l.CompositeLog [DiscoveryClient-CacheRefreshExecutor-0] HTTP GET http://localhost:8761/eureka/apps/delta
2025-04-14 12:37:53,819 DEBUG o.s.c.l.CompositeLog [DiscoveryClient-HeartbeatExecutor-0] HTTP PUT http://localhost:8761/eureka/apps/USER-MANAGEMENT/Dev-MToaima.TradeNET.COM:user-management:8888?status=UP&lastDirtyTimestamp=1744625366980
2025-04-14 12:37:53,820 DEBUG o.s.c.l.CompositeLog [DiscoveryClient-CacheRefreshExecutor-0] Accept=[application/json, application/*+json]
2025-04-14 12:37:53,820 DEBUG o.s.c.l.CompositeLog [DiscoveryClient-HeartbeatExecutor-0] Accept=[application/json, application/*+json]
2025-04-14 12:37:53,836 DEBUG o.s.c.l.CompositeLog [DiscoveryClient-HeartbeatExecutor-0] Response 200 OK
2025-04-14 12:37:53,836 DEBUG o.s.c.l.CompositeLog [DiscoveryClient-CacheRefreshExecutor-0] Response 200 OK
2025-04-14 12:37:53,836 DEBUG o.s.c.l.CompositeLog [DiscoveryClient-CacheRefreshExecutor-0] Reading to [org.springframework.cloud.netflix.eureka.http.EurekaApplications]
2025-04-14 12:38:23,842 DEBUG o.s.c.l.CompositeLog [DiscoveryClient-CacheRefreshExecutor-0] HTTP GET http://localhost:8761/eureka/apps/delta
2025-04-14 12:38:23,842 DEBUG o.s.c.l.CompositeLog [DiscoveryClient-HeartbeatExecutor-0] HTTP PUT http://localhost:8761/eureka/apps/USER-MANAGEMENT/Dev-MToaima.TradeNET.COM:user-management:8888?status=UP&lastDirtyTimestamp=1744625366980
2025-04-14 12:38:23,842 DEBUG o.s.c.l.CompositeLog [DiscoveryClient-CacheRefreshExecutor-0] Accept=[application/json, application/*+json]
2025-04-14 12:38:23,842 DEBUG o.s.c.l.CompositeLog [DiscoveryClient-HeartbeatExecutor-0] Accept=[application/json, application/*+json]
2025-04-14 12:38:23,859 DEBUG o.s.c.l.CompositeLog [DiscoveryClient-CacheRefreshExecutor-0] Response 200 OK
2025-04-14 12:38:23,859 DEBUG o.s.c.l.CompositeLog [DiscoveryClient-HeartbeatExecutor-0] Response 200 OK
2025-04-14 12:38:23,860 DEBUG o.s.c.l.CompositeLog [DiscoveryClient-CacheRefreshExecutor-0] Reading to [org.springframework.cloud.netflix.eureka.http.EurekaApplications]
2025-04-14 12:38:53,864 DEBUG o.s.c.l.CompositeLog [DiscoveryClient-HeartbeatExecutor-0] HTTP PUT http://localhost:8761/eureka/apps/USER-MANAGEMENT/Dev-MToaima.TradeNET.COM:user-management:8888?status=UP&lastDirtyTimestamp=1744625366980
2025-04-14 12:38:53,864 DEBUG o.s.c.l.CompositeLog [DiscoveryClient-CacheRefreshExecutor-0] HTTP GET http://localhost:8761/eureka/apps/delta
2025-04-14 12:38:53,865 DEBUG o.s.c.l.CompositeLog [DiscoveryClient-CacheRefreshExecutor-0] Accept=[application/json, application/*+json]
2025-04-14 12:38:53,865 DEBUG o.s.c.l.CompositeLog [DiscoveryClient-HeartbeatExecutor-0] Accept=[application/json, application/*+json]
2025-04-14 12:38:53,882 DEBUG o.s.c.l.CompositeLog [DiscoveryClient-CacheRefreshExecutor-0] Response 200 OK
2025-04-14 12:38:53,882 DEBUG o.s.c.l.CompositeLog [DiscoveryClient-HeartbeatExecutor-0] Response 200 OK
2025-04-14 12:38:53,882 DEBUG o.s.c.l.CompositeLog [DiscoveryClient-CacheRefreshExecutor-0] Reading to [org.springframework.cloud.netflix.eureka.http.EurekaApplications]
2025-04-14 12:39:23,889 DEBUG o.s.c.l.CompositeLog [DiscoveryClient-HeartbeatExecutor-0] HTTP PUT http://localhost:8761/eureka/apps/USER-MANAGEMENT/Dev-MToaima.TradeNET.COM:user-management:8888?status=UP&lastDirtyTimestamp=1744625366980
2025-04-14 12:39:23,889 DEBUG o.s.c.l.CompositeLog [DiscoveryClient-CacheRefreshExecutor-0] HTTP GET http://localhost:8761/eureka/apps/delta
2025-04-14 12:39:23,890 DEBUG o.s.c.l.CompositeLog [DiscoveryClient-HeartbeatExecutor-0] Accept=[application/json, application/*+json]
2025-04-14 12:39:23,890 DEBUG o.s.c.l.CompositeLog [DiscoveryClient-CacheRefreshExecutor-0] Accept=[application/json, application/*+json]
2025-04-14 12:39:23,906 DEBUG o.s.c.l.CompositeLog [DiscoveryClient-HeartbeatExecutor-0] Response 200 OK
2025-04-14 12:39:23,906 DEBUG o.s.c.l.CompositeLog [DiscoveryClient-CacheRefreshExecutor-0] Response 200 OK
2025-04-14 12:39:23,906 DEBUG o.s.c.l.CompositeLog [DiscoveryClient-CacheRefreshExecutor-0] Reading to [org.springframework.cloud.netflix.eureka.http.EurekaApplications]
2025-04-14 12:39:53,919 DEBUG o.s.c.l.CompositeLog [DiscoveryClient-HeartbeatExecutor-0] HTTP PUT http://localhost:8761/eureka/apps/USER-MANAGEMENT/Dev-MToaima.TradeNET.COM:user-management:8888?status=UP&lastDirtyTimestamp=1744625366980
2025-04-14 12:39:53,919 DEBUG o.s.c.l.CompositeLog [DiscoveryClient-CacheRefreshExecutor-0] HTTP GET http://localhost:8761/eureka/apps/delta
2025-04-14 12:39:53,919 DEBUG o.s.c.l.CompositeLog [DiscoveryClient-HeartbeatExecutor-0] Accept=[application/json, application/*+json]
2025-04-14 12:39:53,919 DEBUG o.s.c.l.CompositeLog [DiscoveryClient-CacheRefreshExecutor-0] Accept=[application/json, application/*+json]
2025-04-14 12:39:53,936 DEBUG o.s.c.l.CompositeLog [DiscoveryClient-HeartbeatExecutor-0] Response 200 OK
2025-04-14 12:39:53,936 DEBUG o.s.c.l.CompositeLog [DiscoveryClient-CacheRefreshExecutor-0] Response 200 OK
2025-04-14 12:39:53,937 DEBUG o.s.c.l.CompositeLog [DiscoveryClient-CacheRefreshExecutor-0] Reading to [org.springframework.cloud.netflix.eureka.http.EurekaApplications]
2025-04-14 12:40:22,515 INFO c.n.d.s.r.a.ConfigClusterResolver [AsyncResolver-bootstrap-executor-0] Resolving eureka endpoints via configuration
2025-04-14 12:40:23,941 DEBUG o.s.c.l.CompositeLog [DiscoveryClient-HeartbeatExecutor-0] HTTP PUT http://localhost:8761/eureka/apps/USER-MANAGEMENT/Dev-MToaima.TradeNET.COM:user-management:8888?status=UP&lastDirtyTimestamp=1744625366980
2025-04-14 12:40:23,941 DEBUG o.s.c.l.CompositeLog [DiscoveryClient-CacheRefreshExecutor-0] HTTP GET http://localhost:8761/eureka/apps/delta
2025-04-14 12:40:23,942 DEBUG o.s.c.l.CompositeLog [DiscoveryClient-CacheRefreshExecutor-0] Accept=[application/json, application/*+json]
2025-04-14 12:40:23,942 DEBUG o.s.c.l.CompositeLog [DiscoveryClient-HeartbeatExecutor-0] Accept=[application/json, application/*+json]
2025-04-14 12:40:23,957 DEBUG o.s.c.l.CompositeLog [DiscoveryClient-HeartbeatExecutor-0] Response 200 OK
2025-04-14 12:40:23,957 DEBUG o.s.c.l.CompositeLog [DiscoveryClient-CacheRefreshExecutor-0] Response 200 OK
2025-04-14 12:40:23,958 DEBUG o.s.c.l.CompositeLog [DiscoveryClient-CacheRefreshExecutor-0] Reading to [org.springframework.cloud.netflix.eureka.http.EurekaApplications]
2025-04-14 12:40:53,969 DEBUG o.s.c.l.CompositeLog [DiscoveryClient-HeartbeatExecutor-0] HTTP PUT http://localhost:8761/eureka/apps/USER-MANAGEMENT/Dev-MToaima.TradeNET.COM:user-management:8888?status=UP&lastDirtyTimestamp=1744625366980
2025-04-14 12:40:53,969 DEBUG o.s.c.l.CompositeLog [DiscoveryClient-CacheRefreshExecutor-0] HTTP GET http://localhost:8761/eureka/apps/delta
2025-04-14 12:40:53,969 DEBUG o.s.c.l.CompositeLog [DiscoveryClient-HeartbeatExecutor-0] Accept=[application/json, application/*+json]
2025-04-14 12:40:53,969 DEBUG o.s.c.l.CompositeLog [DiscoveryClient-CacheRefreshExecutor-0] Accept=[application/json, application/*+json]
2025-04-14 12:40:53,985 DEBUG o.s.c.l.CompositeLog [DiscoveryClient-HeartbeatExecutor-0] Response 200 OK
2025-04-14 12:40:53,985 DEBUG o.s.c.l.CompositeLog [DiscoveryClient-CacheRefreshExecutor-0] Response 200 OK
2025-04-14 12:40:53,986 DEBUG o.s.c.l.CompositeLog [DiscoveryClient-CacheRefreshExecutor-0] Reading to [org.springframework.cloud.netflix.eureka.http.EurekaApplications]
2025-04-14 12:41:23,998 DEBUG o.s.c.l.CompositeLog [DiscoveryClient-CacheRefreshExecutor-0] HTTP GET http://localhost:8761/eureka/apps/delta
2025-04-14 12:41:23,998 DEBUG o.s.c.l.CompositeLog [DiscoveryClient-HeartbeatExecutor-0] HTTP PUT http://localhost:8761/eureka/apps/USER-MANAGEMENT/Dev-MToaima.TradeNET.COM:user-management:8888?status=UP&lastDirtyTimestamp=1744625366980
2025-04-14 12:41:23,999 DEBUG o.s.c.l.CompositeLog [DiscoveryClient-CacheRefreshExecutor-0] Accept=[application/json, application/*+json]
2025-04-14 12:41:24,000 DEBUG o.s.c.l.CompositeLog [DiscoveryClient-HeartbeatExecutor-0] Accept=[application/json, application/*+json]
2025-04-14 12:41:24,015 DEBUG o.s.c.l.CompositeLog [DiscoveryClient-CacheRefreshExecutor-0] Response 200 OK
2025-04-14 12:41:24,015 DEBUG o.s.c.l.CompositeLog [DiscoveryClient-HeartbeatExecutor-0] Response 200 OK
2025-04-14 12:41:24,016 DEBUG o.s.c.l.CompositeLog [DiscoveryClient-CacheRefreshExecutor-0] Reading to [org.springframework.cloud.netflix.eureka.http.EurekaApplications]
2025-04-14 12:41:54,027 DEBUG o.s.c.l.CompositeLog [DiscoveryClient-HeartbeatExecutor-0] HTTP PUT http://localhost:8761/eureka/apps/USER-MANAGEMENT/Dev-MToaima.TradeNET.COM:user-management:8888?status=UP&lastDirtyTimestamp=1744625366980
2025-04-14 12:41:54,027 DEBUG o.s.c.l.CompositeLog [DiscoveryClient-CacheRefreshExecutor-0] HTTP GET http://localhost:8761/eureka/apps/delta
2025-04-14 12:41:54,027 DEBUG o.s.c.l.CompositeLog [DiscoveryClient-CacheRefreshExecutor-0] Accept=[application/json, application/*+json]
2025-04-14 12:41:54,027 DEBUG o.s.c.l.CompositeLog [DiscoveryClient-HeartbeatExecutor-0] Accept=[application/json, application/*+json]
2025-04-14 12:41:54,043 DEBUG o.s.c.l.CompositeLog [DiscoveryClient-CacheRefreshExecutor-0] Response 200 OK
2025-04-14 12:41:54,043 DEBUG o.s.c.l.CompositeLog [DiscoveryClient-HeartbeatExecutor-0] Response 200 OK
2025-04-14 12:41:54,044 DEBUG o.s.c.l.CompositeLog [DiscoveryClient-CacheRefreshExecutor-0] Reading to [org.springframework.cloud.netflix.eureka.http.EurekaApplications]
2025-04-14 12:42:24,045 DEBUG o.s.c.l.CompositeLog [DiscoveryClient-CacheRefreshExecutor-0] HTTP GET http://localhost:8761/eureka/apps/delta
2025-04-14 12:42:24,045 DEBUG o.s.c.l.CompositeLog [DiscoveryClient-HeartbeatExecutor-0] HTTP PUT http://localhost:8761/eureka/apps/USER-MANAGEMENT/Dev-MToaima.TradeNET.COM:user-management:8888?status=UP&lastDirtyTimestamp=1744625366980
2025-04-14 12:42:24,046 DEBUG o.s.c.l.CompositeLog [DiscoveryClient-CacheRefreshExecutor-0] Accept=[application/json, application/*+json]
2025-04-14 12:42:24,046 DEBUG o.s.c.l.CompositeLog [DiscoveryClient-HeartbeatExecutor-0] Accept=[application/json, application/*+json]
2025-04-14 12:42:24,063 DEBUG o.s.c.l.CompositeLog [DiscoveryClient-HeartbeatExecutor-0] Response 200 OK
2025-04-14 12:42:24,063 DEBUG o.s.c.l.CompositeLog [DiscoveryClient-CacheRefreshExecutor-0] Response 200 OK
2025-04-14 12:42:24,063 DEBUG o.s.c.l.CompositeLog [DiscoveryClient-CacheRefreshExecutor-0] Reading to [org.springframework.cloud.netflix.eureka.http.EurekaApplications]
2025-04-14 12:42:54,066 DEBUG o.s.c.l.CompositeLog [DiscoveryClient-HeartbeatExecutor-0] HTTP PUT http://localhost:8761/eureka/apps/USER-MANAGEMENT/Dev-MToaima.TradeNET.COM:user-management:8888?status=UP&lastDirtyTimestamp=1744625366980
2025-04-14 12:42:54,066 DEBUG o.s.c.l.CompositeLog [DiscoveryClient-CacheRefreshExecutor-0] HTTP GET http://localhost:8761/eureka/apps/delta
2025-04-14 12:42:54,066 DEBUG o.s.c.l.CompositeLog [DiscoveryClient-HeartbeatExecutor-0] Accept=[application/json, application/*+json]
2025-04-14 12:42:54,066 DEBUG o.s.c.l.CompositeLog [DiscoveryClient-CacheRefreshExecutor-0] Accept=[application/json, application/*+json]
2025-04-14 12:42:54,082 DEBUG o.s.c.l.CompositeLog [DiscoveryClient-CacheRefreshExecutor-0] Response 200 OK
2025-04-14 12:42:54,082 DEBUG o.s.c.l.CompositeLog [DiscoveryClient-HeartbeatExecutor-0] Response 200 OK
2025-04-14 12:42:54,083 DEBUG o.s.c.l.CompositeLog [DiscoveryClient-CacheRefreshExecutor-0] Reading to [org.springframework.cloud.netflix.eureka.http.EurekaApplications]
2025-04-14 12:43:24,089 DEBUG o.s.c.l.CompositeLog [DiscoveryClient-HeartbeatExecutor-0] HTTP PUT http://localhost:8761/eureka/apps/USER-MANAGEMENT/Dev-MToaima.TradeNET.COM:user-management:8888?status=UP&lastDirtyTimestamp=1744625366980
2025-04-14 12:43:24,089 DEBUG o.s.c.l.CompositeLog [DiscoveryClient-CacheRefreshExecutor-0] HTTP GET http://localhost:8761/eureka/apps/delta
2025-04-14 12:43:24,090 DEBUG o.s.c.l.CompositeLog [DiscoveryClient-HeartbeatExecutor-0] Accept=[application/json, application/*+json]
2025-04-14 12:43:24,090 DEBUG o.s.c.l.CompositeLog [DiscoveryClient-CacheRefreshExecutor-0] Accept=[application/json, application/*+json]
2025-04-14 12:43:24,106 DEBUG o.s.c.l.CompositeLog [DiscoveryClient-CacheRefreshExecutor-0] Response 200 OK
2025-04-14 12:43:24,106 DEBUG o.s.c.l.CompositeLog [DiscoveryClient-HeartbeatExecutor-0] Response 200 OK
2025-04-14 12:43:24,106 DEBUG o.s.c.l.CompositeLog [DiscoveryClient-CacheRefreshExecutor-0] Reading to [org.springframework.cloud.netflix.eureka.http.EurekaApplications]
2025-04-14 12:43:54,108 DEBUG o.s.c.l.CompositeLog [DiscoveryClient-CacheRefreshExecutor-0] HTTP GET http://localhost:8761/eureka/apps/delta
2025-04-14 12:43:54,108 DEBUG o.s.c.l.CompositeLog [DiscoveryClient-HeartbeatExecutor-0] HTTP PUT http://localhost:8761/eureka/apps/USER-MANAGEMENT/Dev-MToaima.TradeNET.COM:user-management:8888?status=UP&lastDirtyTimestamp=1744625366980
2025-04-14 12:43:54,110 DEBUG o.s.c.l.CompositeLog [DiscoveryClient-HeartbeatExecutor-0] Accept=[application/json, application/*+json]
2025-04-14 12:43:54,110 DEBUG o.s.c.l.CompositeLog [DiscoveryClient-CacheRefreshExecutor-0] Accept=[application/json, application/*+json]
2025-04-14 12:43:54,126 DEBUG o.s.c.l.CompositeLog [DiscoveryClient-CacheRefreshExecutor-0] Response 200 OK
2025-04-14 12:43:54,126 DEBUG o.s.c.l.CompositeLog [DiscoveryClient-HeartbeatExecutor-0] Response 200 OK
2025-04-14 12:43:54,126 DEBUG o.s.c.l.CompositeLog [DiscoveryClient-CacheRefreshExecutor-0] Reading to [org.springframework.cloud.netflix.eureka.http.EurekaApplications]
2025-04-14 12:44:24,137 DEBUG o.s.c.l.CompositeLog [DiscoveryClient-HeartbeatExecutor-0] HTTP PUT http://localhost:8761/eureka/apps/USER-MANAGEMENT/Dev-MToaima.TradeNET.COM:user-management:8888?status=UP&lastDirtyTimestamp=1744625366980
2025-04-14 12:44:24,137 DEBUG o.s.c.l.CompositeLog [DiscoveryClient-CacheRefreshExecutor-0] HTTP GET http://localhost:8761/eureka/apps/delta
2025-04-14 12:44:24,137 DEBUG o.s.c.l.CompositeLog [DiscoveryClient-HeartbeatExecutor-0] Accept=[application/json, application/*+json]
2025-04-14 12:44:24,137 DEBUG o.s.c.l.CompositeLog [DiscoveryClient-CacheRefreshExecutor-0] Accept=[application/json, application/*+json]
2025-04-14 12:44:24,156 DEBUG o.s.c.l.CompositeLog [DiscoveryClient-HeartbeatExecutor-0] Response 200 OK
2025-04-14 12:44:24,156 DEBUG o.s.c.l.CompositeLog [DiscoveryClient-CacheRefreshExecutor-0] Response 200 OK
2025-04-14 12:44:24,157 DEBUG o.s.c.l.CompositeLog [DiscoveryClient-CacheRefreshExecutor-0] Reading to [org.springframework.cloud.netflix.eureka.http.EurekaApplications]
2025-04-14 12:44:54,165 DEBUG o.s.c.l.CompositeLog [DiscoveryClient-HeartbeatExecutor-0] HTTP PUT http://localhost:8761/eureka/apps/USER-MANAGEMENT/Dev-MToaima.TradeNET.COM:user-management:8888?status=UP&lastDirtyTimestamp=1744625366980
2025-04-14 12:44:54,165 DEBUG o.s.c.l.CompositeLog [DiscoveryClient-CacheRefreshExecutor-0] HTTP GET http://localhost:8761/eureka/apps/delta
2025-04-14 12:44:54,166 DEBUG o.s.c.l.CompositeLog [DiscoveryClient-HeartbeatExecutor-0] Accept=[application/json, application/*+json]
2025-04-14 12:44:54,166 DEBUG o.s.c.l.CompositeLog [DiscoveryClient-CacheRefreshExecutor-0] Accept=[application/json, application/*+json]
2025-04-14 12:44:54,183 DEBUG o.s.c.l.CompositeLog [DiscoveryClient-CacheRefreshExecutor-0] Response 200 OK
2025-04-14 12:44:54,183 DEBUG o.s.c.l.CompositeLog [DiscoveryClient-HeartbeatExecutor-0] Response 200 OK
2025-04-14 12:44:54,183 DEBUG o.s.c.l.CompositeLog [DiscoveryClient-CacheRefreshExecutor-0] Reading to [org.springframework.cloud.netflix.eureka.http.EurekaApplications]
2025-04-14 12:45:22,512 INFO c.n.d.s.r.a.ConfigClusterResolver [AsyncResolver-bootstrap-executor-0] Resolving eureka endpoints via configuration
2025-04-14 12:45:24,191 DEBUG o.s.c.l.CompositeLog [DiscoveryClient-HeartbeatExecutor-0] HTTP PUT http://localhost:8761/eureka/apps/USER-MANAGEMENT/Dev-MToaima.TradeNET.COM:user-management:8888?status=UP&lastDirtyTimestamp=1744625366980
2025-04-14 12:45:24,191 DEBUG o.s.c.l.CompositeLog [DiscoveryClient-CacheRefreshExecutor-0] HTTP GET http://localhost:8761/eureka/apps/delta
2025-04-14 12:45:24,192 DEBUG o.s.c.l.CompositeLog [DiscoveryClient-HeartbeatExecutor-0] Accept=[application/json, application/*+json]
2025-04-14 12:45:24,192 DEBUG o.s.c.l.CompositeLog [DiscoveryClient-CacheRefreshExecutor-0] Accept=[application/json, application/*+json]
2025-04-14 12:45:24,208 DEBUG o.s.c.l.CompositeLog [DiscoveryClient-HeartbeatExecutor-0] Response 200 OK
2025-04-14 12:45:24,208 DEBUG o.s.c.l.CompositeLog [DiscoveryClient-CacheRefreshExecutor-0] Response 200 OK
2025-04-14 12:45:24,208 DEBUG o.s.c.l.CompositeLog [DiscoveryClient-CacheRefreshExecutor-0] Reading to [org.springframework.cloud.netflix.eureka.http.EurekaApplications]
2025-04-14 12:45:54,210 DEBUG o.s.c.l.CompositeLog [DiscoveryClient-CacheRefreshExecutor-0] HTTP GET http://localhost:8761/eureka/apps/delta
2025-04-14 12:45:54,210 DEBUG o.s.c.l.CompositeLog [DiscoveryClient-HeartbeatExecutor-0] HTTP PUT http://localhost:8761/eureka/apps/USER-MANAGEMENT/Dev-MToaima.TradeNET.COM:user-management:8888?status=UP&lastDirtyTimestamp=1744625366980
2025-04-14 12:45:54,211 DEBUG o.s.c.l.CompositeLog [DiscoveryClient-CacheRefreshExecutor-0] Accept=[application/json, application/*+json]
2025-04-14 12:45:54,211 DEBUG o.s.c.l.CompositeLog [DiscoveryClient-HeartbeatExecutor-0] Accept=[application/json, application/*+json]
2025-04-14 12:45:54,227 DEBUG o.s.c.l.CompositeLog [DiscoveryClient-HeartbeatExecutor-0] Response 200 OK
2025-04-14 12:45:54,227 DEBUG o.s.c.l.CompositeLog [DiscoveryClient-CacheRefreshExecutor-0] Response 200 OK
2025-04-14 12:45:54,228 DEBUG o.s.c.l.CompositeLog [DiscoveryClient-CacheRefreshExecutor-0] Reading to [org.springframework.cloud.netflix.eureka.http.EurekaApplications]
2025-04-14 12:46:24,233 DEBUG o.s.c.l.CompositeLog [DiscoveryClient-HeartbeatExecutor-0] HTTP PUT http://localhost:8761/eureka/apps/USER-MANAGEMENT/Dev-MToaima.TradeNET.COM:user-management:8888?status=UP&lastDirtyTimestamp=1744625366980
2025-04-14 12:46:24,233 DEBUG o.s.c.l.CompositeLog [DiscoveryClient-CacheRefreshExecutor-0] HTTP GET http://localhost:8761/eureka/apps/delta
2025-04-14 12:46:24,234 DEBUG o.s.c.l.CompositeLog [DiscoveryClient-HeartbeatExecutor-0] Accept=[application/json, application/*+json]
2025-04-14 12:46:24,235 DEBUG o.s.c.l.CompositeLog [DiscoveryClient-CacheRefreshExecutor-0] Accept=[application/json, application/*+json]
2025-04-14 12:46:24,250 DEBUG o.s.c.l.CompositeLog [DiscoveryClient-HeartbeatExecutor-0] Response 200 OK
2025-04-14 12:46:24,250 DEBUG o.s.c.l.CompositeLog [DiscoveryClient-CacheRefreshExecutor-0] Response 200 OK
2025-04-14 12:46:24,251 DEBUG o.s.c.l.CompositeLog [DiscoveryClient-CacheRefreshExecutor-0] Reading to [org.springframework.cloud.netflix.eureka.http.EurekaApplications]
2025-04-14 12:46:54,263 DEBUG o.s.c.l.CompositeLog [DiscoveryClient-HeartbeatExecutor-0] HTTP PUT http://localhost:8761/eureka/apps/USER-MANAGEMENT/Dev-MToaima.TradeNET.COM:user-management:8888?status=UP&lastDirtyTimestamp=1744625366980
2025-04-14 12:46:54,263 DEBUG o.s.c.l.CompositeLog [DiscoveryClient-CacheRefreshExecutor-0] HTTP GET http://localhost:8761/eureka/apps/delta
2025-04-14 12:46:54,263 DEBUG o.s.c.l.CompositeLog [DiscoveryClient-CacheRefreshExecutor-0] Accept=[application/json, application/*+json]
2025-04-14 12:46:54,263 DEBUG o.s.c.l.CompositeLog [DiscoveryClient-HeartbeatExecutor-0] Accept=[application/json, application/*+json]
2025-04-14 12:46:54,280 DEBUG o.s.c.l.CompositeLog [DiscoveryClient-HeartbeatExecutor-0] Response 200 OK
2025-04-14 12:46:54,280 DEBUG o.s.c.l.CompositeLog [DiscoveryClient-CacheRefreshExecutor-0] Response 200 OK
2025-04-14 12:46:54,281 DEBUG o.s.c.l.CompositeLog [DiscoveryClient-CacheRefreshExecutor-0] Reading to [org.springframework.cloud.netflix.eureka.http.EurekaApplications]
2025-04-14 12:47:24,286 DEBUG o.s.c.l.CompositeLog [DiscoveryClient-CacheRefreshExecutor-0] HTTP GET http://localhost:8761/eureka/apps/delta
2025-04-14 12:47:24,287 DEBUG o.s.c.l.CompositeLog [DiscoveryClient-CacheRefreshExecutor-0] Accept=[application/json, application/*+json]
2025-04-14 12:47:24,291 DEBUG o.s.c.l.CompositeLog [DiscoveryClient-HeartbeatExecutor-0] HTTP PUT http://localhost:8761/eureka/apps/USER-MANAGEMENT/Dev-MToaima.TradeNET.COM:user-management:8888?status=UP&lastDirtyTimestamp=1744625366980
2025-04-14 12:47:24,297 DEBUG o.s.c.l.CompositeLog [DiscoveryClient-HeartbeatExecutor-0] Accept=[application/json, application/*+json]
2025-04-14 12:47:24,302 DEBUG o.s.c.l.CompositeLog [DiscoveryClient-HeartbeatExecutor-0] Response 200 OK
2025-04-14 12:47:24,303 DEBUG o.s.c.l.CompositeLog [DiscoveryClient-CacheRefreshExecutor-0] Response 200 OK
2025-04-14 12:47:24,303 DEBUG o.s.c.l.CompositeLog [DiscoveryClient-CacheRefreshExecutor-0] Reading to [org.springframework.cloud.netflix.eureka.http.EurekaApplications]
2025-04-14 12:47:54,313 DEBUG o.s.c.l.CompositeLog [DiscoveryClient-CacheRefreshExecutor-0] HTTP GET http://localhost:8761/eureka/apps/delta
2025-04-14 12:47:54,313 DEBUG o.s.c.l.CompositeLog [DiscoveryClient-HeartbeatExecutor-0] HTTP PUT http://localhost:8761/eureka/apps/USER-MANAGEMENT/Dev-MToaima.TradeNET.COM:user-management:8888?status=UP&lastDirtyTimestamp=1744625366980
2025-04-14 12:47:54,314 DEBUG o.s.c.l.CompositeLog [DiscoveryClient-CacheRefreshExecutor-0] Accept=[application/json, application/*+json]
2025-04-14 12:47:54,314 DEBUG o.s.c.l.CompositeLog [DiscoveryClient-HeartbeatExecutor-0] Accept=[application/json, application/*+json]
2025-04-14 12:47:54,330 DEBUG o.s.c.l.CompositeLog [DiscoveryClient-CacheRefreshExecutor-0] Response 200 OK
2025-04-14 12:47:54,330 DEBUG o.s.c.l.CompositeLog [DiscoveryClient-HeartbeatExecutor-0] Response 200 OK
2025-04-14 12:47:54,331 DEBUG o.s.c.l.CompositeLog [DiscoveryClient-CacheRefreshExecutor-0] Reading to [org.springframework.cloud.netflix.eureka.http.EurekaApplications]
2025-04-14 12:48:24,343 DEBUG o.s.c.l.CompositeLog [DiscoveryClient-CacheRefreshExecutor-0] HTTP GET http://localhost:8761/eureka/apps/delta
2025-04-14 12:48:24,343 DEBUG o.s.c.l.CompositeLog [DiscoveryClient-HeartbeatExecutor-0] HTTP PUT http://localhost:8761/eureka/apps/USER-MANAGEMENT/Dev-MToaima.TradeNET.COM:user-management:8888?status=UP&lastDirtyTimestamp=1744625366980
2025-04-14 12:48:24,344 DEBUG o.s.c.l.CompositeLog [DiscoveryClient-CacheRefreshExecutor-0] Accept=[application/json, application/*+json]
2025-04-14 12:48:24,344 DEBUG o.s.c.l.CompositeLog [DiscoveryClient-HeartbeatExecutor-0] Accept=[application/json, application/*+json]
2025-04-14 12:48:24,361 DEBUG o.s.c.l.CompositeLog [DiscoveryClient-CacheRefreshExecutor-0] Response 200 OK
2025-04-14 12:48:24,361 DEBUG o.s.c.l.CompositeLog [DiscoveryClient-HeartbeatExecutor-0] Response 200 OK
2025-04-14 12:48:24,362 DEBUG o.s.c.l.CompositeLog [DiscoveryClient-CacheRefreshExecutor-0] Reading to [org.springframework.cloud.netflix.eureka.http.EurekaApplications]
2025-04-14 12:48:54,369 DEBUG o.s.c.l.CompositeLog [DiscoveryClient-CacheRefreshExecutor-0] HTTP GET http://localhost:8761/eureka/apps/delta
2025-04-14 12:48:54,369 DEBUG o.s.c.l.CompositeLog [DiscoveryClient-HeartbeatExecutor-0] HTTP PUT http://localhost:8761/eureka/apps/USER-MANAGEMENT/Dev-MToaima.TradeNET.COM:user-management:8888?status=UP&lastDirtyTimestamp=1744625366980
2025-04-14 12:48:54,370 DEBUG o.s.c.l.CompositeLog [DiscoveryClient-CacheRefreshExecutor-0] Accept=[application/json, application/*+json]
2025-04-14 12:48:54,370 DEBUG o.s.c.l.CompositeLog [DiscoveryClient-HeartbeatExecutor-0] Accept=[application/json, application/*+json]
2025-04-14 12:48:54,387 DEBUG o.s.c.l.CompositeLog [DiscoveryClient-HeartbeatExecutor-0] Response 200 OK
2025-04-14 12:48:54,387 DEBUG o.s.c.l.CompositeLog [DiscoveryClient-CacheRefreshExecutor-0] Response 200 OK
2025-04-14 12:48:54,388 DEBUG o.s.c.l.CompositeLog [DiscoveryClient-CacheRefreshExecutor-0] Reading to [org.springframework.cloud.netflix.eureka.http.EurekaApplications]
2025-04-14 12:49:24,404 DEBUG o.s.c.l.CompositeLog [DiscoveryClient-CacheRefreshExecutor-0] HTTP GET http://localhost:8761/eureka/apps/delta
2025-04-14 12:49:24,404 DEBUG o.s.c.l.CompositeLog [DiscoveryClient-HeartbeatExecutor-0] HTTP PUT http://localhost:8761/eureka/apps/USER-MANAGEMENT/Dev-MToaima.TradeNET.COM:user-management:8888?status=UP&lastDirtyTimestamp=1744625366980
2025-04-14 12:49:24,404 DEBUG o.s.c.l.CompositeLog [DiscoveryClient-CacheRefreshExecutor-0] Accept=[application/json, application/*+json]
2025-04-14 12:49:24,405 DEBUG o.s.c.l.CompositeLog [DiscoveryClient-HeartbeatExecutor-0] Accept=[application/json, application/*+json]
2025-04-14 12:49:24,421 DEBUG o.s.c.l.CompositeLog [DiscoveryClient-CacheRefreshExecutor-0] Response 200 OK
2025-04-14 12:49:24,421 DEBUG o.s.c.l.CompositeLog [DiscoveryClient-HeartbeatExecutor-0] Response 200 OK
2025-04-14 12:49:24,422 DEBUG o.s.c.l.CompositeLog [DiscoveryClient-CacheRefreshExecutor-0] Reading to [org.springframework.cloud.netflix.eureka.http.EurekaApplications]
2025-04-14 15:41:16,221 WARN c.z.h.p.HikariPool$HouseKeeper [HikariPool-1 housekeeper] HikariPool-1 - Thread starvation or clock leap detected (housekeeper delta=2h51m58s380ms999µs500ns).
2025-04-14 15:41:22,801 DEBUG o.s.c.l.CompositeLog [DiscoveryClient-HeartbeatExecutor-0] HTTP PUT http://localhost:8761/eureka/apps/USER-MANAGEMENT/Dev-MToaima.TradeNET.COM:user-management:8888?status=UP&lastDirtyTimestamp=1744625366980
2025-04-14 15:41:22,801 DEBUG o.s.c.l.CompositeLog [DiscoveryClient-CacheRefreshExecutor-0] HTTP GET http://localhost:8761/eureka/apps/delta
2025-04-14 15:41:22,809 DEBUG o.s.c.l.CompositeLog [DiscoveryClient-HeartbeatExecutor-0] Accept=[application/json, application/*+json]
2025-04-14 15:41:22,813 DEBUG o.s.c.l.CompositeLog [DiscoveryClient-CacheRefreshExecutor-0] Accept=[application/json, application/*+json]
2025-04-14 15:41:22,813 DEBUG o.s.c.l.CompositeLog [DiscoveryClient-HeartbeatExecutor-0] Response 200 OK
2025-04-14 15:41:22,816 DEBUG o.s.c.l.CompositeLog [DiscoveryClient-CacheRefreshExecutor-0] Response 200 OK
2025-04-14 15:41:22,816 DEBUG o.s.c.l.CompositeLog [DiscoveryClient-CacheRefreshExecutor-0] Reading to [org.springframework.cloud.netflix.eureka.http.EurekaApplications]
2025-04-14 15:41:50,874 INFO c.n.d.s.r.a.ConfigClusterResolver [AsyncResolver-bootstrap-executor-0] Resolving eureka endpoints via configuration
2025-04-14 15:41:52,828 DEBUG o.s.c.l.CompositeLog [DiscoveryClient-CacheRefreshExecutor-0] HTTP GET http://localhost:8761/eureka/apps/delta
2025-04-14 15:41:52,828 DEBUG o.s.c.l.CompositeLog [DiscoveryClient-HeartbeatExecutor-0] HTTP PUT http://localhost:8761/eureka/apps/USER-MANAGEMENT/Dev-MToaima.TradeNET.COM:user-management:8888?status=UP&lastDirtyTimestamp=1744625366980
2025-04-14 15:41:52,829 DEBUG o.s.c.l.CompositeLog [DiscoveryClient-CacheRefreshExecutor-0] Accept=[application/json, application/*+json]
2025-04-14 15:41:52,829 DEBUG o.s.c.l.CompositeLog [DiscoveryClient-HeartbeatExecutor-0] Accept=[application/json, application/*+json]
2025-04-14 15:41:52,846 DEBUG o.s.c.l.CompositeLog [DiscoveryClient-HeartbeatExecutor-0] Response 200 OK
2025-04-14 15:41:52,846 DEBUG o.s.c.l.CompositeLog [DiscoveryClient-CacheRefreshExecutor-0] Response 200 OK
2025-04-14 15:41:52,846 DEBUG o.s.c.l.CompositeLog [DiscoveryClient-CacheRefreshExecutor-0] Reading to [org.springframework.cloud.netflix.eureka.http.EurekaApplications]
2025-04-14 15:42:22,850 DEBUG o.s.c.l.CompositeLog [DiscoveryClient-CacheRefreshExecutor-0] HTTP GET http://localhost:8761/eureka/apps/delta
2025-04-14 15:42:22,851 DEBUG o.s.c.l.CompositeLog [DiscoveryClient-HeartbeatExecutor-0] HTTP PUT http://localhost:8761/eureka/apps/USER-MANAGEMENT/Dev-MToaima.TradeNET.COM:user-management:8888?status=UP&lastDirtyTimestamp=1744625366980
2025-04-14 15:42:22,851 DEBUG o.s.c.l.CompositeLog [DiscoveryClient-CacheRefreshExecutor-0] Accept=[application/json, application/*+json]
2025-04-14 15:42:22,851 DEBUG o.s.c.l.CompositeLog [DiscoveryClient-HeartbeatExecutor-0] Accept=[application/json, application/*+json]
2025-04-14 15:42:22,869 DEBUG o.s.c.l.CompositeLog [DiscoveryClient-CacheRefreshExecutor-0] Response 200 OK
2025-04-14 15:42:22,869 DEBUG o.s.c.l.CompositeLog [DiscoveryClient-HeartbeatExecutor-0] Response 200 OK
2025-04-14 15:42:22,869 DEBUG o.s.c.l.CompositeLog [DiscoveryClient-CacheRefreshExecutor-0] Reading to [org.springframework.cloud.netflix.eureka.http.EurekaApplications]
2025-04-14 15:42:52,880 DEBUG o.s.c.l.CompositeLog [DiscoveryClient-HeartbeatExecutor-0] HTTP PUT http://localhost:8761/eureka/apps/USER-MANAGEMENT/Dev-MToaima.TradeNET.COM:user-management:8888?status=UP&lastDirtyTimestamp=1744625366980
2025-04-14 15:42:52,880 DEBUG o.s.c.l.CompositeLog [DiscoveryClient-CacheRefreshExecutor-0] HTTP GET http://localhost:8761/eureka/apps/delta
2025-04-14 15:42:52,881 DEBUG o.s.c.l.CompositeLog [DiscoveryClient-HeartbeatExecutor-0] Accept=[application/json, application/*+json]
2025-04-14 15:42:52,881 DEBUG o.s.c.l.CompositeLog [DiscoveryClient-CacheRefreshExecutor-0] Accept=[application/json, application/*+json]
2025-04-14 15:42:52,900 DEBUG o.s.c.l.CompositeLog [DiscoveryClient-HeartbeatExecutor-0] Response 200 OK
2025-04-14 15:42:52,900 DEBUG o.s.c.l.CompositeLog [DiscoveryClient-CacheRefreshExecutor-0] Response 200 OK
2025-04-14 15:42:52,900 DEBUG o.s.c.l.CompositeLog [DiscoveryClient-CacheRefreshExecutor-0] Reading to [org.springframework.cloud.netflix.eureka.http.EurekaApplications]
2025-04-14 15:43:22,912 DEBUG o.s.c.l.CompositeLog [DiscoveryClient-HeartbeatExecutor-0] HTTP PUT http://localhost:8761/eureka/apps/USER-MANAGEMENT/Dev-MToaima.TradeNET.COM:user-management:8888?status=UP&lastDirtyTimestamp=1744625366980
2025-04-14 15:43:22,912 DEBUG o.s.c.l.CompositeLog [DiscoveryClient-CacheRefreshExecutor-0] HTTP GET http://localhost:8761/eureka/apps/delta
2025-04-14 15:43:22,913 DEBUG o.s.c.l.CompositeLog [DiscoveryClient-HeartbeatExecutor-0] Accept=[application/json, application/*+json]
2025-04-14 15:43:22,913 DEBUG o.s.c.l.CompositeLog [DiscoveryClient-CacheRefreshExecutor-0] Accept=[application/json, application/*+json]
2025-04-14 15:43:22,931 DEBUG o.s.c.l.CompositeLog [DiscoveryClient-CacheRefreshExecutor-0] Response 200 OK
2025-04-14 15:43:22,931 DEBUG o.s.c.l.CompositeLog [DiscoveryClient-HeartbeatExecutor-0] Response 200 OK
2025-04-14 15:43:22,931 DEBUG o.s.c.l.CompositeLog [DiscoveryClient-CacheRefreshExecutor-0] Reading to [org.springframework.cloud.netflix.eureka.http.EurekaApplications]
2025-04-14 15:43:52,937 DEBUG o.s.c.l.CompositeLog [DiscoveryClient-HeartbeatExecutor-0] HTTP PUT http://localhost:8761/eureka/apps/USER-MANAGEMENT/Dev-MToaima.TradeNET.COM:user-management:8888?status=UP&lastDirtyTimestamp=1744625366980
2025-04-14 15:43:52,937 DEBUG o.s.c.l.CompositeLog [DiscoveryClient-CacheRefreshExecutor-0] HTTP GET http://localhost:8761/eureka/apps/delta
2025-04-14 15:43:52,938 DEBUG o.s.c.l.CompositeLog [DiscoveryClient-HeartbeatExecutor-0] Accept=[application/json, application/*+json]
2025-04-14 15:43:52,938 DEBUG o.s.c.l.CompositeLog [DiscoveryClient-CacheRefreshExecutor-0] Accept=[application/json, application/*+json]
2025-04-14 15:43:52,955 DEBUG o.s.c.l.CompositeLog [DiscoveryClient-HeartbeatExecutor-0] Response 200 OK
2025-04-14 15:43:52,955 DEBUG o.s.c.l.CompositeLog [DiscoveryClient-CacheRefreshExecutor-0] Response 200 OK
2025-04-14 15:43:52,955 DEBUG o.s.c.l.CompositeLog [DiscoveryClient-CacheRefreshExecutor-0] Reading to [org.springframework.cloud.netflix.eureka.http.EurekaApplications]
2025-04-14 15:44:22,963 DEBUG o.s.c.l.CompositeLog [DiscoveryClient-CacheRefreshExecutor-0] HTTP GET http://localhost:8761/eureka/apps/delta
2025-04-14 15:44:22,963 DEBUG o.s.c.l.CompositeLog [DiscoveryClient-HeartbeatExecutor-0] HTTP PUT http://localhost:8761/eureka/apps/USER-MANAGEMENT/Dev-MToaima.TradeNET.COM:user-management:8888?status=UP&lastDirtyTimestamp=1744625366980
2025-04-14 15:44:22,964 DEBUG o.s.c.l.CompositeLog [DiscoveryClient-CacheRefreshExecutor-0] Accept=[application/json, application/*+json]
2025-04-14 15:44:22,964 DEBUG o.s.c.l.CompositeLog [DiscoveryClient-HeartbeatExecutor-0] Accept=[application/json, application/*+json]
2025-04-14 15:44:22,980 DEBUG o.s.c.l.CompositeLog [DiscoveryClient-HeartbeatExecutor-0] Response 200 OK
2025-04-14 15:44:22,980 DEBUG o.s.c.l.CompositeLog [DiscoveryClient-CacheRefreshExecutor-0] Response 200 OK
2025-04-14 15:44:22,982 DEBUG o.s.c.l.CompositeLog [DiscoveryClient-CacheRefreshExecutor-0] Reading to [org.springframework.cloud.netflix.eureka.http.EurekaApplications]
2025-04-14 15:44:52,984 DEBUG o.s.c.l.CompositeLog [DiscoveryClient-HeartbeatExecutor-0] HTTP PUT http://localhost:8761/eureka/apps/USER-MANAGEMENT/Dev-MToaima.TradeNET.COM:user-management:8888?status=UP&lastDirtyTimestamp=1744625366980
2025-04-14 15:44:52,984 DEBUG o.s.c.l.CompositeLog [DiscoveryClient-CacheRefreshExecutor-0] HTTP GET http://localhost:8761/eureka/apps/delta
2025-04-14 15:44:52,985 DEBUG o.s.c.l.CompositeLog [DiscoveryClient-HeartbeatExecutor-0] Accept=[application/json, application/*+json]
2025-04-14 15:44:52,985 DEBUG o.s.c.l.CompositeLog [DiscoveryClient-CacheRefreshExecutor-0] Accept=[application/json, application/*+json]
2025-04-14 15:44:53,001 DEBUG o.s.c.l.CompositeLog [DiscoveryClient-HeartbeatExecutor-0] Response 200 OK
2025-04-14 15:44:53,001 DEBUG o.s.c.l.CompositeLog [DiscoveryClient-CacheRefreshExecutor-0] Response 200 OK
2025-04-14 15:44:53,002 DEBUG o.s.c.l.CompositeLog [DiscoveryClient-CacheRefreshExecutor-0] Reading to [org.springframework.cloud.netflix.eureka.http.EurekaApplications]
2025-04-14 15:45:23,008 DEBUG o.s.c.l.CompositeLog [DiscoveryClient-HeartbeatExecutor-0] HTTP PUT http://localhost:8761/eureka/apps/USER-MANAGEMENT/Dev-MToaima.TradeNET.COM:user-management:8888?status=UP&lastDirtyTimestamp=1744625366980
2025-04-14 15:45:23,008 DEBUG o.s.c.l.CompositeLog [DiscoveryClient-CacheRefreshExecutor-0] HTTP GET http://localhost:8761/eureka/apps/delta
2025-04-14 15:45:23,009 DEBUG o.s.c.l.CompositeLog [DiscoveryClient-HeartbeatExecutor-0] Accept=[application/json, application/*+json]
2025-04-14 15:45:23,009 DEBUG o.s.c.l.CompositeLog [DiscoveryClient-CacheRefreshExecutor-0] Accept=[application/json, application/*+json]
2025-04-14 15:45:23,026 DEBUG o.s.c.l.CompositeLog [DiscoveryClient-CacheRefreshExecutor-0] Response 200 OK
2025-04-14 15:45:23,026 DEBUG o.s.c.l.CompositeLog [DiscoveryClient-HeartbeatExecutor-0] Response 200 OK
2025-04-14 15:45:23,027 DEBUG o.s.c.l.CompositeLog [DiscoveryClient-CacheRefreshExecutor-0] Reading to [org.springframework.cloud.netflix.eureka.http.EurekaApplications]
2025-04-14 15:45:53,030 DEBUG o.s.c.l.CompositeLog [DiscoveryClient-CacheRefreshExecutor-0] HTTP GET http://localhost:8761/eureka/apps/delta
2025-04-14 15:45:53,030 DEBUG o.s.c.l.CompositeLog [DiscoveryClient-HeartbeatExecutor-0] HTTP PUT http://localhost:8761/eureka/apps/USER-MANAGEMENT/Dev-MToaima.TradeNET.COM:user-management:8888?status=UP&lastDirtyTimestamp=1744625366980
2025-04-14 15:45:53,031 DEBUG o.s.c.l.CompositeLog [DiscoveryClient-CacheRefreshExecutor-0] Accept=[application/json, application/*+json]
2025-04-14 15:45:53,031 DEBUG o.s.c.l.CompositeLog [DiscoveryClient-HeartbeatExecutor-0] Accept=[application/json, application/*+json]
2025-04-14 15:45:53,047 DEBUG o.s.c.l.CompositeLog [DiscoveryClient-CacheRefreshExecutor-0] Response 200 OK
2025-04-14 15:45:53,047 DEBUG o.s.c.l.CompositeLog [DiscoveryClient-HeartbeatExecutor-0] Response 200 OK
2025-04-14 15:45:53,047 DEBUG o.s.c.l.CompositeLog [DiscoveryClient-CacheRefreshExecutor-0] Reading to [org.springframework.cloud.netflix.eureka.http.EurekaApplications]
2025-04-14 15:46:23,055 DEBUG o.s.c.l.CompositeLog [DiscoveryClient-CacheRefreshExecutor-0] HTTP GET http://localhost:8761/eureka/apps/delta
2025-04-14 15:46:23,055 DEBUG o.s.c.l.CompositeLog [DiscoveryClient-HeartbeatExecutor-0] HTTP PUT http://localhost:8761/eureka/apps/USER-MANAGEMENT/Dev-MToaima.TradeNET.COM:user-management:8888?status=UP&lastDirtyTimestamp=1744625366980
2025-04-14 15:46:23,056 DEBUG o.s.c.l.CompositeLog [DiscoveryClient-CacheRefreshExecutor-0] Accept=[application/json, application/*+json]
2025-04-14 15:46:23,056 DEBUG o.s.c.l.CompositeLog [DiscoveryClient-HeartbeatExecutor-0] Accept=[application/json, application/*+json]
2025-04-14 15:46:23,072 DEBUG o.s.c.l.CompositeLog [DiscoveryClient-HeartbeatExecutor-0] Response 200 OK
2025-04-14 15:46:23,072 DEBUG o.s.c.l.CompositeLog [DiscoveryClient-CacheRefreshExecutor-0] Response 200 OK
2025-04-14 15:46:23,073 DEBUG o.s.c.l.CompositeLog [DiscoveryClient-CacheRefreshExecutor-0] Reading to [org.springframework.cloud.netflix.eureka.http.EurekaApplications]
2025-04-14 15:46:50,890 INFO c.n.d.s.r.a.ConfigClusterResolver [AsyncResolver-bootstrap-executor-0] Resolving eureka endpoints via configuration
2025-04-14 15:46:53,087 DEBUG o.s.c.l.CompositeLog [DiscoveryClient-HeartbeatExecutor-0] HTTP PUT http://localhost:8761/eureka/apps/USER-MANAGEMENT/Dev-MToaima.TradeNET.COM:user-management:8888?status=UP&lastDirtyTimestamp=1744625366980
2025-04-14 15:46:53,087 DEBUG o.s.c.l.CompositeLog [DiscoveryClient-CacheRefreshExecutor-0] HTTP GET http://localhost:8761/eureka/apps/delta
2025-04-14 15:46:53,088 DEBUG o.s.c.l.CompositeLog [DiscoveryClient-HeartbeatExecutor-0] Accept=[application/json, application/*+json]
2025-04-14 15:46:53,088 DEBUG o.s.c.l.CompositeLog [DiscoveryClient-CacheRefreshExecutor-0] Accept=[application/json, application/*+json]
2025-04-14 15:46:53,104 DEBUG o.s.c.l.CompositeLog [DiscoveryClient-CacheRefreshExecutor-0] Response 200 OK
2025-04-14 15:46:53,104 DEBUG o.s.c.l.CompositeLog [DiscoveryClient-HeartbeatExecutor-0] Response 200 OK
2025-04-14 15:46:53,104 DEBUG o.s.c.l.CompositeLog [DiscoveryClient-CacheRefreshExecutor-0] Reading to [org.springframework.cloud.netflix.eureka.http.EurekaApplications]
2025-04-14 15:47:23,116 DEBUG o.s.c.l.CompositeLog [DiscoveryClient-HeartbeatExecutor-0] HTTP PUT http://localhost:8761/eureka/apps/USER-MANAGEMENT/Dev-MToaima.TradeNET.COM:user-management:8888?status=UP&lastDirtyTimestamp=1744625366980
2025-04-14 15:47:23,116 DEBUG o.s.c.l.CompositeLog [DiscoveryClient-CacheRefreshExecutor-0] HTTP GET http://localhost:8761/eureka/apps/delta
2025-04-14 15:47:23,116 DEBUG o.s.c.l.CompositeLog [DiscoveryClient-CacheRefreshExecutor-0] Accept=[application/json, application/*+json]
2025-04-14 15:47:23,116 DEBUG o.s.c.l.CompositeLog [DiscoveryClient-HeartbeatExecutor-0] Accept=[application/json, application/*+json]
2025-04-14 15:47:23,133 DEBUG o.s.c.l.CompositeLog [DiscoveryClient-HeartbeatExecutor-0] Response 200 OK
2025-04-14 15:47:23,133 DEBUG o.s.c.l.CompositeLog [DiscoveryClient-CacheRefreshExecutor-0] Response 200 OK
2025-04-14 15:47:23,134 DEBUG o.s.c.l.CompositeLog [DiscoveryClient-CacheRefreshExecutor-0] Reading to [org.springframework.cloud.netflix.eureka.http.EurekaApplications]
2025-04-14 15:47:53,146 DEBUG o.s.c.l.CompositeLog [DiscoveryClient-HeartbeatExecutor-0] HTTP PUT http://localhost:8761/eureka/apps/USER-MANAGEMENT/Dev-MToaima.TradeNET.COM:user-management:8888?status=UP&lastDirtyTimestamp=1744625366980
2025-04-14 15:47:53,146 DEBUG o.s.c.l.CompositeLog [DiscoveryClient-CacheRefreshExecutor-0] HTTP GET http://localhost:8761/eureka/apps/delta
2025-04-14 15:47:53,147 DEBUG o.s.c.l.CompositeLog [DiscoveryClient-HeartbeatExecutor-0] Accept=[application/json, application/*+json]
2025-04-14 15:47:53,147 DEBUG o.s.c.l.CompositeLog [DiscoveryClient-CacheRefreshExecutor-0] Accept=[application/json, application/*+json]
2025-04-14 15:47:53,164 DEBUG o.s.c.l.CompositeLog [DiscoveryClient-HeartbeatExecutor-0] Response 200 OK
2025-04-14 15:47:53,164 DEBUG o.s.c.l.CompositeLog [DiscoveryClient-CacheRefreshExecutor-0] Response 200 OK
2025-04-14 15:47:53,164 DEBUG o.s.c.l.CompositeLog [DiscoveryClient-CacheRefreshExecutor-0] Reading to [org.springframework.cloud.netflix.eureka.http.EurekaApplications]
2025-04-14 15:48:23,166 DEBUG o.s.c.l.CompositeLog [DiscoveryClient-HeartbeatExecutor-0] HTTP PUT http://localhost:8761/eureka/apps/USER-MANAGEMENT/Dev-MToaima.TradeNET.COM:user-management:8888?status=UP&lastDirtyTimestamp=1744625366980
2025-04-14 15:48:23,167 DEBUG o.s.c.l.CompositeLog [DiscoveryClient-HeartbeatExecutor-0] Accept=[application/json, application/*+json]
2025-04-14 15:48:23,181 DEBUG o.s.c.l.CompositeLog [DiscoveryClient-CacheRefreshExecutor-0] HTTP GET http://localhost:8761/eureka/apps/delta
2025-04-14 15:48:23,182 DEBUG o.s.c.l.CompositeLog [DiscoveryClient-CacheRefreshExecutor-0] Accept=[application/json, application/*+json]
2025-04-14 15:48:23,183 DEBUG o.s.c.l.CompositeLog [DiscoveryClient-HeartbeatExecutor-0] Response 200 OK
2025-04-14 15:48:23,200 DEBUG o.s.c.l.CompositeLog [DiscoveryClient-CacheRefreshExecutor-0] Response 200 OK
2025-04-14 15:48:23,200 DEBUG o.s.c.l.CompositeLog [DiscoveryClient-CacheRefreshExecutor-0] Reading to [org.springframework.cloud.netflix.eureka.http.EurekaApplications]
2025-04-14 15:48:53,198 DEBUG o.s.c.l.CompositeLog [DiscoveryClient-HeartbeatExecutor-0] HTTP PUT http://localhost:8761/eureka/apps/USER-MANAGEMENT/Dev-MToaima.TradeNET.COM:user-management:8888?status=UP&lastDirtyTimestamp=1744625366980
2025-04-14 15:48:53,199 DEBUG o.s.c.l.CompositeLog [DiscoveryClient-HeartbeatExecutor-0] Accept=[application/json, application/*+json]
2025-04-14 15:48:53,214 DEBUG o.s.c.l.CompositeLog [DiscoveryClient-CacheRefreshExecutor-0] HTTP GET http://localhost:8761/eureka/apps/delta
2025-04-14 15:48:53,214 DEBUG o.s.c.l.CompositeLog [DiscoveryClient-CacheRefreshExecutor-0] Accept=[application/json, application/*+json]
2025-04-14 15:48:53,216 DEBUG o.s.c.l.CompositeLog [DiscoveryClient-HeartbeatExecutor-0] Response 200 OK
2025-04-14 15:48:53,232 DEBUG o.s.c.l.CompositeLog [DiscoveryClient-CacheRefreshExecutor-0] Response 200 OK
2025-04-14 15:48:53,233 DEBUG o.s.c.l.CompositeLog [DiscoveryClient-CacheRefreshExecutor-0] Reading to [org.springframework.cloud.netflix.eureka.http.EurekaApplications]
2025-04-14 15:49:23,229 DEBUG o.s.c.l.CompositeLog [DiscoveryClient-HeartbeatExecutor-0] HTTP PUT http://localhost:8761/eureka/apps/USER-MANAGEMENT/Dev-MToaima.TradeNET.COM:user-management:8888?status=UP&lastDirtyTimestamp=1744625366980
2025-04-14 15:49:23,230 DEBUG o.s.c.l.CompositeLog [DiscoveryClient-HeartbeatExecutor-0] Accept=[application/json, application/*+json]
2025-04-14 15:49:23,234 DEBUG o.s.c.l.CompositeLog [DiscoveryClient-CacheRefreshExecutor-0] HTTP GET http://localhost:8761/eureka/apps/delta
2025-04-14 15:49:23,234 DEBUG o.s.c.l.CompositeLog [DiscoveryClient-HeartbeatExecutor-0] Response 200 OK
2025-04-14 15:49:23,235 DEBUG o.s.c.l.CompositeLog [DiscoveryClient-CacheRefreshExecutor-0] Accept=[application/json, application/*+json]
2025-04-14 15:49:23,247 DEBUG o.s.c.l.CompositeLog [DiscoveryClient-CacheRefreshExecutor-0] Response 200 OK
2025-04-14 15:49:23,248 DEBUG o.s.c.l.CompositeLog [DiscoveryClient-CacheRefreshExecutor-0] Reading to [org.springframework.cloud.netflix.eureka.http.EurekaApplications]
2025-04-14 15:49:53,250 DEBUG o.s.c.l.CompositeLog [DiscoveryClient-CacheRefreshExecutor-0] HTTP GET http://localhost:8761/eureka/apps/delta
2025-04-14 15:49:53,250 DEBUG o.s.c.l.CompositeLog [DiscoveryClient-HeartbeatExecutor-0] HTTP PUT http://localhost:8761/eureka/apps/USER-MANAGEMENT/Dev-MToaima.TradeNET.COM:user-management:8888?status=UP&lastDirtyTimestamp=1744625366980
2025-04-14 15:49:53,251 DEBUG o.s.c.l.CompositeLog [DiscoveryClient-CacheRefreshExecutor-0] Accept=[application/json, application/*+json]
2025-04-14 15:49:53,251 DEBUG o.s.c.l.CompositeLog [DiscoveryClient-HeartbeatExecutor-0] Accept=[application/json, application/*+json]
2025-04-14 15:49:53,266 DEBUG o.s.c.l.CompositeLog [DiscoveryClient-HeartbeatExecutor-0] Response 200 OK
2025-04-14 15:49:53,266 DEBUG o.s.c.l.CompositeLog [DiscoveryClient-CacheRefreshExecutor-0] Response 200 OK
2025-04-14 15:49:53,267 DEBUG o.s.c.l.CompositeLog [DiscoveryClient-CacheRefreshExecutor-0] Reading to [org.springframework.cloud.netflix.eureka.http.EurekaApplications]
2025-04-14 15:50:23,271 DEBUG o.s.c.l.CompositeLog [DiscoveryClient-CacheRefreshExecutor-0] HTTP GET http://localhost:8761/eureka/apps/delta
2025-04-14 15:50:23,271 DEBUG o.s.c.l.CompositeLog [DiscoveryClient-HeartbeatExecutor-0] HTTP PUT http://localhost:8761/eureka/apps/USER-MANAGEMENT/Dev-MToaima.TradeNET.COM:user-management:8888?status=UP&lastDirtyTimestamp=1744625366980
2025-04-14 15:50:23,271 DEBUG o.s.c.l.CompositeLog [DiscoveryClient-HeartbeatExecutor-0] Accept=[application/json, application/*+json]
2025-04-14 15:50:23,271 DEBUG o.s.c.l.CompositeLog [DiscoveryClient-CacheRefreshExecutor-0] Accept=[application/json, application/*+json]
2025-04-14 15:50:23,287 DEBUG o.s.c.l.CompositeLog [DiscoveryClient-CacheRefreshExecutor-0] Response 200 OK
2025-04-14 15:50:23,287 DEBUG o.s.c.l.CompositeLog [DiscoveryClient-HeartbeatExecutor-0] Response 200 OK
2025-04-14 15:50:23,287 DEBUG o.s.c.l.CompositeLog [DiscoveryClient-CacheRefreshExecutor-0] Reading to [org.springframework.cloud.netflix.eureka.http.EurekaApplications]
2025-04-14 15:50:53,289 DEBUG o.s.c.l.CompositeLog [DiscoveryClient-HeartbeatExecutor-0] HTTP PUT http://localhost:8761/eureka/apps/USER-MANAGEMENT/Dev-MToaima.TradeNET.COM:user-management:8888?status=UP&lastDirtyTimestamp=1744625366980
2025-04-14 15:50:53,289 DEBUG o.s.c.l.CompositeLog [DiscoveryClient-CacheRefreshExecutor-0] HTTP GET http://localhost:8761/eureka/apps/delta
2025-04-14 15:50:53,290 DEBUG o.s.c.l.CompositeLog [DiscoveryClient-HeartbeatExecutor-0] Accept=[application/json, application/*+json]
2025-04-14 15:50:53,290 DEBUG o.s.c.l.CompositeLog [DiscoveryClient-CacheRefreshExecutor-0] Accept=[application/json, application/*+json]
2025-04-14 15:50:53,306 DEBUG o.s.c.l.CompositeLog [DiscoveryClient-HeartbeatExecutor-0] Response 200 OK
2025-04-14 15:50:53,306 DEBUG o.s.c.l.CompositeLog [DiscoveryClient-CacheRefreshExecutor-0] Response 200 OK
2025-04-14 15:50:53,307 DEBUG o.s.c.l.CompositeLog [DiscoveryClient-CacheRefreshExecutor-0] Reading to [org.springframework.cloud.netflix.eureka.http.EurekaApplications]
2025-04-14 15:51:23,307 DEBUG o.s.c.l.CompositeLog [DiscoveryClient-HeartbeatExecutor-0] HTTP PUT http://localhost:8761/eureka/apps/USER-MANAGEMENT/Dev-MToaima.TradeNET.COM:user-management:8888?status=UP&lastDirtyTimestamp=1744625366980
2025-04-14 15:51:23,308 DEBUG o.s.c.l.CompositeLog [DiscoveryClient-HeartbeatExecutor-0] Accept=[application/json, application/*+json]
2025-04-14 15:51:23,323 DEBUG o.s.c.l.CompositeLog [DiscoveryClient-CacheRefreshExecutor-0] HTTP GET http://localhost:8761/eureka/apps/delta
2025-04-14 15:51:23,323 DEBUG o.s.c.l.CompositeLog [DiscoveryClient-CacheRefreshExecutor-0] Accept=[application/json, application/*+json]
2025-04-14 15:51:23,325 DEBUG o.s.c.l.CompositeLog [DiscoveryClient-HeartbeatExecutor-0] Response 200 OK
2025-04-14 15:51:23,340 DEBUG o.s.c.l.CompositeLog [DiscoveryClient-CacheRefreshExecutor-0] Response 200 OK
2025-04-14 15:51:23,340 DEBUG o.s.c.l.CompositeLog [DiscoveryClient-CacheRefreshExecutor-0] Reading to [org.springframework.cloud.netflix.eureka.http.EurekaApplications]
2025-04-14 15:51:50,896 INFO c.n.d.s.r.a.ConfigClusterResolver [AsyncResolver-bootstrap-executor-0] Resolving eureka endpoints via configuration
2025-04-14 15:51:53,331 DEBUG o.s.c.l.CompositeLog [DiscoveryClient-HeartbeatExecutor-0] HTTP PUT http://localhost:8761/eureka/apps/USER-MANAGEMENT/Dev-MToaima.TradeNET.COM:user-management:8888?status=UP&lastDirtyTimestamp=1744625366980
2025-04-14 15:51:53,332 DEBUG o.s.c.l.CompositeLog [DiscoveryClient-HeartbeatExecutor-0] Accept=[application/json, application/*+json]
2025-04-14 15:51:53,348 DEBUG o.s.c.l.CompositeLog [DiscoveryClient-HeartbeatExecutor-0] Response 200 OK
2025-04-14 15:51:53,351 DEBUG o.s.c.l.CompositeLog [DiscoveryClient-CacheRefreshExecutor-0] HTTP GET http://localhost:8761/eureka/apps/delta
2025-04-14 15:51:53,360 DEBUG o.s.c.l.CompositeLog [DiscoveryClient-CacheRefreshExecutor-0] Accept=[application/json, application/*+json]
2025-04-14 15:51:53,365 DEBUG o.s.c.l.CompositeLog [DiscoveryClient-CacheRefreshExecutor-0] Response 200 OK
2025-04-14 15:51:53,366 DEBUG o.s.c.l.CompositeLog [DiscoveryClient-CacheRefreshExecutor-0] Reading to [org.springframework.cloud.netflix.eureka.http.EurekaApplications]
2025-04-14 15:52:08,687 INFO o.s.c.n.e.s.EurekaServiceRegistry [SpringApplicationShutdownHook] Unregistering application USER-MANAGEMENT with eureka with status DOWN
2025-04-14 15:52:08,688 INFO c.n.d.DiscoveryClient$3 [SpringApplicationShutdownHook] Saw local status change event StatusChangeEvent [timestamp=1744638728688, current=DOWN, previous=UP]
2025-04-14 15:52:08,688 INFO c.n.d.DiscoveryClient [DiscoveryClient-InstanceInfoReplicator-0] DiscoveryClient_USER-MANAGEMENT/Dev-MToaima.TradeNET.COM:user-management:8888: registering service...
2025-04-14 15:52:08,688 DEBUG o.s.c.l.CompositeLog [DiscoveryClient-InstanceInfoReplicator-0] HTTP POST http://localhost:8761/eureka/apps/USER-MANAGEMENT
2025-04-14 15:52:08,689 DEBUG o.s.c.l.CompositeLog [DiscoveryClient-InstanceInfoReplicator-0] Accept=[application/json, application/*+json]
2025-04-14 15:52:08,692 DEBUG o.s.c.l.CompositeLog [DiscoveryClient-InstanceInfoReplicator-0] Writing [InstanceInfo [instanceId = Dev-MToaima.TradeNET.COM:user-management:8888, appName = USER-MANAGEMENT, hostName = Dev-MToaima.TradeNET.COM, status = DOWN, ipAddr = 192.168.2.77, port = 8888, securePort = 443, dataCenterInfo = com.netflix.appinfo.MyDataCenterInfo@7ee83484] as "application/json"
2025-04-14 15:52:08,698 DEBUG o.s.c.l.CompositeLog [DiscoveryClient-InstanceInfoReplicator-0] Response 204 NO_CONTENT
2025-04-14 15:52:08,698 INFO c.n.d.DiscoveryClient [DiscoveryClient-InstanceInfoReplicator-0] DiscoveryClient_USER-MANAGEMENT/Dev-MToaima.TradeNET.COM:user-management:8888 - registration status: 204
2025-04-14 15:52:08,724 INFO o.s.o.j.AbstractEntityManagerFactoryBean [SpringApplicationShutdownHook] Closing JPA EntityManagerFactory for persistence unit 'default'
2025-04-14 15:52:08,728 INFO c.z.h.HikariDataSource [SpringApplicationShutdownHook] HikariPool-1 - Shutdown initiated...
2025-04-14 15:52:08,743 INFO c.z.h.HikariDataSource [SpringApplicationShutdownHook] HikariPool-1 - Shutdown completed.
2025-04-14 15:52:08,744 INFO c.n.d.DiscoveryClient [SpringApplicationShutdownHook] Shutting down DiscoveryClient ...
2025-04-14 15:52:11,749 INFO c.n.d.DiscoveryClient [SpringApplicationShutdownHook] Unregistering ...
2025-04-14 15:52:11,751 DEBUG o.s.c.l.CompositeLog [SpringApplicationShutdownHook] HTTP DELETE http://localhost:8761/eureka/apps/USER-MANAGEMENT/Dev-MToaima.TradeNET.COM:user-management:8888
2025-04-14 15:52:11,751 DEBUG o.s.c.l.CompositeLog [SpringApplicationShutdownHook] Accept=[application/json, application/*+json]
2025-04-14 15:52:11,764 DEBUG o.s.c.l.CompositeLog [SpringApplicationShutdownHook] Response 200 OK
2025-04-14 15:52:11,765 INFO c.n.d.DiscoveryClient [SpringApplicationShutdownHook] DiscoveryClient_USER-MANAGEMENT/Dev-MToaima.TradeNET.COM:user-management:8888 - deregister  status: 200
2025-04-14 15:52:11,769 INFO c.n.d.DiscoveryClient [SpringApplicationShutdownHook] Completed shut down of DiscoveryClient
