2025-04-17 15:52:27,538 INFO o.h.v.i.u.Version [background-preinit] HV000001: Hibernate Validator 8.0.1.Final
2025-04-17 15:52:27,596 INFO o.s.b.StartupInfoLogger [restartedMain] Starting UserOrgManagementApplication using Java 17.0.12 with PID 22920 (D:\Courses\BackEnd\Spring\Sb\User_Management_System\user-org-management\target\classes started by mtoaima in D:\Courses\BackEnd\Spring\Sb\User_Management_System\user-org-management)
2025-04-17 15:52:27,599 INFO o.s.b.SpringApplication [restartedMain] No active profile set, falling back to 1 default profile: "default"
2025-04-17 15:52:27,695 INFO o.s.b.l.DeferredLog [restartedMain] Fetching config from server at : http://localhost:8081
2025-04-17 15:52:27,695 INFO o.s.b.l.DeferredLog [restartedMain] Located environment: name=user-management, profiles=[default], label=null, version=ef3ccb72180485ea77e71aa24e8a6021544ae2b5, state=
2025-04-17 15:52:27,707 INFO o.s.b.l.DeferredLog [restartedMain] Devtools property defaults active! Set 'spring.devtools.add-properties' to 'false' to disable
2025-04-17 15:52:27,708 INFO o.s.b.l.DeferredLog [restartedMain] For additional web related logging consider setting the 'logging.level.web' property to 'DEBUG'
2025-04-17 15:52:29,014 INFO o.s.d.r.c.RepositoryConfigurationDelegate [restartedMain] Bootstrapping Spring Data JPA repositories in DEFAULT mode.
2025-04-17 15:52:29,223 INFO o.s.d.r.c.RepositoryConfigurationDelegate [restartedMain] Finished Spring Data repository scanning in 201 ms. Found 3 JPA repository interfaces.
2025-04-17 15:52:29,847 INFO o.s.c.c.s.GenericScope [restartedMain] BeanFactory id=f74d915f-4514-3717-bfc9-0ab6e98804f7
2025-04-17 15:52:30,560 WARN o.s.c.s.PostProcessorRegistrationDelegate$BeanPostProcessorChecker [restartedMain] Bean 'org.springframework.cloud.client.loadbalancer.LoadBalancerAutoConfiguration$LoadBalancerInterceptorConfig' of type [org.springframework.cloud.client.loadbalancer.LoadBalancerAutoConfiguration$LoadBalancerInterceptorConfig] is not eligible for getting processed by all BeanPostProcessors (for example: not eligible for auto-proxying). The currently created BeanPostProcessor [lbRestClientPostProcessor] is declared through a non-static factory method on that class; consider declaring it as static instead.
2025-04-17 15:52:30,573 WARN o.s.c.s.PostProcessorRegistrationDelegate$BeanPostProcessorChecker [restartedMain] Bean 'org.springframework.cloud.loadbalancer.config.BlockingLoadBalancerClientAutoConfiguration' of type [org.springframework.cloud.loadbalancer.config.BlockingLoadBalancerClientAutoConfiguration] is not eligible for getting processed by all BeanPostProcessors (for example: not eligible for auto-proxying). Is this bean getting eagerly injected into a currently created BeanPostProcessor [lbRestClientPostProcessor]? Check the corresponding BeanPostProcessor declaration and its dependencies.
2025-04-17 15:52:30,578 WARN o.s.c.s.PostProcessorRegistrationDelegate$BeanPostProcessorChecker [restartedMain] Bean 'org.springframework.cloud.loadbalancer.config.LoadBalancerAutoConfiguration' of type [org.springframework.cloud.loadbalancer.config.LoadBalancerAutoConfiguration] is not eligible for getting processed by all BeanPostProcessors (for example: not eligible for auto-proxying). Is this bean getting eagerly injected into a currently created BeanPostProcessor [lbRestClientPostProcessor]? Check the corresponding BeanPostProcessor declaration and its dependencies.
2025-04-17 15:52:30,610 WARN o.s.c.s.PostProcessorRegistrationDelegate$BeanPostProcessorChecker [restartedMain] Bean 'org.springframework.cloud.commons.config.CommonsConfigAutoConfiguration' of type [org.springframework.cloud.commons.config.CommonsConfigAutoConfiguration] is not eligible for getting processed by all BeanPostProcessors (for example: not eligible for auto-proxying). Is this bean getting eagerly injected into a currently created BeanPostProcessor [lbRestClientPostProcessor]? Check the corresponding BeanPostProcessor declaration and its dependencies.
2025-04-17 15:52:30,775 WARN o.s.c.s.PostProcessorRegistrationDelegate$BeanPostProcessorChecker [restartedMain] Bean 'org.springframework.cloud.client.loadbalancer.LoadBalancerDefaultMappingsProviderAutoConfiguration' of type [org.springframework.cloud.client.loadbalancer.LoadBalancerDefaultMappingsProviderAutoConfiguration] is not eligible for getting processed by all BeanPostProcessors (for example: not eligible for auto-proxying). Is this bean getting eagerly injected into a currently created BeanPostProcessor [lbRestClientPostProcessor]? Check the corresponding BeanPostProcessor declaration and its dependencies.
2025-04-17 15:52:30,787 WARN o.s.c.s.PostProcessorRegistrationDelegate$BeanPostProcessorChecker [restartedMain] Bean 'loadBalancerClientsDefaultsMappingsProvider' of type [org.springframework.cloud.client.loadbalancer.LoadBalancerDefaultMappingsProviderAutoConfiguration$$Lambda$776/0x00000201504ebed0] is not eligible for getting processed by all BeanPostProcessors (for example: not eligible for auto-proxying). Is this bean getting eagerly injected into a currently created BeanPostProcessor [lbRestClientPostProcessor]? Check the corresponding BeanPostProcessor declaration and its dependencies.
2025-04-17 15:52:30,793 WARN o.s.c.s.PostProcessorRegistrationDelegate$BeanPostProcessorChecker [restartedMain] Bean 'defaultsBindHandlerAdvisor' of type [org.springframework.cloud.commons.config.DefaultsBindHandlerAdvisor] is not eligible for getting processed by all BeanPostProcessors (for example: not eligible for auto-proxying). Is this bean getting eagerly injected into a currently created BeanPostProcessor [lbRestClientPostProcessor]? Check the corresponding BeanPostProcessor declaration and its dependencies.
2025-04-17 15:52:30,822 WARN o.s.c.s.PostProcessorRegistrationDelegate$BeanPostProcessorChecker [restartedMain] Bean 'spring.cloud.loadbalancer-org.springframework.cloud.client.loadbalancer.LoadBalancerClientsProperties' of type [org.springframework.cloud.client.loadbalancer.LoadBalancerClientsProperties] is not eligible for getting processed by all BeanPostProcessors (for example: not eligible for auto-proxying). Is this bean getting eagerly injected into a currently created BeanPostProcessor [lbRestClientPostProcessor]? Check the corresponding BeanPostProcessor declaration and its dependencies.
2025-04-17 15:52:30,850 WARN o.s.c.s.PostProcessorRegistrationDelegate$BeanPostProcessorChecker [restartedMain] Bean 'default.org.springframework.cloud.loadbalancer.config.LoadBalancerAutoConfiguration.LoadBalancerClientSpecification' of type [org.springframework.cloud.loadbalancer.annotation.LoadBalancerClientSpecification] is not eligible for getting processed by all BeanPostProcessors (for example: not eligible for auto-proxying). Is this bean getting eagerly injected into a currently created BeanPostProcessor [lbRestClientPostProcessor]? Check the corresponding BeanPostProcessor declaration and its dependencies.
2025-04-17 15:52:30,858 WARN o.s.c.s.PostProcessorRegistrationDelegate$BeanPostProcessorChecker [restartedMain] Bean 'default.org.springframework.cloud.loadbalancer.config.BlockingLoadBalancerClientAutoConfiguration.LoadBalancerClientSpecification' of type [org.springframework.cloud.loadbalancer.annotation.LoadBalancerClientSpecification] is not eligible for getting processed by all BeanPostProcessors (for example: not eligible for auto-proxying). Is this bean getting eagerly injected into a currently created BeanPostProcessor [lbRestClientPostProcessor]? Check the corresponding BeanPostProcessor declaration and its dependencies.
2025-04-17 15:52:30,861 WARN o.s.c.s.PostProcessorRegistrationDelegate$BeanPostProcessorChecker [restartedMain] Bean 'default.org.springframework.cloud.netflix.eureka.loadbalancer.LoadBalancerEurekaAutoConfiguration.LoadBalancerClientSpecification' of type [org.springframework.cloud.loadbalancer.annotation.LoadBalancerClientSpecification] is not eligible for getting processed by all BeanPostProcessors (for example: not eligible for auto-proxying). Is this bean getting eagerly injected into a currently created BeanPostProcessor [lbRestClientPostProcessor]? Check the corresponding BeanPostProcessor declaration and its dependencies.
2025-04-17 15:52:30,875 WARN o.s.c.s.PostProcessorRegistrationDelegate$BeanPostProcessorChecker [restartedMain] Bean 'loadBalancerClientFactory' of type [org.springframework.cloud.loadbalancer.support.LoadBalancerClientFactory] is not eligible for getting processed by all BeanPostProcessors (for example: not eligible for auto-proxying). Is this bean getting eagerly injected into a currently created BeanPostProcessor [lbRestClientPostProcessor]? Check the corresponding BeanPostProcessor declaration and its dependencies.
2025-04-17 15:52:30,922 WARN o.s.c.s.PostProcessorRegistrationDelegate$BeanPostProcessorChecker [restartedMain] Bean 'blockingLoadBalancerClient' of type [org.springframework.cloud.loadbalancer.blocking.client.BlockingLoadBalancerClient] is not eligible for getting processed by all BeanPostProcessors (for example: not eligible for auto-proxying). Is this bean getting eagerly injected into a currently created BeanPostProcessor [lbRestClientPostProcessor]? Check the corresponding BeanPostProcessor declaration and its dependencies.
2025-04-17 15:52:30,965 WARN o.s.c.s.PostProcessorRegistrationDelegate$BeanPostProcessorChecker [restartedMain] Bean 'loadBalancerServiceInstanceCookieTransformer' of type [org.springframework.cloud.loadbalancer.core.LoadBalancerServiceInstanceCookieTransformer] is not eligible for getting processed by all BeanPostProcessors (for example: not eligible for auto-proxying). Is this bean getting eagerly injected into a currently created BeanPostProcessor [lbRestClientPostProcessor]? Check the corresponding BeanPostProcessor declaration and its dependencies.
2025-04-17 15:52:30,975 WARN o.s.c.s.PostProcessorRegistrationDelegate$BeanPostProcessorChecker [restartedMain] Bean 'xForwarderHeadersTransformer' of type [org.springframework.cloud.loadbalancer.blocking.XForwardedHeadersTransformer] is not eligible for getting processed by all BeanPostProcessors (for example: not eligible for auto-proxying). Is this bean getting eagerly injected into a currently created BeanPostProcessor [lbRestClientPostProcessor]? Check the corresponding BeanPostProcessor declaration and its dependencies.
2025-04-17 15:52:30,978 WARN o.s.c.s.PostProcessorRegistrationDelegate$BeanPostProcessorChecker [restartedMain] Bean 'org.springframework.cloud.client.loadbalancer.LoadBalancerAutoConfiguration' of type [org.springframework.cloud.client.loadbalancer.LoadBalancerAutoConfiguration] is not eligible for getting processed by all BeanPostProcessors (for example: not eligible for auto-proxying). Is this bean getting eagerly injected into a currently created BeanPostProcessor [lbRestClientPostProcessor]? Check the corresponding BeanPostProcessor declaration and its dependencies.
2025-04-17 15:52:30,985 WARN o.s.c.s.PostProcessorRegistrationDelegate$BeanPostProcessorChecker [restartedMain] Bean 'loadBalancerRequestFactory' of type [org.springframework.cloud.client.loadbalancer.LoadBalancerRequestFactory] is not eligible for getting processed by all BeanPostProcessors (for example: not eligible for auto-proxying). Is this bean getting eagerly injected into a currently created BeanPostProcessor [lbRestClientPostProcessor]? Check the corresponding BeanPostProcessor declaration and its dependencies.
2025-04-17 15:52:30,989 WARN o.s.c.s.PostProcessorRegistrationDelegate$BeanPostProcessorChecker [restartedMain] Bean 'loadBalancerInterceptor' of type [org.springframework.cloud.client.loadbalancer.LoadBalancerInterceptor] is not eligible for getting processed by all BeanPostProcessors (for example: not eligible for auto-proxying). Is this bean getting eagerly injected into a currently created BeanPostProcessor [lbRestClientPostProcessor]? Check the corresponding BeanPostProcessor declaration and its dependencies.
2025-04-17 15:52:33,406 INFO o.s.b.w.e.t.TomcatWebServer [restartedMain] Tomcat initialized with port 8888 (http)
2025-04-17 15:52:33,464 INFO o.a.j.l.DirectJDKLog [restartedMain] Initializing ProtocolHandler ["http-nio-8888"]
2025-04-17 15:52:33,473 INFO o.a.j.l.DirectJDKLog [restartedMain] Starting service [Tomcat]
2025-04-17 15:52:33,474 INFO o.a.j.l.DirectJDKLog [restartedMain] Starting Servlet engine: [Apache Tomcat/10.1.19]
2025-04-17 15:52:33,807 INFO o.a.j.l.DirectJDKLog [restartedMain] Initializing Spring embedded WebApplicationContext
2025-04-17 15:52:33,808 INFO o.s.b.w.s.c.ServletWebServerApplicationContext [restartedMain] Root WebApplicationContext: initialization completed in 6097 ms
2025-04-17 15:52:34,336 INFO c.z.h.HikariDataSource [restartedMain] HikariPool-1 - Starting...
2025-04-17 15:52:35,094 INFO c.z.h.p.HikariPool [restartedMain] HikariPool-1 - Added connection com.mysql.cj.jdbc.ConnectionImpl@d6af09b
2025-04-17 15:52:35,099 INFO c.z.h.HikariDataSource [restartedMain] HikariPool-1 - Start completed.
2025-04-17 15:52:38,106 INFO l.l.c.JavaLogger [restartedMain] Reading from mydatabase.DATABASECHANGELOG
2025-04-17 15:52:38,234 INFO l.l.c.JavaLogger [restartedMain] Reading from mydatabase.DATABASECHANGELOG
2025-04-17 15:52:38,251 INFO l.l.c.JavaLogger [restartedMain] UPDATE SUMMARY
2025-04-17 15:52:38,252 INFO l.l.c.JavaLogger [restartedMain] Run:                          0
2025-04-17 15:52:38,253 INFO l.l.c.JavaLogger [restartedMain] Previously run:               3
2025-04-17 15:52:38,253 INFO l.l.c.JavaLogger [restartedMain] Filtered out:                 0
2025-04-17 15:52:38,254 INFO l.l.c.JavaLogger [restartedMain] -------------------------------
2025-04-17 15:52:38,255 INFO l.l.c.JavaLogger [restartedMain] Total change sets:            3
2025-04-17 15:52:38,255 INFO l.l.c.JavaLogger [restartedMain] Update summary generated
2025-04-17 15:52:38,375 INFO l.l.c.JavaLogger [restartedMain] Successfully released change log lock
2025-04-17 15:52:38,378 INFO l.l.c.JavaLogger [restartedMain] Command execution complete
2025-04-17 15:52:38,873 INFO o.h.j.i.u.LogHelper [restartedMain] HHH000204: Processing PersistenceUnitInfo [name: default]
2025-04-17 15:52:39,040 INFO o.h.Version [restartedMain] HHH000412: Hibernate ORM core version 6.4.4.Final
2025-04-17 15:52:39,131 INFO o.h.c.i.RegionFactoryInitiator [restartedMain] HHH000026: Second-level cache disabled
2025-04-17 15:52:39,752 INFO o.s.o.j.p.SpringPersistenceUnitInfo [restartedMain] No LoadTimeWeaver setup: ignoring JPA class transformer
2025-04-17 15:52:39,867 WARN o.h.e.j.d.i.DialectFactoryImpl [restartedMain] HHH90000025: MySQL8Dialect does not need to be specified explicitly using 'hibernate.dialect' (remove the property setting and it will be selected by default)
2025-04-17 15:52:39,874 WARN o.h.e.j.d.i.DialectFactoryImpl [restartedMain] HHH90000026: MySQL8Dialect has been deprecated; use org.hibernate.dialect.MySQLDialect instead
2025-04-17 15:52:42,580 INFO o.h.e.t.j.p.i.JtaPlatformInitiator [restartedMain] HHH000489: No JTA platform available (set 'hibernate.transaction.jta.platform' to enable JTA platform integration)
2025-04-17 15:52:42,587 INFO o.s.o.j.AbstractEntityManagerFactoryBean [restartedMain] Initialized JPA EntityManagerFactory for persistence unit 'default'
2025-04-17 15:52:44,088 INFO o.s.d.j.r.q.QueryEnhancerFactory [restartedMain] Hibernate is in classpath; If applicable, HQL parser will be used.
2025-04-17 15:52:45,755 WARN o.s.b.a.o.j.JpaBaseConfiguration$JpaWebConfiguration [restartedMain] spring.jpa.open-in-view is enabled by default. Therefore, database queries may be performed during view rendering. Explicitly configure spring.jpa.open-in-view to disable this warning
2025-04-17 15:52:46,497 DEBUG o.s.w.s.h.AbstractHandlerMethodMapping [restartedMain] 16 mappings in 'requestMappingHandlerMapping'
2025-04-17 15:52:46,848 DEBUG o.s.w.s.h.SimpleUrlHandlerMapping [restartedMain] Patterns [/webjars/**, /**] in 'resourceHandlerMapping'
2025-04-17 15:52:46,931 INFO o.s.s.w.DefaultSecurityFilterChain [restartedMain] Will secure any request with [org.springframework.security.web.session.DisableEncodeUrlFilter@4646ae93, org.springframework.security.web.context.request.async.WebAsyncManagerIntegrationFilter@3c2f463a, org.springframework.security.web.context.SecurityContextHolderFilter@5e9c329c, org.springframework.security.web.header.HeaderWriterFilter@7a4cb8d3, org.springframework.security.web.authentication.logout.LogoutFilter@ca223f8, com.user_organization_management.security.JwtRequestFilter@79335982, org.springframework.security.web.savedrequest.RequestCacheAwareFilter@52104fcc, org.springframework.security.web.servletapi.SecurityContextHolderAwareRequestFilter@64e953fb, org.springframework.security.web.authentication.AnonymousAuthenticationFilter@1ac9b8f4, org.springframework.security.web.access.ExceptionTranslationFilter@288d3e1a, org.springframework.security.web.access.intercept.AuthorizationFilter@5b8fb9e2]
2025-04-17 15:52:47,166 DEBUG o.s.w.s.m.m.a.RequestMappingHandlerAdapter [restartedMain] ControllerAdvice beans: 0 @ModelAttribute, 0 @InitBinder, 1 RequestBodyAdvice, 1 ResponseBodyAdvice
2025-04-17 15:52:47,234 DEBUG o.s.w.s.m.m.a.ExceptionHandlerExceptionResolver [restartedMain] ControllerAdvice beans: 1 @ExceptionHandler, 1 ResponseBodyAdvice
2025-04-17 15:52:47,673 WARN o.s.b.d.a.OptionalLiveReloadServer [restartedMain] Unable to start LiveReload server
2025-04-17 15:52:48,299 INFO o.s.c.n.e.c.DiscoveryClientOptionalArgsConfiguration [restartedMain] Eureka HTTP Client uses RestTemplate.
2025-04-17 15:52:48,826 WARN o.s.c.l.c.LoadBalancerCacheAutoConfiguration$LoadBalancerCaffeineWarnLogger [restartedMain] Spring Cloud LoadBalancer is currently working with the default cache. While this cache implementation is useful for development and tests, it's recommended to use Caffeine cache in production.You can switch to using Caffeine cache, by adding it and org.springframework.cache.caffeine.CaffeineCacheManager to the classpath.
2025-04-17 15:52:48,862 INFO o.s.c.n.e.InstanceInfoFactory [restartedMain] Setting initial instance status as: STARTING
2025-04-17 15:52:48,986 INFO c.n.d.DiscoveryClient [restartedMain] Initializing Eureka in region us-east-1
2025-04-17 15:52:48,995 INFO c.n.d.s.r.a.ConfigClusterResolver [restartedMain] Resolving eureka endpoints via configuration
2025-04-17 15:52:49,024 INFO c.n.d.DiscoveryClient [restartedMain] Disable delta property : false
2025-04-17 15:52:49,025 INFO c.n.d.DiscoveryClient [restartedMain] Single vip registry refresh property : null
2025-04-17 15:52:49,025 INFO c.n.d.DiscoveryClient [restartedMain] Force full registry fetch : false
2025-04-17 15:52:49,025 INFO c.n.d.DiscoveryClient [restartedMain] Application is null : false
2025-04-17 15:52:49,025 INFO c.n.d.DiscoveryClient [restartedMain] Registered Applications size is zero : true
2025-04-17 15:52:49,025 INFO c.n.d.DiscoveryClient [restartedMain] Application version is -1: true
2025-04-17 15:52:49,025 INFO c.n.d.DiscoveryClient [restartedMain] Getting all instance registry info from the eureka server
2025-04-17 15:52:49,259 DEBUG o.s.c.l.CompositeLog [restartedMain] HTTP GET http://localhost:8761/eureka/apps/
2025-04-17 15:52:49,320 DEBUG o.s.c.l.CompositeLog [restartedMain] Accept=[application/json, application/*+json]
2025-04-17 15:52:49,385 DEBUG o.s.c.l.CompositeLog [restartedMain] Response 200 OK
2025-04-17 15:52:49,388 DEBUG o.s.c.l.CompositeLog [restartedMain] Reading to [org.springframework.cloud.netflix.eureka.http.EurekaApplications]
2025-04-17 15:52:49,401 INFO c.n.d.DiscoveryClient [restartedMain] The response status is 200
2025-04-17 15:52:49,404 INFO c.n.d.DiscoveryClient [restartedMain] Starting heartbeat executor: renew interval is: 30
2025-04-17 15:52:49,408 INFO c.n.d.InstanceInfoReplicator [restartedMain] InstanceInfoReplicator onDemand update allowed rate per min is 4
2025-04-17 15:52:49,412 INFO c.n.d.DiscoveryClient [restartedMain] Discovery Client initialized at timestamp 1744897969412 with initial instances count: 3
2025-04-17 15:52:49,422 INFO o.s.c.n.e.s.EurekaServiceRegistry [restartedMain] Registering application USER-MANAGEMENT with eureka with status UP
2025-04-17 15:52:49,424 INFO c.n.d.DiscoveryClient$3 [restartedMain] Saw local status change event StatusChangeEvent [timestamp=1744897969424, current=UP, previous=STARTING]
2025-04-17 15:52:49,426 INFO c.n.d.DiscoveryClient [DiscoveryClient-InstanceInfoReplicator-0] DiscoveryClient_USER-MANAGEMENT/192.168.1.4:user-management:8888: registering service...
2025-04-17 15:52:49,428 INFO o.a.j.l.DirectJDKLog [restartedMain] Starting ProtocolHandler ["http-nio-8888"]
2025-04-17 15:52:49,433 DEBUG o.s.c.l.CompositeLog [DiscoveryClient-InstanceInfoReplicator-0] HTTP POST http://localhost:8761/eureka/apps/USER-MANAGEMENT
2025-04-17 15:52:49,437 DEBUG o.s.c.l.CompositeLog [DiscoveryClient-InstanceInfoReplicator-0] Accept=[application/json, application/*+json]
2025-04-17 15:52:49,459 DEBUG o.s.c.l.CompositeLog [DiscoveryClient-InstanceInfoReplicator-0] Writing [InstanceInfo [instanceId = 192.168.1.4:user-management:8888, appName = USER-MANAGEMENT, hostName = 192.168.1.4, status = UP, ipAddr = 192.168.1.4, port = 8888, securePort = 443, dataCenterInfo = com.netflix.appinfo.MyDataCenterInfo@2a8d513e] as "application/json"
2025-04-17 15:52:49,480 INFO o.s.b.w.e.t.TomcatWebServer [restartedMain] Tomcat started on port 8888 (http) with context path ''
2025-04-17 15:52:49,502 INFO o.s.c.n.e.s.EurekaAutoServiceRegistration [restartedMain] Updating port to 8888
2025-04-17 15:52:49,511 DEBUG o.s.c.l.CompositeLog [DiscoveryClient-InstanceInfoReplicator-0] Response 204 NO_CONTENT
2025-04-17 15:52:49,511 INFO c.n.d.DiscoveryClient [DiscoveryClient-InstanceInfoReplicator-0] DiscoveryClient_USER-MANAGEMENT/192.168.1.4:user-management:8888 - registration status: 204
2025-04-17 15:52:49,827 INFO o.s.b.StartupInfoLogger [restartedMain] Started UserOrgManagementApplication in 29.811 seconds (process running for 31.477)
2025-04-17 15:53:19,412 DEBUG o.s.c.l.CompositeLog [DiscoveryClient-CacheRefreshExecutor-0] HTTP GET http://localhost:8761/eureka/apps/delta
2025-04-17 15:53:19,412 DEBUG o.s.c.l.CompositeLog [DiscoveryClient-CacheRefreshExecutor-0] Accept=[application/json, application/*+json]
2025-04-17 15:53:19,412 DEBUG o.s.c.l.CompositeLog [DiscoveryClient-HeartbeatExecutor-0] HTTP PUT http://localhost:8761/eureka/apps/USER-MANAGEMENT/192.168.1.4:user-management:8888?status=UP&lastDirtyTimestamp=1744897969423
2025-04-17 15:53:19,427 DEBUG o.s.c.l.CompositeLog [DiscoveryClient-HeartbeatExecutor-0] Accept=[application/json, application/*+json]
2025-04-17 15:53:19,430 DEBUG o.s.c.l.CompositeLog [DiscoveryClient-CacheRefreshExecutor-0] Response 200 OK
2025-04-17 15:53:19,430 DEBUG o.s.c.l.CompositeLog [DiscoveryClient-CacheRefreshExecutor-0] Reading to [org.springframework.cloud.netflix.eureka.http.EurekaApplications]
2025-04-17 15:53:19,445 DEBUG o.s.c.l.CompositeLog [DiscoveryClient-HeartbeatExecutor-0] Response 200 OK
2025-04-17 15:53:49,444 DEBUG o.s.c.l.CompositeLog [DiscoveryClient-CacheRefreshExecutor-0] HTTP GET http://localhost:8761/eureka/apps/delta
2025-04-17 15:53:49,445 DEBUG o.s.c.l.CompositeLog [DiscoveryClient-CacheRefreshExecutor-0] Accept=[application/json, application/*+json]
2025-04-17 15:53:49,460 DEBUG o.s.c.l.CompositeLog [DiscoveryClient-HeartbeatExecutor-0] HTTP PUT http://localhost:8761/eureka/apps/USER-MANAGEMENT/192.168.1.4:user-management:8888?status=UP&lastDirtyTimestamp=1744897969423
2025-04-17 15:53:49,461 DEBUG o.s.c.l.CompositeLog [DiscoveryClient-HeartbeatExecutor-0] Accept=[application/json, application/*+json]
2025-04-17 15:53:49,463 DEBUG o.s.c.l.CompositeLog [DiscoveryClient-CacheRefreshExecutor-0] Response 200 OK
2025-04-17 15:53:49,464 DEBUG o.s.c.l.CompositeLog [DiscoveryClient-CacheRefreshExecutor-0] Reading to [org.springframework.cloud.netflix.eureka.http.EurekaApplications]
2025-04-17 15:53:49,478 DEBUG o.s.c.l.CompositeLog [DiscoveryClient-HeartbeatExecutor-0] Response 200 OK
2025-04-17 15:54:04,357 INFO o.a.j.l.DirectJDKLog [http-nio-8888-exec-1] Initializing Spring DispatcherServlet 'dispatcherServlet'
2025-04-17 15:54:04,357 INFO o.s.w.s.FrameworkServlet [http-nio-8888-exec-1] Initializing Servlet 'dispatcherServlet'
2025-04-17 15:54:04,357 DEBUG o.s.w.s.DispatcherServlet [http-nio-8888-exec-1] Detected StandardServletMultipartResolver
2025-04-17 15:54:04,357 DEBUG o.s.w.s.DispatcherServlet [http-nio-8888-exec-1] Detected AcceptHeaderLocaleResolver
2025-04-17 15:54:04,358 DEBUG o.s.w.s.DispatcherServlet [http-nio-8888-exec-1] Detected FixedThemeResolver
2025-04-17 15:54:04,359 DEBUG o.s.w.s.DispatcherServlet [http-nio-8888-exec-1] Detected org.springframework.web.servlet.view.DefaultRequestToViewNameTranslator@5cca183b
2025-04-17 15:54:04,359 DEBUG o.s.w.s.DispatcherServlet [http-nio-8888-exec-1] Detected org.springframework.web.servlet.support.SessionFlashMapManager@2a52dd81
2025-04-17 15:54:04,359 DEBUG o.s.w.s.FrameworkServlet [http-nio-8888-exec-1] enableLoggingRequestDetails='false': request parameters and headers will be masked to prevent unsafe logging of potentially sensitive data
2025-04-17 15:54:04,359 INFO o.s.w.s.FrameworkServlet [http-nio-8888-exec-1] Completed initialization in 2 ms
2025-04-17 15:54:04,381 DEBUG o.s.c.l.LogFormatUtils [http-nio-8888-exec-1] POST "/auth/login", parameters={}
2025-04-17 15:54:04,382 DEBUG o.s.w.s.h.AbstractHandlerMapping [http-nio-8888-exec-1] Mapped to com.user_organization_management.controller.AuthController#login(AuthRequest)
2025-04-17 15:54:04,396 DEBUG o.s.c.l.LogFormatUtils [http-nio-8888-exec-1] Read "application/json;charset=UTF-8" to [com.user_organization_management.model.AuthRequest@7d944a3b]
2025-04-17 15:54:04,403 INFO c.u.a.LoggingAspect [http-nio-8888-exec-1] =================> Method Name is >> login 
2025-04-17 15:54:04,403 INFO c.u.a.LoggingAspect [http-nio-8888-exec-1] ====> argument >> com.user_organization_management.model.AuthRequest@7d944a3b
2025-04-17 15:54:04,403 INFO c.u.a.LoggingAspect [http-nio-8888-exec-1] =================> Method Name is >> login 
2025-04-17 15:54:04,403 INFO c.u.a.LoggingAspect [http-nio-8888-exec-1] ====> argument >> com.user_organization_management.model.AuthRequest@7d944a3b
2025-04-17 15:54:04,404 INFO c.u.a.LoggingAspect [http-nio-8888-exec-1] =================> Method Name is >> disableLogin 
2025-04-17 15:54:04,404 INFO c.u.a.LoggingAspect [http-nio-8888-exec-1] ====> argument >> testttttttttt1@gmail.com
2025-04-17 15:54:04,406 INFO c.u.a.LoggingAspect [http-nio-8888-exec-1] =================> Method Name is >> findByEmail 
2025-04-17 15:54:04,406 INFO c.u.a.LoggingAspect [http-nio-8888-exec-1] ====> argument >> testttttttttt1@gmail.com
2025-04-17 15:54:04,483 DEBUG o.h.e.j.s.SqlStatementLogger [http-nio-8888-exec-1] 
    select
        ue1_0.id,
        ue1_0.created_by,
        ue1_0.created_date,
        ue1_0.email,
        ue1_0.failed_count,
        ue1_0.last_modified_by,
        ue1_0.last_modified_date,
        ue1_0.locked,
        ue1_0.mobile,
        ue1_0.name,
        ue1_0.organization_id,
        ue1_0.password,
        ue1_0.role_id 
    from
        users ue1_0 
    where
        ue1_0.email=?
2025-04-17 15:54:04,500 DEBUG o.h.e.j.s.SqlStatementLogger [http-nio-8888-exec-1] 
    select
        oe1_0.id,
        oe1_0.created_by,
        oe1_0.created_date,
        oe1_0.last_modified_by,
        oe1_0.last_modified_date,
        oe1_0.name 
    from
        organizations oe1_0 
    where
        oe1_0.id=?
2025-04-17 15:54:04,517 DEBUG o.h.e.j.s.SqlStatementLogger [http-nio-8888-exec-1] 
    select
        re1_0.id,
        re1_0.created_by,
        re1_0.created_date,
        re1_0.last_modified_by,
        re1_0.last_modified_date,
        re1_0.name 
    from
        roles re1_0 
    where
        re1_0.id=?
2025-04-17 15:54:04,526 INFO c.u.a.MeasurementAspect [http-nio-8888-exec-1] KPI[method-execution]	for: void com.user_organization_management.service.UserService.disableLogin(String)	withArgs: [testttttttttt1@gmail.com]	took: 122 ms. 
2025-04-17 15:54:04,614 INFO c.u.a.LoggingAspect [http-nio-8888-exec-1] =================> Method Name is >> getUserByEmail 
2025-04-17 15:54:04,614 INFO c.u.a.LoggingAspect [http-nio-8888-exec-1] ====> argument >> testttttttttt1@gmail.com
2025-04-17 15:54:04,615 INFO c.u.a.LoggingAspect [http-nio-8888-exec-1] =================> Method Name is >> findByEmail 
2025-04-17 15:54:04,615 INFO c.u.a.LoggingAspect [http-nio-8888-exec-1] ====> argument >> testttttttttt1@gmail.com
2025-04-17 15:54:04,617 DEBUG o.h.e.j.s.SqlStatementLogger [http-nio-8888-exec-1] 
    select
        ue1_0.id,
        ue1_0.created_by,
        ue1_0.created_date,
        ue1_0.email,
        ue1_0.failed_count,
        ue1_0.last_modified_by,
        ue1_0.last_modified_date,
        ue1_0.locked,
        ue1_0.mobile,
        ue1_0.name,
        ue1_0.organization_id,
        ue1_0.password,
        ue1_0.role_id 
    from
        users ue1_0 
    where
        ue1_0.email=?
2025-04-17 15:54:04,621 INFO c.u.a.MeasurementAspect [http-nio-8888-exec-1] KPI[method-execution]	for: UserDTO com.user_organization_management.service.UserService.getUserByEmail(String)	withArgs: [testttttttttt1@gmail.com]	took: 6 ms. 
2025-04-17 15:54:04,622 INFO c.u.s.CustomUserDetailsService [http-nio-8888-exec-1] User testttttttttt1@gmail.com has role ROLE_USER
2025-04-17 15:54:04,699 INFO c.u.a.LoggingAspect [http-nio-8888-exec-1] =================> Method Name is >> resetFailedLoginAttempts 
2025-04-17 15:54:04,699 INFO c.u.a.LoggingAspect [http-nio-8888-exec-1] ====> argument >> testttttttttt1@gmail.com
2025-04-17 15:54:04,699 INFO c.u.a.LoggingAspect [http-nio-8888-exec-1] =================> Method Name is >> findByEmail 
2025-04-17 15:54:04,699 INFO c.u.a.LoggingAspect [http-nio-8888-exec-1] ====> argument >> testttttttttt1@gmail.com
2025-04-17 15:54:04,700 DEBUG o.h.e.j.s.SqlStatementLogger [http-nio-8888-exec-1] 
    select
        ue1_0.id,
        ue1_0.created_by,
        ue1_0.created_date,
        ue1_0.email,
        ue1_0.failed_count,
        ue1_0.last_modified_by,
        ue1_0.last_modified_date,
        ue1_0.locked,
        ue1_0.mobile,
        ue1_0.name,
        ue1_0.organization_id,
        ue1_0.password,
        ue1_0.role_id 
    from
        users ue1_0 
    where
        ue1_0.email=?
2025-04-17 15:54:04,703 INFO c.u.a.MeasurementAspect [http-nio-8888-exec-1] KPI[method-execution]	for: void com.user_organization_management.service.UserService.resetFailedLoginAttempts(String)	withArgs: [testttttttttt1@gmail.com]	took: 4 ms. 
2025-04-17 15:54:04,704 INFO c.u.a.LoggingAspect [http-nio-8888-exec-1] =================> Method Name is >> getUserByEmail 
2025-04-17 15:54:04,704 INFO c.u.a.LoggingAspect [http-nio-8888-exec-1] ====> argument >> testttttttttt1@gmail.com
2025-04-17 15:54:04,704 INFO c.u.a.LoggingAspect [http-nio-8888-exec-1] =================> Method Name is >> findByEmail 
2025-04-17 15:54:04,704 INFO c.u.a.LoggingAspect [http-nio-8888-exec-1] ====> argument >> testttttttttt1@gmail.com
2025-04-17 15:54:04,705 DEBUG o.h.e.j.s.SqlStatementLogger [http-nio-8888-exec-1] 
    select
        ue1_0.id,
        ue1_0.created_by,
        ue1_0.created_date,
        ue1_0.email,
        ue1_0.failed_count,
        ue1_0.last_modified_by,
        ue1_0.last_modified_date,
        ue1_0.locked,
        ue1_0.mobile,
        ue1_0.name,
        ue1_0.organization_id,
        ue1_0.password,
        ue1_0.role_id 
    from
        users ue1_0 
    where
        ue1_0.email=?
2025-04-17 15:54:04,709 INFO c.u.a.MeasurementAspect [http-nio-8888-exec-1] KPI[method-execution]	for: UserDTO com.user_organization_management.service.UserService.getUserByEmail(String)	withArgs: [testttttttttt1@gmail.com]	took: 5 ms. 
2025-04-17 15:54:04,709 INFO c.u.s.CustomUserDetailsService [http-nio-8888-exec-1] User testttttttttt1@gmail.com has role ROLE_USER
2025-04-17 15:54:04,734 INFO c.u.a.MeasurementAspect [http-nio-8888-exec-1] KPI[method-execution]	for: Map com.user_organization_management.service.AuthService.login(AuthRequest)	withArgs: [com.user_organization_management.model.AuthRequest@7d944a3b]	took: 331 ms. 
2025-04-17 15:54:04,738 DEBUG o.s.w.s.m.m.a.AbstractMessageConverterMethodProcessor [http-nio-8888-exec-1] Using 'application/json', given [application/json, text/plain, */*] and supported [application/json, application/*+json]
2025-04-17 15:54:04,740 DEBUG o.s.c.l.LogFormatUtils [http-nio-8888-exec-1] Writing [{token=eyJhbGciOiJIUzI1NiJ9.eyJzdWIiOiJ0ZXN0dHR0dHR0dHR0MUBnbWFpbC5jb20iLCJpYXQiOjE3NDQ4OTgwNDQsImV4 (truncated)...]
2025-04-17 15:54:04,745 DEBUG o.s.w.s.FrameworkServlet [http-nio-8888-exec-1] Completed 200 OK
2025-04-17 15:54:19,477 DEBUG o.s.c.l.CompositeLog [DiscoveryClient-CacheRefreshExecutor-0] HTTP GET http://localhost:8761/eureka/apps/delta
2025-04-17 15:54:19,478 DEBUG o.s.c.l.CompositeLog [DiscoveryClient-CacheRefreshExecutor-0] Accept=[application/json, application/*+json]
2025-04-17 15:54:19,495 DEBUG o.s.c.l.CompositeLog [DiscoveryClient-HeartbeatExecutor-0] HTTP PUT http://localhost:8761/eureka/apps/USER-MANAGEMENT/192.168.1.4:user-management:8888?status=UP&lastDirtyTimestamp=1744897969423
2025-04-17 15:54:19,498 DEBUG o.s.c.l.CompositeLog [DiscoveryClient-HeartbeatExecutor-0] Accept=[application/json, application/*+json]
2025-04-17 15:54:19,503 DEBUG o.s.c.l.CompositeLog [DiscoveryClient-CacheRefreshExecutor-0] Response 200 OK
2025-04-17 15:54:19,504 DEBUG o.s.c.l.CompositeLog [DiscoveryClient-CacheRefreshExecutor-0] Reading to [org.springframework.cloud.netflix.eureka.http.EurekaApplications]
2025-04-17 15:54:19,513 DEBUG o.s.c.l.CompositeLog [DiscoveryClient-HeartbeatExecutor-0] Response 200 OK
2025-04-17 15:54:49,518 DEBUG o.s.c.l.CompositeLog [DiscoveryClient-HeartbeatExecutor-0] HTTP PUT http://localhost:8761/eureka/apps/USER-MANAGEMENT/192.168.1.4:user-management:8888?status=UP&lastDirtyTimestamp=1744897969423
2025-04-17 15:54:49,518 DEBUG o.s.c.l.CompositeLog [DiscoveryClient-CacheRefreshExecutor-0] HTTP GET http://localhost:8761/eureka/apps/delta
2025-04-17 15:54:49,519 DEBUG o.s.c.l.CompositeLog [DiscoveryClient-HeartbeatExecutor-0] Accept=[application/json, application/*+json]
2025-04-17 15:54:49,519 DEBUG o.s.c.l.CompositeLog [DiscoveryClient-CacheRefreshExecutor-0] Accept=[application/json, application/*+json]
2025-04-17 15:54:49,536 DEBUG o.s.c.l.CompositeLog [DiscoveryClient-HeartbeatExecutor-0] Response 200 OK
2025-04-17 15:54:49,536 DEBUG o.s.c.l.CompositeLog [DiscoveryClient-CacheRefreshExecutor-0] Response 200 OK
2025-04-17 15:54:49,537 DEBUG o.s.c.l.CompositeLog [DiscoveryClient-CacheRefreshExecutor-0] Reading to [org.springframework.cloud.netflix.eureka.http.EurekaApplications]
2025-04-17 15:55:19,542 DEBUG o.s.c.l.CompositeLog [DiscoveryClient-CacheRefreshExecutor-0] HTTP GET http://localhost:8761/eureka/apps/delta
2025-04-17 15:55:19,542 DEBUG o.s.c.l.CompositeLog [DiscoveryClient-HeartbeatExecutor-0] HTTP PUT http://localhost:8761/eureka/apps/USER-MANAGEMENT/192.168.1.4:user-management:8888?status=UP&lastDirtyTimestamp=1744897969423
2025-04-17 15:55:19,542 DEBUG o.s.c.l.CompositeLog [DiscoveryClient-CacheRefreshExecutor-0] Accept=[application/json, application/*+json]
2025-04-17 15:55:19,542 DEBUG o.s.c.l.CompositeLog [DiscoveryClient-HeartbeatExecutor-0] Accept=[application/json, application/*+json]
2025-04-17 15:55:19,564 DEBUG o.s.c.l.CompositeLog [DiscoveryClient-HeartbeatExecutor-0] Response 200 OK
2025-04-17 15:55:19,565 DEBUG o.s.c.l.CompositeLog [DiscoveryClient-CacheRefreshExecutor-0] Response 200 OK
2025-04-17 15:55:19,565 DEBUG o.s.c.l.CompositeLog [DiscoveryClient-CacheRefreshExecutor-0] Reading to [org.springframework.cloud.netflix.eureka.http.EurekaApplications]
2025-04-17 15:55:49,568 DEBUG o.s.c.l.CompositeLog [DiscoveryClient-CacheRefreshExecutor-0] HTTP GET http://localhost:8761/eureka/apps/delta
2025-04-17 15:55:49,568 DEBUG o.s.c.l.CompositeLog [DiscoveryClient-HeartbeatExecutor-0] HTTP PUT http://localhost:8761/eureka/apps/USER-MANAGEMENT/192.168.1.4:user-management:8888?status=UP&lastDirtyTimestamp=1744897969423
2025-04-17 15:55:49,569 DEBUG o.s.c.l.CompositeLog [DiscoveryClient-CacheRefreshExecutor-0] Accept=[application/json, application/*+json]
2025-04-17 15:55:49,570 DEBUG o.s.c.l.CompositeLog [DiscoveryClient-HeartbeatExecutor-0] Accept=[application/json, application/*+json]
2025-04-17 15:55:49,586 DEBUG o.s.c.l.CompositeLog [DiscoveryClient-CacheRefreshExecutor-0] Response 200 OK
2025-04-17 15:55:49,586 DEBUG o.s.c.l.CompositeLog [DiscoveryClient-HeartbeatExecutor-0] Response 200 OK
2025-04-17 15:55:49,587 DEBUG o.s.c.l.CompositeLog [DiscoveryClient-CacheRefreshExecutor-0] Reading to [org.springframework.cloud.netflix.eureka.http.EurekaApplications]
2025-04-17 15:56:19,595 DEBUG o.s.c.l.CompositeLog [DiscoveryClient-CacheRefreshExecutor-0] HTTP GET http://localhost:8761/eureka/apps/delta
2025-04-17 15:56:19,595 DEBUG o.s.c.l.CompositeLog [DiscoveryClient-HeartbeatExecutor-0] HTTP PUT http://localhost:8761/eureka/apps/USER-MANAGEMENT/192.168.1.4:user-management:8888?status=UP&lastDirtyTimestamp=1744897969423
2025-04-17 15:56:19,596 DEBUG o.s.c.l.CompositeLog [DiscoveryClient-HeartbeatExecutor-0] Accept=[application/json, application/*+json]
2025-04-17 15:56:19,596 DEBUG o.s.c.l.CompositeLog [DiscoveryClient-CacheRefreshExecutor-0] Accept=[application/json, application/*+json]
2025-04-17 15:56:19,615 DEBUG o.s.c.l.CompositeLog [DiscoveryClient-CacheRefreshExecutor-0] Response 200 OK
2025-04-17 15:56:19,615 DEBUG o.s.c.l.CompositeLog [DiscoveryClient-HeartbeatExecutor-0] Response 200 OK
2025-04-17 15:56:19,615 DEBUG o.s.c.l.CompositeLog [DiscoveryClient-CacheRefreshExecutor-0] Reading to [org.springframework.cloud.netflix.eureka.http.EurekaApplications]
2025-04-17 15:56:49,618 DEBUG o.s.c.l.CompositeLog [DiscoveryClient-HeartbeatExecutor-0] HTTP PUT http://localhost:8761/eureka/apps/USER-MANAGEMENT/192.168.1.4:user-management:8888?status=UP&lastDirtyTimestamp=1744897969423
2025-04-17 15:56:49,618 DEBUG o.s.c.l.CompositeLog [DiscoveryClient-HeartbeatExecutor-0] Accept=[application/json, application/*+json]
2025-04-17 15:56:49,633 DEBUG o.s.c.l.CompositeLog [DiscoveryClient-CacheRefreshExecutor-0] HTTP GET http://localhost:8761/eureka/apps/delta
2025-04-17 15:56:49,633 DEBUG o.s.c.l.CompositeLog [DiscoveryClient-CacheRefreshExecutor-0] Accept=[application/json, application/*+json]
2025-04-17 15:56:49,635 DEBUG o.s.c.l.CompositeLog [DiscoveryClient-HeartbeatExecutor-0] Response 200 OK
2025-04-17 15:56:49,651 DEBUG o.s.c.l.CompositeLog [DiscoveryClient-CacheRefreshExecutor-0] Response 200 OK
2025-04-17 15:56:49,651 DEBUG o.s.c.l.CompositeLog [DiscoveryClient-CacheRefreshExecutor-0] Reading to [org.springframework.cloud.netflix.eureka.http.EurekaApplications]
2025-04-17 15:57:19,645 DEBUG o.s.c.l.CompositeLog [DiscoveryClient-HeartbeatExecutor-0] HTTP PUT http://localhost:8761/eureka/apps/USER-MANAGEMENT/192.168.1.4:user-management:8888?status=UP&lastDirtyTimestamp=1744897969423
2025-04-17 15:57:19,646 DEBUG o.s.c.l.CompositeLog [DiscoveryClient-HeartbeatExecutor-0] Accept=[application/json, application/*+json]
2025-04-17 15:57:19,661 DEBUG o.s.c.l.CompositeLog [DiscoveryClient-CacheRefreshExecutor-0] HTTP GET http://localhost:8761/eureka/apps/delta
2025-04-17 15:57:19,662 DEBUG o.s.c.l.CompositeLog [DiscoveryClient-CacheRefreshExecutor-0] Accept=[application/json, application/*+json]
2025-04-17 15:57:19,663 DEBUG o.s.c.l.CompositeLog [DiscoveryClient-HeartbeatExecutor-0] Response 200 OK
2025-04-17 15:57:19,678 DEBUG o.s.c.l.CompositeLog [DiscoveryClient-CacheRefreshExecutor-0] Response 200 OK
2025-04-17 15:57:19,679 DEBUG o.s.c.l.CompositeLog [DiscoveryClient-CacheRefreshExecutor-0] Reading to [org.springframework.cloud.netflix.eureka.http.EurekaApplications]
2025-04-17 15:57:49,029 INFO c.n.d.s.r.a.ConfigClusterResolver [AsyncResolver-bootstrap-executor-0] Resolving eureka endpoints via configuration
2025-04-17 15:57:49,667 DEBUG o.s.c.l.CompositeLog [DiscoveryClient-HeartbeatExecutor-0] HTTP PUT http://localhost:8761/eureka/apps/USER-MANAGEMENT/192.168.1.4:user-management:8888?status=UP&lastDirtyTimestamp=1744897969423
2025-04-17 15:57:49,667 DEBUG o.s.c.l.CompositeLog [DiscoveryClient-HeartbeatExecutor-0] Accept=[application/json, application/*+json]
2025-04-17 15:57:49,682 DEBUG o.s.c.l.CompositeLog [DiscoveryClient-CacheRefreshExecutor-0] HTTP GET http://localhost:8761/eureka/apps/delta
2025-04-17 15:57:49,682 DEBUG o.s.c.l.CompositeLog [DiscoveryClient-CacheRefreshExecutor-0] Accept=[application/json, application/*+json]
2025-04-17 15:57:49,683 DEBUG o.s.c.l.CompositeLog [DiscoveryClient-HeartbeatExecutor-0] Response 200 OK
2025-04-17 15:57:49,699 DEBUG o.s.c.l.CompositeLog [DiscoveryClient-CacheRefreshExecutor-0] Response 200 OK
2025-04-17 15:57:49,700 DEBUG o.s.c.l.CompositeLog [DiscoveryClient-CacheRefreshExecutor-0] Reading to [org.springframework.cloud.netflix.eureka.http.EurekaApplications]
2025-04-17 15:58:19,698 DEBUG o.s.c.l.CompositeLog [DiscoveryClient-HeartbeatExecutor-0] HTTP PUT http://localhost:8761/eureka/apps/USER-MANAGEMENT/192.168.1.4:user-management:8888?status=UP&lastDirtyTimestamp=1744897969423
2025-04-17 15:58:19,698 DEBUG o.s.c.l.CompositeLog [DiscoveryClient-HeartbeatExecutor-0] Accept=[application/json, application/*+json]
2025-04-17 15:58:19,714 DEBUG o.s.c.l.CompositeLog [DiscoveryClient-CacheRefreshExecutor-0] HTTP GET http://localhost:8761/eureka/apps/delta
2025-04-17 15:58:19,715 DEBUG o.s.c.l.CompositeLog [DiscoveryClient-CacheRefreshExecutor-0] Accept=[application/json, application/*+json]
2025-04-17 15:58:19,718 DEBUG o.s.c.l.CompositeLog [DiscoveryClient-HeartbeatExecutor-0] Response 200 OK
2025-04-17 15:58:19,733 DEBUG o.s.c.l.CompositeLog [DiscoveryClient-CacheRefreshExecutor-0] Response 200 OK
2025-04-17 15:58:19,733 DEBUG o.s.c.l.CompositeLog [DiscoveryClient-CacheRefreshExecutor-0] Reading to [org.springframework.cloud.netflix.eureka.http.EurekaApplications]
2025-04-17 15:58:49,731 DEBUG o.s.c.l.CompositeLog [DiscoveryClient-HeartbeatExecutor-0] HTTP PUT http://localhost:8761/eureka/apps/USER-MANAGEMENT/192.168.1.4:user-management:8888?status=UP&lastDirtyTimestamp=1744897969423
2025-04-17 15:58:49,731 DEBUG o.s.c.l.CompositeLog [DiscoveryClient-HeartbeatExecutor-0] Accept=[application/json, application/*+json]
2025-04-17 15:58:49,746 DEBUG o.s.c.l.CompositeLog [DiscoveryClient-CacheRefreshExecutor-0] HTTP GET http://localhost:8761/eureka/apps/delta
2025-04-17 15:58:49,747 DEBUG o.s.c.l.CompositeLog [DiscoveryClient-CacheRefreshExecutor-0] Accept=[application/json, application/*+json]
2025-04-17 15:58:49,749 DEBUG o.s.c.l.CompositeLog [DiscoveryClient-HeartbeatExecutor-0] Response 200 OK
2025-04-17 15:58:49,764 DEBUG o.s.c.l.CompositeLog [DiscoveryClient-CacheRefreshExecutor-0] Response 200 OK
2025-04-17 15:58:49,764 DEBUG o.s.c.l.CompositeLog [DiscoveryClient-CacheRefreshExecutor-0] Reading to [org.springframework.cloud.netflix.eureka.http.EurekaApplications]
2025-04-17 15:59:19,755 DEBUG o.s.c.l.CompositeLog [DiscoveryClient-HeartbeatExecutor-0] HTTP PUT http://localhost:8761/eureka/apps/USER-MANAGEMENT/192.168.1.4:user-management:8888?status=UP&lastDirtyTimestamp=1744897969423
2025-04-17 15:59:19,755 DEBUG o.s.c.l.CompositeLog [DiscoveryClient-HeartbeatExecutor-0] Accept=[application/json, application/*+json]
2025-04-17 15:59:19,771 DEBUG o.s.c.l.CompositeLog [DiscoveryClient-CacheRefreshExecutor-0] HTTP GET http://localhost:8761/eureka/apps/delta
2025-04-17 15:59:19,773 DEBUG o.s.c.l.CompositeLog [DiscoveryClient-CacheRefreshExecutor-0] Accept=[application/json, application/*+json]
2025-04-17 15:59:19,775 DEBUG o.s.c.l.CompositeLog [DiscoveryClient-HeartbeatExecutor-0] Response 200 OK
2025-04-17 15:59:19,788 DEBUG o.s.c.l.CompositeLog [DiscoveryClient-CacheRefreshExecutor-0] Response 200 OK
2025-04-17 15:59:19,790 DEBUG o.s.c.l.CompositeLog [DiscoveryClient-CacheRefreshExecutor-0] Reading to [org.springframework.cloud.netflix.eureka.http.EurekaApplications]
2025-04-17 15:59:49,783 DEBUG o.s.c.l.CompositeLog [DiscoveryClient-HeartbeatExecutor-0] HTTP PUT http://localhost:8761/eureka/apps/USER-MANAGEMENT/192.168.1.4:user-management:8888?status=UP&lastDirtyTimestamp=1744897969423
2025-04-17 15:59:49,783 DEBUG o.s.c.l.CompositeLog [DiscoveryClient-HeartbeatExecutor-0] Accept=[application/json, application/*+json]
2025-04-17 15:59:49,799 DEBUG o.s.c.l.CompositeLog [DiscoveryClient-CacheRefreshExecutor-0] HTTP GET http://localhost:8761/eureka/apps/delta
2025-04-17 15:59:49,800 DEBUG o.s.c.l.CompositeLog [DiscoveryClient-CacheRefreshExecutor-0] Accept=[application/json, application/*+json]
2025-04-17 15:59:49,803 DEBUG o.s.c.l.CompositeLog [DiscoveryClient-HeartbeatExecutor-0] Response 200 OK
2025-04-17 15:59:49,817 DEBUG o.s.c.l.CompositeLog [DiscoveryClient-CacheRefreshExecutor-0] Response 200 OK
2025-04-17 15:59:49,818 DEBUG o.s.c.l.CompositeLog [DiscoveryClient-CacheRefreshExecutor-0] Reading to [org.springframework.cloud.netflix.eureka.http.EurekaApplications]
2025-04-17 16:00:19,817 DEBUG o.s.c.l.CompositeLog [DiscoveryClient-HeartbeatExecutor-0] HTTP PUT http://localhost:8761/eureka/apps/USER-MANAGEMENT/192.168.1.4:user-management:8888?status=UP&lastDirtyTimestamp=1744897969423
2025-04-17 16:00:19,817 DEBUG o.s.c.l.CompositeLog [DiscoveryClient-HeartbeatExecutor-0] Accept=[application/json, application/*+json]
2025-04-17 16:00:19,832 DEBUG o.s.c.l.CompositeLog [DiscoveryClient-CacheRefreshExecutor-0] HTTP GET http://localhost:8761/eureka/apps/delta
2025-04-17 16:00:19,832 DEBUG o.s.c.l.CompositeLog [DiscoveryClient-CacheRefreshExecutor-0] Accept=[application/json, application/*+json]
2025-04-17 16:00:19,834 DEBUG o.s.c.l.CompositeLog [DiscoveryClient-HeartbeatExecutor-0] Response 200 OK
2025-04-17 16:00:19,852 DEBUG o.s.c.l.CompositeLog [DiscoveryClient-CacheRefreshExecutor-0] Response 200 OK
2025-04-17 16:00:19,853 DEBUG o.s.c.l.CompositeLog [DiscoveryClient-CacheRefreshExecutor-0] Reading to [org.springframework.cloud.netflix.eureka.http.EurekaApplications]
2025-04-17 16:00:49,850 DEBUG o.s.c.l.CompositeLog [DiscoveryClient-HeartbeatExecutor-0] HTTP PUT http://localhost:8761/eureka/apps/USER-MANAGEMENT/192.168.1.4:user-management:8888?status=UP&lastDirtyTimestamp=1744897969423
2025-04-17 16:00:49,851 DEBUG o.s.c.l.CompositeLog [DiscoveryClient-HeartbeatExecutor-0] Accept=[application/json, application/*+json]
2025-04-17 16:00:49,865 DEBUG o.s.c.l.CompositeLog [DiscoveryClient-CacheRefreshExecutor-0] HTTP GET http://localhost:8761/eureka/apps/delta
2025-04-17 16:00:49,866 DEBUG o.s.c.l.CompositeLog [DiscoveryClient-CacheRefreshExecutor-0] Accept=[application/json, application/*+json]
2025-04-17 16:00:49,869 DEBUG o.s.c.l.CompositeLog [DiscoveryClient-HeartbeatExecutor-0] Response 200 OK
2025-04-17 16:00:49,883 DEBUG o.s.c.l.CompositeLog [DiscoveryClient-CacheRefreshExecutor-0] Response 200 OK
2025-04-17 16:00:49,883 DEBUG o.s.c.l.CompositeLog [DiscoveryClient-CacheRefreshExecutor-0] Reading to [org.springframework.cloud.netflix.eureka.http.EurekaApplications]
2025-04-17 16:01:19,882 DEBUG o.s.c.l.CompositeLog [DiscoveryClient-HeartbeatExecutor-0] HTTP PUT http://localhost:8761/eureka/apps/USER-MANAGEMENT/192.168.1.4:user-management:8888?status=UP&lastDirtyTimestamp=1744897969423
2025-04-17 16:01:19,882 DEBUG o.s.c.l.CompositeLog [DiscoveryClient-HeartbeatExecutor-0] Accept=[application/json, application/*+json]
2025-04-17 16:01:19,897 DEBUG o.s.c.l.CompositeLog [DiscoveryClient-CacheRefreshExecutor-0] HTTP GET http://localhost:8761/eureka/apps/delta
2025-04-17 16:01:19,897 DEBUG o.s.c.l.CompositeLog [DiscoveryClient-CacheRefreshExecutor-0] Accept=[application/json, application/*+json]
2025-04-17 16:01:19,899 DEBUG o.s.c.l.CompositeLog [DiscoveryClient-HeartbeatExecutor-0] Response 200 OK
2025-04-17 16:01:19,914 DEBUG o.s.c.l.CompositeLog [DiscoveryClient-CacheRefreshExecutor-0] Response 200 OK
2025-04-17 16:01:19,915 DEBUG o.s.c.l.CompositeLog [DiscoveryClient-CacheRefreshExecutor-0] Reading to [org.springframework.cloud.netflix.eureka.http.EurekaApplications]
2025-04-17 16:01:49,914 DEBUG o.s.c.l.CompositeLog [DiscoveryClient-HeartbeatExecutor-0] HTTP PUT http://localhost:8761/eureka/apps/USER-MANAGEMENT/192.168.1.4:user-management:8888?status=UP&lastDirtyTimestamp=1744897969423
2025-04-17 16:01:49,915 DEBUG o.s.c.l.CompositeLog [DiscoveryClient-HeartbeatExecutor-0] Accept=[application/json, application/*+json]
2025-04-17 16:01:49,930 DEBUG o.s.c.l.CompositeLog [DiscoveryClient-CacheRefreshExecutor-0] HTTP GET http://localhost:8761/eureka/apps/delta
2025-04-17 16:01:49,931 DEBUG o.s.c.l.CompositeLog [DiscoveryClient-CacheRefreshExecutor-0] Accept=[application/json, application/*+json]
2025-04-17 16:01:49,934 DEBUG o.s.c.l.CompositeLog [DiscoveryClient-HeartbeatExecutor-0] Response 200 OK
2025-04-17 16:01:49,947 DEBUG o.s.c.l.CompositeLog [DiscoveryClient-CacheRefreshExecutor-0] Response 200 OK
2025-04-17 16:01:49,947 DEBUG o.s.c.l.CompositeLog [DiscoveryClient-CacheRefreshExecutor-0] Reading to [org.springframework.cloud.netflix.eureka.http.EurekaApplications]
2025-04-17 16:02:19,946 DEBUG o.s.c.l.CompositeLog [DiscoveryClient-HeartbeatExecutor-0] HTTP PUT http://localhost:8761/eureka/apps/USER-MANAGEMENT/192.168.1.4:user-management:8888?status=UP&lastDirtyTimestamp=1744897969423
2025-04-17 16:02:19,946 DEBUG o.s.c.l.CompositeLog [DiscoveryClient-HeartbeatExecutor-0] Accept=[application/json, application/*+json]
2025-04-17 16:02:19,962 DEBUG o.s.c.l.CompositeLog [DiscoveryClient-CacheRefreshExecutor-0] HTTP GET http://localhost:8761/eureka/apps/delta
2025-04-17 16:02:19,963 DEBUG o.s.c.l.CompositeLog [DiscoveryClient-CacheRefreshExecutor-0] Accept=[application/json, application/*+json]
2025-04-17 16:02:19,965 DEBUG o.s.c.l.CompositeLog [DiscoveryClient-HeartbeatExecutor-0] Response 200 OK
2025-04-17 16:02:19,980 DEBUG o.s.c.l.CompositeLog [DiscoveryClient-CacheRefreshExecutor-0] Response 200 OK
2025-04-17 16:02:19,980 DEBUG o.s.c.l.CompositeLog [DiscoveryClient-CacheRefreshExecutor-0] Reading to [org.springframework.cloud.netflix.eureka.http.EurekaApplications]
2025-04-17 16:02:49,037 INFO c.n.d.s.r.a.ConfigClusterResolver [AsyncResolver-bootstrap-executor-0] Resolving eureka endpoints via configuration
2025-04-17 16:02:49,977 DEBUG o.s.c.l.CompositeLog [DiscoveryClient-HeartbeatExecutor-0] HTTP PUT http://localhost:8761/eureka/apps/USER-MANAGEMENT/192.168.1.4:user-management:8888?status=UP&lastDirtyTimestamp=1744897969423
2025-04-17 16:02:49,977 DEBUG o.s.c.l.CompositeLog [DiscoveryClient-HeartbeatExecutor-0] Accept=[application/json, application/*+json]
2025-04-17 16:02:49,992 DEBUG o.s.c.l.CompositeLog [DiscoveryClient-CacheRefreshExecutor-0] HTTP GET http://localhost:8761/eureka/apps/delta
2025-04-17 16:02:49,993 DEBUG o.s.c.l.CompositeLog [DiscoveryClient-CacheRefreshExecutor-0] Accept=[application/json, application/*+json]
2025-04-17 16:02:49,995 DEBUG o.s.c.l.CompositeLog [DiscoveryClient-HeartbeatExecutor-0] Response 200 OK
2025-04-17 16:02:50,011 DEBUG o.s.c.l.CompositeLog [DiscoveryClient-CacheRefreshExecutor-0] Response 200 OK
2025-04-17 16:02:50,011 DEBUG o.s.c.l.CompositeLog [DiscoveryClient-CacheRefreshExecutor-0] Reading to [org.springframework.cloud.netflix.eureka.http.EurekaApplications]
2025-04-17 16:03:20,002 DEBUG o.s.c.l.CompositeLog [DiscoveryClient-HeartbeatExecutor-0] HTTP PUT http://localhost:8761/eureka/apps/USER-MANAGEMENT/192.168.1.4:user-management:8888?status=UP&lastDirtyTimestamp=1744897969423
2025-04-17 16:03:20,002 DEBUG o.s.c.l.CompositeLog [DiscoveryClient-HeartbeatExecutor-0] Accept=[application/json, application/*+json]
2025-04-17 16:03:20,017 DEBUG o.s.c.l.CompositeLog [DiscoveryClient-CacheRefreshExecutor-0] HTTP GET http://localhost:8761/eureka/apps/delta
2025-04-17 16:03:20,018 DEBUG o.s.c.l.CompositeLog [DiscoveryClient-CacheRefreshExecutor-0] Accept=[application/json, application/*+json]
2025-04-17 16:03:20,019 DEBUG o.s.c.l.CompositeLog [DiscoveryClient-HeartbeatExecutor-0] Response 200 OK
2025-04-17 16:03:20,035 DEBUG o.s.c.l.CompositeLog [DiscoveryClient-CacheRefreshExecutor-0] Response 200 OK
2025-04-17 16:03:20,036 DEBUG o.s.c.l.CompositeLog [DiscoveryClient-CacheRefreshExecutor-0] Reading to [org.springframework.cloud.netflix.eureka.http.EurekaApplications]
2025-04-17 16:03:50,023 DEBUG o.s.c.l.CompositeLog [DiscoveryClient-HeartbeatExecutor-0] HTTP PUT http://localhost:8761/eureka/apps/USER-MANAGEMENT/192.168.1.4:user-management:8888?status=UP&lastDirtyTimestamp=1744897969423
2025-04-17 16:03:50,024 DEBUG o.s.c.l.CompositeLog [DiscoveryClient-HeartbeatExecutor-0] Accept=[application/json, application/*+json]
2025-04-17 16:03:50,039 DEBUG o.s.c.l.CompositeLog [DiscoveryClient-CacheRefreshExecutor-0] HTTP GET http://localhost:8761/eureka/apps/delta
2025-04-17 16:03:50,039 DEBUG o.s.c.l.CompositeLog [DiscoveryClient-CacheRefreshExecutor-0] Accept=[application/json, application/*+json]
2025-04-17 16:03:50,042 DEBUG o.s.c.l.CompositeLog [DiscoveryClient-HeartbeatExecutor-0] Response 200 OK
2025-04-17 16:03:50,060 DEBUG o.s.c.l.CompositeLog [DiscoveryClient-CacheRefreshExecutor-0] Response 200 OK
2025-04-17 16:03:50,061 DEBUG o.s.c.l.CompositeLog [DiscoveryClient-CacheRefreshExecutor-0] Reading to [org.springframework.cloud.netflix.eureka.http.EurekaApplications]
2025-04-17 16:04:20,058 DEBUG o.s.c.l.CompositeLog [DiscoveryClient-HeartbeatExecutor-0] HTTP PUT http://localhost:8761/eureka/apps/USER-MANAGEMENT/192.168.1.4:user-management:8888?status=UP&lastDirtyTimestamp=1744897969423
2025-04-17 16:04:20,058 DEBUG o.s.c.l.CompositeLog [DiscoveryClient-HeartbeatExecutor-0] Accept=[application/json, application/*+json]
2025-04-17 16:04:20,075 DEBUG o.s.c.l.CompositeLog [DiscoveryClient-HeartbeatExecutor-0] Response 200 OK
2025-04-17 16:04:20,078 DEBUG o.s.c.l.CompositeLog [DiscoveryClient-CacheRefreshExecutor-0] HTTP GET http://localhost:8761/eureka/apps/delta
2025-04-17 16:04:20,089 DEBUG o.s.c.l.CompositeLog [DiscoveryClient-CacheRefreshExecutor-0] Accept=[application/json, application/*+json]
2025-04-17 16:04:20,095 DEBUG o.s.c.l.CompositeLog [DiscoveryClient-CacheRefreshExecutor-0] Response 200 OK
2025-04-17 16:04:20,095 DEBUG o.s.c.l.CompositeLog [DiscoveryClient-CacheRefreshExecutor-0] Reading to [org.springframework.cloud.netflix.eureka.http.EurekaApplications]
2025-04-17 16:04:50,079 DEBUG o.s.c.l.CompositeLog [DiscoveryClient-HeartbeatExecutor-0] HTTP PUT http://localhost:8761/eureka/apps/USER-MANAGEMENT/192.168.1.4:user-management:8888?status=UP&lastDirtyTimestamp=1744897969423
2025-04-17 16:04:50,081 DEBUG o.s.c.l.CompositeLog [DiscoveryClient-HeartbeatExecutor-0] Accept=[application/json, application/*+json]
2025-04-17 16:04:50,097 DEBUG o.s.c.l.CompositeLog [DiscoveryClient-HeartbeatExecutor-0] Response 200 OK
2025-04-17 16:04:50,098 DEBUG o.s.c.l.CompositeLog [DiscoveryClient-CacheRefreshExecutor-0] HTTP GET http://localhost:8761/eureka/apps/delta
2025-04-17 16:04:50,098 DEBUG o.s.c.l.CompositeLog [DiscoveryClient-CacheRefreshExecutor-0] Accept=[application/json, application/*+json]
2025-04-17 16:04:50,114 DEBUG o.s.c.l.CompositeLog [DiscoveryClient-CacheRefreshExecutor-0] Response 200 OK
2025-04-17 16:04:50,115 DEBUG o.s.c.l.CompositeLog [DiscoveryClient-CacheRefreshExecutor-0] Reading to [org.springframework.cloud.netflix.eureka.http.EurekaApplications]
2025-04-17 16:05:20,101 DEBUG o.s.c.l.CompositeLog [DiscoveryClient-HeartbeatExecutor-0] HTTP PUT http://localhost:8761/eureka/apps/USER-MANAGEMENT/192.168.1.4:user-management:8888?status=UP&lastDirtyTimestamp=1744897969423
2025-04-17 16:05:20,102 DEBUG o.s.c.l.CompositeLog [DiscoveryClient-HeartbeatExecutor-0] Accept=[application/json, application/*+json]
2025-04-17 16:05:20,118 DEBUG o.s.c.l.CompositeLog [DiscoveryClient-HeartbeatExecutor-0] Response 200 OK
2025-04-17 16:05:20,119 DEBUG o.s.c.l.CompositeLog [DiscoveryClient-CacheRefreshExecutor-0] HTTP GET http://localhost:8761/eureka/apps/delta
2025-04-17 16:05:20,119 DEBUG o.s.c.l.CompositeLog [DiscoveryClient-CacheRefreshExecutor-0] Accept=[application/json, application/*+json]
2025-04-17 16:05:20,133 DEBUG o.s.c.l.CompositeLog [DiscoveryClient-CacheRefreshExecutor-0] Response 200 OK
2025-04-17 16:05:20,134 DEBUG o.s.c.l.CompositeLog [DiscoveryClient-CacheRefreshExecutor-0] Reading to [org.springframework.cloud.netflix.eureka.http.EurekaApplications]
2025-04-17 16:05:50,122 DEBUG o.s.c.l.CompositeLog [DiscoveryClient-HeartbeatExecutor-0] HTTP PUT http://localhost:8761/eureka/apps/USER-MANAGEMENT/192.168.1.4:user-management:8888?status=UP&lastDirtyTimestamp=1744897969423
2025-04-17 16:05:50,123 DEBUG o.s.c.l.CompositeLog [DiscoveryClient-HeartbeatExecutor-0] Accept=[application/json, application/*+json]
2025-04-17 16:05:50,138 DEBUG o.s.c.l.CompositeLog [DiscoveryClient-CacheRefreshExecutor-0] HTTP GET http://localhost:8761/eureka/apps/delta
2025-04-17 16:05:50,138 DEBUG o.s.c.l.CompositeLog [DiscoveryClient-CacheRefreshExecutor-0] Accept=[application/json, application/*+json]
2025-04-17 16:05:50,141 DEBUG o.s.c.l.CompositeLog [DiscoveryClient-HeartbeatExecutor-0] Response 200 OK
2025-04-17 16:05:50,156 DEBUG o.s.c.l.CompositeLog [DiscoveryClient-CacheRefreshExecutor-0] Response 200 OK
2025-04-17 16:05:50,157 DEBUG o.s.c.l.CompositeLog [DiscoveryClient-CacheRefreshExecutor-0] Reading to [org.springframework.cloud.netflix.eureka.http.EurekaApplications]
2025-04-17 16:06:20,157 DEBUG o.s.c.l.CompositeLog [DiscoveryClient-HeartbeatExecutor-0] HTTP PUT http://localhost:8761/eureka/apps/USER-MANAGEMENT/192.168.1.4:user-management:8888?status=UP&lastDirtyTimestamp=1744897969423
2025-04-17 16:06:20,157 DEBUG o.s.c.l.CompositeLog [DiscoveryClient-HeartbeatExecutor-0] Accept=[application/json, application/*+json]
2025-04-17 16:06:20,173 DEBUG o.s.c.l.CompositeLog [DiscoveryClient-CacheRefreshExecutor-0] HTTP GET http://localhost:8761/eureka/apps/delta
2025-04-17 16:06:20,174 DEBUG o.s.c.l.CompositeLog [DiscoveryClient-CacheRefreshExecutor-0] Accept=[application/json, application/*+json]
2025-04-17 16:06:20,176 DEBUG o.s.c.l.CompositeLog [DiscoveryClient-HeartbeatExecutor-0] Response 200 OK
2025-04-17 16:06:20,191 DEBUG o.s.c.l.CompositeLog [DiscoveryClient-CacheRefreshExecutor-0] Response 200 OK
2025-04-17 16:06:20,191 DEBUG o.s.c.l.CompositeLog [DiscoveryClient-CacheRefreshExecutor-0] Reading to [org.springframework.cloud.netflix.eureka.http.EurekaApplications]
2025-04-17 16:06:50,185 DEBUG o.s.c.l.CompositeLog [DiscoveryClient-HeartbeatExecutor-0] HTTP PUT http://localhost:8761/eureka/apps/USER-MANAGEMENT/192.168.1.4:user-management:8888?status=UP&lastDirtyTimestamp=1744897969423
2025-04-17 16:06:50,186 DEBUG o.s.c.l.CompositeLog [DiscoveryClient-HeartbeatExecutor-0] Accept=[application/json, application/*+json]
2025-04-17 16:06:50,201 DEBUG o.s.c.l.CompositeLog [DiscoveryClient-CacheRefreshExecutor-0] HTTP GET http://localhost:8761/eureka/apps/delta
2025-04-17 16:06:50,201 DEBUG o.s.c.l.CompositeLog [DiscoveryClient-CacheRefreshExecutor-0] Accept=[application/json, application/*+json]
2025-04-17 16:06:50,202 DEBUG o.s.c.l.CompositeLog [DiscoveryClient-HeartbeatExecutor-0] Response 200 OK
2025-04-17 16:06:50,219 DEBUG o.s.c.l.CompositeLog [DiscoveryClient-CacheRefreshExecutor-0] Response 200 OK
2025-04-17 16:06:50,220 DEBUG o.s.c.l.CompositeLog [DiscoveryClient-CacheRefreshExecutor-0] Reading to [org.springframework.cloud.netflix.eureka.http.EurekaApplications]
2025-04-17 16:07:20,218 DEBUG o.s.c.l.CompositeLog [DiscoveryClient-HeartbeatExecutor-0] HTTP PUT http://localhost:8761/eureka/apps/USER-MANAGEMENT/192.168.1.4:user-management:8888?status=UP&lastDirtyTimestamp=1744897969423
2025-04-17 16:07:20,219 DEBUG o.s.c.l.CompositeLog [DiscoveryClient-HeartbeatExecutor-0] Accept=[application/json, application/*+json]
2025-04-17 16:07:20,233 DEBUG o.s.c.l.CompositeLog [DiscoveryClient-CacheRefreshExecutor-0] HTTP GET http://localhost:8761/eureka/apps/delta
2025-04-17 16:07:20,233 DEBUG o.s.c.l.CompositeLog [DiscoveryClient-CacheRefreshExecutor-0] Accept=[application/json, application/*+json]
2025-04-17 16:07:20,235 DEBUG o.s.c.l.CompositeLog [DiscoveryClient-HeartbeatExecutor-0] Response 200 OK
2025-04-17 16:07:20,251 DEBUG o.s.c.l.CompositeLog [DiscoveryClient-CacheRefreshExecutor-0] Response 200 OK
2025-04-17 16:07:20,251 DEBUG o.s.c.l.CompositeLog [DiscoveryClient-CacheRefreshExecutor-0] Reading to [org.springframework.cloud.netflix.eureka.http.EurekaApplications]
2025-04-17 16:07:49,046 INFO c.n.d.s.r.a.ConfigClusterResolver [AsyncResolver-bootstrap-executor-0] Resolving eureka endpoints via configuration
2025-04-17 16:07:50,242 DEBUG o.s.c.l.CompositeLog [DiscoveryClient-HeartbeatExecutor-0] HTTP PUT http://localhost:8761/eureka/apps/USER-MANAGEMENT/192.168.1.4:user-management:8888?status=UP&lastDirtyTimestamp=1744897969423
2025-04-17 16:07:50,242 DEBUG o.s.c.l.CompositeLog [DiscoveryClient-HeartbeatExecutor-0] Accept=[application/json, application/*+json]
2025-04-17 16:07:50,257 DEBUG o.s.c.l.CompositeLog [DiscoveryClient-CacheRefreshExecutor-0] HTTP GET http://localhost:8761/eureka/apps/delta
2025-04-17 16:07:50,257 DEBUG o.s.c.l.CompositeLog [DiscoveryClient-CacheRefreshExecutor-0] Accept=[application/json, application/*+json]
2025-04-17 16:07:50,259 DEBUG o.s.c.l.CompositeLog [DiscoveryClient-HeartbeatExecutor-0] Response 200 OK
2025-04-17 16:07:50,275 DEBUG o.s.c.l.CompositeLog [DiscoveryClient-CacheRefreshExecutor-0] Response 200 OK
2025-04-17 16:07:50,275 DEBUG o.s.c.l.CompositeLog [DiscoveryClient-CacheRefreshExecutor-0] Reading to [org.springframework.cloud.netflix.eureka.http.EurekaApplications]
2025-04-17 16:08:20,263 DEBUG o.s.c.l.CompositeLog [DiscoveryClient-HeartbeatExecutor-0] HTTP PUT http://localhost:8761/eureka/apps/USER-MANAGEMENT/192.168.1.4:user-management:8888?status=UP&lastDirtyTimestamp=1744897969423
2025-04-17 16:08:20,263 DEBUG o.s.c.l.CompositeLog [DiscoveryClient-HeartbeatExecutor-0] Accept=[application/json, application/*+json]
2025-04-17 16:08:20,278 DEBUG o.s.c.l.CompositeLog [DiscoveryClient-CacheRefreshExecutor-0] HTTP GET http://localhost:8761/eureka/apps/delta
2025-04-17 16:08:20,279 DEBUG o.s.c.l.CompositeLog [DiscoveryClient-CacheRefreshExecutor-0] Accept=[application/json, application/*+json]
2025-04-17 16:08:20,280 DEBUG o.s.c.l.CompositeLog [DiscoveryClient-HeartbeatExecutor-0] Response 200 OK
2025-04-17 16:08:20,297 DEBUG o.s.c.l.CompositeLog [DiscoveryClient-CacheRefreshExecutor-0] Response 200 OK
2025-04-17 16:08:20,297 DEBUG o.s.c.l.CompositeLog [DiscoveryClient-CacheRefreshExecutor-0] Reading to [org.springframework.cloud.netflix.eureka.http.EurekaApplications]
2025-04-17 16:08:50,287 DEBUG o.s.c.l.CompositeLog [DiscoveryClient-HeartbeatExecutor-0] HTTP PUT http://localhost:8761/eureka/apps/USER-MANAGEMENT/192.168.1.4:user-management:8888?status=UP&lastDirtyTimestamp=1744897969423
2025-04-17 16:08:50,288 DEBUG o.s.c.l.CompositeLog [DiscoveryClient-HeartbeatExecutor-0] Accept=[application/json, application/*+json]
2025-04-17 16:08:50,302 DEBUG o.s.c.l.CompositeLog [DiscoveryClient-CacheRefreshExecutor-0] HTTP GET http://localhost:8761/eureka/apps/delta
2025-04-17 16:08:50,303 DEBUG o.s.c.l.CompositeLog [DiscoveryClient-CacheRefreshExecutor-0] Accept=[application/json, application/*+json]
2025-04-17 16:08:50,304 DEBUG o.s.c.l.CompositeLog [DiscoveryClient-HeartbeatExecutor-0] Response 200 OK
2025-04-17 16:08:50,320 DEBUG o.s.c.l.CompositeLog [DiscoveryClient-CacheRefreshExecutor-0] Response 200 OK
2025-04-17 16:08:50,320 DEBUG o.s.c.l.CompositeLog [DiscoveryClient-CacheRefreshExecutor-0] Reading to [org.springframework.cloud.netflix.eureka.http.EurekaApplications]
2025-04-17 16:09:20,321 DEBUG o.s.c.l.CompositeLog [DiscoveryClient-HeartbeatExecutor-0] HTTP PUT http://localhost:8761/eureka/apps/USER-MANAGEMENT/192.168.1.4:user-management:8888?status=UP&lastDirtyTimestamp=1744897969423
2025-04-17 16:09:20,321 DEBUG o.s.c.l.CompositeLog [DiscoveryClient-HeartbeatExecutor-0] Accept=[application/json, application/*+json]
2025-04-17 16:09:20,337 DEBUG o.s.c.l.CompositeLog [DiscoveryClient-CacheRefreshExecutor-0] HTTP GET http://localhost:8761/eureka/apps/delta
2025-04-17 16:09:20,337 DEBUG o.s.c.l.CompositeLog [DiscoveryClient-CacheRefreshExecutor-0] Accept=[application/json, application/*+json]
2025-04-17 16:09:20,339 DEBUG o.s.c.l.CompositeLog [DiscoveryClient-HeartbeatExecutor-0] Response 200 OK
2025-04-17 16:09:20,355 DEBUG o.s.c.l.CompositeLog [DiscoveryClient-CacheRefreshExecutor-0] Response 200 OK
2025-04-17 16:09:20,355 DEBUG o.s.c.l.CompositeLog [DiscoveryClient-CacheRefreshExecutor-0] Reading to [org.springframework.cloud.netflix.eureka.http.EurekaApplications]
2025-04-17 16:09:50,346 DEBUG o.s.c.l.CompositeLog [DiscoveryClient-HeartbeatExecutor-0] HTTP PUT http://localhost:8761/eureka/apps/USER-MANAGEMENT/192.168.1.4:user-management:8888?status=UP&lastDirtyTimestamp=1744897969423
2025-04-17 16:09:50,347 DEBUG o.s.c.l.CompositeLog [DiscoveryClient-HeartbeatExecutor-0] Accept=[application/json, application/*+json]
2025-04-17 16:09:50,361 DEBUG o.s.c.l.CompositeLog [DiscoveryClient-CacheRefreshExecutor-0] HTTP GET http://localhost:8761/eureka/apps/delta
2025-04-17 16:09:50,362 DEBUG o.s.c.l.CompositeLog [DiscoveryClient-CacheRefreshExecutor-0] Accept=[application/json, application/*+json]
2025-04-17 16:09:50,363 DEBUG o.s.c.l.CompositeLog [DiscoveryClient-HeartbeatExecutor-0] Response 200 OK
2025-04-17 16:09:50,379 DEBUG o.s.c.l.CompositeLog [DiscoveryClient-CacheRefreshExecutor-0] Response 200 OK
2025-04-17 16:09:50,379 DEBUG o.s.c.l.CompositeLog [DiscoveryClient-CacheRefreshExecutor-0] Reading to [org.springframework.cloud.netflix.eureka.http.EurekaApplications]
2025-04-17 16:10:20,366 DEBUG o.s.c.l.CompositeLog [DiscoveryClient-HeartbeatExecutor-0] HTTP PUT http://localhost:8761/eureka/apps/USER-MANAGEMENT/192.168.1.4:user-management:8888?status=UP&lastDirtyTimestamp=1744897969423
2025-04-17 16:10:20,367 DEBUG o.s.c.l.CompositeLog [DiscoveryClient-HeartbeatExecutor-0] Accept=[application/json, application/*+json]
2025-04-17 16:10:20,382 DEBUG o.s.c.l.CompositeLog [DiscoveryClient-CacheRefreshExecutor-0] HTTP GET http://localhost:8761/eureka/apps/delta
2025-04-17 16:10:20,382 DEBUG o.s.c.l.CompositeLog [DiscoveryClient-CacheRefreshExecutor-0] Accept=[application/json, application/*+json]
2025-04-17 16:10:20,383 DEBUG o.s.c.l.CompositeLog [DiscoveryClient-HeartbeatExecutor-0] Response 200 OK
2025-04-17 16:10:20,399 DEBUG o.s.c.l.CompositeLog [DiscoveryClient-CacheRefreshExecutor-0] Response 200 OK
2025-04-17 16:10:20,400 DEBUG o.s.c.l.CompositeLog [DiscoveryClient-CacheRefreshExecutor-0] Reading to [org.springframework.cloud.netflix.eureka.http.EurekaApplications]
2025-04-17 16:10:50,399 DEBUG o.s.c.l.CompositeLog [DiscoveryClient-HeartbeatExecutor-0] HTTP PUT http://localhost:8761/eureka/apps/USER-MANAGEMENT/192.168.1.4:user-management:8888?status=UP&lastDirtyTimestamp=1744897969423
2025-04-17 16:10:50,400 DEBUG o.s.c.l.CompositeLog [DiscoveryClient-HeartbeatExecutor-0] Accept=[application/json, application/*+json]
2025-04-17 16:10:50,415 DEBUG o.s.c.l.CompositeLog [DiscoveryClient-CacheRefreshExecutor-0] HTTP GET http://localhost:8761/eureka/apps/delta
2025-04-17 16:10:50,415 DEBUG o.s.c.l.CompositeLog [DiscoveryClient-CacheRefreshExecutor-0] Accept=[application/json, application/*+json]
2025-04-17 16:10:50,417 DEBUG o.s.c.l.CompositeLog [DiscoveryClient-HeartbeatExecutor-0] Response 200 OK
2025-04-17 16:10:50,432 DEBUG o.s.c.l.CompositeLog [DiscoveryClient-CacheRefreshExecutor-0] Response 200 OK
2025-04-17 16:10:50,433 DEBUG o.s.c.l.CompositeLog [DiscoveryClient-CacheRefreshExecutor-0] Reading to [org.springframework.cloud.netflix.eureka.http.EurekaApplications]
2025-04-17 16:11:20,428 DEBUG o.s.c.l.CompositeLog [DiscoveryClient-HeartbeatExecutor-0] HTTP PUT http://localhost:8761/eureka/apps/USER-MANAGEMENT/192.168.1.4:user-management:8888?status=UP&lastDirtyTimestamp=1744897969423
2025-04-17 16:11:20,429 DEBUG o.s.c.l.CompositeLog [DiscoveryClient-HeartbeatExecutor-0] Accept=[application/json, application/*+json]
2025-04-17 16:11:20,445 DEBUG o.s.c.l.CompositeLog [DiscoveryClient-CacheRefreshExecutor-0] HTTP GET http://localhost:8761/eureka/apps/delta
2025-04-17 16:11:20,446 DEBUG o.s.c.l.CompositeLog [DiscoveryClient-CacheRefreshExecutor-0] Accept=[application/json, application/*+json]
2025-04-17 16:11:20,447 DEBUG o.s.c.l.CompositeLog [DiscoveryClient-HeartbeatExecutor-0] Response 200 OK
2025-04-17 16:11:20,462 DEBUG o.s.c.l.CompositeLog [DiscoveryClient-CacheRefreshExecutor-0] Response 200 OK
2025-04-17 16:11:20,462 DEBUG o.s.c.l.CompositeLog [DiscoveryClient-CacheRefreshExecutor-0] Reading to [org.springframework.cloud.netflix.eureka.http.EurekaApplications]
2025-04-17 16:11:50,454 DEBUG o.s.c.l.CompositeLog [DiscoveryClient-HeartbeatExecutor-0] HTTP PUT http://localhost:8761/eureka/apps/USER-MANAGEMENT/192.168.1.4:user-management:8888?status=UP&lastDirtyTimestamp=1744897969423
2025-04-17 16:11:50,455 DEBUG o.s.c.l.CompositeLog [DiscoveryClient-HeartbeatExecutor-0] Accept=[application/json, application/*+json]
2025-04-17 16:11:50,469 DEBUG o.s.c.l.CompositeLog [DiscoveryClient-CacheRefreshExecutor-0] HTTP GET http://localhost:8761/eureka/apps/delta
2025-04-17 16:11:50,469 DEBUG o.s.c.l.CompositeLog [DiscoveryClient-CacheRefreshExecutor-0] Accept=[application/json, application/*+json]
2025-04-17 16:11:50,474 DEBUG o.s.c.l.CompositeLog [DiscoveryClient-HeartbeatExecutor-0] Response 200 OK
2025-04-17 16:11:50,487 DEBUG o.s.c.l.CompositeLog [DiscoveryClient-CacheRefreshExecutor-0] Response 200 OK
2025-04-17 16:11:50,489 DEBUG o.s.c.l.CompositeLog [DiscoveryClient-CacheRefreshExecutor-0] Reading to [org.springframework.cloud.netflix.eureka.http.EurekaApplications]
2025-04-17 16:12:20,477 DEBUG o.s.c.l.CompositeLog [DiscoveryClient-HeartbeatExecutor-0] HTTP PUT http://localhost:8761/eureka/apps/USER-MANAGEMENT/192.168.1.4:user-management:8888?status=UP&lastDirtyTimestamp=1744897969423
2025-04-17 16:12:20,478 DEBUG o.s.c.l.CompositeLog [DiscoveryClient-HeartbeatExecutor-0] Accept=[application/json, application/*+json]
2025-04-17 16:12:20,493 DEBUG o.s.c.l.CompositeLog [DiscoveryClient-CacheRefreshExecutor-0] HTTP GET http://localhost:8761/eureka/apps/delta
2025-04-17 16:12:20,494 DEBUG o.s.c.l.CompositeLog [DiscoveryClient-CacheRefreshExecutor-0] Accept=[application/json, application/*+json]
2025-04-17 16:12:20,495 DEBUG o.s.c.l.CompositeLog [DiscoveryClient-HeartbeatExecutor-0] Response 200 OK
2025-04-17 16:12:20,511 DEBUG o.s.c.l.CompositeLog [DiscoveryClient-CacheRefreshExecutor-0] Response 200 OK
2025-04-17 16:12:20,511 DEBUG o.s.c.l.CompositeLog [DiscoveryClient-CacheRefreshExecutor-0] Reading to [org.springframework.cloud.netflix.eureka.http.EurekaApplications]
2025-04-17 16:12:49,056 INFO c.n.d.s.r.a.ConfigClusterResolver [AsyncResolver-bootstrap-executor-0] Resolving eureka endpoints via configuration
2025-04-17 16:12:50,501 DEBUG o.s.c.l.CompositeLog [DiscoveryClient-HeartbeatExecutor-0] HTTP PUT http://localhost:8761/eureka/apps/USER-MANAGEMENT/192.168.1.4:user-management:8888?status=UP&lastDirtyTimestamp=1744897969423
2025-04-17 16:12:50,501 DEBUG o.s.c.l.CompositeLog [DiscoveryClient-HeartbeatExecutor-0] Accept=[application/json, application/*+json]
2025-04-17 16:12:50,515 DEBUG o.s.c.l.CompositeLog [DiscoveryClient-CacheRefreshExecutor-0] HTTP GET http://localhost:8761/eureka/apps/delta
2025-04-17 16:12:50,515 DEBUG o.s.c.l.CompositeLog [DiscoveryClient-CacheRefreshExecutor-0] Accept=[application/json, application/*+json]
2025-04-17 16:12:50,516 DEBUG o.s.c.l.CompositeLog [DiscoveryClient-HeartbeatExecutor-0] Response 200 OK
2025-04-17 16:12:50,533 DEBUG o.s.c.l.CompositeLog [DiscoveryClient-CacheRefreshExecutor-0] Response 200 OK
2025-04-17 16:12:50,533 DEBUG o.s.c.l.CompositeLog [DiscoveryClient-CacheRefreshExecutor-0] Reading to [org.springframework.cloud.netflix.eureka.http.EurekaApplications]
2025-04-17 16:13:20,532 DEBUG o.s.c.l.CompositeLog [DiscoveryClient-HeartbeatExecutor-0] HTTP PUT http://localhost:8761/eureka/apps/USER-MANAGEMENT/192.168.1.4:user-management:8888?status=UP&lastDirtyTimestamp=1744897969423
2025-04-17 16:13:20,532 DEBUG o.s.c.l.CompositeLog [DiscoveryClient-HeartbeatExecutor-0] Accept=[application/json, application/*+json]
2025-04-17 16:13:20,548 DEBUG o.s.c.l.CompositeLog [DiscoveryClient-CacheRefreshExecutor-0] HTTP GET http://localhost:8761/eureka/apps/delta
2025-04-17 16:13:20,549 DEBUG o.s.c.l.CompositeLog [DiscoveryClient-CacheRefreshExecutor-0] Accept=[application/json, application/*+json]
2025-04-17 16:13:20,549 DEBUG o.s.c.l.CompositeLog [DiscoveryClient-HeartbeatExecutor-0] Response 200 OK
2025-04-17 16:13:20,566 DEBUG o.s.c.l.CompositeLog [DiscoveryClient-CacheRefreshExecutor-0] Response 200 OK
2025-04-17 16:13:20,567 DEBUG o.s.c.l.CompositeLog [DiscoveryClient-CacheRefreshExecutor-0] Reading to [org.springframework.cloud.netflix.eureka.http.EurekaApplications]
2025-04-17 16:13:50,556 DEBUG o.s.c.l.CompositeLog [DiscoveryClient-HeartbeatExecutor-0] HTTP PUT http://localhost:8761/eureka/apps/USER-MANAGEMENT/192.168.1.4:user-management:8888?status=UP&lastDirtyTimestamp=1744897969423
2025-04-17 16:13:50,557 DEBUG o.s.c.l.CompositeLog [DiscoveryClient-HeartbeatExecutor-0] Accept=[application/json, application/*+json]
2025-04-17 16:13:50,573 DEBUG o.s.c.l.CompositeLog [DiscoveryClient-CacheRefreshExecutor-0] HTTP GET http://localhost:8761/eureka/apps/delta
2025-04-17 16:13:50,573 DEBUG o.s.c.l.CompositeLog [DiscoveryClient-CacheRefreshExecutor-0] Accept=[application/json, application/*+json]
2025-04-17 16:13:50,574 DEBUG o.s.c.l.CompositeLog [DiscoveryClient-HeartbeatExecutor-0] Response 200 OK
2025-04-17 16:13:50,590 DEBUG o.s.c.l.CompositeLog [DiscoveryClient-CacheRefreshExecutor-0] Response 200 OK
2025-04-17 16:13:50,590 DEBUG o.s.c.l.CompositeLog [DiscoveryClient-CacheRefreshExecutor-0] Reading to [org.springframework.cloud.netflix.eureka.http.EurekaApplications]
2025-04-17 16:14:20,576 DEBUG o.s.c.l.CompositeLog [DiscoveryClient-HeartbeatExecutor-0] HTTP PUT http://localhost:8761/eureka/apps/USER-MANAGEMENT/192.168.1.4:user-management:8888?status=UP&lastDirtyTimestamp=1744897969423
2025-04-17 16:14:20,576 DEBUG o.s.c.l.CompositeLog [DiscoveryClient-HeartbeatExecutor-0] Accept=[application/json, application/*+json]
2025-04-17 16:14:20,592 DEBUG o.s.c.l.CompositeLog [DiscoveryClient-CacheRefreshExecutor-0] HTTP GET http://localhost:8761/eureka/apps/delta
2025-04-17 16:14:20,593 DEBUG o.s.c.l.CompositeLog [DiscoveryClient-CacheRefreshExecutor-0] Accept=[application/json, application/*+json]
2025-04-17 16:14:20,594 DEBUG o.s.c.l.CompositeLog [DiscoveryClient-HeartbeatExecutor-0] Response 200 OK
2025-04-17 16:14:20,608 DEBUG o.s.c.l.CompositeLog [DiscoveryClient-CacheRefreshExecutor-0] Response 200 OK
2025-04-17 16:14:20,610 DEBUG o.s.c.l.CompositeLog [DiscoveryClient-CacheRefreshExecutor-0] Reading to [org.springframework.cloud.netflix.eureka.http.EurekaApplications]
2025-04-17 16:14:50,606 DEBUG o.s.c.l.CompositeLog [DiscoveryClient-HeartbeatExecutor-0] HTTP PUT http://localhost:8761/eureka/apps/USER-MANAGEMENT/192.168.1.4:user-management:8888?status=UP&lastDirtyTimestamp=1744897969423
2025-04-17 16:14:50,606 DEBUG o.s.c.l.CompositeLog [DiscoveryClient-HeartbeatExecutor-0] Accept=[application/json, application/*+json]
2025-04-17 16:14:50,622 DEBUG o.s.c.l.CompositeLog [DiscoveryClient-CacheRefreshExecutor-0] HTTP GET http://localhost:8761/eureka/apps/delta
2025-04-17 16:14:50,622 DEBUG o.s.c.l.CompositeLog [DiscoveryClient-CacheRefreshExecutor-0] Accept=[application/json, application/*+json]
2025-04-17 16:14:50,623 DEBUG o.s.c.l.CompositeLog [DiscoveryClient-HeartbeatExecutor-0] Response 200 OK
2025-04-17 16:14:50,638 DEBUG o.s.c.l.CompositeLog [DiscoveryClient-CacheRefreshExecutor-0] Response 200 OK
2025-04-17 16:14:50,639 DEBUG o.s.c.l.CompositeLog [DiscoveryClient-CacheRefreshExecutor-0] Reading to [org.springframework.cloud.netflix.eureka.http.EurekaApplications]
2025-04-17 16:15:20,636 DEBUG o.s.c.l.CompositeLog [DiscoveryClient-HeartbeatExecutor-0] HTTP PUT http://localhost:8761/eureka/apps/USER-MANAGEMENT/192.168.1.4:user-management:8888?status=UP&lastDirtyTimestamp=1744897969423
2025-04-17 16:15:20,636 DEBUG o.s.c.l.CompositeLog [DiscoveryClient-HeartbeatExecutor-0] Accept=[application/json, application/*+json]
2025-04-17 16:15:20,651 DEBUG o.s.c.l.CompositeLog [DiscoveryClient-CacheRefreshExecutor-0] HTTP GET http://localhost:8761/eureka/apps/delta
2025-04-17 16:15:20,651 DEBUG o.s.c.l.CompositeLog [DiscoveryClient-CacheRefreshExecutor-0] Accept=[application/json, application/*+json]
2025-04-17 16:15:20,662 DEBUG o.s.c.l.CompositeLog [DiscoveryClient-HeartbeatExecutor-0] Response 200 OK
2025-04-17 16:15:20,667 DEBUG o.s.c.l.CompositeLog [DiscoveryClient-CacheRefreshExecutor-0] Response 200 OK
2025-04-17 16:15:20,669 DEBUG o.s.c.l.CompositeLog [DiscoveryClient-CacheRefreshExecutor-0] Reading to [org.springframework.cloud.netflix.eureka.http.EurekaApplications]
2025-04-17 16:15:50,669 DEBUG o.s.c.l.CompositeLog [DiscoveryClient-HeartbeatExecutor-0] HTTP PUT http://localhost:8761/eureka/apps/USER-MANAGEMENT/192.168.1.4:user-management:8888?status=UP&lastDirtyTimestamp=1744897969423
2025-04-17 16:15:50,681 DEBUG o.s.c.l.CompositeLog [DiscoveryClient-HeartbeatExecutor-0] Accept=[application/json, application/*+json]
2025-04-17 16:15:50,681 DEBUG o.s.c.l.CompositeLog [DiscoveryClient-CacheRefreshExecutor-0] HTTP GET http://localhost:8761/eureka/apps/delta
2025-04-17 16:15:50,683 DEBUG o.s.c.l.CompositeLog [DiscoveryClient-CacheRefreshExecutor-0] Accept=[application/json, application/*+json]
2025-04-17 16:15:50,687 DEBUG o.s.c.l.CompositeLog [DiscoveryClient-HeartbeatExecutor-0] Response 200 OK
2025-04-17 16:15:50,698 DEBUG o.s.c.l.CompositeLog [DiscoveryClient-CacheRefreshExecutor-0] Response 200 OK
2025-04-17 16:15:50,698 DEBUG o.s.c.l.CompositeLog [DiscoveryClient-CacheRefreshExecutor-0] Reading to [org.springframework.cloud.netflix.eureka.http.EurekaApplications]
2025-04-17 16:16:20,697 DEBUG o.s.c.l.CompositeLog [DiscoveryClient-HeartbeatExecutor-0] HTTP PUT http://localhost:8761/eureka/apps/USER-MANAGEMENT/192.168.1.4:user-management:8888?status=UP&lastDirtyTimestamp=1744897969423
2025-04-17 16:16:20,697 DEBUG o.s.c.l.CompositeLog [DiscoveryClient-HeartbeatExecutor-0] Accept=[application/json, application/*+json]
2025-04-17 16:16:20,712 DEBUG o.s.c.l.CompositeLog [DiscoveryClient-CacheRefreshExecutor-0] HTTP GET http://localhost:8761/eureka/apps/delta
2025-04-17 16:16:20,715 DEBUG o.s.c.l.CompositeLog [DiscoveryClient-CacheRefreshExecutor-0] Accept=[application/json, application/*+json]
2025-04-17 16:16:20,719 DEBUG o.s.c.l.CompositeLog [DiscoveryClient-HeartbeatExecutor-0] Response 200 OK
2025-04-17 16:16:20,729 DEBUG o.s.c.l.CompositeLog [DiscoveryClient-CacheRefreshExecutor-0] Response 200 OK
2025-04-17 16:16:20,730 DEBUG o.s.c.l.CompositeLog [DiscoveryClient-CacheRefreshExecutor-0] Reading to [org.springframework.cloud.netflix.eureka.http.EurekaApplications]
2025-04-17 16:16:50,724 DEBUG o.s.c.l.CompositeLog [DiscoveryClient-HeartbeatExecutor-0] HTTP PUT http://localhost:8761/eureka/apps/USER-MANAGEMENT/192.168.1.4:user-management:8888?status=UP&lastDirtyTimestamp=1744897969423
2025-04-17 16:16:50,725 DEBUG o.s.c.l.CompositeLog [DiscoveryClient-HeartbeatExecutor-0] Accept=[application/json, application/*+json]
2025-04-17 16:16:50,740 DEBUG o.s.c.l.CompositeLog [DiscoveryClient-CacheRefreshExecutor-0] HTTP GET http://localhost:8761/eureka/apps/delta
2025-04-17 16:16:50,741 DEBUG o.s.c.l.CompositeLog [DiscoveryClient-CacheRefreshExecutor-0] Accept=[application/json, application/*+json]
2025-04-17 16:16:50,742 DEBUG o.s.c.l.CompositeLog [DiscoveryClient-HeartbeatExecutor-0] Response 200 OK
2025-04-17 16:16:50,758 DEBUG o.s.c.l.CompositeLog [DiscoveryClient-CacheRefreshExecutor-0] Response 200 OK
2025-04-17 16:16:50,758 DEBUG o.s.c.l.CompositeLog [DiscoveryClient-CacheRefreshExecutor-0] Reading to [org.springframework.cloud.netflix.eureka.http.EurekaApplications]
2025-04-17 16:17:20,753 DEBUG o.s.c.l.CompositeLog [DiscoveryClient-HeartbeatExecutor-0] HTTP PUT http://localhost:8761/eureka/apps/USER-MANAGEMENT/192.168.1.4:user-management:8888?status=UP&lastDirtyTimestamp=1744897969423
2025-04-17 16:17:20,754 DEBUG o.s.c.l.CompositeLog [DiscoveryClient-HeartbeatExecutor-0] Accept=[application/json, application/*+json]
2025-04-17 16:17:20,768 DEBUG o.s.c.l.CompositeLog [DiscoveryClient-CacheRefreshExecutor-0] HTTP GET http://localhost:8761/eureka/apps/delta
2025-04-17 16:17:20,770 DEBUG o.s.c.l.CompositeLog [DiscoveryClient-CacheRefreshExecutor-0] Accept=[application/json, application/*+json]
2025-04-17 16:17:20,772 DEBUG o.s.c.l.CompositeLog [DiscoveryClient-HeartbeatExecutor-0] Response 200 OK
2025-04-17 16:17:20,786 DEBUG o.s.c.l.CompositeLog [DiscoveryClient-CacheRefreshExecutor-0] Response 200 OK
2025-04-17 16:17:20,786 DEBUG o.s.c.l.CompositeLog [DiscoveryClient-CacheRefreshExecutor-0] Reading to [org.springframework.cloud.netflix.eureka.http.EurekaApplications]
2025-04-17 16:17:49,069 INFO c.n.d.s.r.a.ConfigClusterResolver [AsyncResolver-bootstrap-executor-0] Resolving eureka endpoints via configuration
2025-04-17 16:17:50,781 DEBUG o.s.c.l.CompositeLog [DiscoveryClient-HeartbeatExecutor-0] HTTP PUT http://localhost:8761/eureka/apps/USER-MANAGEMENT/192.168.1.4:user-management:8888?status=UP&lastDirtyTimestamp=1744897969423
2025-04-17 16:17:50,782 DEBUG o.s.c.l.CompositeLog [DiscoveryClient-HeartbeatExecutor-0] Accept=[application/json, application/*+json]
2025-04-17 16:17:50,796 DEBUG o.s.c.l.CompositeLog [DiscoveryClient-CacheRefreshExecutor-0] HTTP GET http://localhost:8761/eureka/apps/delta
2025-04-17 16:17:50,797 DEBUG o.s.c.l.CompositeLog [DiscoveryClient-CacheRefreshExecutor-0] Accept=[application/json, application/*+json]
2025-04-17 16:17:50,798 DEBUG o.s.c.l.CompositeLog [DiscoveryClient-HeartbeatExecutor-0] Response 200 OK
2025-04-17 16:17:50,815 DEBUG o.s.c.l.CompositeLog [DiscoveryClient-CacheRefreshExecutor-0] Response 200 OK
2025-04-17 16:17:50,816 DEBUG o.s.c.l.CompositeLog [DiscoveryClient-CacheRefreshExecutor-0] Reading to [org.springframework.cloud.netflix.eureka.http.EurekaApplications]
2025-04-17 16:18:20,801 DEBUG o.s.c.l.CompositeLog [DiscoveryClient-HeartbeatExecutor-0] HTTP PUT http://localhost:8761/eureka/apps/USER-MANAGEMENT/192.168.1.4:user-management:8888?status=UP&lastDirtyTimestamp=1744897969423
2025-04-17 16:18:20,801 DEBUG o.s.c.l.CompositeLog [DiscoveryClient-HeartbeatExecutor-0] Accept=[application/json, application/*+json]
2025-04-17 16:18:20,817 DEBUG o.s.c.l.CompositeLog [DiscoveryClient-CacheRefreshExecutor-0] HTTP GET http://localhost:8761/eureka/apps/delta
2025-04-17 16:18:20,817 DEBUG o.s.c.l.CompositeLog [DiscoveryClient-CacheRefreshExecutor-0] Accept=[application/json, application/*+json]
2025-04-17 16:18:20,819 DEBUG o.s.c.l.CompositeLog [DiscoveryClient-HeartbeatExecutor-0] Response 200 OK
2025-04-17 16:18:20,835 DEBUG o.s.c.l.CompositeLog [DiscoveryClient-CacheRefreshExecutor-0] Response 200 OK
2025-04-17 16:18:20,836 DEBUG o.s.c.l.CompositeLog [DiscoveryClient-CacheRefreshExecutor-0] Reading to [org.springframework.cloud.netflix.eureka.http.EurekaApplications]
2025-04-17 16:18:50,829 DEBUG o.s.c.l.CompositeLog [DiscoveryClient-HeartbeatExecutor-0] HTTP PUT http://localhost:8761/eureka/apps/USER-MANAGEMENT/192.168.1.4:user-management:8888?status=UP&lastDirtyTimestamp=1744897969423
2025-04-17 16:18:50,829 DEBUG o.s.c.l.CompositeLog [DiscoveryClient-HeartbeatExecutor-0] Accept=[application/json, application/*+json]
2025-04-17 16:18:50,845 DEBUG o.s.c.l.CompositeLog [DiscoveryClient-CacheRefreshExecutor-0] HTTP GET http://localhost:8761/eureka/apps/delta
2025-04-17 16:18:50,846 DEBUG o.s.c.l.CompositeLog [DiscoveryClient-CacheRefreshExecutor-0] Accept=[application/json, application/*+json]
2025-04-17 16:18:50,847 DEBUG o.s.c.l.CompositeLog [DiscoveryClient-HeartbeatExecutor-0] Response 200 OK
2025-04-17 16:18:50,862 DEBUG o.s.c.l.CompositeLog [DiscoveryClient-CacheRefreshExecutor-0] Response 200 OK
2025-04-17 16:18:50,863 DEBUG o.s.c.l.CompositeLog [DiscoveryClient-CacheRefreshExecutor-0] Reading to [org.springframework.cloud.netflix.eureka.http.EurekaApplications]
2025-04-17 16:19:20,849 DEBUG o.s.c.l.CompositeLog [DiscoveryClient-HeartbeatExecutor-0] HTTP PUT http://localhost:8761/eureka/apps/USER-MANAGEMENT/192.168.1.4:user-management:8888?status=UP&lastDirtyTimestamp=1744897969423
2025-04-17 16:19:20,849 DEBUG o.s.c.l.CompositeLog [DiscoveryClient-HeartbeatExecutor-0] Accept=[application/json, application/*+json]
2025-04-17 16:19:20,865 DEBUG o.s.c.l.CompositeLog [DiscoveryClient-CacheRefreshExecutor-0] HTTP GET http://localhost:8761/eureka/apps/delta
2025-04-17 16:19:20,866 DEBUG o.s.c.l.CompositeLog [DiscoveryClient-CacheRefreshExecutor-0] Accept=[application/json, application/*+json]
2025-04-17 16:19:20,867 DEBUG o.s.c.l.CompositeLog [DiscoveryClient-HeartbeatExecutor-0] Response 200 OK
2025-04-17 16:19:20,882 DEBUG o.s.c.l.CompositeLog [DiscoveryClient-CacheRefreshExecutor-0] Response 200 OK
2025-04-17 16:19:20,882 DEBUG o.s.c.l.CompositeLog [DiscoveryClient-CacheRefreshExecutor-0] Reading to [org.springframework.cloud.netflix.eureka.http.EurekaApplications]
2025-04-17 16:19:50,880 DEBUG o.s.c.l.CompositeLog [DiscoveryClient-HeartbeatExecutor-0] HTTP PUT http://localhost:8761/eureka/apps/USER-MANAGEMENT/192.168.1.4:user-management:8888?status=UP&lastDirtyTimestamp=1744897969423
2025-04-17 16:19:50,881 DEBUG o.s.c.l.CompositeLog [DiscoveryClient-HeartbeatExecutor-0] Accept=[application/json, application/*+json]
2025-04-17 16:19:50,895 DEBUG o.s.c.l.CompositeLog [DiscoveryClient-CacheRefreshExecutor-0] HTTP GET http://localhost:8761/eureka/apps/delta
2025-04-17 16:19:50,896 DEBUG o.s.c.l.CompositeLog [DiscoveryClient-CacheRefreshExecutor-0] Accept=[application/json, application/*+json]
2025-04-17 16:19:50,897 DEBUG o.s.c.l.CompositeLog [DiscoveryClient-HeartbeatExecutor-0] Response 200 OK
2025-04-17 16:19:50,913 DEBUG o.s.c.l.CompositeLog [DiscoveryClient-CacheRefreshExecutor-0] Response 200 OK
2025-04-17 16:19:50,913 DEBUG o.s.c.l.CompositeLog [DiscoveryClient-CacheRefreshExecutor-0] Reading to [org.springframework.cloud.netflix.eureka.http.EurekaApplications]
2025-04-17 16:20:20,904 DEBUG o.s.c.l.CompositeLog [DiscoveryClient-HeartbeatExecutor-0] HTTP PUT http://localhost:8761/eureka/apps/USER-MANAGEMENT/192.168.1.4:user-management:8888?status=UP&lastDirtyTimestamp=1744897969423
2025-04-17 16:20:20,904 DEBUG o.s.c.l.CompositeLog [DiscoveryClient-HeartbeatExecutor-0] Accept=[application/json, application/*+json]
2025-04-17 16:20:20,919 DEBUG o.s.c.l.CompositeLog [DiscoveryClient-CacheRefreshExecutor-0] HTTP GET http://localhost:8761/eureka/apps/delta
2025-04-17 16:20:20,919 DEBUG o.s.c.l.CompositeLog [DiscoveryClient-CacheRefreshExecutor-0] Accept=[application/json, application/*+json]
2025-04-17 16:20:20,921 DEBUG o.s.c.l.CompositeLog [DiscoveryClient-HeartbeatExecutor-0] Response 200 OK
2025-04-17 16:20:20,936 DEBUG o.s.c.l.CompositeLog [DiscoveryClient-CacheRefreshExecutor-0] Response 200 OK
2025-04-17 16:20:20,936 DEBUG o.s.c.l.CompositeLog [DiscoveryClient-CacheRefreshExecutor-0] Reading to [org.springframework.cloud.netflix.eureka.http.EurekaApplications]
2025-04-17 16:20:50,933 DEBUG o.s.c.l.CompositeLog [DiscoveryClient-HeartbeatExecutor-0] HTTP PUT http://localhost:8761/eureka/apps/USER-MANAGEMENT/192.168.1.4:user-management:8888?status=UP&lastDirtyTimestamp=1744897969423
2025-04-17 16:20:50,934 DEBUG o.s.c.l.CompositeLog [DiscoveryClient-HeartbeatExecutor-0] Accept=[application/json, application/*+json]
2025-04-17 16:20:50,949 DEBUG o.s.c.l.CompositeLog [DiscoveryClient-CacheRefreshExecutor-0] HTTP GET http://localhost:8761/eureka/apps/delta
2025-04-17 16:20:50,950 DEBUG o.s.c.l.CompositeLog [DiscoveryClient-CacheRefreshExecutor-0] Accept=[application/json, application/*+json]
2025-04-17 16:20:50,951 DEBUG o.s.c.l.CompositeLog [DiscoveryClient-HeartbeatExecutor-0] Response 200 OK
2025-04-17 16:20:50,966 DEBUG o.s.c.l.CompositeLog [DiscoveryClient-CacheRefreshExecutor-0] Response 200 OK
2025-04-17 16:20:50,967 DEBUG o.s.c.l.CompositeLog [DiscoveryClient-CacheRefreshExecutor-0] Reading to [org.springframework.cloud.netflix.eureka.http.EurekaApplications]
2025-04-17 16:21:20,966 DEBUG o.s.c.l.CompositeLog [DiscoveryClient-HeartbeatExecutor-0] HTTP PUT http://localhost:8761/eureka/apps/USER-MANAGEMENT/192.168.1.4:user-management:8888?status=UP&lastDirtyTimestamp=1744897969423
2025-04-17 16:21:20,967 DEBUG o.s.c.l.CompositeLog [DiscoveryClient-HeartbeatExecutor-0] Accept=[application/json, application/*+json]
2025-04-17 16:21:20,981 DEBUG o.s.c.l.CompositeLog [DiscoveryClient-CacheRefreshExecutor-0] HTTP GET http://localhost:8761/eureka/apps/delta
2025-04-17 16:21:20,982 DEBUG o.s.c.l.CompositeLog [DiscoveryClient-CacheRefreshExecutor-0] Accept=[application/json, application/*+json]
2025-04-17 16:21:20,983 DEBUG o.s.c.l.CompositeLog [DiscoveryClient-HeartbeatExecutor-0] Response 200 OK
2025-04-17 16:21:20,999 DEBUG o.s.c.l.CompositeLog [DiscoveryClient-CacheRefreshExecutor-0] Response 200 OK
2025-04-17 16:21:20,999 DEBUG o.s.c.l.CompositeLog [DiscoveryClient-CacheRefreshExecutor-0] Reading to [org.springframework.cloud.netflix.eureka.http.EurekaApplications]
2025-04-17 16:21:50,992 DEBUG o.s.c.l.CompositeLog [DiscoveryClient-HeartbeatExecutor-0] HTTP PUT http://localhost:8761/eureka/apps/USER-MANAGEMENT/192.168.1.4:user-management:8888?status=UP&lastDirtyTimestamp=1744897969423
2025-04-17 16:21:50,993 DEBUG o.s.c.l.CompositeLog [DiscoveryClient-HeartbeatExecutor-0] Accept=[application/json, application/*+json]
2025-04-17 16:21:51,008 DEBUG o.s.c.l.CompositeLog [DiscoveryClient-CacheRefreshExecutor-0] HTTP GET http://localhost:8761/eureka/apps/delta
2025-04-17 16:21:51,009 DEBUG o.s.c.l.CompositeLog [DiscoveryClient-CacheRefreshExecutor-0] Accept=[application/json, application/*+json]
2025-04-17 16:21:51,010 DEBUG o.s.c.l.CompositeLog [DiscoveryClient-HeartbeatExecutor-0] Response 200 OK
2025-04-17 16:21:51,025 DEBUG o.s.c.l.CompositeLog [DiscoveryClient-CacheRefreshExecutor-0] Response 200 OK
2025-04-17 16:21:51,025 DEBUG o.s.c.l.CompositeLog [DiscoveryClient-CacheRefreshExecutor-0] Reading to [org.springframework.cloud.netflix.eureka.http.EurekaApplications]
2025-04-17 16:22:21,015 DEBUG o.s.c.l.CompositeLog [DiscoveryClient-HeartbeatExecutor-0] HTTP PUT http://localhost:8761/eureka/apps/USER-MANAGEMENT/192.168.1.4:user-management:8888?status=UP&lastDirtyTimestamp=1744897969423
2025-04-17 16:22:21,016 DEBUG o.s.c.l.CompositeLog [DiscoveryClient-HeartbeatExecutor-0] Accept=[application/json, application/*+json]
2025-04-17 16:22:21,031 DEBUG o.s.c.l.CompositeLog [DiscoveryClient-CacheRefreshExecutor-0] HTTP GET http://localhost:8761/eureka/apps/delta
2025-04-17 16:22:21,031 DEBUG o.s.c.l.CompositeLog [DiscoveryClient-CacheRefreshExecutor-0] Accept=[application/json, application/*+json]
2025-04-17 16:22:21,032 DEBUG o.s.c.l.CompositeLog [DiscoveryClient-HeartbeatExecutor-0] Response 200 OK
2025-04-17 16:22:21,048 DEBUG o.s.c.l.CompositeLog [DiscoveryClient-CacheRefreshExecutor-0] Response 200 OK
2025-04-17 16:22:21,048 DEBUG o.s.c.l.CompositeLog [DiscoveryClient-CacheRefreshExecutor-0] Reading to [org.springframework.cloud.netflix.eureka.http.EurekaApplications]
2025-04-17 16:22:49,080 INFO c.n.d.s.r.a.ConfigClusterResolver [AsyncResolver-bootstrap-executor-0] Resolving eureka endpoints via configuration
2025-04-17 16:22:51,039 DEBUG o.s.c.l.CompositeLog [DiscoveryClient-HeartbeatExecutor-0] HTTP PUT http://localhost:8761/eureka/apps/USER-MANAGEMENT/192.168.1.4:user-management:8888?status=UP&lastDirtyTimestamp=1744897969423
2025-04-17 16:22:51,039 DEBUG o.s.c.l.CompositeLog [DiscoveryClient-HeartbeatExecutor-0] Accept=[application/json, application/*+json]
2025-04-17 16:22:51,055 DEBUG o.s.c.l.CompositeLog [DiscoveryClient-CacheRefreshExecutor-0] HTTP GET http://localhost:8761/eureka/apps/delta
2025-04-17 16:22:51,056 DEBUG o.s.c.l.CompositeLog [DiscoveryClient-CacheRefreshExecutor-0] Accept=[application/json, application/*+json]
2025-04-17 16:22:51,057 DEBUG o.s.c.l.CompositeLog [DiscoveryClient-HeartbeatExecutor-0] Response 200 OK
2025-04-17 16:22:51,073 DEBUG o.s.c.l.CompositeLog [DiscoveryClient-CacheRefreshExecutor-0] Response 200 OK
2025-04-17 16:22:51,073 DEBUG o.s.c.l.CompositeLog [DiscoveryClient-CacheRefreshExecutor-0] Reading to [org.springframework.cloud.netflix.eureka.http.EurekaApplications]
2025-04-17 16:23:21,072 DEBUG o.s.c.l.CompositeLog [DiscoveryClient-HeartbeatExecutor-0] HTTP PUT http://localhost:8761/eureka/apps/USER-MANAGEMENT/192.168.1.4:user-management:8888?status=UP&lastDirtyTimestamp=1744897969423
2025-04-17 16:23:21,072 DEBUG o.s.c.l.CompositeLog [DiscoveryClient-HeartbeatExecutor-0] Accept=[application/json, application/*+json]
2025-04-17 16:23:21,088 DEBUG o.s.c.l.CompositeLog [DiscoveryClient-CacheRefreshExecutor-0] HTTP GET http://localhost:8761/eureka/apps/delta
2025-04-17 16:23:21,089 DEBUG o.s.c.l.CompositeLog [DiscoveryClient-CacheRefreshExecutor-0] Accept=[application/json, application/*+json]
2025-04-17 16:23:21,090 DEBUG o.s.c.l.CompositeLog [DiscoveryClient-HeartbeatExecutor-0] Response 200 OK
2025-04-17 16:23:21,105 DEBUG o.s.c.l.CompositeLog [DiscoveryClient-CacheRefreshExecutor-0] Response 200 OK
2025-04-17 16:23:21,105 DEBUG o.s.c.l.CompositeLog [DiscoveryClient-CacheRefreshExecutor-0] Reading to [org.springframework.cloud.netflix.eureka.http.EurekaApplications]
2025-04-17 16:23:51,097 DEBUG o.s.c.l.CompositeLog [DiscoveryClient-HeartbeatExecutor-0] HTTP PUT http://localhost:8761/eureka/apps/USER-MANAGEMENT/192.168.1.4:user-management:8888?status=UP&lastDirtyTimestamp=1744897969423
2025-04-17 16:23:51,097 DEBUG o.s.c.l.CompositeLog [DiscoveryClient-HeartbeatExecutor-0] Accept=[application/json, application/*+json]
2025-04-17 16:23:51,112 DEBUG o.s.c.l.CompositeLog [DiscoveryClient-CacheRefreshExecutor-0] HTTP GET http://localhost:8761/eureka/apps/delta
2025-04-17 16:23:51,112 DEBUG o.s.c.l.CompositeLog [DiscoveryClient-CacheRefreshExecutor-0] Accept=[application/json, application/*+json]
2025-04-17 16:23:51,113 DEBUG o.s.c.l.CompositeLog [DiscoveryClient-HeartbeatExecutor-0] Response 200 OK
2025-04-17 16:23:51,128 DEBUG o.s.c.l.CompositeLog [DiscoveryClient-CacheRefreshExecutor-0] Response 200 OK
2025-04-17 16:23:51,128 DEBUG o.s.c.l.CompositeLog [DiscoveryClient-CacheRefreshExecutor-0] Reading to [org.springframework.cloud.netflix.eureka.http.EurekaApplications]
2025-04-17 16:24:21,120 DEBUG o.s.c.l.CompositeLog [DiscoveryClient-HeartbeatExecutor-0] HTTP PUT http://localhost:8761/eureka/apps/USER-MANAGEMENT/192.168.1.4:user-management:8888?status=UP&lastDirtyTimestamp=1744897969423
2025-04-17 16:24:21,120 DEBUG o.s.c.l.CompositeLog [DiscoveryClient-HeartbeatExecutor-0] Accept=[application/json, application/*+json]
2025-04-17 16:24:21,135 DEBUG o.s.c.l.CompositeLog [DiscoveryClient-CacheRefreshExecutor-0] HTTP GET http://localhost:8761/eureka/apps/delta
2025-04-17 16:24:21,136 DEBUG o.s.c.l.CompositeLog [DiscoveryClient-CacheRefreshExecutor-0] Accept=[application/json, application/*+json]
2025-04-17 16:24:21,137 DEBUG o.s.c.l.CompositeLog [DiscoveryClient-HeartbeatExecutor-0] Response 200 OK
2025-04-17 16:24:21,152 DEBUG o.s.c.l.CompositeLog [DiscoveryClient-CacheRefreshExecutor-0] Response 200 OK
2025-04-17 16:24:21,153 DEBUG o.s.c.l.CompositeLog [DiscoveryClient-CacheRefreshExecutor-0] Reading to [org.springframework.cloud.netflix.eureka.http.EurekaApplications]
2025-04-17 16:24:51,142 DEBUG o.s.c.l.CompositeLog [DiscoveryClient-HeartbeatExecutor-0] HTTP PUT http://localhost:8761/eureka/apps/USER-MANAGEMENT/192.168.1.4:user-management:8888?status=UP&lastDirtyTimestamp=1744897969423
2025-04-17 16:24:51,142 DEBUG o.s.c.l.CompositeLog [DiscoveryClient-HeartbeatExecutor-0] Accept=[application/json, application/*+json]
2025-04-17 16:24:51,156 DEBUG o.s.c.l.CompositeLog [DiscoveryClient-CacheRefreshExecutor-0] HTTP GET http://localhost:8761/eureka/apps/delta
2025-04-17 16:24:51,157 DEBUG o.s.c.l.CompositeLog [DiscoveryClient-CacheRefreshExecutor-0] Accept=[application/json, application/*+json]
2025-04-17 16:24:51,157 DEBUG o.s.c.l.CompositeLog [DiscoveryClient-HeartbeatExecutor-0] Response 200 OK
2025-04-17 16:24:51,175 DEBUG o.s.c.l.CompositeLog [DiscoveryClient-CacheRefreshExecutor-0] Response 200 OK
2025-04-17 16:24:51,175 DEBUG o.s.c.l.CompositeLog [DiscoveryClient-CacheRefreshExecutor-0] Reading to [org.springframework.cloud.netflix.eureka.http.EurekaApplications]
2025-04-17 16:25:21,170 DEBUG o.s.c.l.CompositeLog [DiscoveryClient-HeartbeatExecutor-0] HTTP PUT http://localhost:8761/eureka/apps/USER-MANAGEMENT/192.168.1.4:user-management:8888?status=UP&lastDirtyTimestamp=1744897969423
2025-04-17 16:25:21,170 DEBUG o.s.c.l.CompositeLog [DiscoveryClient-HeartbeatExecutor-0] Accept=[application/json, application/*+json]
2025-04-17 16:25:21,186 DEBUG o.s.c.l.CompositeLog [DiscoveryClient-CacheRefreshExecutor-0] HTTP GET http://localhost:8761/eureka/apps/delta
2025-04-17 16:25:21,186 DEBUG o.s.c.l.CompositeLog [DiscoveryClient-CacheRefreshExecutor-0] Accept=[application/json, application/*+json]
2025-04-17 16:25:21,188 DEBUG o.s.c.l.CompositeLog [DiscoveryClient-HeartbeatExecutor-0] Response 200 OK
2025-04-17 16:25:21,203 DEBUG o.s.c.l.CompositeLog [DiscoveryClient-CacheRefreshExecutor-0] Response 200 OK
2025-04-17 16:25:21,204 DEBUG o.s.c.l.CompositeLog [DiscoveryClient-CacheRefreshExecutor-0] Reading to [org.springframework.cloud.netflix.eureka.http.EurekaApplications]
2025-04-17 16:25:51,191 DEBUG o.s.c.l.CompositeLog [DiscoveryClient-HeartbeatExecutor-0] HTTP PUT http://localhost:8761/eureka/apps/USER-MANAGEMENT/192.168.1.4:user-management:8888?status=UP&lastDirtyTimestamp=1744897969423
2025-04-17 16:25:51,191 DEBUG o.s.c.l.CompositeLog [DiscoveryClient-HeartbeatExecutor-0] Accept=[application/json, application/*+json]
2025-04-17 16:25:51,207 DEBUG o.s.c.l.CompositeLog [DiscoveryClient-CacheRefreshExecutor-0] HTTP GET http://localhost:8761/eureka/apps/delta
2025-04-17 16:25:51,207 DEBUG o.s.c.l.CompositeLog [DiscoveryClient-CacheRefreshExecutor-0] Accept=[application/json, application/*+json]
2025-04-17 16:25:51,209 DEBUG o.s.c.l.CompositeLog [DiscoveryClient-HeartbeatExecutor-0] Response 200 OK
2025-04-17 16:25:51,224 DEBUG o.s.c.l.CompositeLog [DiscoveryClient-CacheRefreshExecutor-0] Response 200 OK
2025-04-17 16:25:51,224 DEBUG o.s.c.l.CompositeLog [DiscoveryClient-CacheRefreshExecutor-0] Reading to [org.springframework.cloud.netflix.eureka.http.EurekaApplications]
2025-04-17 16:26:21,212 DEBUG o.s.c.l.CompositeLog [DiscoveryClient-HeartbeatExecutor-0] HTTP PUT http://localhost:8761/eureka/apps/USER-MANAGEMENT/192.168.1.4:user-management:8888?status=UP&lastDirtyTimestamp=1744897969423
2025-04-17 16:26:21,213 DEBUG o.s.c.l.CompositeLog [DiscoveryClient-HeartbeatExecutor-0] Accept=[application/json, application/*+json]
2025-04-17 16:26:21,228 DEBUG o.s.c.l.CompositeLog [DiscoveryClient-CacheRefreshExecutor-0] HTTP GET http://localhost:8761/eureka/apps/delta
2025-04-17 16:26:21,229 DEBUG o.s.c.l.CompositeLog [DiscoveryClient-CacheRefreshExecutor-0] Accept=[application/json, application/*+json]
2025-04-17 16:26:21,230 DEBUG o.s.c.l.CompositeLog [DiscoveryClient-HeartbeatExecutor-0] Response 200 OK
2025-04-17 16:26:21,246 DEBUG o.s.c.l.CompositeLog [DiscoveryClient-CacheRefreshExecutor-0] Response 200 OK
2025-04-17 16:26:21,246 DEBUG o.s.c.l.CompositeLog [DiscoveryClient-CacheRefreshExecutor-0] Reading to [org.springframework.cloud.netflix.eureka.http.EurekaApplications]
2025-04-17 16:26:51,240 DEBUG o.s.c.l.CompositeLog [DiscoveryClient-HeartbeatExecutor-0] HTTP PUT http://localhost:8761/eureka/apps/USER-MANAGEMENT/192.168.1.4:user-management:8888?status=UP&lastDirtyTimestamp=1744897969423
2025-04-17 16:26:51,240 DEBUG o.s.c.l.CompositeLog [DiscoveryClient-HeartbeatExecutor-0] Accept=[application/json, application/*+json]
2025-04-17 16:26:51,255 DEBUG o.s.c.l.CompositeLog [DiscoveryClient-CacheRefreshExecutor-0] HTTP GET http://localhost:8761/eureka/apps/delta
2025-04-17 16:26:51,256 DEBUG o.s.c.l.CompositeLog [DiscoveryClient-CacheRefreshExecutor-0] Accept=[application/json, application/*+json]
2025-04-17 16:26:51,258 DEBUG o.s.c.l.CompositeLog [DiscoveryClient-HeartbeatExecutor-0] Response 200 OK
2025-04-17 16:26:51,273 DEBUG o.s.c.l.CompositeLog [DiscoveryClient-CacheRefreshExecutor-0] Response 200 OK
2025-04-17 16:26:51,273 DEBUG o.s.c.l.CompositeLog [DiscoveryClient-CacheRefreshExecutor-0] Reading to [org.springframework.cloud.netflix.eureka.http.EurekaApplications]
2025-04-17 16:27:21,271 DEBUG o.s.c.l.CompositeLog [DiscoveryClient-HeartbeatExecutor-0] HTTP PUT http://localhost:8761/eureka/apps/USER-MANAGEMENT/192.168.1.4:user-management:8888?status=UP&lastDirtyTimestamp=1744897969423
2025-04-17 16:27:21,271 DEBUG o.s.c.l.CompositeLog [DiscoveryClient-HeartbeatExecutor-0] Accept=[application/json, application/*+json]
2025-04-17 16:27:21,287 DEBUG o.s.c.l.CompositeLog [DiscoveryClient-CacheRefreshExecutor-0] HTTP GET http://localhost:8761/eureka/apps/delta
2025-04-17 16:27:21,287 DEBUG o.s.c.l.CompositeLog [DiscoveryClient-CacheRefreshExecutor-0] Accept=[application/json, application/*+json]
2025-04-17 16:27:21,288 DEBUG o.s.c.l.CompositeLog [DiscoveryClient-HeartbeatExecutor-0] Response 200 OK
2025-04-17 16:27:21,304 DEBUG o.s.c.l.CompositeLog [DiscoveryClient-CacheRefreshExecutor-0] Response 200 OK
2025-04-17 16:27:21,304 DEBUG o.s.c.l.CompositeLog [DiscoveryClient-CacheRefreshExecutor-0] Reading to [org.springframework.cloud.netflix.eureka.http.EurekaApplications]
2025-04-17 16:27:49,089 INFO c.n.d.s.r.a.ConfigClusterResolver [AsyncResolver-bootstrap-executor-0] Resolving eureka endpoints via configuration
2025-04-17 16:27:51,303 DEBUG o.s.c.l.CompositeLog [DiscoveryClient-HeartbeatExecutor-0] HTTP PUT http://localhost:8761/eureka/apps/USER-MANAGEMENT/192.168.1.4:user-management:8888?status=UP&lastDirtyTimestamp=1744897969423
2025-04-17 16:27:51,304 DEBUG o.s.c.l.CompositeLog [DiscoveryClient-HeartbeatExecutor-0] Accept=[application/json, application/*+json]
2025-04-17 16:27:51,318 DEBUG o.s.c.l.CompositeLog [DiscoveryClient-CacheRefreshExecutor-0] HTTP GET http://localhost:8761/eureka/apps/delta
2025-04-17 16:27:51,319 DEBUG o.s.c.l.CompositeLog [DiscoveryClient-CacheRefreshExecutor-0] Accept=[application/json, application/*+json]
2025-04-17 16:27:51,319 DEBUG o.s.c.l.CompositeLog [DiscoveryClient-HeartbeatExecutor-0] Response 200 OK
2025-04-17 16:27:51,336 DEBUG o.s.c.l.CompositeLog [DiscoveryClient-CacheRefreshExecutor-0] Response 200 OK
2025-04-17 16:27:51,336 DEBUG o.s.c.l.CompositeLog [DiscoveryClient-CacheRefreshExecutor-0] Reading to [org.springframework.cloud.netflix.eureka.http.EurekaApplications]
2025-04-17 16:28:21,333 DEBUG o.s.c.l.CompositeLog [DiscoveryClient-HeartbeatExecutor-0] HTTP PUT http://localhost:8761/eureka/apps/USER-MANAGEMENT/192.168.1.4:user-management:8888?status=UP&lastDirtyTimestamp=1744897969423
2025-04-17 16:28:21,333 DEBUG o.s.c.l.CompositeLog [DiscoveryClient-HeartbeatExecutor-0] Accept=[application/json, application/*+json]
2025-04-17 16:28:21,349 DEBUG o.s.c.l.CompositeLog [DiscoveryClient-HeartbeatExecutor-0] Response 200 OK
2025-04-17 16:28:21,351 DEBUG o.s.c.l.CompositeLog [DiscoveryClient-CacheRefreshExecutor-0] HTTP GET http://localhost:8761/eureka/apps/delta
2025-04-17 16:28:21,359 DEBUG o.s.c.l.CompositeLog [DiscoveryClient-CacheRefreshExecutor-0] Accept=[application/json, application/*+json]
2025-04-17 16:28:21,363 DEBUG o.s.c.l.CompositeLog [DiscoveryClient-CacheRefreshExecutor-0] Response 200 OK
2025-04-17 16:28:21,363 DEBUG o.s.c.l.CompositeLog [DiscoveryClient-CacheRefreshExecutor-0] Reading to [org.springframework.cloud.netflix.eureka.http.EurekaApplications]
2025-04-17 16:28:51,365 DEBUG o.s.c.l.CompositeLog [DiscoveryClient-HeartbeatExecutor-0] HTTP PUT http://localhost:8761/eureka/apps/USER-MANAGEMENT/192.168.1.4:user-management:8888?status=UP&lastDirtyTimestamp=1744897969423
2025-04-17 16:28:51,365 DEBUG o.s.c.l.CompositeLog [DiscoveryClient-CacheRefreshExecutor-0] HTTP GET http://localhost:8761/eureka/apps/delta
2025-04-17 16:28:51,366 DEBUG o.s.c.l.CompositeLog [DiscoveryClient-CacheRefreshExecutor-0] Accept=[application/json, application/*+json]
2025-04-17 16:28:51,366 DEBUG o.s.c.l.CompositeLog [DiscoveryClient-HeartbeatExecutor-0] Accept=[application/json, application/*+json]
2025-04-17 16:28:51,381 DEBUG o.s.c.l.CompositeLog [DiscoveryClient-HeartbeatExecutor-0] Response 200 OK
2025-04-17 16:28:51,381 DEBUG o.s.c.l.CompositeLog [DiscoveryClient-CacheRefreshExecutor-0] Response 200 OK
2025-04-17 16:28:51,383 DEBUG o.s.c.l.CompositeLog [DiscoveryClient-CacheRefreshExecutor-0] Reading to [org.springframework.cloud.netflix.eureka.http.EurekaApplications]
2025-04-17 16:29:21,396 DEBUG o.s.c.l.CompositeLog [DiscoveryClient-CacheRefreshExecutor-0] HTTP GET http://localhost:8761/eureka/apps/delta
2025-04-17 16:29:21,396 DEBUG o.s.c.l.CompositeLog [DiscoveryClient-HeartbeatExecutor-0] HTTP PUT http://localhost:8761/eureka/apps/USER-MANAGEMENT/192.168.1.4:user-management:8888?status=UP&lastDirtyTimestamp=1744897969423
2025-04-17 16:29:21,397 DEBUG o.s.c.l.CompositeLog [DiscoveryClient-HeartbeatExecutor-0] Accept=[application/json, application/*+json]
2025-04-17 16:29:21,397 DEBUG o.s.c.l.CompositeLog [DiscoveryClient-CacheRefreshExecutor-0] Accept=[application/json, application/*+json]
2025-04-17 16:29:21,412 DEBUG o.s.c.l.CompositeLog [DiscoveryClient-CacheRefreshExecutor-0] Response 200 OK
2025-04-17 16:29:21,412 DEBUG o.s.c.l.CompositeLog [DiscoveryClient-HeartbeatExecutor-0] Response 200 OK
2025-04-17 16:29:21,412 DEBUG o.s.c.l.CompositeLog [DiscoveryClient-CacheRefreshExecutor-0] Reading to [org.springframework.cloud.netflix.eureka.http.EurekaApplications]
2025-04-17 16:29:51,419 DEBUG o.s.c.l.CompositeLog [DiscoveryClient-CacheRefreshExecutor-0] HTTP GET http://localhost:8761/eureka/apps/delta
2025-04-17 16:29:51,419 DEBUG o.s.c.l.CompositeLog [DiscoveryClient-HeartbeatExecutor-0] HTTP PUT http://localhost:8761/eureka/apps/USER-MANAGEMENT/192.168.1.4:user-management:8888?status=UP&lastDirtyTimestamp=1744897969423
2025-04-17 16:29:51,420 DEBUG o.s.c.l.CompositeLog [DiscoveryClient-HeartbeatExecutor-0] Accept=[application/json, application/*+json]
2025-04-17 16:29:51,420 DEBUG o.s.c.l.CompositeLog [DiscoveryClient-CacheRefreshExecutor-0] Accept=[application/json, application/*+json]
2025-04-17 16:29:51,436 DEBUG o.s.c.l.CompositeLog [DiscoveryClient-CacheRefreshExecutor-0] Response 200 OK
2025-04-17 16:29:51,436 DEBUG o.s.c.l.CompositeLog [DiscoveryClient-HeartbeatExecutor-0] Response 200 OK
2025-04-17 16:29:51,436 DEBUG o.s.c.l.CompositeLog [DiscoveryClient-CacheRefreshExecutor-0] Reading to [org.springframework.cloud.netflix.eureka.http.EurekaApplications]
2025-04-17 16:30:21,449 DEBUG o.s.c.l.CompositeLog [DiscoveryClient-HeartbeatExecutor-0] HTTP PUT http://localhost:8761/eureka/apps/USER-MANAGEMENT/192.168.1.4:user-management:8888?status=UP&lastDirtyTimestamp=1744897969423
2025-04-17 16:30:21,449 DEBUG o.s.c.l.CompositeLog [DiscoveryClient-CacheRefreshExecutor-0] HTTP GET http://localhost:8761/eureka/apps/delta
2025-04-17 16:30:21,450 DEBUG o.s.c.l.CompositeLog [DiscoveryClient-HeartbeatExecutor-0] Accept=[application/json, application/*+json]
2025-04-17 16:30:21,450 DEBUG o.s.c.l.CompositeLog [DiscoveryClient-CacheRefreshExecutor-0] Accept=[application/json, application/*+json]
2025-04-17 16:30:21,467 DEBUG o.s.c.l.CompositeLog [DiscoveryClient-CacheRefreshExecutor-0] Response 200 OK
2025-04-17 16:30:21,467 DEBUG o.s.c.l.CompositeLog [DiscoveryClient-HeartbeatExecutor-0] Response 200 OK
2025-04-17 16:30:21,468 DEBUG o.s.c.l.CompositeLog [DiscoveryClient-CacheRefreshExecutor-0] Reading to [org.springframework.cloud.netflix.eureka.http.EurekaApplications]
2025-04-17 16:30:51,482 DEBUG o.s.c.l.CompositeLog [DiscoveryClient-CacheRefreshExecutor-0] HTTP GET http://localhost:8761/eureka/apps/delta
2025-04-17 16:30:51,482 DEBUG o.s.c.l.CompositeLog [DiscoveryClient-HeartbeatExecutor-0] HTTP PUT http://localhost:8761/eureka/apps/USER-MANAGEMENT/192.168.1.4:user-management:8888?status=UP&lastDirtyTimestamp=1744897969423
2025-04-17 16:30:51,483 DEBUG o.s.c.l.CompositeLog [DiscoveryClient-CacheRefreshExecutor-0] Accept=[application/json, application/*+json]
2025-04-17 16:30:51,483 DEBUG o.s.c.l.CompositeLog [DiscoveryClient-HeartbeatExecutor-0] Accept=[application/json, application/*+json]
2025-04-17 16:30:51,500 DEBUG o.s.c.l.CompositeLog [DiscoveryClient-CacheRefreshExecutor-0] Response 200 OK
2025-04-17 16:30:51,500 DEBUG o.s.c.l.CompositeLog [DiscoveryClient-HeartbeatExecutor-0] Response 200 OK
2025-04-17 16:30:51,500 DEBUG o.s.c.l.CompositeLog [DiscoveryClient-CacheRefreshExecutor-0] Reading to [org.springframework.cloud.netflix.eureka.http.EurekaApplications]
2025-04-17 16:31:21,513 DEBUG o.s.c.l.CompositeLog [DiscoveryClient-HeartbeatExecutor-0] HTTP PUT http://localhost:8761/eureka/apps/USER-MANAGEMENT/192.168.1.4:user-management:8888?status=UP&lastDirtyTimestamp=1744897969423
2025-04-17 16:31:21,513 DEBUG o.s.c.l.CompositeLog [DiscoveryClient-CacheRefreshExecutor-0] HTTP GET http://localhost:8761/eureka/apps/delta
2025-04-17 16:31:21,514 DEBUG o.s.c.l.CompositeLog [DiscoveryClient-HeartbeatExecutor-0] Accept=[application/json, application/*+json]
2025-04-17 16:31:21,514 DEBUG o.s.c.l.CompositeLog [DiscoveryClient-CacheRefreshExecutor-0] Accept=[application/json, application/*+json]
2025-04-17 16:31:21,531 DEBUG o.s.c.l.CompositeLog [DiscoveryClient-HeartbeatExecutor-0] Response 200 OK
2025-04-17 16:31:21,531 DEBUG o.s.c.l.CompositeLog [DiscoveryClient-CacheRefreshExecutor-0] Response 200 OK
2025-04-17 16:31:21,531 DEBUG o.s.c.l.CompositeLog [DiscoveryClient-CacheRefreshExecutor-0] Reading to [org.springframework.cloud.netflix.eureka.http.EurekaApplications]
2025-04-17 16:31:51,544 DEBUG o.s.c.l.CompositeLog [DiscoveryClient-CacheRefreshExecutor-0] HTTP GET http://localhost:8761/eureka/apps/delta
2025-04-17 16:31:51,544 DEBUG o.s.c.l.CompositeLog [DiscoveryClient-HeartbeatExecutor-0] HTTP PUT http://localhost:8761/eureka/apps/USER-MANAGEMENT/192.168.1.4:user-management:8888?status=UP&lastDirtyTimestamp=1744897969423
2025-04-17 16:31:51,545 DEBUG o.s.c.l.CompositeLog [DiscoveryClient-CacheRefreshExecutor-0] Accept=[application/json, application/*+json]
2025-04-17 16:31:51,545 DEBUG o.s.c.l.CompositeLog [DiscoveryClient-HeartbeatExecutor-0] Accept=[application/json, application/*+json]
2025-04-17 16:31:51,562 DEBUG o.s.c.l.CompositeLog [DiscoveryClient-HeartbeatExecutor-0] Response 200 OK
2025-04-17 16:31:51,562 DEBUG o.s.c.l.CompositeLog [DiscoveryClient-CacheRefreshExecutor-0] Response 200 OK
2025-04-17 16:31:51,562 DEBUG o.s.c.l.CompositeLog [DiscoveryClient-CacheRefreshExecutor-0] Reading to [org.springframework.cloud.netflix.eureka.http.EurekaApplications]
2025-04-17 16:32:21,573 DEBUG o.s.c.l.CompositeLog [DiscoveryClient-CacheRefreshExecutor-0] HTTP GET http://localhost:8761/eureka/apps/delta
2025-04-17 16:32:21,573 DEBUG o.s.c.l.CompositeLog [DiscoveryClient-HeartbeatExecutor-0] HTTP PUT http://localhost:8761/eureka/apps/USER-MANAGEMENT/192.168.1.4:user-management:8888?status=UP&lastDirtyTimestamp=1744897969423
2025-04-17 16:32:21,574 DEBUG o.s.c.l.CompositeLog [DiscoveryClient-HeartbeatExecutor-0] Accept=[application/json, application/*+json]
2025-04-17 16:32:21,574 DEBUG o.s.c.l.CompositeLog [DiscoveryClient-CacheRefreshExecutor-0] Accept=[application/json, application/*+json]
2025-04-17 16:32:21,592 DEBUG o.s.c.l.CompositeLog [DiscoveryClient-HeartbeatExecutor-0] Response 200 OK
2025-04-17 16:32:21,592 DEBUG o.s.c.l.CompositeLog [DiscoveryClient-CacheRefreshExecutor-0] Response 200 OK
2025-04-17 16:32:21,593 DEBUG o.s.c.l.CompositeLog [DiscoveryClient-CacheRefreshExecutor-0] Reading to [org.springframework.cloud.netflix.eureka.http.EurekaApplications]
2025-04-17 16:32:49,103 INFO c.n.d.s.r.a.ConfigClusterResolver [AsyncResolver-bootstrap-executor-0] Resolving eureka endpoints via configuration
2025-04-17 16:32:51,597 DEBUG o.s.c.l.CompositeLog [DiscoveryClient-CacheRefreshExecutor-0] HTTP GET http://localhost:8761/eureka/apps/delta
2025-04-17 16:32:51,597 DEBUG o.s.c.l.CompositeLog [DiscoveryClient-HeartbeatExecutor-0] HTTP PUT http://localhost:8761/eureka/apps/USER-MANAGEMENT/192.168.1.4:user-management:8888?status=UP&lastDirtyTimestamp=1744897969423
2025-04-17 16:32:51,598 DEBUG o.s.c.l.CompositeLog [DiscoveryClient-HeartbeatExecutor-0] Accept=[application/json, application/*+json]
2025-04-17 16:32:51,598 DEBUG o.s.c.l.CompositeLog [DiscoveryClient-CacheRefreshExecutor-0] Accept=[application/json, application/*+json]
2025-04-17 16:32:51,615 DEBUG o.s.c.l.CompositeLog [DiscoveryClient-HeartbeatExecutor-0] Response 200 OK
2025-04-17 16:32:51,615 DEBUG o.s.c.l.CompositeLog [DiscoveryClient-CacheRefreshExecutor-0] Response 200 OK
2025-04-17 16:32:51,616 DEBUG o.s.c.l.CompositeLog [DiscoveryClient-CacheRefreshExecutor-0] Reading to [org.springframework.cloud.netflix.eureka.http.EurekaApplications]
2025-04-17 16:33:21,617 DEBUG o.s.c.l.CompositeLog [DiscoveryClient-CacheRefreshExecutor-0] HTTP GET http://localhost:8761/eureka/apps/delta
2025-04-17 16:33:21,617 DEBUG o.s.c.l.CompositeLog [DiscoveryClient-HeartbeatExecutor-0] HTTP PUT http://localhost:8761/eureka/apps/USER-MANAGEMENT/192.168.1.4:user-management:8888?status=UP&lastDirtyTimestamp=1744897969423
2025-04-17 16:33:21,617 DEBUG o.s.c.l.CompositeLog [DiscoveryClient-HeartbeatExecutor-0] Accept=[application/json, application/*+json]
2025-04-17 16:33:21,617 DEBUG o.s.c.l.CompositeLog [DiscoveryClient-CacheRefreshExecutor-0] Accept=[application/json, application/*+json]
2025-04-17 16:33:21,634 DEBUG o.s.c.l.CompositeLog [DiscoveryClient-CacheRefreshExecutor-0] Response 200 OK
2025-04-17 16:33:21,634 DEBUG o.s.c.l.CompositeLog [DiscoveryClient-HeartbeatExecutor-0] Response 200 OK
2025-04-17 16:33:21,635 DEBUG o.s.c.l.CompositeLog [DiscoveryClient-CacheRefreshExecutor-0] Reading to [org.springframework.cloud.netflix.eureka.http.EurekaApplications]
2025-04-17 16:33:51,644 DEBUG o.s.c.l.CompositeLog [DiscoveryClient-HeartbeatExecutor-0] HTTP PUT http://localhost:8761/eureka/apps/USER-MANAGEMENT/192.168.1.4:user-management:8888?status=UP&lastDirtyTimestamp=1744897969423
2025-04-17 16:33:51,644 DEBUG o.s.c.l.CompositeLog [DiscoveryClient-CacheRefreshExecutor-0] HTTP GET http://localhost:8761/eureka/apps/delta
2025-04-17 16:33:51,645 DEBUG o.s.c.l.CompositeLog [DiscoveryClient-HeartbeatExecutor-0] Accept=[application/json, application/*+json]
2025-04-17 16:33:51,645 DEBUG o.s.c.l.CompositeLog [DiscoveryClient-CacheRefreshExecutor-0] Accept=[application/json, application/*+json]
2025-04-17 16:33:51,662 DEBUG o.s.c.l.CompositeLog [DiscoveryClient-HeartbeatExecutor-0] Response 200 OK
2025-04-17 16:33:51,662 DEBUG o.s.c.l.CompositeLog [DiscoveryClient-CacheRefreshExecutor-0] Response 200 OK
2025-04-17 16:33:51,662 DEBUG o.s.c.l.CompositeLog [DiscoveryClient-CacheRefreshExecutor-0] Reading to [org.springframework.cloud.netflix.eureka.http.EurekaApplications]
2025-04-17 16:34:21,670 DEBUG o.s.c.l.CompositeLog [DiscoveryClient-HeartbeatExecutor-0] HTTP PUT http://localhost:8761/eureka/apps/USER-MANAGEMENT/192.168.1.4:user-management:8888?status=UP&lastDirtyTimestamp=1744897969423
2025-04-17 16:34:21,670 DEBUG o.s.c.l.CompositeLog [DiscoveryClient-CacheRefreshExecutor-0] HTTP GET http://localhost:8761/eureka/apps/delta
2025-04-17 16:34:21,671 DEBUG o.s.c.l.CompositeLog [DiscoveryClient-HeartbeatExecutor-0] Accept=[application/json, application/*+json]
2025-04-17 16:34:21,671 DEBUG o.s.c.l.CompositeLog [DiscoveryClient-CacheRefreshExecutor-0] Accept=[application/json, application/*+json]
2025-04-17 16:34:21,688 DEBUG o.s.c.l.CompositeLog [DiscoveryClient-CacheRefreshExecutor-0] Response 200 OK
2025-04-17 16:34:21,688 DEBUG o.s.c.l.CompositeLog [DiscoveryClient-HeartbeatExecutor-0] Response 200 OK
2025-04-17 16:34:21,688 DEBUG o.s.c.l.CompositeLog [DiscoveryClient-CacheRefreshExecutor-0] Reading to [org.springframework.cloud.netflix.eureka.http.EurekaApplications]
2025-04-17 16:34:51,699 DEBUG o.s.c.l.CompositeLog [DiscoveryClient-HeartbeatExecutor-0] HTTP PUT http://localhost:8761/eureka/apps/USER-MANAGEMENT/192.168.1.4:user-management:8888?status=UP&lastDirtyTimestamp=1744897969423
2025-04-17 16:34:51,699 DEBUG o.s.c.l.CompositeLog [DiscoveryClient-CacheRefreshExecutor-0] HTTP GET http://localhost:8761/eureka/apps/delta
2025-04-17 16:34:51,699 DEBUG o.s.c.l.CompositeLog [DiscoveryClient-HeartbeatExecutor-0] Accept=[application/json, application/*+json]
2025-04-17 16:34:51,699 DEBUG o.s.c.l.CompositeLog [DiscoveryClient-CacheRefreshExecutor-0] Accept=[application/json, application/*+json]
2025-04-17 16:34:51,718 DEBUG o.s.c.l.CompositeLog [DiscoveryClient-CacheRefreshExecutor-0] Response 200 OK
2025-04-17 16:34:51,718 DEBUG o.s.c.l.CompositeLog [DiscoveryClient-HeartbeatExecutor-0] Response 200 OK
2025-04-17 16:34:51,718 DEBUG o.s.c.l.CompositeLog [DiscoveryClient-CacheRefreshExecutor-0] Reading to [org.springframework.cloud.netflix.eureka.http.EurekaApplications]
2025-04-17 16:35:21,727 DEBUG o.s.c.l.CompositeLog [DiscoveryClient-CacheRefreshExecutor-0] HTTP GET http://localhost:8761/eureka/apps/delta
2025-04-17 16:35:21,727 DEBUG o.s.c.l.CompositeLog [DiscoveryClient-HeartbeatExecutor-0] HTTP PUT http://localhost:8761/eureka/apps/USER-MANAGEMENT/192.168.1.4:user-management:8888?status=UP&lastDirtyTimestamp=1744897969423
2025-04-17 16:35:21,727 DEBUG o.s.c.l.CompositeLog [DiscoveryClient-CacheRefreshExecutor-0] Accept=[application/json, application/*+json]
2025-04-17 16:35:21,727 DEBUG o.s.c.l.CompositeLog [DiscoveryClient-HeartbeatExecutor-0] Accept=[application/json, application/*+json]
2025-04-17 16:35:21,743 DEBUG o.s.c.l.CompositeLog [DiscoveryClient-HeartbeatExecutor-0] Response 200 OK
2025-04-17 16:35:21,743 DEBUG o.s.c.l.CompositeLog [DiscoveryClient-CacheRefreshExecutor-0] Response 200 OK
2025-04-17 16:35:21,744 DEBUG o.s.c.l.CompositeLog [DiscoveryClient-CacheRefreshExecutor-0] Reading to [org.springframework.cloud.netflix.eureka.http.EurekaApplications]
2025-04-17 16:35:51,752 DEBUG o.s.c.l.CompositeLog [DiscoveryClient-HeartbeatExecutor-0] HTTP PUT http://localhost:8761/eureka/apps/USER-MANAGEMENT/192.168.1.4:user-management:8888?status=UP&lastDirtyTimestamp=1744897969423
2025-04-17 16:35:51,752 DEBUG o.s.c.l.CompositeLog [DiscoveryClient-CacheRefreshExecutor-0] HTTP GET http://localhost:8761/eureka/apps/delta
2025-04-17 16:35:51,752 DEBUG o.s.c.l.CompositeLog [DiscoveryClient-CacheRefreshExecutor-0] Accept=[application/json, application/*+json]
2025-04-17 16:35:51,752 DEBUG o.s.c.l.CompositeLog [DiscoveryClient-HeartbeatExecutor-0] Accept=[application/json, application/*+json]
2025-04-17 16:35:51,769 DEBUG o.s.c.l.CompositeLog [DiscoveryClient-CacheRefreshExecutor-0] Response 200 OK
2025-04-17 16:35:51,769 DEBUG o.s.c.l.CompositeLog [DiscoveryClient-HeartbeatExecutor-0] Response 200 OK
2025-04-17 16:35:51,769 DEBUG o.s.c.l.CompositeLog [DiscoveryClient-CacheRefreshExecutor-0] Reading to [org.springframework.cloud.netflix.eureka.http.EurekaApplications]
2025-04-17 16:36:21,781 DEBUG o.s.c.l.CompositeLog [DiscoveryClient-CacheRefreshExecutor-0] HTTP GET http://localhost:8761/eureka/apps/delta
2025-04-17 16:36:21,781 DEBUG o.s.c.l.CompositeLog [DiscoveryClient-CacheRefreshExecutor-0] Accept=[application/json, application/*+json]
2025-04-17 16:36:21,785 DEBUG o.s.c.l.CompositeLog [DiscoveryClient-HeartbeatExecutor-0] HTTP PUT http://localhost:8761/eureka/apps/USER-MANAGEMENT/192.168.1.4:user-management:8888?status=UP&lastDirtyTimestamp=1744897969423
2025-04-17 16:36:21,793 DEBUG o.s.c.l.CompositeLog [DiscoveryClient-HeartbeatExecutor-0] Accept=[application/json, application/*+json]
2025-04-17 16:36:21,797 DEBUG o.s.c.l.CompositeLog [DiscoveryClient-HeartbeatExecutor-0] Response 200 OK
2025-04-17 16:36:21,798 DEBUG o.s.c.l.CompositeLog [DiscoveryClient-CacheRefreshExecutor-0] Response 200 OK
2025-04-17 16:36:21,798 DEBUG o.s.c.l.CompositeLog [DiscoveryClient-CacheRefreshExecutor-0] Reading to [org.springframework.cloud.netflix.eureka.http.EurekaApplications]
2025-04-17 16:36:51,803 DEBUG o.s.c.l.CompositeLog [DiscoveryClient-HeartbeatExecutor-0] HTTP PUT http://localhost:8761/eureka/apps/USER-MANAGEMENT/192.168.1.4:user-management:8888?status=UP&lastDirtyTimestamp=1744897969423
2025-04-17 16:36:51,803 DEBUG o.s.c.l.CompositeLog [DiscoveryClient-CacheRefreshExecutor-0] HTTP GET http://localhost:8761/eureka/apps/delta
2025-04-17 16:36:51,804 DEBUG o.s.c.l.CompositeLog [DiscoveryClient-HeartbeatExecutor-0] Accept=[application/json, application/*+json]
2025-04-17 16:36:51,804 DEBUG o.s.c.l.CompositeLog [DiscoveryClient-CacheRefreshExecutor-0] Accept=[application/json, application/*+json]
2025-04-17 16:36:51,820 DEBUG o.s.c.l.CompositeLog [DiscoveryClient-HeartbeatExecutor-0] Response 200 OK
2025-04-17 16:36:51,820 DEBUG o.s.c.l.CompositeLog [DiscoveryClient-CacheRefreshExecutor-0] Response 200 OK
2025-04-17 16:36:51,820 DEBUG o.s.c.l.CompositeLog [DiscoveryClient-CacheRefreshExecutor-0] Reading to [org.springframework.cloud.netflix.eureka.http.EurekaApplications]
2025-04-17 16:37:21,831 DEBUG o.s.c.l.CompositeLog [DiscoveryClient-HeartbeatExecutor-0] HTTP PUT http://localhost:8761/eureka/apps/USER-MANAGEMENT/192.168.1.4:user-management:8888?status=UP&lastDirtyTimestamp=1744897969423
2025-04-17 16:37:21,831 DEBUG o.s.c.l.CompositeLog [DiscoveryClient-CacheRefreshExecutor-0] HTTP GET http://localhost:8761/eureka/apps/delta
2025-04-17 16:37:21,831 DEBUG o.s.c.l.CompositeLog [DiscoveryClient-HeartbeatExecutor-0] Accept=[application/json, application/*+json]
2025-04-17 16:37:21,831 DEBUG o.s.c.l.CompositeLog [DiscoveryClient-CacheRefreshExecutor-0] Accept=[application/json, application/*+json]
2025-04-17 16:37:21,847 DEBUG o.s.c.l.CompositeLog [DiscoveryClient-CacheRefreshExecutor-0] Response 200 OK
2025-04-17 16:37:21,847 DEBUG o.s.c.l.CompositeLog [DiscoveryClient-HeartbeatExecutor-0] Response 200 OK
2025-04-17 16:37:21,848 DEBUG o.s.c.l.CompositeLog [DiscoveryClient-CacheRefreshExecutor-0] Reading to [org.springframework.cloud.netflix.eureka.http.EurekaApplications]
2025-04-17 16:37:49,117 INFO c.n.d.s.r.a.ConfigClusterResolver [AsyncResolver-bootstrap-executor-0] Resolving eureka endpoints via configuration
2025-04-17 16:37:51,863 DEBUG o.s.c.l.CompositeLog [DiscoveryClient-CacheRefreshExecutor-0] HTTP GET http://localhost:8761/eureka/apps/delta
2025-04-17 16:37:51,863 DEBUG o.s.c.l.CompositeLog [DiscoveryClient-HeartbeatExecutor-0] HTTP PUT http://localhost:8761/eureka/apps/USER-MANAGEMENT/192.168.1.4:user-management:8888?status=UP&lastDirtyTimestamp=1744897969423
2025-04-17 16:37:51,864 DEBUG o.s.c.l.CompositeLog [DiscoveryClient-CacheRefreshExecutor-0] Accept=[application/json, application/*+json]
2025-04-17 16:37:51,864 DEBUG o.s.c.l.CompositeLog [DiscoveryClient-HeartbeatExecutor-0] Accept=[application/json, application/*+json]
2025-04-17 16:37:51,880 DEBUG o.s.c.l.CompositeLog [DiscoveryClient-CacheRefreshExecutor-0] Response 200 OK
2025-04-17 16:37:51,880 DEBUG o.s.c.l.CompositeLog [DiscoveryClient-HeartbeatExecutor-0] Response 200 OK
2025-04-17 16:37:51,881 DEBUG o.s.c.l.CompositeLog [DiscoveryClient-CacheRefreshExecutor-0] Reading to [org.springframework.cloud.netflix.eureka.http.EurekaApplications]
2025-04-17 16:38:21,890 DEBUG o.s.c.l.CompositeLog [DiscoveryClient-CacheRefreshExecutor-0] HTTP GET http://localhost:8761/eureka/apps/delta
2025-04-17 16:38:21,890 DEBUG o.s.c.l.CompositeLog [DiscoveryClient-HeartbeatExecutor-0] HTTP PUT http://localhost:8761/eureka/apps/USER-MANAGEMENT/192.168.1.4:user-management:8888?status=UP&lastDirtyTimestamp=1744897969423
2025-04-17 16:38:21,890 DEBUG o.s.c.l.CompositeLog [DiscoveryClient-HeartbeatExecutor-0] Accept=[application/json, application/*+json]
2025-04-17 16:38:21,890 DEBUG o.s.c.l.CompositeLog [DiscoveryClient-CacheRefreshExecutor-0] Accept=[application/json, application/*+json]
2025-04-17 16:38:21,907 DEBUG o.s.c.l.CompositeLog [DiscoveryClient-CacheRefreshExecutor-0] Response 200 OK
2025-04-17 16:38:21,907 DEBUG o.s.c.l.CompositeLog [DiscoveryClient-HeartbeatExecutor-0] Response 200 OK
2025-04-17 16:38:21,908 DEBUG o.s.c.l.CompositeLog [DiscoveryClient-CacheRefreshExecutor-0] Reading to [org.springframework.cloud.netflix.eureka.http.EurekaApplications]
2025-04-17 16:38:51,952 DEBUG o.s.c.l.CompositeLog [DiscoveryClient-HeartbeatExecutor-0] HTTP PUT http://localhost:8761/eureka/apps/USER-MANAGEMENT/192.168.1.4:user-management:8888?status=UP&lastDirtyTimestamp=1744897969423
2025-04-17 16:38:51,952 DEBUG o.s.c.l.CompositeLog [DiscoveryClient-HeartbeatExecutor-0] Accept=[application/json, application/*+json]
2025-04-17 16:38:51,957 DEBUG o.s.c.l.CompositeLog [DiscoveryClient-CacheRefreshExecutor-0] HTTP GET http://localhost:8761/eureka/apps/delta
2025-04-17 16:38:51,964 DEBUG o.s.c.l.CompositeLog [DiscoveryClient-HeartbeatExecutor-0] Response 200 OK
2025-04-17 16:38:51,973 DEBUG o.s.c.l.CompositeLog [DiscoveryClient-CacheRefreshExecutor-0] Accept=[application/json, application/*+json]
2025-04-17 16:38:51,980 DEBUG o.s.c.l.CompositeLog [DiscoveryClient-CacheRefreshExecutor-0] Response 200 OK
2025-04-17 16:38:51,980 DEBUG o.s.c.l.CompositeLog [DiscoveryClient-CacheRefreshExecutor-0] Reading to [org.springframework.cloud.netflix.eureka.http.EurekaApplications]
2025-04-17 16:39:21,967 DEBUG o.s.c.l.CompositeLog [DiscoveryClient-HeartbeatExecutor-0] HTTP PUT http://localhost:8761/eureka/apps/USER-MANAGEMENT/192.168.1.4:user-management:8888?status=UP&lastDirtyTimestamp=1744897969423
2025-04-17 16:39:21,967 DEBUG o.s.c.l.CompositeLog [DiscoveryClient-HeartbeatExecutor-0] Accept=[application/json, application/*+json]
2025-04-17 16:39:21,984 DEBUG o.s.c.l.CompositeLog [DiscoveryClient-HeartbeatExecutor-0] Response 200 OK
2025-04-17 16:39:21,985 DEBUG o.s.c.l.CompositeLog [DiscoveryClient-CacheRefreshExecutor-0] HTTP GET http://localhost:8761/eureka/apps/delta
2025-04-17 16:39:21,985 DEBUG o.s.c.l.CompositeLog [DiscoveryClient-CacheRefreshExecutor-0] Accept=[application/json, application/*+json]
2025-04-17 16:39:21,998 DEBUG o.s.c.l.CompositeLog [DiscoveryClient-CacheRefreshExecutor-0] Response 200 OK
2025-04-17 16:39:21,998 DEBUG o.s.c.l.CompositeLog [DiscoveryClient-CacheRefreshExecutor-0] Reading to [org.springframework.cloud.netflix.eureka.http.EurekaApplications]
2025-04-17 16:39:51,996 DEBUG o.s.c.l.CompositeLog [DiscoveryClient-HeartbeatExecutor-0] HTTP PUT http://localhost:8761/eureka/apps/USER-MANAGEMENT/192.168.1.4:user-management:8888?status=UP&lastDirtyTimestamp=1744897969423
2025-04-17 16:39:51,997 DEBUG o.s.c.l.CompositeLog [DiscoveryClient-HeartbeatExecutor-0] Accept=[application/json, application/*+json]
2025-04-17 16:39:52,012 DEBUG o.s.c.l.CompositeLog [DiscoveryClient-CacheRefreshExecutor-0] HTTP GET http://localhost:8761/eureka/apps/delta
2025-04-17 16:39:52,013 DEBUG o.s.c.l.CompositeLog [DiscoveryClient-CacheRefreshExecutor-0] Accept=[application/json, application/*+json]
2025-04-17 16:39:52,014 DEBUG o.s.c.l.CompositeLog [DiscoveryClient-HeartbeatExecutor-0] Response 200 OK
2025-04-17 16:39:52,030 DEBUG o.s.c.l.CompositeLog [DiscoveryClient-CacheRefreshExecutor-0] Response 200 OK
2025-04-17 16:39:52,031 DEBUG o.s.c.l.CompositeLog [DiscoveryClient-CacheRefreshExecutor-0] Reading to [org.springframework.cloud.netflix.eureka.http.EurekaApplications]
2025-04-17 16:40:22,021 DEBUG o.s.c.l.CompositeLog [DiscoveryClient-HeartbeatExecutor-0] HTTP PUT http://localhost:8761/eureka/apps/USER-MANAGEMENT/192.168.1.4:user-management:8888?status=UP&lastDirtyTimestamp=1744897969423
2025-04-17 16:40:22,023 DEBUG o.s.c.l.CompositeLog [DiscoveryClient-HeartbeatExecutor-0] Accept=[application/json, application/*+json]
2025-04-17 16:40:22,035 DEBUG o.s.c.l.CompositeLog [DiscoveryClient-CacheRefreshExecutor-0] HTTP GET http://localhost:8761/eureka/apps/delta
2025-04-17 16:40:22,036 DEBUG o.s.c.l.CompositeLog [DiscoveryClient-CacheRefreshExecutor-0] Accept=[application/json, application/*+json]
2025-04-17 16:40:22,038 DEBUG o.s.c.l.CompositeLog [DiscoveryClient-HeartbeatExecutor-0] Response 200 OK
2025-04-17 16:40:22,053 DEBUG o.s.c.l.CompositeLog [DiscoveryClient-CacheRefreshExecutor-0] Response 200 OK
2025-04-17 16:40:22,054 DEBUG o.s.c.l.CompositeLog [DiscoveryClient-CacheRefreshExecutor-0] Reading to [org.springframework.cloud.netflix.eureka.http.EurekaApplications]
2025-04-17 16:40:52,039 DEBUG o.s.c.l.CompositeLog [DiscoveryClient-HeartbeatExecutor-0] HTTP PUT http://localhost:8761/eureka/apps/USER-MANAGEMENT/192.168.1.4:user-management:8888?status=UP&lastDirtyTimestamp=1744897969423
2025-04-17 16:40:52,039 DEBUG o.s.c.l.CompositeLog [DiscoveryClient-HeartbeatExecutor-0] Accept=[application/json, application/*+json]
2025-04-17 16:40:52,055 DEBUG o.s.c.l.CompositeLog [DiscoveryClient-CacheRefreshExecutor-0] HTTP GET http://localhost:8761/eureka/apps/delta
2025-04-17 16:40:52,055 DEBUG o.s.c.l.CompositeLog [DiscoveryClient-CacheRefreshExecutor-0] Accept=[application/json, application/*+json]
2025-04-17 16:40:52,057 DEBUG o.s.c.l.CompositeLog [DiscoveryClient-HeartbeatExecutor-0] Response 200 OK
2025-04-17 16:40:52,075 DEBUG o.s.c.l.CompositeLog [DiscoveryClient-CacheRefreshExecutor-0] Response 200 OK
2025-04-17 16:40:52,076 DEBUG o.s.c.l.CompositeLog [DiscoveryClient-CacheRefreshExecutor-0] Reading to [org.springframework.cloud.netflix.eureka.http.EurekaApplications]
2025-04-17 16:41:22,058 DEBUG o.s.c.l.CompositeLog [DiscoveryClient-HeartbeatExecutor-0] HTTP PUT http://localhost:8761/eureka/apps/USER-MANAGEMENT/192.168.1.4:user-management:8888?status=UP&lastDirtyTimestamp=1744897969423
2025-04-17 16:41:22,058 DEBUG o.s.c.l.CompositeLog [DiscoveryClient-HeartbeatExecutor-0] Accept=[application/json, application/*+json]
2025-04-17 16:41:22,078 DEBUG o.s.c.l.CompositeLog [DiscoveryClient-HeartbeatExecutor-0] Response 200 OK
2025-04-17 16:41:22,079 DEBUG o.s.c.l.CompositeLog [DiscoveryClient-CacheRefreshExecutor-0] HTTP GET http://localhost:8761/eureka/apps/delta
2025-04-17 16:41:22,079 DEBUG o.s.c.l.CompositeLog [DiscoveryClient-CacheRefreshExecutor-0] Accept=[application/json, application/*+json]
2025-04-17 16:41:22,090 DEBUG o.s.c.l.CompositeLog [DiscoveryClient-CacheRefreshExecutor-0] Response 200 OK
2025-04-17 16:41:22,091 DEBUG o.s.c.l.CompositeLog [DiscoveryClient-CacheRefreshExecutor-0] Reading to [org.springframework.cloud.netflix.eureka.http.EurekaApplications]
2025-04-17 16:41:52,082 DEBUG o.s.c.l.CompositeLog [DiscoveryClient-HeartbeatExecutor-0] HTTP PUT http://localhost:8761/eureka/apps/USER-MANAGEMENT/192.168.1.4:user-management:8888?status=UP&lastDirtyTimestamp=1744897969423
2025-04-17 16:41:52,083 DEBUG o.s.c.l.CompositeLog [DiscoveryClient-HeartbeatExecutor-0] Accept=[application/json, application/*+json]
2025-04-17 16:41:52,098 DEBUG o.s.c.l.CompositeLog [DiscoveryClient-CacheRefreshExecutor-0] HTTP GET http://localhost:8761/eureka/apps/delta
2025-04-17 16:41:52,098 DEBUG o.s.c.l.CompositeLog [DiscoveryClient-CacheRefreshExecutor-0] Accept=[application/json, application/*+json]
2025-04-17 16:41:52,102 DEBUG o.s.c.l.CompositeLog [DiscoveryClient-HeartbeatExecutor-0] Response 200 OK
2025-04-17 16:41:52,115 DEBUG o.s.c.l.CompositeLog [DiscoveryClient-CacheRefreshExecutor-0] Response 200 OK
2025-04-17 16:41:52,115 DEBUG o.s.c.l.CompositeLog [DiscoveryClient-CacheRefreshExecutor-0] Reading to [org.springframework.cloud.netflix.eureka.http.EurekaApplications]
2025-04-17 16:42:22,111 DEBUG o.s.c.l.CompositeLog [DiscoveryClient-HeartbeatExecutor-0] HTTP PUT http://localhost:8761/eureka/apps/USER-MANAGEMENT/192.168.1.4:user-management:8888?status=UP&lastDirtyTimestamp=1744897969423
2025-04-17 16:42:22,112 DEBUG o.s.c.l.CompositeLog [DiscoveryClient-HeartbeatExecutor-0] Accept=[application/json, application/*+json]
2025-04-17 16:42:22,123 DEBUG o.s.c.l.CompositeLog [DiscoveryClient-CacheRefreshExecutor-0] HTTP GET http://localhost:8761/eureka/apps/delta
2025-04-17 16:42:22,125 DEBUG o.s.c.l.CompositeLog [DiscoveryClient-HeartbeatExecutor-0] Response 200 OK
2025-04-17 16:42:22,123 DEBUG o.s.c.l.CompositeLog [DiscoveryClient-CacheRefreshExecutor-0] Accept=[application/json, application/*+json]
2025-04-17 16:42:22,139 DEBUG o.s.c.l.CompositeLog [DiscoveryClient-CacheRefreshExecutor-0] Response 200 OK
2025-04-17 16:42:22,139 DEBUG o.s.c.l.CompositeLog [DiscoveryClient-CacheRefreshExecutor-0] Reading to [org.springframework.cloud.netflix.eureka.http.EurekaApplications]
2025-04-17 16:42:49,130 INFO c.n.d.s.r.a.ConfigClusterResolver [AsyncResolver-bootstrap-executor-0] Resolving eureka endpoints via configuration
2025-04-17 16:42:52,137 DEBUG o.s.c.l.CompositeLog [DiscoveryClient-HeartbeatExecutor-0] HTTP PUT http://localhost:8761/eureka/apps/USER-MANAGEMENT/192.168.1.4:user-management:8888?status=UP&lastDirtyTimestamp=1744897969423
2025-04-17 16:42:52,138 DEBUG o.s.c.l.CompositeLog [DiscoveryClient-HeartbeatExecutor-0] Accept=[application/json, application/*+json]
2025-04-17 16:42:52,153 DEBUG o.s.c.l.CompositeLog [DiscoveryClient-CacheRefreshExecutor-0] HTTP GET http://localhost:8761/eureka/apps/delta
2025-04-17 16:42:52,153 DEBUG o.s.c.l.CompositeLog [DiscoveryClient-CacheRefreshExecutor-0] Accept=[application/json, application/*+json]
2025-04-17 16:42:52,154 DEBUG o.s.c.l.CompositeLog [DiscoveryClient-HeartbeatExecutor-0] Response 200 OK
2025-04-17 16:42:52,170 DEBUG o.s.c.l.CompositeLog [DiscoveryClient-CacheRefreshExecutor-0] Response 200 OK
2025-04-17 16:42:52,171 DEBUG o.s.c.l.CompositeLog [DiscoveryClient-CacheRefreshExecutor-0] Reading to [org.springframework.cloud.netflix.eureka.http.EurekaApplications]
2025-04-17 16:43:22,190 DEBUG o.s.c.l.CompositeLog [DiscoveryClient-CacheRefreshExecutor-0] HTTP GET http://localhost:8761/eureka/apps/delta
2025-04-17 16:43:22,190 DEBUG o.s.c.l.CompositeLog [DiscoveryClient-HeartbeatExecutor-0] HTTP PUT http://localhost:8761/eureka/apps/USER-MANAGEMENT/192.168.1.4:user-management:8888?status=UP&lastDirtyTimestamp=1744897969423
2025-04-17 16:43:22,191 DEBUG o.s.c.l.CompositeLog [DiscoveryClient-HeartbeatExecutor-0] Accept=[application/json, application/*+json]
2025-04-17 16:43:22,191 DEBUG o.s.c.l.CompositeLog [DiscoveryClient-CacheRefreshExecutor-0] Accept=[application/json, application/*+json]
2025-04-17 16:43:22,205 DEBUG o.s.c.l.CompositeLog [DiscoveryClient-CacheRefreshExecutor-0] Response 200 OK
2025-04-17 16:43:22,205 DEBUG o.s.c.l.CompositeLog [DiscoveryClient-HeartbeatExecutor-0] Response 200 OK
2025-04-17 16:43:22,205 DEBUG o.s.c.l.CompositeLog [DiscoveryClient-CacheRefreshExecutor-0] Reading to [org.springframework.cloud.netflix.eureka.http.EurekaApplications]
2025-04-17 16:43:52,207 DEBUG o.s.c.l.CompositeLog [DiscoveryClient-CacheRefreshExecutor-0] HTTP GET http://localhost:8761/eureka/apps/delta
2025-04-17 16:43:52,207 DEBUG o.s.c.l.CompositeLog [DiscoveryClient-HeartbeatExecutor-0] HTTP PUT http://localhost:8761/eureka/apps/USER-MANAGEMENT/192.168.1.4:user-management:8888?status=UP&lastDirtyTimestamp=1744897969423
2025-04-17 16:43:52,207 DEBUG o.s.c.l.CompositeLog [DiscoveryClient-CacheRefreshExecutor-0] Accept=[application/json, application/*+json]
2025-04-17 16:43:52,207 DEBUG o.s.c.l.CompositeLog [DiscoveryClient-HeartbeatExecutor-0] Accept=[application/json, application/*+json]
2025-04-17 16:43:52,225 DEBUG o.s.c.l.CompositeLog [DiscoveryClient-CacheRefreshExecutor-0] Response 200 OK
2025-04-17 16:43:52,225 DEBUG o.s.c.l.CompositeLog [DiscoveryClient-HeartbeatExecutor-0] Response 200 OK
2025-04-17 16:43:52,226 DEBUG o.s.c.l.CompositeLog [DiscoveryClient-CacheRefreshExecutor-0] Reading to [org.springframework.cloud.netflix.eureka.http.EurekaApplications]
2025-04-17 16:44:22,233 DEBUG o.s.c.l.CompositeLog [DiscoveryClient-CacheRefreshExecutor-0] HTTP GET http://localhost:8761/eureka/apps/delta
2025-04-17 16:44:22,233 DEBUG o.s.c.l.CompositeLog [DiscoveryClient-HeartbeatExecutor-0] HTTP PUT http://localhost:8761/eureka/apps/USER-MANAGEMENT/192.168.1.4:user-management:8888?status=UP&lastDirtyTimestamp=1744897969423
2025-04-17 16:44:22,233 DEBUG o.s.c.l.CompositeLog [DiscoveryClient-HeartbeatExecutor-0] Accept=[application/json, application/*+json]
2025-04-17 16:44:22,233 DEBUG o.s.c.l.CompositeLog [DiscoveryClient-CacheRefreshExecutor-0] Accept=[application/json, application/*+json]
2025-04-17 16:44:22,249 DEBUG o.s.c.l.CompositeLog [DiscoveryClient-CacheRefreshExecutor-0] Response 200 OK
2025-04-17 16:44:22,249 DEBUG o.s.c.l.CompositeLog [DiscoveryClient-HeartbeatExecutor-0] Response 200 OK
2025-04-17 16:44:22,249 DEBUG o.s.c.l.CompositeLog [DiscoveryClient-CacheRefreshExecutor-0] Reading to [org.springframework.cloud.netflix.eureka.http.EurekaApplications]
2025-04-17 16:44:52,255 DEBUG o.s.c.l.CompositeLog [DiscoveryClient-CacheRefreshExecutor-0] HTTP GET http://localhost:8761/eureka/apps/delta
2025-04-17 16:44:52,255 DEBUG o.s.c.l.CompositeLog [DiscoveryClient-HeartbeatExecutor-0] HTTP PUT http://localhost:8761/eureka/apps/USER-MANAGEMENT/192.168.1.4:user-management:8888?status=UP&lastDirtyTimestamp=1744897969423
2025-04-17 16:44:52,256 DEBUG o.s.c.l.CompositeLog [DiscoveryClient-CacheRefreshExecutor-0] Accept=[application/json, application/*+json]
2025-04-17 16:44:52,256 DEBUG o.s.c.l.CompositeLog [DiscoveryClient-HeartbeatExecutor-0] Accept=[application/json, application/*+json]
2025-04-17 16:44:52,274 DEBUG o.s.c.l.CompositeLog [DiscoveryClient-CacheRefreshExecutor-0] Response 200 OK
2025-04-17 16:44:52,274 DEBUG o.s.c.l.CompositeLog [DiscoveryClient-HeartbeatExecutor-0] Response 200 OK
2025-04-17 16:44:52,275 DEBUG o.s.c.l.CompositeLog [DiscoveryClient-CacheRefreshExecutor-0] Reading to [org.springframework.cloud.netflix.eureka.http.EurekaApplications]
2025-04-17 16:45:22,277 DEBUG o.s.c.l.CompositeLog [DiscoveryClient-CacheRefreshExecutor-0] HTTP GET http://localhost:8761/eureka/apps/delta
2025-04-17 16:45:22,278 DEBUG o.s.c.l.CompositeLog [DiscoveryClient-HeartbeatExecutor-0] HTTP PUT http://localhost:8761/eureka/apps/USER-MANAGEMENT/192.168.1.4:user-management:8888?status=UP&lastDirtyTimestamp=1744897969423
2025-04-17 16:45:22,278 DEBUG o.s.c.l.CompositeLog [DiscoveryClient-CacheRefreshExecutor-0] Accept=[application/json, application/*+json]
2025-04-17 16:45:22,278 DEBUG o.s.c.l.CompositeLog [DiscoveryClient-HeartbeatExecutor-0] Accept=[application/json, application/*+json]
2025-04-17 16:45:22,293 DEBUG o.s.c.l.CompositeLog [DiscoveryClient-CacheRefreshExecutor-0] Response 200 OK
2025-04-17 16:45:22,293 DEBUG o.s.c.l.CompositeLog [DiscoveryClient-HeartbeatExecutor-0] Response 200 OK
2025-04-17 16:45:22,294 DEBUG o.s.c.l.CompositeLog [DiscoveryClient-CacheRefreshExecutor-0] Reading to [org.springframework.cloud.netflix.eureka.http.EurekaApplications]
2025-04-17 16:45:52,298 DEBUG o.s.c.l.CompositeLog [DiscoveryClient-HeartbeatExecutor-0] HTTP PUT http://localhost:8761/eureka/apps/USER-MANAGEMENT/192.168.1.4:user-management:8888?status=UP&lastDirtyTimestamp=1744897969423
2025-04-17 16:45:52,298 DEBUG o.s.c.l.CompositeLog [DiscoveryClient-CacheRefreshExecutor-0] HTTP GET http://localhost:8761/eureka/apps/delta
2025-04-17 16:45:52,299 DEBUG o.s.c.l.CompositeLog [DiscoveryClient-HeartbeatExecutor-0] Accept=[application/json, application/*+json]
2025-04-17 16:45:52,299 DEBUG o.s.c.l.CompositeLog [DiscoveryClient-CacheRefreshExecutor-0] Accept=[application/json, application/*+json]
2025-04-17 16:45:52,316 DEBUG o.s.c.l.CompositeLog [DiscoveryClient-CacheRefreshExecutor-0] Response 200 OK
2025-04-17 16:45:52,316 DEBUG o.s.c.l.CompositeLog [DiscoveryClient-HeartbeatExecutor-0] Response 200 OK
2025-04-17 16:45:52,316 DEBUG o.s.c.l.CompositeLog [DiscoveryClient-CacheRefreshExecutor-0] Reading to [org.springframework.cloud.netflix.eureka.http.EurekaApplications]
2025-04-17 16:46:22,327 DEBUG o.s.c.l.CompositeLog [DiscoveryClient-HeartbeatExecutor-0] HTTP PUT http://localhost:8761/eureka/apps/USER-MANAGEMENT/192.168.1.4:user-management:8888?status=UP&lastDirtyTimestamp=1744897969423
2025-04-17 16:46:22,327 DEBUG o.s.c.l.CompositeLog [DiscoveryClient-CacheRefreshExecutor-0] HTTP GET http://localhost:8761/eureka/apps/delta
2025-04-17 16:46:22,328 DEBUG o.s.c.l.CompositeLog [DiscoveryClient-HeartbeatExecutor-0] Accept=[application/json, application/*+json]
2025-04-17 16:46:22,328 DEBUG o.s.c.l.CompositeLog [DiscoveryClient-CacheRefreshExecutor-0] Accept=[application/json, application/*+json]
2025-04-17 16:46:22,345 DEBUG o.s.c.l.CompositeLog [DiscoveryClient-HeartbeatExecutor-0] Response 200 OK
2025-04-17 16:46:22,345 DEBUG o.s.c.l.CompositeLog [DiscoveryClient-CacheRefreshExecutor-0] Response 200 OK
2025-04-17 16:46:22,346 DEBUG o.s.c.l.CompositeLog [DiscoveryClient-CacheRefreshExecutor-0] Reading to [org.springframework.cloud.netflix.eureka.http.EurekaApplications]
2025-04-17 16:46:52,348 DEBUG o.s.c.l.CompositeLog [DiscoveryClient-HeartbeatExecutor-0] HTTP PUT http://localhost:8761/eureka/apps/USER-MANAGEMENT/192.168.1.4:user-management:8888?status=UP&lastDirtyTimestamp=1744897969423
2025-04-17 16:46:52,348 DEBUG o.s.c.l.CompositeLog [DiscoveryClient-CacheRefreshExecutor-0] HTTP GET http://localhost:8761/eureka/apps/delta
2025-04-17 16:46:52,349 DEBUG o.s.c.l.CompositeLog [DiscoveryClient-HeartbeatExecutor-0] Accept=[application/json, application/*+json]
2025-04-17 16:46:52,349 DEBUG o.s.c.l.CompositeLog [DiscoveryClient-CacheRefreshExecutor-0] Accept=[application/json, application/*+json]
2025-04-17 16:46:52,365 DEBUG o.s.c.l.CompositeLog [DiscoveryClient-HeartbeatExecutor-0] Response 200 OK
2025-04-17 16:46:52,365 DEBUG o.s.c.l.CompositeLog [DiscoveryClient-CacheRefreshExecutor-0] Response 200 OK
2025-04-17 16:46:52,366 DEBUG o.s.c.l.CompositeLog [DiscoveryClient-CacheRefreshExecutor-0] Reading to [org.springframework.cloud.netflix.eureka.http.EurekaApplications]
2025-04-17 16:47:22,380 DEBUG o.s.c.l.CompositeLog [DiscoveryClient-HeartbeatExecutor-0] HTTP PUT http://localhost:8761/eureka/apps/USER-MANAGEMENT/192.168.1.4:user-management:8888?status=UP&lastDirtyTimestamp=1744897969423
2025-04-17 16:47:22,380 DEBUG o.s.c.l.CompositeLog [DiscoveryClient-CacheRefreshExecutor-0] HTTP GET http://localhost:8761/eureka/apps/delta
2025-04-17 16:47:22,381 DEBUG o.s.c.l.CompositeLog [DiscoveryClient-CacheRefreshExecutor-0] Accept=[application/json, application/*+json]
2025-04-17 16:47:22,381 DEBUG o.s.c.l.CompositeLog [DiscoveryClient-HeartbeatExecutor-0] Accept=[application/json, application/*+json]
2025-04-17 16:47:22,397 DEBUG o.s.c.l.CompositeLog [DiscoveryClient-CacheRefreshExecutor-0] Response 200 OK
2025-04-17 16:47:22,397 DEBUG o.s.c.l.CompositeLog [DiscoveryClient-HeartbeatExecutor-0] Response 200 OK
2025-04-17 16:47:22,398 DEBUG o.s.c.l.CompositeLog [DiscoveryClient-CacheRefreshExecutor-0] Reading to [org.springframework.cloud.netflix.eureka.http.EurekaApplications]
2025-04-17 16:47:49,135 INFO c.n.d.s.r.a.ConfigClusterResolver [AsyncResolver-bootstrap-executor-0] Resolving eureka endpoints via configuration
2025-04-17 16:47:52,412 DEBUG o.s.c.l.CompositeLog [DiscoveryClient-HeartbeatExecutor-0] HTTP PUT http://localhost:8761/eureka/apps/USER-MANAGEMENT/192.168.1.4:user-management:8888?status=UP&lastDirtyTimestamp=1744897969423
2025-04-17 16:47:52,412 DEBUG o.s.c.l.CompositeLog [DiscoveryClient-CacheRefreshExecutor-0] HTTP GET http://localhost:8761/eureka/apps/delta
2025-04-17 16:47:52,412 DEBUG o.s.c.l.CompositeLog [DiscoveryClient-HeartbeatExecutor-0] Accept=[application/json, application/*+json]
2025-04-17 16:47:52,412 DEBUG o.s.c.l.CompositeLog [DiscoveryClient-CacheRefreshExecutor-0] Accept=[application/json, application/*+json]
2025-04-17 16:47:52,430 DEBUG o.s.c.l.CompositeLog [DiscoveryClient-CacheRefreshExecutor-0] Response 200 OK
2025-04-17 16:47:52,430 DEBUG o.s.c.l.CompositeLog [DiscoveryClient-HeartbeatExecutor-0] Response 200 OK
2025-04-17 16:47:52,430 DEBUG o.s.c.l.CompositeLog [DiscoveryClient-CacheRefreshExecutor-0] Reading to [org.springframework.cloud.netflix.eureka.http.EurekaApplications]
2025-04-17 16:48:22,439 DEBUG o.s.c.l.CompositeLog [DiscoveryClient-HeartbeatExecutor-0] HTTP PUT http://localhost:8761/eureka/apps/USER-MANAGEMENT/192.168.1.4:user-management:8888?status=UP&lastDirtyTimestamp=1744897969423
2025-04-17 16:48:22,439 DEBUG o.s.c.l.CompositeLog [DiscoveryClient-CacheRefreshExecutor-0] HTTP GET http://localhost:8761/eureka/apps/delta
2025-04-17 16:48:22,440 DEBUG o.s.c.l.CompositeLog [DiscoveryClient-HeartbeatExecutor-0] Accept=[application/json, application/*+json]
2025-04-17 16:48:22,440 DEBUG o.s.c.l.CompositeLog [DiscoveryClient-CacheRefreshExecutor-0] Accept=[application/json, application/*+json]
2025-04-17 16:48:22,456 DEBUG o.s.c.l.CompositeLog [DiscoveryClient-HeartbeatExecutor-0] Response 200 OK
2025-04-17 16:48:22,456 DEBUG o.s.c.l.CompositeLog [DiscoveryClient-CacheRefreshExecutor-0] Response 200 OK
2025-04-17 16:48:22,458 DEBUG o.s.c.l.CompositeLog [DiscoveryClient-CacheRefreshExecutor-0] Reading to [org.springframework.cloud.netflix.eureka.http.EurekaApplications]
2025-04-17 16:48:52,472 DEBUG o.s.c.l.CompositeLog [DiscoveryClient-CacheRefreshExecutor-0] HTTP GET http://localhost:8761/eureka/apps/delta
2025-04-17 16:48:52,472 DEBUG o.s.c.l.CompositeLog [DiscoveryClient-HeartbeatExecutor-0] HTTP PUT http://localhost:8761/eureka/apps/USER-MANAGEMENT/192.168.1.4:user-management:8888?status=UP&lastDirtyTimestamp=1744897969423
2025-04-17 16:48:52,472 DEBUG o.s.c.l.CompositeLog [DiscoveryClient-HeartbeatExecutor-0] Accept=[application/json, application/*+json]
2025-04-17 16:48:52,472 DEBUG o.s.c.l.CompositeLog [DiscoveryClient-CacheRefreshExecutor-0] Accept=[application/json, application/*+json]
2025-04-17 16:48:52,488 DEBUG o.s.c.l.CompositeLog [DiscoveryClient-CacheRefreshExecutor-0] Response 200 OK
2025-04-17 16:48:52,488 DEBUG o.s.c.l.CompositeLog [DiscoveryClient-HeartbeatExecutor-0] Response 200 OK
2025-04-17 16:48:52,489 DEBUG o.s.c.l.CompositeLog [DiscoveryClient-CacheRefreshExecutor-0] Reading to [org.springframework.cloud.netflix.eureka.http.EurekaApplications]
2025-04-17 16:49:22,505 DEBUG o.s.c.l.CompositeLog [DiscoveryClient-HeartbeatExecutor-0] HTTP PUT http://localhost:8761/eureka/apps/USER-MANAGEMENT/192.168.1.4:user-management:8888?status=UP&lastDirtyTimestamp=1744897969423
2025-04-17 16:49:22,505 DEBUG o.s.c.l.CompositeLog [DiscoveryClient-CacheRefreshExecutor-0] HTTP GET http://localhost:8761/eureka/apps/delta
2025-04-17 16:49:22,505 DEBUG o.s.c.l.CompositeLog [DiscoveryClient-CacheRefreshExecutor-0] Accept=[application/json, application/*+json]
2025-04-17 16:49:22,505 DEBUG o.s.c.l.CompositeLog [DiscoveryClient-HeartbeatExecutor-0] Accept=[application/json, application/*+json]
2025-04-17 16:49:22,513 DEBUG o.s.c.l.CompositeLog [DiscoveryClient-HeartbeatExecutor-0] Response 200 OK
2025-04-17 16:49:22,514 DEBUG o.s.c.l.CompositeLog [DiscoveryClient-CacheRefreshExecutor-0] Response 200 OK
2025-04-17 16:49:22,515 DEBUG o.s.c.l.CompositeLog [DiscoveryClient-CacheRefreshExecutor-0] Reading to [org.springframework.cloud.netflix.eureka.http.EurekaApplications]
2025-04-17 16:49:52,527 DEBUG o.s.c.l.CompositeLog [DiscoveryClient-CacheRefreshExecutor-0] HTTP GET http://localhost:8761/eureka/apps/delta
2025-04-17 16:49:52,528 DEBUG o.s.c.l.CompositeLog [DiscoveryClient-CacheRefreshExecutor-0] Accept=[application/json, application/*+json]
2025-04-17 16:49:52,533 DEBUG o.s.c.l.CompositeLog [DiscoveryClient-HeartbeatExecutor-0] HTTP PUT http://localhost:8761/eureka/apps/USER-MANAGEMENT/192.168.1.4:user-management:8888?status=UP&lastDirtyTimestamp=1744897969423
2025-04-17 16:49:52,540 DEBUG o.s.c.l.CompositeLog [DiscoveryClient-HeartbeatExecutor-0] Accept=[application/json, application/*+json]
2025-04-17 16:49:52,544 DEBUG o.s.c.l.CompositeLog [DiscoveryClient-HeartbeatExecutor-0] Response 200 OK
2025-04-17 16:49:52,544 DEBUG o.s.c.l.CompositeLog [DiscoveryClient-CacheRefreshExecutor-0] Response 200 OK
2025-04-17 16:49:52,544 DEBUG o.s.c.l.CompositeLog [DiscoveryClient-CacheRefreshExecutor-0] Reading to [org.springframework.cloud.netflix.eureka.http.EurekaApplications]
2025-04-17 16:50:22,555 DEBUG o.s.c.l.CompositeLog [DiscoveryClient-HeartbeatExecutor-0] HTTP PUT http://localhost:8761/eureka/apps/USER-MANAGEMENT/192.168.1.4:user-management:8888?status=UP&lastDirtyTimestamp=1744897969423
2025-04-17 16:50:22,555 DEBUG o.s.c.l.CompositeLog [DiscoveryClient-CacheRefreshExecutor-0] HTTP GET http://localhost:8761/eureka/apps/delta
2025-04-17 16:50:22,555 DEBUG o.s.c.l.CompositeLog [DiscoveryClient-HeartbeatExecutor-0] Accept=[application/json, application/*+json]
2025-04-17 16:50:22,556 DEBUG o.s.c.l.CompositeLog [DiscoveryClient-CacheRefreshExecutor-0] Accept=[application/json, application/*+json]
2025-04-17 16:50:22,573 DEBUG o.s.c.l.CompositeLog [DiscoveryClient-CacheRefreshExecutor-0] Response 200 OK
2025-04-17 16:50:22,573 DEBUG o.s.c.l.CompositeLog [DiscoveryClient-HeartbeatExecutor-0] Response 200 OK
2025-04-17 16:50:22,574 DEBUG o.s.c.l.CompositeLog [DiscoveryClient-CacheRefreshExecutor-0] Reading to [org.springframework.cloud.netflix.eureka.http.EurekaApplications]
2025-04-17 16:50:52,578 DEBUG o.s.c.l.CompositeLog [DiscoveryClient-CacheRefreshExecutor-0] HTTP GET http://localhost:8761/eureka/apps/delta
2025-04-17 16:50:52,578 DEBUG o.s.c.l.CompositeLog [DiscoveryClient-HeartbeatExecutor-0] HTTP PUT http://localhost:8761/eureka/apps/USER-MANAGEMENT/192.168.1.4:user-management:8888?status=UP&lastDirtyTimestamp=1744897969423
2025-04-17 16:50:52,579 DEBUG o.s.c.l.CompositeLog [DiscoveryClient-HeartbeatExecutor-0] Accept=[application/json, application/*+json]
2025-04-17 16:50:52,579 DEBUG o.s.c.l.CompositeLog [DiscoveryClient-CacheRefreshExecutor-0] Accept=[application/json, application/*+json]
2025-04-17 16:50:52,595 DEBUG o.s.c.l.CompositeLog [DiscoveryClient-HeartbeatExecutor-0] Response 200 OK
2025-04-17 16:50:52,595 DEBUG o.s.c.l.CompositeLog [DiscoveryClient-CacheRefreshExecutor-0] Response 200 OK
2025-04-17 16:50:52,595 DEBUG o.s.c.l.CompositeLog [DiscoveryClient-CacheRefreshExecutor-0] Reading to [org.springframework.cloud.netflix.eureka.http.EurekaApplications]
2025-04-17 16:51:22,604 DEBUG o.s.c.l.CompositeLog [DiscoveryClient-HeartbeatExecutor-0] HTTP PUT http://localhost:8761/eureka/apps/USER-MANAGEMENT/192.168.1.4:user-management:8888?status=UP&lastDirtyTimestamp=1744897969423
2025-04-17 16:51:22,604 DEBUG o.s.c.l.CompositeLog [DiscoveryClient-CacheRefreshExecutor-0] HTTP GET http://localhost:8761/eureka/apps/delta
2025-04-17 16:51:22,605 DEBUG o.s.c.l.CompositeLog [DiscoveryClient-CacheRefreshExecutor-0] Accept=[application/json, application/*+json]
2025-04-17 16:51:22,605 DEBUG o.s.c.l.CompositeLog [DiscoveryClient-HeartbeatExecutor-0] Accept=[application/json, application/*+json]
2025-04-17 16:51:22,621 DEBUG o.s.c.l.CompositeLog [DiscoveryClient-HeartbeatExecutor-0] Response 200 OK
2025-04-17 16:51:22,621 DEBUG o.s.c.l.CompositeLog [DiscoveryClient-CacheRefreshExecutor-0] Response 200 OK
2025-04-17 16:51:22,622 DEBUG o.s.c.l.CompositeLog [DiscoveryClient-CacheRefreshExecutor-0] Reading to [org.springframework.cloud.netflix.eureka.http.EurekaApplications]
2025-04-17 16:51:52,631 DEBUG o.s.c.l.CompositeLog [DiscoveryClient-CacheRefreshExecutor-0] HTTP GET http://localhost:8761/eureka/apps/delta
2025-04-17 16:51:52,632 DEBUG o.s.c.l.CompositeLog [DiscoveryClient-CacheRefreshExecutor-0] Accept=[application/json, application/*+json]
2025-04-17 16:51:52,632 DEBUG o.s.c.l.CompositeLog [DiscoveryClient-HeartbeatExecutor-0] HTTP PUT http://localhost:8761/eureka/apps/USER-MANAGEMENT/192.168.1.4:user-management:8888?status=UP&lastDirtyTimestamp=1744897969423
2025-04-17 16:51:52,632 DEBUG o.s.c.l.CompositeLog [DiscoveryClient-HeartbeatExecutor-0] Accept=[application/json, application/*+json]
2025-04-17 16:51:52,648 DEBUG o.s.c.l.CompositeLog [DiscoveryClient-HeartbeatExecutor-0] Response 200 OK
2025-04-17 16:51:52,648 DEBUG o.s.c.l.CompositeLog [DiscoveryClient-CacheRefreshExecutor-0] Response 200 OK
2025-04-17 16:51:52,648 DEBUG o.s.c.l.CompositeLog [DiscoveryClient-CacheRefreshExecutor-0] Reading to [org.springframework.cloud.netflix.eureka.http.EurekaApplications]
2025-04-17 16:52:22,670 DEBUG o.s.c.l.CompositeLog [DiscoveryClient-HeartbeatExecutor-0] HTTP PUT http://localhost:8761/eureka/apps/USER-MANAGEMENT/192.168.1.4:user-management:8888?status=UP&lastDirtyTimestamp=1744897969423
2025-04-17 16:52:22,670 DEBUG o.s.c.l.CompositeLog [DiscoveryClient-CacheRefreshExecutor-0] HTTP GET http://localhost:8761/eureka/apps/delta
2025-04-17 16:52:22,671 DEBUG o.s.c.l.CompositeLog [DiscoveryClient-CacheRefreshExecutor-0] Accept=[application/json, application/*+json]
2025-04-17 16:52:22,671 DEBUG o.s.c.l.CompositeLog [DiscoveryClient-HeartbeatExecutor-0] Accept=[application/json, application/*+json]
2025-04-17 16:52:22,689 DEBUG o.s.c.l.CompositeLog [DiscoveryClient-HeartbeatExecutor-0] Response 200 OK
2025-04-17 16:52:22,689 DEBUG o.s.c.l.CompositeLog [DiscoveryClient-CacheRefreshExecutor-0] Response 200 OK
2025-04-17 16:52:22,689 DEBUG o.s.c.l.CompositeLog [DiscoveryClient-CacheRefreshExecutor-0] Reading to [org.springframework.cloud.netflix.eureka.http.EurekaApplications]
2025-04-17 16:52:49,136 INFO c.n.d.s.r.a.ConfigClusterResolver [AsyncResolver-bootstrap-executor-0] Resolving eureka endpoints via configuration
2025-04-17 16:52:52,704 DEBUG o.s.c.l.CompositeLog [DiscoveryClient-HeartbeatExecutor-0] HTTP PUT http://localhost:8761/eureka/apps/USER-MANAGEMENT/192.168.1.4:user-management:8888?status=UP&lastDirtyTimestamp=1744897969423
2025-04-17 16:52:52,704 DEBUG o.s.c.l.CompositeLog [DiscoveryClient-CacheRefreshExecutor-0] HTTP GET http://localhost:8761/eureka/apps/delta
2025-04-17 16:52:52,704 DEBUG o.s.c.l.CompositeLog [DiscoveryClient-CacheRefreshExecutor-0] Accept=[application/json, application/*+json]
2025-04-17 16:52:52,704 DEBUG o.s.c.l.CompositeLog [DiscoveryClient-HeartbeatExecutor-0] Accept=[application/json, application/*+json]
2025-04-17 16:52:52,721 DEBUG o.s.c.l.CompositeLog [DiscoveryClient-HeartbeatExecutor-0] Response 200 OK
2025-04-17 16:52:52,721 DEBUG o.s.c.l.CompositeLog [DiscoveryClient-CacheRefreshExecutor-0] Response 200 OK
2025-04-17 16:52:52,721 DEBUG o.s.c.l.CompositeLog [DiscoveryClient-CacheRefreshExecutor-0] Reading to [org.springframework.cloud.netflix.eureka.http.EurekaApplications]
2025-04-17 16:53:22,735 DEBUG o.s.c.l.CompositeLog [DiscoveryClient-HeartbeatExecutor-0] HTTP PUT http://localhost:8761/eureka/apps/USER-MANAGEMENT/192.168.1.4:user-management:8888?status=UP&lastDirtyTimestamp=1744897969423
2025-04-17 16:53:22,735 DEBUG o.s.c.l.CompositeLog [DiscoveryClient-CacheRefreshExecutor-0] HTTP GET http://localhost:8761/eureka/apps/delta
2025-04-17 16:53:22,735 DEBUG o.s.c.l.CompositeLog [DiscoveryClient-CacheRefreshExecutor-0] Accept=[application/json, application/*+json]
2025-04-17 16:53:22,735 DEBUG o.s.c.l.CompositeLog [DiscoveryClient-HeartbeatExecutor-0] Accept=[application/json, application/*+json]
2025-04-17 16:53:22,753 DEBUG o.s.c.l.CompositeLog [DiscoveryClient-HeartbeatExecutor-0] Response 200 OK
2025-04-17 16:53:22,753 DEBUG o.s.c.l.CompositeLog [DiscoveryClient-CacheRefreshExecutor-0] Response 200 OK
2025-04-17 16:53:22,754 DEBUG o.s.c.l.CompositeLog [DiscoveryClient-CacheRefreshExecutor-0] Reading to [org.springframework.cloud.netflix.eureka.http.EurekaApplications]
2025-04-17 16:53:52,760 DEBUG o.s.c.l.CompositeLog [DiscoveryClient-HeartbeatExecutor-0] HTTP PUT http://localhost:8761/eureka/apps/USER-MANAGEMENT/192.168.1.4:user-management:8888?status=UP&lastDirtyTimestamp=1744897969423
2025-04-17 16:53:52,760 DEBUG o.s.c.l.CompositeLog [DiscoveryClient-CacheRefreshExecutor-0] HTTP GET http://localhost:8761/eureka/apps/delta
2025-04-17 16:53:52,761 DEBUG o.s.c.l.CompositeLog [DiscoveryClient-HeartbeatExecutor-0] Accept=[application/json, application/*+json]
2025-04-17 16:53:52,761 DEBUG o.s.c.l.CompositeLog [DiscoveryClient-CacheRefreshExecutor-0] Accept=[application/json, application/*+json]
2025-04-17 16:53:52,777 DEBUG o.s.c.l.CompositeLog [DiscoveryClient-HeartbeatExecutor-0] Response 200 OK
2025-04-17 16:53:52,777 DEBUG o.s.c.l.CompositeLog [DiscoveryClient-CacheRefreshExecutor-0] Response 200 OK
2025-04-17 16:53:52,777 DEBUG o.s.c.l.CompositeLog [DiscoveryClient-CacheRefreshExecutor-0] Reading to [org.springframework.cloud.netflix.eureka.http.EurekaApplications]
2025-04-17 16:54:22,786 DEBUG o.s.c.l.CompositeLog [DiscoveryClient-CacheRefreshExecutor-0] HTTP GET http://localhost:8761/eureka/apps/delta
2025-04-17 16:54:22,786 DEBUG o.s.c.l.CompositeLog [DiscoveryClient-HeartbeatExecutor-0] HTTP PUT http://localhost:8761/eureka/apps/USER-MANAGEMENT/192.168.1.4:user-management:8888?status=UP&lastDirtyTimestamp=1744897969423
2025-04-17 16:54:22,786 DEBUG o.s.c.l.CompositeLog [DiscoveryClient-CacheRefreshExecutor-0] Accept=[application/json, application/*+json]
2025-04-17 16:54:22,786 DEBUG o.s.c.l.CompositeLog [DiscoveryClient-HeartbeatExecutor-0] Accept=[application/json, application/*+json]
2025-04-17 16:54:22,802 DEBUG o.s.c.l.CompositeLog [DiscoveryClient-HeartbeatExecutor-0] Response 200 OK
2025-04-17 16:54:22,802 DEBUG o.s.c.l.CompositeLog [DiscoveryClient-CacheRefreshExecutor-0] Response 200 OK
2025-04-17 16:54:22,803 DEBUG o.s.c.l.CompositeLog [DiscoveryClient-CacheRefreshExecutor-0] Reading to [org.springframework.cloud.netflix.eureka.http.EurekaApplications]
2025-04-17 16:54:52,809 DEBUG o.s.c.l.CompositeLog [DiscoveryClient-HeartbeatExecutor-0] HTTP PUT http://localhost:8761/eureka/apps/USER-MANAGEMENT/192.168.1.4:user-management:8888?status=UP&lastDirtyTimestamp=1744897969423
2025-04-17 16:54:52,809 DEBUG o.s.c.l.CompositeLog [DiscoveryClient-CacheRefreshExecutor-0] HTTP GET http://localhost:8761/eureka/apps/delta
2025-04-17 16:54:52,810 DEBUG o.s.c.l.CompositeLog [DiscoveryClient-HeartbeatExecutor-0] Accept=[application/json, application/*+json]
2025-04-17 16:54:52,810 DEBUG o.s.c.l.CompositeLog [DiscoveryClient-CacheRefreshExecutor-0] Accept=[application/json, application/*+json]
2025-04-17 16:54:52,825 DEBUG o.s.c.l.CompositeLog [DiscoveryClient-CacheRefreshExecutor-0] Response 200 OK
2025-04-17 16:54:52,825 DEBUG o.s.c.l.CompositeLog [DiscoveryClient-HeartbeatExecutor-0] Response 200 OK
2025-04-17 16:54:52,826 DEBUG o.s.c.l.CompositeLog [DiscoveryClient-CacheRefreshExecutor-0] Reading to [org.springframework.cloud.netflix.eureka.http.EurekaApplications]
2025-04-17 16:55:22,835 DEBUG o.s.c.l.CompositeLog [DiscoveryClient-CacheRefreshExecutor-0] HTTP GET http://localhost:8761/eureka/apps/delta
2025-04-17 16:55:22,835 DEBUG o.s.c.l.CompositeLog [DiscoveryClient-HeartbeatExecutor-0] HTTP PUT http://localhost:8761/eureka/apps/USER-MANAGEMENT/192.168.1.4:user-management:8888?status=UP&lastDirtyTimestamp=1744897969423
2025-04-17 16:55:22,835 DEBUG o.s.c.l.CompositeLog [DiscoveryClient-CacheRefreshExecutor-0] Accept=[application/json, application/*+json]
2025-04-17 16:55:22,835 DEBUG o.s.c.l.CompositeLog [DiscoveryClient-HeartbeatExecutor-0] Accept=[application/json, application/*+json]
2025-04-17 16:55:22,854 DEBUG o.s.c.l.CompositeLog [DiscoveryClient-CacheRefreshExecutor-0] Response 200 OK
2025-04-17 16:55:22,854 DEBUG o.s.c.l.CompositeLog [DiscoveryClient-HeartbeatExecutor-0] Response 200 OK
2025-04-17 16:55:22,855 DEBUG o.s.c.l.CompositeLog [DiscoveryClient-CacheRefreshExecutor-0] Reading to [org.springframework.cloud.netflix.eureka.http.EurekaApplications]
2025-04-17 16:55:52,861 DEBUG o.s.c.l.CompositeLog [DiscoveryClient-HeartbeatExecutor-0] HTTP PUT http://localhost:8761/eureka/apps/USER-MANAGEMENT/192.168.1.4:user-management:8888?status=UP&lastDirtyTimestamp=1744897969423
2025-04-17 16:55:52,861 DEBUG o.s.c.l.CompositeLog [DiscoveryClient-CacheRefreshExecutor-0] HTTP GET http://localhost:8761/eureka/apps/delta
2025-04-17 16:55:52,862 DEBUG o.s.c.l.CompositeLog [DiscoveryClient-HeartbeatExecutor-0] Accept=[application/json, application/*+json]
2025-04-17 16:55:52,862 DEBUG o.s.c.l.CompositeLog [DiscoveryClient-CacheRefreshExecutor-0] Accept=[application/json, application/*+json]
2025-04-17 16:55:52,875 DEBUG o.s.c.l.CompositeLog [DiscoveryClient-CacheRefreshExecutor-0] Response 200 OK
2025-04-17 16:55:52,876 DEBUG o.s.c.l.CompositeLog [DiscoveryClient-CacheRefreshExecutor-0] Reading to [org.springframework.cloud.netflix.eureka.http.EurekaApplications]
2025-04-17 16:55:52,876 DEBUG o.s.c.l.CompositeLog [DiscoveryClient-HeartbeatExecutor-0] Response 200 OK
2025-04-17 16:56:22,892 DEBUG o.s.c.l.CompositeLog [DiscoveryClient-HeartbeatExecutor-0] HTTP PUT http://localhost:8761/eureka/apps/USER-MANAGEMENT/192.168.1.4:user-management:8888?status=UP&lastDirtyTimestamp=1744897969423
2025-04-17 16:56:22,892 DEBUG o.s.c.l.CompositeLog [DiscoveryClient-CacheRefreshExecutor-0] HTTP GET http://localhost:8761/eureka/apps/delta
2025-04-17 16:56:22,892 DEBUG o.s.c.l.CompositeLog [DiscoveryClient-HeartbeatExecutor-0] Accept=[application/json, application/*+json]
2025-04-17 16:56:22,892 DEBUG o.s.c.l.CompositeLog [DiscoveryClient-CacheRefreshExecutor-0] Accept=[application/json, application/*+json]
2025-04-17 16:56:22,908 DEBUG o.s.c.l.CompositeLog [DiscoveryClient-CacheRefreshExecutor-0] Response 200 OK
2025-04-17 16:56:22,908 DEBUG o.s.c.l.CompositeLog [DiscoveryClient-HeartbeatExecutor-0] Response 200 OK
2025-04-17 16:56:22,908 DEBUG o.s.c.l.CompositeLog [DiscoveryClient-CacheRefreshExecutor-0] Reading to [org.springframework.cloud.netflix.eureka.http.EurekaApplications]
2025-04-17 16:56:52,912 DEBUG o.s.c.l.CompositeLog [DiscoveryClient-CacheRefreshExecutor-0] HTTP GET http://localhost:8761/eureka/apps/delta
2025-04-17 16:56:52,912 DEBUG o.s.c.l.CompositeLog [DiscoveryClient-HeartbeatExecutor-0] HTTP PUT http://localhost:8761/eureka/apps/USER-MANAGEMENT/192.168.1.4:user-management:8888?status=UP&lastDirtyTimestamp=1744897969423
2025-04-17 16:56:52,912 DEBUG o.s.c.l.CompositeLog [DiscoveryClient-HeartbeatExecutor-0] Accept=[application/json, application/*+json]
2025-04-17 16:56:52,912 DEBUG o.s.c.l.CompositeLog [DiscoveryClient-CacheRefreshExecutor-0] Accept=[application/json, application/*+json]
2025-04-17 16:56:52,930 DEBUG o.s.c.l.CompositeLog [DiscoveryClient-HeartbeatExecutor-0] Response 200 OK
2025-04-17 16:56:52,930 DEBUG o.s.c.l.CompositeLog [DiscoveryClient-CacheRefreshExecutor-0] Response 200 OK
2025-04-17 16:56:52,931 DEBUG o.s.c.l.CompositeLog [DiscoveryClient-CacheRefreshExecutor-0] Reading to [org.springframework.cloud.netflix.eureka.http.EurekaApplications]
2025-04-17 16:57:22,942 DEBUG o.s.c.l.CompositeLog [DiscoveryClient-CacheRefreshExecutor-0] HTTP GET http://localhost:8761/eureka/apps/delta
2025-04-17 16:57:22,942 DEBUG o.s.c.l.CompositeLog [DiscoveryClient-HeartbeatExecutor-0] HTTP PUT http://localhost:8761/eureka/apps/USER-MANAGEMENT/192.168.1.4:user-management:8888?status=UP&lastDirtyTimestamp=1744897969423
2025-04-17 16:57:22,943 DEBUG o.s.c.l.CompositeLog [DiscoveryClient-HeartbeatExecutor-0] Accept=[application/json, application/*+json]
2025-04-17 16:57:22,943 DEBUG o.s.c.l.CompositeLog [DiscoveryClient-CacheRefreshExecutor-0] Accept=[application/json, application/*+json]
2025-04-17 16:57:22,959 DEBUG o.s.c.l.CompositeLog [DiscoveryClient-CacheRefreshExecutor-0] Response 200 OK
2025-04-17 16:57:22,959 DEBUG o.s.c.l.CompositeLog [DiscoveryClient-HeartbeatExecutor-0] Response 200 OK
2025-04-17 16:57:22,959 DEBUG o.s.c.l.CompositeLog [DiscoveryClient-CacheRefreshExecutor-0] Reading to [org.springframework.cloud.netflix.eureka.http.EurekaApplications]
2025-04-17 16:57:49,144 INFO c.n.d.s.r.a.ConfigClusterResolver [AsyncResolver-bootstrap-executor-0] Resolving eureka endpoints via configuration
2025-04-17 16:57:52,972 DEBUG o.s.c.l.CompositeLog [DiscoveryClient-CacheRefreshExecutor-0] HTTP GET http://localhost:8761/eureka/apps/delta
2025-04-17 16:57:52,972 DEBUG o.s.c.l.CompositeLog [DiscoveryClient-HeartbeatExecutor-0] HTTP PUT http://localhost:8761/eureka/apps/USER-MANAGEMENT/192.168.1.4:user-management:8888?status=UP&lastDirtyTimestamp=1744897969423
2025-04-17 16:57:52,972 DEBUG o.s.c.l.CompositeLog [DiscoveryClient-HeartbeatExecutor-0] Accept=[application/json, application/*+json]
2025-04-17 16:57:52,972 DEBUG o.s.c.l.CompositeLog [DiscoveryClient-CacheRefreshExecutor-0] Accept=[application/json, application/*+json]
2025-04-17 16:57:52,988 DEBUG o.s.c.l.CompositeLog [DiscoveryClient-HeartbeatExecutor-0] Response 200 OK
2025-04-17 16:57:52,988 DEBUG o.s.c.l.CompositeLog [DiscoveryClient-CacheRefreshExecutor-0] Response 200 OK
2025-04-17 16:57:52,988 DEBUG o.s.c.l.CompositeLog [DiscoveryClient-CacheRefreshExecutor-0] Reading to [org.springframework.cloud.netflix.eureka.http.EurekaApplications]
2025-04-17 16:58:22,994 DEBUG o.s.c.l.CompositeLog [DiscoveryClient-HeartbeatExecutor-0] HTTP PUT http://localhost:8761/eureka/apps/USER-MANAGEMENT/192.168.1.4:user-management:8888?status=UP&lastDirtyTimestamp=1744897969423
2025-04-17 16:58:22,994 DEBUG o.s.c.l.CompositeLog [DiscoveryClient-CacheRefreshExecutor-0] HTTP GET http://localhost:8761/eureka/apps/delta
2025-04-17 16:58:22,995 DEBUG o.s.c.l.CompositeLog [DiscoveryClient-CacheRefreshExecutor-0] Accept=[application/json, application/*+json]
2025-04-17 16:58:22,995 DEBUG o.s.c.l.CompositeLog [DiscoveryClient-HeartbeatExecutor-0] Accept=[application/json, application/*+json]
2025-04-17 16:58:23,010 DEBUG o.s.c.l.CompositeLog [DiscoveryClient-CacheRefreshExecutor-0] Response 200 OK
2025-04-17 16:58:23,010 DEBUG o.s.c.l.CompositeLog [DiscoveryClient-HeartbeatExecutor-0] Response 200 OK
2025-04-17 16:58:23,010 DEBUG o.s.c.l.CompositeLog [DiscoveryClient-CacheRefreshExecutor-0] Reading to [org.springframework.cloud.netflix.eureka.http.EurekaApplications]
2025-04-17 16:58:53,021 DEBUG o.s.c.l.CompositeLog [DiscoveryClient-CacheRefreshExecutor-0] HTTP GET http://localhost:8761/eureka/apps/delta
2025-04-17 16:58:53,021 DEBUG o.s.c.l.CompositeLog [DiscoveryClient-HeartbeatExecutor-0] HTTP PUT http://localhost:8761/eureka/apps/USER-MANAGEMENT/192.168.1.4:user-management:8888?status=UP&lastDirtyTimestamp=1744897969423
2025-04-17 16:58:53,022 DEBUG o.s.c.l.CompositeLog [DiscoveryClient-CacheRefreshExecutor-0] Accept=[application/json, application/*+json]
2025-04-17 16:58:53,022 DEBUG o.s.c.l.CompositeLog [DiscoveryClient-HeartbeatExecutor-0] Accept=[application/json, application/*+json]
2025-04-17 16:58:53,038 DEBUG o.s.c.l.CompositeLog [DiscoveryClient-CacheRefreshExecutor-0] Response 200 OK
2025-04-17 16:58:53,038 DEBUG o.s.c.l.CompositeLog [DiscoveryClient-HeartbeatExecutor-0] Response 200 OK
2025-04-17 16:58:53,038 DEBUG o.s.c.l.CompositeLog [DiscoveryClient-CacheRefreshExecutor-0] Reading to [org.springframework.cloud.netflix.eureka.http.EurekaApplications]
2025-04-17 16:59:23,049 DEBUG o.s.c.l.CompositeLog [DiscoveryClient-CacheRefreshExecutor-0] HTTP GET http://localhost:8761/eureka/apps/delta
2025-04-17 16:59:23,049 DEBUG o.s.c.l.CompositeLog [DiscoveryClient-HeartbeatExecutor-0] HTTP PUT http://localhost:8761/eureka/apps/USER-MANAGEMENT/192.168.1.4:user-management:8888?status=UP&lastDirtyTimestamp=1744897969423
2025-04-17 16:59:23,050 DEBUG o.s.c.l.CompositeLog [DiscoveryClient-CacheRefreshExecutor-0] Accept=[application/json, application/*+json]
2025-04-17 16:59:23,050 DEBUG o.s.c.l.CompositeLog [DiscoveryClient-HeartbeatExecutor-0] Accept=[application/json, application/*+json]
2025-04-17 16:59:23,065 DEBUG o.s.c.l.CompositeLog [DiscoveryClient-CacheRefreshExecutor-0] Response 200 OK
2025-04-17 16:59:23,065 DEBUG o.s.c.l.CompositeLog [DiscoveryClient-HeartbeatExecutor-0] Response 200 OK
2025-04-17 16:59:23,066 DEBUG o.s.c.l.CompositeLog [DiscoveryClient-CacheRefreshExecutor-0] Reading to [org.springframework.cloud.netflix.eureka.http.EurekaApplications]
2025-04-17 16:59:53,068 DEBUG o.s.c.l.CompositeLog [DiscoveryClient-HeartbeatExecutor-0] HTTP PUT http://localhost:8761/eureka/apps/USER-MANAGEMENT/192.168.1.4:user-management:8888?status=UP&lastDirtyTimestamp=1744897969423
2025-04-17 16:59:53,068 DEBUG o.s.c.l.CompositeLog [DiscoveryClient-HeartbeatExecutor-0] Accept=[application/json, application/*+json]
2025-04-17 16:59:53,082 DEBUG o.s.c.l.CompositeLog [DiscoveryClient-CacheRefreshExecutor-0] HTTP GET http://localhost:8761/eureka/apps/delta
2025-04-17 16:59:53,083 DEBUG o.s.c.l.CompositeLog [DiscoveryClient-CacheRefreshExecutor-0] Accept=[application/json, application/*+json]
2025-04-17 16:59:53,086 DEBUG o.s.c.l.CompositeLog [DiscoveryClient-HeartbeatExecutor-0] Response 200 OK
2025-04-17 16:59:53,099 DEBUG o.s.c.l.CompositeLog [DiscoveryClient-CacheRefreshExecutor-0] Response 200 OK
2025-04-17 16:59:53,099 DEBUG o.s.c.l.CompositeLog [DiscoveryClient-CacheRefreshExecutor-0] Reading to [org.springframework.cloud.netflix.eureka.http.EurekaApplications]
2025-04-17 17:00:23,100 DEBUG o.s.c.l.CompositeLog [DiscoveryClient-HeartbeatExecutor-0] HTTP PUT http://localhost:8761/eureka/apps/USER-MANAGEMENT/192.168.1.4:user-management:8888?status=UP&lastDirtyTimestamp=1744897969423
2025-04-17 17:00:23,102 DEBUG o.s.c.l.CompositeLog [DiscoveryClient-HeartbeatExecutor-0] Accept=[application/json, application/*+json]
2025-04-17 17:00:23,117 DEBUG o.s.c.l.CompositeLog [DiscoveryClient-CacheRefreshExecutor-0] HTTP GET http://localhost:8761/eureka/apps/delta
2025-04-17 17:00:23,117 DEBUG o.s.c.l.CompositeLog [DiscoveryClient-CacheRefreshExecutor-0] Accept=[application/json, application/*+json]
2025-04-17 17:00:23,118 DEBUG o.s.c.l.CompositeLog [DiscoveryClient-HeartbeatExecutor-0] Response 200 OK
2025-04-17 17:00:23,133 DEBUG o.s.c.l.CompositeLog [DiscoveryClient-CacheRefreshExecutor-0] Response 200 OK
2025-04-17 17:00:23,133 DEBUG o.s.c.l.CompositeLog [DiscoveryClient-CacheRefreshExecutor-0] Reading to [org.springframework.cloud.netflix.eureka.http.EurekaApplications]
2025-04-17 17:00:53,124 DEBUG o.s.c.l.CompositeLog [DiscoveryClient-HeartbeatExecutor-0] HTTP PUT http://localhost:8761/eureka/apps/USER-MANAGEMENT/192.168.1.4:user-management:8888?status=UP&lastDirtyTimestamp=1744897969423
2025-04-17 17:00:53,125 DEBUG o.s.c.l.CompositeLog [DiscoveryClient-HeartbeatExecutor-0] Accept=[application/json, application/*+json]
2025-04-17 17:00:53,139 DEBUG o.s.c.l.CompositeLog [DiscoveryClient-CacheRefreshExecutor-0] HTTP GET http://localhost:8761/eureka/apps/delta
2025-04-17 17:00:53,139 DEBUG o.s.c.l.CompositeLog [DiscoveryClient-CacheRefreshExecutor-0] Accept=[application/json, application/*+json]
2025-04-17 17:00:53,140 DEBUG o.s.c.l.CompositeLog [DiscoveryClient-HeartbeatExecutor-0] Response 200 OK
2025-04-17 17:00:53,157 DEBUG o.s.c.l.CompositeLog [DiscoveryClient-CacheRefreshExecutor-0] Response 200 OK
2025-04-17 17:00:53,157 DEBUG o.s.c.l.CompositeLog [DiscoveryClient-CacheRefreshExecutor-0] Reading to [org.springframework.cloud.netflix.eureka.http.EurekaApplications]
2025-04-17 17:01:23,148 DEBUG o.s.c.l.CompositeLog [DiscoveryClient-HeartbeatExecutor-0] HTTP PUT http://localhost:8761/eureka/apps/USER-MANAGEMENT/192.168.1.4:user-management:8888?status=UP&lastDirtyTimestamp=1744897969423
2025-04-17 17:01:23,158 DEBUG o.s.c.l.CompositeLog [DiscoveryClient-HeartbeatExecutor-0] Accept=[application/json, application/*+json]
2025-04-17 17:01:23,161 DEBUG o.s.c.l.CompositeLog [DiscoveryClient-CacheRefreshExecutor-0] HTTP GET http://localhost:8761/eureka/apps/delta
2025-04-17 17:01:23,161 DEBUG o.s.c.l.CompositeLog [DiscoveryClient-CacheRefreshExecutor-0] Accept=[application/json, application/*+json]
2025-04-17 17:01:23,163 DEBUG o.s.c.l.CompositeLog [DiscoveryClient-HeartbeatExecutor-0] Response 200 OK
2025-04-17 17:01:23,178 DEBUG o.s.c.l.CompositeLog [DiscoveryClient-CacheRefreshExecutor-0] Response 200 OK
2025-04-17 17:01:23,178 DEBUG o.s.c.l.CompositeLog [DiscoveryClient-CacheRefreshExecutor-0] Reading to [org.springframework.cloud.netflix.eureka.http.EurekaApplications]
2025-04-17 17:01:53,165 DEBUG o.s.c.l.CompositeLog [DiscoveryClient-HeartbeatExecutor-0] HTTP PUT http://localhost:8761/eureka/apps/USER-MANAGEMENT/192.168.1.4:user-management:8888?status=UP&lastDirtyTimestamp=1744897969423
2025-04-17 17:01:53,165 DEBUG o.s.c.l.CompositeLog [DiscoveryClient-HeartbeatExecutor-0] Accept=[application/json, application/*+json]
2025-04-17 17:01:53,181 DEBUG o.s.c.l.CompositeLog [DiscoveryClient-CacheRefreshExecutor-0] HTTP GET http://localhost:8761/eureka/apps/delta
2025-04-17 17:01:53,182 DEBUG o.s.c.l.CompositeLog [DiscoveryClient-CacheRefreshExecutor-0] Accept=[application/json, application/*+json]
2025-04-17 17:01:53,182 DEBUG o.s.c.l.CompositeLog [DiscoveryClient-HeartbeatExecutor-0] Response 200 OK
2025-04-17 17:01:53,200 DEBUG o.s.c.l.CompositeLog [DiscoveryClient-CacheRefreshExecutor-0] Response 200 OK
2025-04-17 17:01:53,200 DEBUG o.s.c.l.CompositeLog [DiscoveryClient-CacheRefreshExecutor-0] Reading to [org.springframework.cloud.netflix.eureka.http.EurekaApplications]
2025-04-17 17:02:23,190 DEBUG o.s.c.l.CompositeLog [DiscoveryClient-HeartbeatExecutor-0] HTTP PUT http://localhost:8761/eureka/apps/USER-MANAGEMENT/192.168.1.4:user-management:8888?status=UP&lastDirtyTimestamp=1744897969423
2025-04-17 17:02:23,190 DEBUG o.s.c.l.CompositeLog [DiscoveryClient-HeartbeatExecutor-0] Accept=[application/json, application/*+json]
2025-04-17 17:02:23,203 DEBUG o.s.c.l.CompositeLog [DiscoveryClient-HeartbeatExecutor-0] Response 200 OK
2025-04-17 17:02:23,206 DEBUG o.s.c.l.CompositeLog [DiscoveryClient-CacheRefreshExecutor-0] HTTP GET http://localhost:8761/eureka/apps/delta
2025-04-17 17:02:23,207 DEBUG o.s.c.l.CompositeLog [DiscoveryClient-CacheRefreshExecutor-0] Accept=[application/json, application/*+json]
2025-04-17 17:02:23,218 DEBUG o.s.c.l.CompositeLog [DiscoveryClient-CacheRefreshExecutor-0] Response 200 OK
2025-04-17 17:02:23,218 DEBUG o.s.c.l.CompositeLog [DiscoveryClient-CacheRefreshExecutor-0] Reading to [org.springframework.cloud.netflix.eureka.http.EurekaApplications]
2025-04-17 17:02:49,153 INFO c.n.d.s.r.a.ConfigClusterResolver [AsyncResolver-bootstrap-executor-0] Resolving eureka endpoints via configuration
2025-04-17 17:02:53,220 DEBUG o.s.c.l.CompositeLog [DiscoveryClient-HeartbeatExecutor-0] HTTP PUT http://localhost:8761/eureka/apps/USER-MANAGEMENT/192.168.1.4:user-management:8888?status=UP&lastDirtyTimestamp=1744897969423
2025-04-17 17:02:53,221 DEBUG o.s.c.l.CompositeLog [DiscoveryClient-HeartbeatExecutor-0] Accept=[application/json, application/*+json]
2025-04-17 17:02:53,235 DEBUG o.s.c.l.CompositeLog [DiscoveryClient-CacheRefreshExecutor-0] HTTP GET http://localhost:8761/eureka/apps/delta
2025-04-17 17:02:53,235 DEBUG o.s.c.l.CompositeLog [DiscoveryClient-CacheRefreshExecutor-0] Accept=[application/json, application/*+json]
2025-04-17 17:02:53,236 DEBUG o.s.c.l.CompositeLog [DiscoveryClient-HeartbeatExecutor-0] Response 200 OK
2025-04-17 17:02:53,251 DEBUG o.s.c.l.CompositeLog [DiscoveryClient-CacheRefreshExecutor-0] Response 200 OK
2025-04-17 17:02:53,252 DEBUG o.s.c.l.CompositeLog [DiscoveryClient-CacheRefreshExecutor-0] Reading to [org.springframework.cloud.netflix.eureka.http.EurekaApplications]
2025-04-17 17:03:23,237 DEBUG o.s.c.l.CompositeLog [DiscoveryClient-HeartbeatExecutor-0] HTTP PUT http://localhost:8761/eureka/apps/USER-MANAGEMENT/192.168.1.4:user-management:8888?status=UP&lastDirtyTimestamp=1744897969423
2025-04-17 17:03:23,237 DEBUG o.s.c.l.CompositeLog [DiscoveryClient-HeartbeatExecutor-0] Accept=[application/json, application/*+json]
2025-04-17 17:03:23,254 DEBUG o.s.c.l.CompositeLog [DiscoveryClient-HeartbeatExecutor-0] Response 200 OK
2025-04-17 17:03:23,254 DEBUG o.s.c.l.CompositeLog [DiscoveryClient-CacheRefreshExecutor-0] HTTP GET http://localhost:8761/eureka/apps/delta
2025-04-17 17:03:23,254 DEBUG o.s.c.l.CompositeLog [DiscoveryClient-CacheRefreshExecutor-0] Accept=[application/json, application/*+json]
2025-04-17 17:03:23,269 DEBUG o.s.c.l.CompositeLog [DiscoveryClient-CacheRefreshExecutor-0] Response 200 OK
2025-04-17 17:03:23,270 DEBUG o.s.c.l.CompositeLog [DiscoveryClient-CacheRefreshExecutor-0] Reading to [org.springframework.cloud.netflix.eureka.http.EurekaApplications]
2025-04-17 17:03:53,257 DEBUG o.s.c.l.CompositeLog [DiscoveryClient-HeartbeatExecutor-0] HTTP PUT http://localhost:8761/eureka/apps/USER-MANAGEMENT/192.168.1.4:user-management:8888?status=UP&lastDirtyTimestamp=1744897969423
2025-04-17 17:03:53,257 DEBUG o.s.c.l.CompositeLog [DiscoveryClient-HeartbeatExecutor-0] Accept=[application/json, application/*+json]
2025-04-17 17:03:53,272 DEBUG o.s.c.l.CompositeLog [DiscoveryClient-CacheRefreshExecutor-0] HTTP GET http://localhost:8761/eureka/apps/delta
2025-04-17 17:03:53,272 DEBUG o.s.c.l.CompositeLog [DiscoveryClient-CacheRefreshExecutor-0] Accept=[application/json, application/*+json]
2025-04-17 17:03:53,275 DEBUG o.s.c.l.CompositeLog [DiscoveryClient-HeartbeatExecutor-0] Response 200 OK
2025-04-17 17:03:53,291 DEBUG o.s.c.l.CompositeLog [DiscoveryClient-CacheRefreshExecutor-0] Response 200 OK
2025-04-17 17:03:53,291 DEBUG o.s.c.l.CompositeLog [DiscoveryClient-CacheRefreshExecutor-0] Reading to [org.springframework.cloud.netflix.eureka.http.EurekaApplications]
2025-04-17 17:04:23,284 DEBUG o.s.c.l.CompositeLog [DiscoveryClient-HeartbeatExecutor-0] HTTP PUT http://localhost:8761/eureka/apps/USER-MANAGEMENT/192.168.1.4:user-management:8888?status=UP&lastDirtyTimestamp=1744897969423
2025-04-17 17:04:23,284 DEBUG o.s.c.l.CompositeLog [DiscoveryClient-HeartbeatExecutor-0] Accept=[application/json, application/*+json]
2025-04-17 17:04:23,302 DEBUG o.s.c.l.CompositeLog [DiscoveryClient-HeartbeatExecutor-0] Response 200 OK
2025-04-17 17:04:23,304 DEBUG o.s.c.l.CompositeLog [DiscoveryClient-CacheRefreshExecutor-0] HTTP GET http://localhost:8761/eureka/apps/delta
2025-04-17 17:04:23,313 DEBUG o.s.c.l.CompositeLog [DiscoveryClient-CacheRefreshExecutor-0] Accept=[application/json, application/*+json]
2025-04-17 17:04:23,318 DEBUG o.s.c.l.CompositeLog [DiscoveryClient-CacheRefreshExecutor-0] Response 200 OK
2025-04-17 17:04:23,319 DEBUG o.s.c.l.CompositeLog [DiscoveryClient-CacheRefreshExecutor-0] Reading to [org.springframework.cloud.netflix.eureka.http.EurekaApplications]
2025-04-17 17:04:53,316 DEBUG o.s.c.l.CompositeLog [DiscoveryClient-HeartbeatExecutor-0] HTTP PUT http://localhost:8761/eureka/apps/USER-MANAGEMENT/192.168.1.4:user-management:8888?status=UP&lastDirtyTimestamp=1744897969423
2025-04-17 17:04:53,316 DEBUG o.s.c.l.CompositeLog [DiscoveryClient-HeartbeatExecutor-0] Accept=[application/json, application/*+json]
2025-04-17 17:04:53,330 DEBUG o.s.c.l.CompositeLog [DiscoveryClient-CacheRefreshExecutor-0] HTTP GET http://localhost:8761/eureka/apps/delta
2025-04-17 17:04:53,332 DEBUG o.s.c.l.CompositeLog [DiscoveryClient-CacheRefreshExecutor-0] Accept=[application/json, application/*+json]
2025-04-17 17:04:53,332 DEBUG o.s.c.l.CompositeLog [DiscoveryClient-HeartbeatExecutor-0] Response 200 OK
2025-04-17 17:04:53,351 DEBUG o.s.c.l.CompositeLog [DiscoveryClient-CacheRefreshExecutor-0] Response 200 OK
2025-04-17 17:04:53,351 DEBUG o.s.c.l.CompositeLog [DiscoveryClient-CacheRefreshExecutor-0] Reading to [org.springframework.cloud.netflix.eureka.http.EurekaApplications]
2025-04-17 17:05:23,344 DEBUG o.s.c.l.CompositeLog [DiscoveryClient-HeartbeatExecutor-0] HTTP PUT http://localhost:8761/eureka/apps/USER-MANAGEMENT/192.168.1.4:user-management:8888?status=UP&lastDirtyTimestamp=1744897969423
2025-04-17 17:05:23,344 DEBUG o.s.c.l.CompositeLog [DiscoveryClient-HeartbeatExecutor-0] Accept=[application/json, application/*+json]
2025-04-17 17:05:23,360 DEBUG o.s.c.l.CompositeLog [DiscoveryClient-CacheRefreshExecutor-0] HTTP GET http://localhost:8761/eureka/apps/delta
2025-04-17 17:05:23,360 DEBUG o.s.c.l.CompositeLog [DiscoveryClient-CacheRefreshExecutor-0] Accept=[application/json, application/*+json]
2025-04-17 17:05:23,361 DEBUG o.s.c.l.CompositeLog [DiscoveryClient-HeartbeatExecutor-0] Response 200 OK
2025-04-17 17:05:23,378 DEBUG o.s.c.l.CompositeLog [DiscoveryClient-CacheRefreshExecutor-0] Response 200 OK
2025-04-17 17:05:23,379 DEBUG o.s.c.l.CompositeLog [DiscoveryClient-CacheRefreshExecutor-0] Reading to [org.springframework.cloud.netflix.eureka.http.EurekaApplications]
2025-04-17 17:05:53,365 DEBUG o.s.c.l.CompositeLog [DiscoveryClient-HeartbeatExecutor-0] HTTP PUT http://localhost:8761/eureka/apps/USER-MANAGEMENT/192.168.1.4:user-management:8888?status=UP&lastDirtyTimestamp=1744897969423
2025-04-17 17:05:53,366 DEBUG o.s.c.l.CompositeLog [DiscoveryClient-HeartbeatExecutor-0] Accept=[application/json, application/*+json]
2025-04-17 17:05:53,381 DEBUG o.s.c.l.CompositeLog [DiscoveryClient-CacheRefreshExecutor-0] HTTP GET http://localhost:8761/eureka/apps/delta
2025-04-17 17:05:53,382 DEBUG o.s.c.l.CompositeLog [DiscoveryClient-CacheRefreshExecutor-0] Accept=[application/json, application/*+json]
2025-04-17 17:05:53,384 DEBUG o.s.c.l.CompositeLog [DiscoveryClient-HeartbeatExecutor-0] Response 200 OK
2025-04-17 17:05:53,397 DEBUG o.s.c.l.CompositeLog [DiscoveryClient-CacheRefreshExecutor-0] Response 200 OK
2025-04-17 17:05:53,397 DEBUG o.s.c.l.CompositeLog [DiscoveryClient-CacheRefreshExecutor-0] Reading to [org.springframework.cloud.netflix.eureka.http.EurekaApplications]
2025-04-17 17:06:23,400 DEBUG o.s.c.l.CompositeLog [DiscoveryClient-CacheRefreshExecutor-0] HTTP GET http://localhost:8761/eureka/apps/delta
2025-04-17 17:06:23,400 DEBUG o.s.c.l.CompositeLog [DiscoveryClient-HeartbeatExecutor-0] HTTP PUT http://localhost:8761/eureka/apps/USER-MANAGEMENT/192.168.1.4:user-management:8888?status=UP&lastDirtyTimestamp=1744897969423
2025-04-17 17:06:23,401 DEBUG o.s.c.l.CompositeLog [DiscoveryClient-HeartbeatExecutor-0] Accept=[application/json, application/*+json]
2025-04-17 17:06:23,401 DEBUG o.s.c.l.CompositeLog [DiscoveryClient-CacheRefreshExecutor-0] Accept=[application/json, application/*+json]
2025-04-17 17:06:23,416 DEBUG o.s.c.l.CompositeLog [DiscoveryClient-HeartbeatExecutor-0] Response 200 OK
2025-04-17 17:06:23,416 DEBUG o.s.c.l.CompositeLog [DiscoveryClient-CacheRefreshExecutor-0] Response 200 OK
2025-04-17 17:06:23,417 DEBUG o.s.c.l.CompositeLog [DiscoveryClient-CacheRefreshExecutor-0] Reading to [org.springframework.cloud.netflix.eureka.http.EurekaApplications]
2025-04-17 17:06:53,419 DEBUG o.s.c.l.CompositeLog [DiscoveryClient-CacheRefreshExecutor-0] HTTP GET http://localhost:8761/eureka/apps/delta
2025-04-17 17:06:53,419 DEBUG o.s.c.l.CompositeLog [DiscoveryClient-HeartbeatExecutor-0] HTTP PUT http://localhost:8761/eureka/apps/USER-MANAGEMENT/192.168.1.4:user-management:8888?status=UP&lastDirtyTimestamp=1744897969423
2025-04-17 17:06:53,419 DEBUG o.s.c.l.CompositeLog [DiscoveryClient-HeartbeatExecutor-0] Accept=[application/json, application/*+json]
2025-04-17 17:06:53,419 DEBUG o.s.c.l.CompositeLog [DiscoveryClient-CacheRefreshExecutor-0] Accept=[application/json, application/*+json]
2025-04-17 17:06:53,435 DEBUG o.s.c.l.CompositeLog [DiscoveryClient-HeartbeatExecutor-0] Response 200 OK
2025-04-17 17:06:53,435 DEBUG o.s.c.l.CompositeLog [DiscoveryClient-CacheRefreshExecutor-0] Response 200 OK
2025-04-17 17:06:53,436 DEBUG o.s.c.l.CompositeLog [DiscoveryClient-CacheRefreshExecutor-0] Reading to [org.springframework.cloud.netflix.eureka.http.EurekaApplications]
2025-04-17 17:07:23,444 DEBUG o.s.c.l.CompositeLog [DiscoveryClient-HeartbeatExecutor-0] HTTP PUT http://localhost:8761/eureka/apps/USER-MANAGEMENT/192.168.1.4:user-management:8888?status=UP&lastDirtyTimestamp=1744897969423
2025-04-17 17:07:23,444 DEBUG o.s.c.l.CompositeLog [DiscoveryClient-CacheRefreshExecutor-0] HTTP GET http://localhost:8761/eureka/apps/delta
2025-04-17 17:07:23,445 DEBUG o.s.c.l.CompositeLog [DiscoveryClient-HeartbeatExecutor-0] Accept=[application/json, application/*+json]
2025-04-17 17:07:23,445 DEBUG o.s.c.l.CompositeLog [DiscoveryClient-CacheRefreshExecutor-0] Accept=[application/json, application/*+json]
2025-04-17 17:07:23,460 DEBUG o.s.c.l.CompositeLog [DiscoveryClient-CacheRefreshExecutor-0] Response 200 OK
2025-04-17 17:07:23,460 DEBUG o.s.c.l.CompositeLog [DiscoveryClient-HeartbeatExecutor-0] Response 200 OK
2025-04-17 17:07:23,460 DEBUG o.s.c.l.CompositeLog [DiscoveryClient-CacheRefreshExecutor-0] Reading to [org.springframework.cloud.netflix.eureka.http.EurekaApplications]
2025-04-17 17:07:49,158 INFO c.n.d.s.r.a.ConfigClusterResolver [AsyncResolver-bootstrap-executor-0] Resolving eureka endpoints via configuration
2025-04-17 17:07:53,476 DEBUG o.s.c.l.CompositeLog [DiscoveryClient-HeartbeatExecutor-0] HTTP PUT http://localhost:8761/eureka/apps/USER-MANAGEMENT/192.168.1.4:user-management:8888?status=UP&lastDirtyTimestamp=1744897969423
2025-04-17 17:07:53,476 DEBUG o.s.c.l.CompositeLog [DiscoveryClient-CacheRefreshExecutor-0] HTTP GET http://localhost:8761/eureka/apps/delta
2025-04-17 17:07:53,477 DEBUG o.s.c.l.CompositeLog [DiscoveryClient-CacheRefreshExecutor-0] Accept=[application/json, application/*+json]
2025-04-17 17:07:53,477 DEBUG o.s.c.l.CompositeLog [DiscoveryClient-HeartbeatExecutor-0] Accept=[application/json, application/*+json]
2025-04-17 17:07:53,495 DEBUG o.s.c.l.CompositeLog [DiscoveryClient-HeartbeatExecutor-0] Response 200 OK
2025-04-17 17:07:53,495 DEBUG o.s.c.l.CompositeLog [DiscoveryClient-CacheRefreshExecutor-0] Response 200 OK
2025-04-17 17:07:53,496 DEBUG o.s.c.l.CompositeLog [DiscoveryClient-CacheRefreshExecutor-0] Reading to [org.springframework.cloud.netflix.eureka.http.EurekaApplications]
2025-04-17 17:08:23,497 DEBUG o.s.c.l.CompositeLog [DiscoveryClient-HeartbeatExecutor-0] HTTP PUT http://localhost:8761/eureka/apps/USER-MANAGEMENT/192.168.1.4:user-management:8888?status=UP&lastDirtyTimestamp=1744897969423
2025-04-17 17:08:23,498 DEBUG o.s.c.l.CompositeLog [DiscoveryClient-HeartbeatExecutor-0] Accept=[application/json, application/*+json]
2025-04-17 17:08:23,512 DEBUG o.s.c.l.CompositeLog [DiscoveryClient-CacheRefreshExecutor-0] HTTP GET http://localhost:8761/eureka/apps/delta
2025-04-17 17:08:23,513 DEBUG o.s.c.l.CompositeLog [DiscoveryClient-CacheRefreshExecutor-0] Accept=[application/json, application/*+json]
2025-04-17 17:08:23,514 DEBUG o.s.c.l.CompositeLog [DiscoveryClient-HeartbeatExecutor-0] Response 200 OK
2025-04-17 17:08:23,531 DEBUG o.s.c.l.CompositeLog [DiscoveryClient-CacheRefreshExecutor-0] Response 200 OK
2025-04-17 17:08:23,533 DEBUG o.s.c.l.CompositeLog [DiscoveryClient-CacheRefreshExecutor-0] Reading to [org.springframework.cloud.netflix.eureka.http.EurekaApplications]
2025-04-17 17:08:53,521 DEBUG o.s.c.l.CompositeLog [DiscoveryClient-HeartbeatExecutor-0] HTTP PUT http://localhost:8761/eureka/apps/USER-MANAGEMENT/192.168.1.4:user-management:8888?status=UP&lastDirtyTimestamp=1744897969423
2025-04-17 17:08:53,522 DEBUG o.s.c.l.CompositeLog [DiscoveryClient-HeartbeatExecutor-0] Accept=[application/json, application/*+json]
2025-04-17 17:08:53,536 DEBUG o.s.c.l.CompositeLog [DiscoveryClient-CacheRefreshExecutor-0] HTTP GET http://localhost:8761/eureka/apps/delta
2025-04-17 17:08:53,536 DEBUG o.s.c.l.CompositeLog [DiscoveryClient-CacheRefreshExecutor-0] Accept=[application/json, application/*+json]
2025-04-17 17:08:53,537 DEBUG o.s.c.l.CompositeLog [DiscoveryClient-HeartbeatExecutor-0] Response 200 OK
2025-04-17 17:08:53,555 DEBUG o.s.c.l.CompositeLog [DiscoveryClient-CacheRefreshExecutor-0] Response 200 OK
2025-04-17 17:08:53,556 DEBUG o.s.c.l.CompositeLog [DiscoveryClient-CacheRefreshExecutor-0] Reading to [org.springframework.cloud.netflix.eureka.http.EurekaApplications]
2025-04-17 17:09:23,550 DEBUG o.s.c.l.CompositeLog [DiscoveryClient-HeartbeatExecutor-0] HTTP PUT http://localhost:8761/eureka/apps/USER-MANAGEMENT/192.168.1.4:user-management:8888?status=UP&lastDirtyTimestamp=1744897969423
2025-04-17 17:09:23,551 DEBUG o.s.c.l.CompositeLog [DiscoveryClient-HeartbeatExecutor-0] Accept=[application/json, application/*+json]
2025-04-17 17:09:23,564 DEBUG o.s.c.l.CompositeLog [DiscoveryClient-CacheRefreshExecutor-0] HTTP GET http://localhost:8761/eureka/apps/delta
2025-04-17 17:09:23,565 DEBUG o.s.c.l.CompositeLog [DiscoveryClient-CacheRefreshExecutor-0] Accept=[application/json, application/*+json]
2025-04-17 17:09:23,566 DEBUG o.s.c.l.CompositeLog [DiscoveryClient-HeartbeatExecutor-0] Response 200 OK
2025-04-17 17:09:23,581 DEBUG o.s.c.l.CompositeLog [DiscoveryClient-CacheRefreshExecutor-0] Response 200 OK
2025-04-17 17:09:23,582 DEBUG o.s.c.l.CompositeLog [DiscoveryClient-CacheRefreshExecutor-0] Reading to [org.springframework.cloud.netflix.eureka.http.EurekaApplications]
2025-04-17 17:09:53,573 DEBUG o.s.c.l.CompositeLog [DiscoveryClient-HeartbeatExecutor-0] HTTP PUT http://localhost:8761/eureka/apps/USER-MANAGEMENT/192.168.1.4:user-management:8888?status=UP&lastDirtyTimestamp=1744897969423
2025-04-17 17:09:53,573 DEBUG o.s.c.l.CompositeLog [DiscoveryClient-HeartbeatExecutor-0] Accept=[application/json, application/*+json]
2025-04-17 17:09:53,589 DEBUG o.s.c.l.CompositeLog [DiscoveryClient-CacheRefreshExecutor-0] HTTP GET http://localhost:8761/eureka/apps/delta
2025-04-17 17:09:53,590 DEBUG o.s.c.l.CompositeLog [DiscoveryClient-CacheRefreshExecutor-0] Accept=[application/json, application/*+json]
2025-04-17 17:09:53,591 DEBUG o.s.c.l.CompositeLog [DiscoveryClient-HeartbeatExecutor-0] Response 200 OK
2025-04-17 17:09:53,607 DEBUG o.s.c.l.CompositeLog [DiscoveryClient-CacheRefreshExecutor-0] Response 200 OK
2025-04-17 17:09:53,607 DEBUG o.s.c.l.CompositeLog [DiscoveryClient-CacheRefreshExecutor-0] Reading to [org.springframework.cloud.netflix.eureka.http.EurekaApplications]
2025-04-17 17:10:23,595 DEBUG o.s.c.l.CompositeLog [DiscoveryClient-HeartbeatExecutor-0] HTTP PUT http://localhost:8761/eureka/apps/USER-MANAGEMENT/192.168.1.4:user-management:8888?status=UP&lastDirtyTimestamp=1744897969423
2025-04-17 17:10:23,595 DEBUG o.s.c.l.CompositeLog [DiscoveryClient-HeartbeatExecutor-0] Accept=[application/json, application/*+json]
2025-04-17 17:10:23,611 DEBUG o.s.c.l.CompositeLog [DiscoveryClient-CacheRefreshExecutor-0] HTTP GET http://localhost:8761/eureka/apps/delta
2025-04-17 17:10:23,611 DEBUG o.s.c.l.CompositeLog [DiscoveryClient-CacheRefreshExecutor-0] Accept=[application/json, application/*+json]
2025-04-17 17:10:23,614 DEBUG o.s.c.l.CompositeLog [DiscoveryClient-HeartbeatExecutor-0] Response 200 OK
2025-04-17 17:10:23,627 DEBUG o.s.c.l.CompositeLog [DiscoveryClient-CacheRefreshExecutor-0] Response 200 OK
2025-04-17 17:10:23,628 DEBUG o.s.c.l.CompositeLog [DiscoveryClient-CacheRefreshExecutor-0] Reading to [org.springframework.cloud.netflix.eureka.http.EurekaApplications]
2025-04-17 17:10:53,617 DEBUG o.s.c.l.CompositeLog [DiscoveryClient-HeartbeatExecutor-0] HTTP PUT http://localhost:8761/eureka/apps/USER-MANAGEMENT/192.168.1.4:user-management:8888?status=UP&lastDirtyTimestamp=1744897969423
2025-04-17 17:10:53,618 DEBUG o.s.c.l.CompositeLog [DiscoveryClient-HeartbeatExecutor-0] Accept=[application/json, application/*+json]
2025-04-17 17:10:53,633 DEBUG o.s.c.l.CompositeLog [DiscoveryClient-CacheRefreshExecutor-0] HTTP GET http://localhost:8761/eureka/apps/delta
2025-04-17 17:10:53,634 DEBUG o.s.c.l.CompositeLog [DiscoveryClient-CacheRefreshExecutor-0] Accept=[application/json, application/*+json]
2025-04-17 17:10:53,635 DEBUG o.s.c.l.CompositeLog [DiscoveryClient-HeartbeatExecutor-0] Response 200 OK
2025-04-17 17:10:53,650 DEBUG o.s.c.l.CompositeLog [DiscoveryClient-CacheRefreshExecutor-0] Response 200 OK
2025-04-17 17:10:53,651 DEBUG o.s.c.l.CompositeLog [DiscoveryClient-CacheRefreshExecutor-0] Reading to [org.springframework.cloud.netflix.eureka.http.EurekaApplications]
2025-04-17 17:11:23,648 DEBUG o.s.c.l.CompositeLog [DiscoveryClient-HeartbeatExecutor-0] HTTP PUT http://localhost:8761/eureka/apps/USER-MANAGEMENT/192.168.1.4:user-management:8888?status=UP&lastDirtyTimestamp=1744897969423
2025-04-17 17:11:23,649 DEBUG o.s.c.l.CompositeLog [DiscoveryClient-HeartbeatExecutor-0] Accept=[application/json, application/*+json]
2025-04-17 17:11:23,664 DEBUG o.s.c.l.CompositeLog [DiscoveryClient-CacheRefreshExecutor-0] HTTP GET http://localhost:8761/eureka/apps/delta
2025-04-17 17:11:23,665 DEBUG o.s.c.l.CompositeLog [DiscoveryClient-CacheRefreshExecutor-0] Accept=[application/json, application/*+json]
2025-04-17 17:11:23,667 DEBUG o.s.c.l.CompositeLog [DiscoveryClient-HeartbeatExecutor-0] Response 200 OK
2025-04-17 17:11:23,682 DEBUG o.s.c.l.CompositeLog [DiscoveryClient-CacheRefreshExecutor-0] Response 200 OK
2025-04-17 17:11:23,682 DEBUG o.s.c.l.CompositeLog [DiscoveryClient-CacheRefreshExecutor-0] Reading to [org.springframework.cloud.netflix.eureka.http.EurekaApplications]
2025-04-17 17:11:53,673 DEBUG o.s.c.l.CompositeLog [DiscoveryClient-HeartbeatExecutor-0] HTTP PUT http://localhost:8761/eureka/apps/USER-MANAGEMENT/192.168.1.4:user-management:8888?status=UP&lastDirtyTimestamp=1744897969423
2025-04-17 17:11:53,673 DEBUG o.s.c.l.CompositeLog [DiscoveryClient-HeartbeatExecutor-0] Accept=[application/json, application/*+json]
2025-04-17 17:11:53,688 DEBUG o.s.c.l.CompositeLog [DiscoveryClient-CacheRefreshExecutor-0] HTTP GET http://localhost:8761/eureka/apps/delta
2025-04-17 17:11:53,688 DEBUG o.s.c.l.CompositeLog [DiscoveryClient-CacheRefreshExecutor-0] Accept=[application/json, application/*+json]
2025-04-17 17:11:53,689 DEBUG o.s.c.l.CompositeLog [DiscoveryClient-HeartbeatExecutor-0] Response 200 OK
2025-04-17 17:11:53,704 DEBUG o.s.c.l.CompositeLog [DiscoveryClient-CacheRefreshExecutor-0] Response 200 OK
2025-04-17 17:11:53,705 DEBUG o.s.c.l.CompositeLog [DiscoveryClient-CacheRefreshExecutor-0] Reading to [org.springframework.cloud.netflix.eureka.http.EurekaApplications]
2025-04-17 17:12:23,692 DEBUG o.s.c.l.CompositeLog [DiscoveryClient-HeartbeatExecutor-0] HTTP PUT http://localhost:8761/eureka/apps/USER-MANAGEMENT/192.168.1.4:user-management:8888?status=UP&lastDirtyTimestamp=1744897969423
2025-04-17 17:12:23,692 DEBUG o.s.c.l.CompositeLog [DiscoveryClient-HeartbeatExecutor-0] Accept=[application/json, application/*+json]
2025-04-17 17:12:23,708 DEBUG o.s.c.l.CompositeLog [DiscoveryClient-CacheRefreshExecutor-0] HTTP GET http://localhost:8761/eureka/apps/delta
2025-04-17 17:12:23,709 DEBUG o.s.c.l.CompositeLog [DiscoveryClient-CacheRefreshExecutor-0] Accept=[application/json, application/*+json]
2025-04-17 17:12:23,711 DEBUG o.s.c.l.CompositeLog [DiscoveryClient-HeartbeatExecutor-0] Response 200 OK
2025-04-17 17:12:23,724 DEBUG o.s.c.l.CompositeLog [DiscoveryClient-CacheRefreshExecutor-0] Response 200 OK
2025-04-17 17:12:23,724 DEBUG o.s.c.l.CompositeLog [DiscoveryClient-CacheRefreshExecutor-0] Reading to [org.springframework.cloud.netflix.eureka.http.EurekaApplications]
2025-04-17 17:12:49,171 INFO c.n.d.s.r.a.ConfigClusterResolver [AsyncResolver-bootstrap-executor-0] Resolving eureka endpoints via configuration
2025-04-17 17:12:53,721 DEBUG o.s.c.l.CompositeLog [DiscoveryClient-HeartbeatExecutor-0] HTTP PUT http://localhost:8761/eureka/apps/USER-MANAGEMENT/192.168.1.4:user-management:8888?status=UP&lastDirtyTimestamp=1744897969423
2025-04-17 17:12:53,722 DEBUG o.s.c.l.CompositeLog [DiscoveryClient-HeartbeatExecutor-0] Accept=[application/json, application/*+json]
2025-04-17 17:12:53,736 DEBUG o.s.c.l.CompositeLog [DiscoveryClient-CacheRefreshExecutor-0] HTTP GET http://localhost:8761/eureka/apps/delta
2025-04-17 17:12:53,737 DEBUG o.s.c.l.CompositeLog [DiscoveryClient-CacheRefreshExecutor-0] Accept=[application/json, application/*+json]
2025-04-17 17:12:53,737 DEBUG o.s.c.l.CompositeLog [DiscoveryClient-HeartbeatExecutor-0] Response 200 OK
2025-04-17 17:12:53,755 DEBUG o.s.c.l.CompositeLog [DiscoveryClient-CacheRefreshExecutor-0] Response 200 OK
2025-04-17 17:12:53,756 DEBUG o.s.c.l.CompositeLog [DiscoveryClient-CacheRefreshExecutor-0] Reading to [org.springframework.cloud.netflix.eureka.http.EurekaApplications]
2025-04-17 17:13:23,749 DEBUG o.s.c.l.CompositeLog [DiscoveryClient-HeartbeatExecutor-0] HTTP PUT http://localhost:8761/eureka/apps/USER-MANAGEMENT/192.168.1.4:user-management:8888?status=UP&lastDirtyTimestamp=1744897969423
2025-04-17 17:13:23,749 DEBUG o.s.c.l.CompositeLog [DiscoveryClient-HeartbeatExecutor-0] Accept=[application/json, application/*+json]
2025-04-17 17:13:23,765 DEBUG o.s.c.l.CompositeLog [DiscoveryClient-CacheRefreshExecutor-0] HTTP GET http://localhost:8761/eureka/apps/delta
2025-04-17 17:13:23,766 DEBUG o.s.c.l.CompositeLog [DiscoveryClient-CacheRefreshExecutor-0] Accept=[application/json, application/*+json]
2025-04-17 17:13:23,770 DEBUG o.s.c.l.CompositeLog [DiscoveryClient-HeartbeatExecutor-0] Response 200 OK
2025-04-17 17:13:23,783 DEBUG o.s.c.l.CompositeLog [DiscoveryClient-CacheRefreshExecutor-0] Response 200 OK
2025-04-17 17:13:23,783 DEBUG o.s.c.l.CompositeLog [DiscoveryClient-CacheRefreshExecutor-0] Reading to [org.springframework.cloud.netflix.eureka.http.EurekaApplications]
2025-04-17 17:13:53,781 DEBUG o.s.c.l.CompositeLog [DiscoveryClient-HeartbeatExecutor-0] HTTP PUT http://localhost:8761/eureka/apps/USER-MANAGEMENT/192.168.1.4:user-management:8888?status=UP&lastDirtyTimestamp=1744897969423
2025-04-17 17:13:53,783 DEBUG o.s.c.l.CompositeLog [DiscoveryClient-HeartbeatExecutor-0] Accept=[application/json, application/*+json]
2025-04-17 17:13:53,796 DEBUG o.s.c.l.CompositeLog [DiscoveryClient-CacheRefreshExecutor-0] HTTP GET http://localhost:8761/eureka/apps/delta
2025-04-17 17:13:53,796 DEBUG o.s.c.l.CompositeLog [DiscoveryClient-CacheRefreshExecutor-0] Accept=[application/json, application/*+json]
2025-04-17 17:13:53,798 DEBUG o.s.c.l.CompositeLog [DiscoveryClient-HeartbeatExecutor-0] Response 200 OK
2025-04-17 17:13:53,814 DEBUG o.s.c.l.CompositeLog [DiscoveryClient-CacheRefreshExecutor-0] Response 200 OK
2025-04-17 17:13:53,814 DEBUG o.s.c.l.CompositeLog [DiscoveryClient-CacheRefreshExecutor-0] Reading to [org.springframework.cloud.netflix.eureka.http.EurekaApplications]
2025-04-17 17:14:23,813 DEBUG o.s.c.l.CompositeLog [DiscoveryClient-HeartbeatExecutor-0] HTTP PUT http://localhost:8761/eureka/apps/USER-MANAGEMENT/192.168.1.4:user-management:8888?status=UP&lastDirtyTimestamp=1744897969423
2025-04-17 17:14:23,813 DEBUG o.s.c.l.CompositeLog [DiscoveryClient-HeartbeatExecutor-0] Accept=[application/json, application/*+json]
2025-04-17 17:14:23,828 DEBUG o.s.c.l.CompositeLog [DiscoveryClient-CacheRefreshExecutor-0] HTTP GET http://localhost:8761/eureka/apps/delta
2025-04-17 17:14:23,829 DEBUG o.s.c.l.CompositeLog [DiscoveryClient-CacheRefreshExecutor-0] Accept=[application/json, application/*+json]
2025-04-17 17:14:23,832 DEBUG o.s.c.l.CompositeLog [DiscoveryClient-HeartbeatExecutor-0] Response 200 OK
2025-04-17 17:14:23,845 DEBUG o.s.c.l.CompositeLog [DiscoveryClient-CacheRefreshExecutor-0] Response 200 OK
2025-04-17 17:14:23,846 DEBUG o.s.c.l.CompositeLog [DiscoveryClient-CacheRefreshExecutor-0] Reading to [org.springframework.cloud.netflix.eureka.http.EurekaApplications]
2025-04-17 17:14:53,841 DEBUG o.s.c.l.CompositeLog [DiscoveryClient-HeartbeatExecutor-0] HTTP PUT http://localhost:8761/eureka/apps/USER-MANAGEMENT/192.168.1.4:user-management:8888?status=UP&lastDirtyTimestamp=1744897969423
2025-04-17 17:14:53,841 DEBUG o.s.c.l.CompositeLog [DiscoveryClient-HeartbeatExecutor-0] Accept=[application/json, application/*+json]
2025-04-17 17:14:53,856 DEBUG o.s.c.l.CompositeLog [DiscoveryClient-CacheRefreshExecutor-0] HTTP GET http://localhost:8761/eureka/apps/delta
2025-04-17 17:14:53,857 DEBUG o.s.c.l.CompositeLog [DiscoveryClient-CacheRefreshExecutor-0] Accept=[application/json, application/*+json]
2025-04-17 17:14:53,859 DEBUG o.s.c.l.CompositeLog [DiscoveryClient-HeartbeatExecutor-0] Response 200 OK
2025-04-17 17:14:53,872 DEBUG o.s.c.l.CompositeLog [DiscoveryClient-CacheRefreshExecutor-0] Response 200 OK
2025-04-17 17:14:53,873 DEBUG o.s.c.l.CompositeLog [DiscoveryClient-CacheRefreshExecutor-0] Reading to [org.springframework.cloud.netflix.eureka.http.EurekaApplications]
2025-04-17 17:15:23,865 DEBUG o.s.c.l.CompositeLog [DiscoveryClient-HeartbeatExecutor-0] HTTP PUT http://localhost:8761/eureka/apps/USER-MANAGEMENT/192.168.1.4:user-management:8888?status=UP&lastDirtyTimestamp=1744897969423
2025-04-17 17:15:23,865 DEBUG o.s.c.l.CompositeLog [DiscoveryClient-HeartbeatExecutor-0] Accept=[application/json, application/*+json]
2025-04-17 17:15:23,880 DEBUG o.s.c.l.CompositeLog [DiscoveryClient-CacheRefreshExecutor-0] HTTP GET http://localhost:8761/eureka/apps/delta
2025-04-17 17:15:23,881 DEBUG o.s.c.l.CompositeLog [DiscoveryClient-CacheRefreshExecutor-0] Accept=[application/json, application/*+json]
2025-04-17 17:15:23,882 DEBUG o.s.c.l.CompositeLog [DiscoveryClient-HeartbeatExecutor-0] Response 200 OK
2025-04-17 17:15:23,898 DEBUG o.s.c.l.CompositeLog [DiscoveryClient-CacheRefreshExecutor-0] Response 200 OK
2025-04-17 17:15:23,899 DEBUG o.s.c.l.CompositeLog [DiscoveryClient-CacheRefreshExecutor-0] Reading to [org.springframework.cloud.netflix.eureka.http.EurekaApplications]
2025-04-17 17:15:53,894 DEBUG o.s.c.l.CompositeLog [DiscoveryClient-HeartbeatExecutor-0] HTTP PUT http://localhost:8761/eureka/apps/USER-MANAGEMENT/192.168.1.4:user-management:8888?status=UP&lastDirtyTimestamp=1744897969423
2025-04-17 17:15:53,894 DEBUG o.s.c.l.CompositeLog [DiscoveryClient-HeartbeatExecutor-0] Accept=[application/json, application/*+json]
2025-04-17 17:15:53,909 DEBUG o.s.c.l.CompositeLog [DiscoveryClient-CacheRefreshExecutor-0] HTTP GET http://localhost:8761/eureka/apps/delta
2025-04-17 17:15:53,909 DEBUG o.s.c.l.CompositeLog [DiscoveryClient-CacheRefreshExecutor-0] Accept=[application/json, application/*+json]
2025-04-17 17:15:53,910 DEBUG o.s.c.l.CompositeLog [DiscoveryClient-HeartbeatExecutor-0] Response 200 OK
2025-04-17 17:15:53,924 DEBUG o.s.c.l.CompositeLog [DiscoveryClient-CacheRefreshExecutor-0] Response 200 OK
2025-04-17 17:15:53,925 DEBUG o.s.c.l.CompositeLog [DiscoveryClient-CacheRefreshExecutor-0] Reading to [org.springframework.cloud.netflix.eureka.http.EurekaApplications]
2025-04-17 17:16:23,915 DEBUG o.s.c.l.CompositeLog [DiscoveryClient-HeartbeatExecutor-0] HTTP PUT http://localhost:8761/eureka/apps/USER-MANAGEMENT/192.168.1.4:user-management:8888?status=UP&lastDirtyTimestamp=1744897969423
2025-04-17 17:16:23,916 DEBUG o.s.c.l.CompositeLog [DiscoveryClient-HeartbeatExecutor-0] Accept=[application/json, application/*+json]
2025-04-17 17:16:23,930 DEBUG o.s.c.l.CompositeLog [DiscoveryClient-CacheRefreshExecutor-0] HTTP GET http://localhost:8761/eureka/apps/delta
2025-04-17 17:16:23,931 DEBUG o.s.c.l.CompositeLog [DiscoveryClient-CacheRefreshExecutor-0] Accept=[application/json, application/*+json]
2025-04-17 17:16:23,932 DEBUG o.s.c.l.CompositeLog [DiscoveryClient-HeartbeatExecutor-0] Response 200 OK
2025-04-17 17:16:23,948 DEBUG o.s.c.l.CompositeLog [DiscoveryClient-CacheRefreshExecutor-0] Response 200 OK
2025-04-17 17:16:23,949 DEBUG o.s.c.l.CompositeLog [DiscoveryClient-CacheRefreshExecutor-0] Reading to [org.springframework.cloud.netflix.eureka.http.EurekaApplications]
2025-04-17 17:16:53,938 DEBUG o.s.c.l.CompositeLog [DiscoveryClient-HeartbeatExecutor-0] HTTP PUT http://localhost:8761/eureka/apps/USER-MANAGEMENT/192.168.1.4:user-management:8888?status=UP&lastDirtyTimestamp=1744897969423
2025-04-17 17:16:53,939 DEBUG o.s.c.l.CompositeLog [DiscoveryClient-HeartbeatExecutor-0] Accept=[application/json, application/*+json]
2025-04-17 17:16:53,953 DEBUG o.s.c.l.CompositeLog [DiscoveryClient-CacheRefreshExecutor-0] HTTP GET http://localhost:8761/eureka/apps/delta
2025-04-17 17:16:53,954 DEBUG o.s.c.l.CompositeLog [DiscoveryClient-CacheRefreshExecutor-0] Accept=[application/json, application/*+json]
2025-04-17 17:16:53,954 DEBUG o.s.c.l.CompositeLog [DiscoveryClient-HeartbeatExecutor-0] Response 200 OK
2025-04-17 17:16:53,972 DEBUG o.s.c.l.CompositeLog [DiscoveryClient-CacheRefreshExecutor-0] Response 200 OK
2025-04-17 17:16:53,973 DEBUG o.s.c.l.CompositeLog [DiscoveryClient-CacheRefreshExecutor-0] Reading to [org.springframework.cloud.netflix.eureka.http.EurekaApplications]
2025-04-17 17:17:23,966 DEBUG o.s.c.l.CompositeLog [DiscoveryClient-HeartbeatExecutor-0] HTTP PUT http://localhost:8761/eureka/apps/USER-MANAGEMENT/192.168.1.4:user-management:8888?status=UP&lastDirtyTimestamp=1744897969423
2025-04-17 17:17:23,967 DEBUG o.s.c.l.CompositeLog [DiscoveryClient-HeartbeatExecutor-0] Accept=[application/json, application/*+json]
2025-04-17 17:17:23,980 DEBUG o.s.c.l.CompositeLog [DiscoveryClient-CacheRefreshExecutor-0] HTTP GET http://localhost:8761/eureka/apps/delta
2025-04-17 17:17:23,982 DEBUG o.s.c.l.CompositeLog [DiscoveryClient-CacheRefreshExecutor-0] Accept=[application/json, application/*+json]
2025-04-17 17:17:23,983 DEBUG o.s.c.l.CompositeLog [DiscoveryClient-HeartbeatExecutor-0] Response 200 OK
2025-04-17 17:17:23,999 DEBUG o.s.c.l.CompositeLog [DiscoveryClient-CacheRefreshExecutor-0] Response 200 OK
2025-04-17 17:17:23,999 DEBUG o.s.c.l.CompositeLog [DiscoveryClient-CacheRefreshExecutor-0] Reading to [org.springframework.cloud.netflix.eureka.http.EurekaApplications]
2025-04-17 17:17:49,184 INFO c.n.d.s.r.a.ConfigClusterResolver [AsyncResolver-bootstrap-executor-0] Resolving eureka endpoints via configuration
2025-04-17 17:17:53,987 DEBUG o.s.c.l.CompositeLog [DiscoveryClient-HeartbeatExecutor-0] HTTP PUT http://localhost:8761/eureka/apps/USER-MANAGEMENT/192.168.1.4:user-management:8888?status=UP&lastDirtyTimestamp=1744897969423
2025-04-17 17:17:53,987 DEBUG o.s.c.l.CompositeLog [DiscoveryClient-HeartbeatExecutor-0] Accept=[application/json, application/*+json]
2025-04-17 17:17:54,002 DEBUG o.s.c.l.CompositeLog [DiscoveryClient-CacheRefreshExecutor-0] HTTP GET http://localhost:8761/eureka/apps/delta
2025-04-17 17:17:54,003 DEBUG o.s.c.l.CompositeLog [DiscoveryClient-CacheRefreshExecutor-0] Accept=[application/json, application/*+json]
2025-04-17 17:17:54,004 DEBUG o.s.c.l.CompositeLog [DiscoveryClient-HeartbeatExecutor-0] Response 200 OK
2025-04-17 17:17:54,022 DEBUG o.s.c.l.CompositeLog [DiscoveryClient-CacheRefreshExecutor-0] Response 200 OK
2025-04-17 17:17:54,023 DEBUG o.s.c.l.CompositeLog [DiscoveryClient-CacheRefreshExecutor-0] Reading to [org.springframework.cloud.netflix.eureka.http.EurekaApplications]
2025-04-17 17:18:24,009 DEBUG o.s.c.l.CompositeLog [DiscoveryClient-HeartbeatExecutor-0] HTTP PUT http://localhost:8761/eureka/apps/USER-MANAGEMENT/192.168.1.4:user-management:8888?status=UP&lastDirtyTimestamp=1744897969423
2025-04-17 17:18:24,009 DEBUG o.s.c.l.CompositeLog [DiscoveryClient-HeartbeatExecutor-0] Accept=[application/json, application/*+json]
2025-04-17 17:18:24,025 DEBUG o.s.c.l.CompositeLog [DiscoveryClient-CacheRefreshExecutor-0] HTTP GET http://localhost:8761/eureka/apps/delta
2025-04-17 17:18:24,026 DEBUG o.s.c.l.CompositeLog [DiscoveryClient-CacheRefreshExecutor-0] Accept=[application/json, application/*+json]
2025-04-17 17:18:24,027 DEBUG o.s.c.l.CompositeLog [DiscoveryClient-HeartbeatExecutor-0] Response 200 OK
2025-04-17 17:18:24,042 DEBUG o.s.c.l.CompositeLog [DiscoveryClient-CacheRefreshExecutor-0] Response 200 OK
2025-04-17 17:18:24,042 DEBUG o.s.c.l.CompositeLog [DiscoveryClient-CacheRefreshExecutor-0] Reading to [org.springframework.cloud.netflix.eureka.http.EurekaApplications]
2025-04-17 17:18:54,037 DEBUG o.s.c.l.CompositeLog [DiscoveryClient-HeartbeatExecutor-0] HTTP PUT http://localhost:8761/eureka/apps/USER-MANAGEMENT/192.168.1.4:user-management:8888?status=UP&lastDirtyTimestamp=1744897969423
2025-04-17 17:18:54,038 DEBUG o.s.c.l.CompositeLog [DiscoveryClient-HeartbeatExecutor-0] Accept=[application/json, application/*+json]
2025-04-17 17:18:54,052 DEBUG o.s.c.l.CompositeLog [DiscoveryClient-CacheRefreshExecutor-0] HTTP GET http://localhost:8761/eureka/apps/delta
2025-04-17 17:18:54,053 DEBUG o.s.c.l.CompositeLog [DiscoveryClient-CacheRefreshExecutor-0] Accept=[application/json, application/*+json]
2025-04-17 17:18:54,054 DEBUG o.s.c.l.CompositeLog [DiscoveryClient-HeartbeatExecutor-0] Response 200 OK
2025-04-17 17:18:54,069 DEBUG o.s.c.l.CompositeLog [DiscoveryClient-CacheRefreshExecutor-0] Response 200 OK
2025-04-17 17:18:54,069 DEBUG o.s.c.l.CompositeLog [DiscoveryClient-CacheRefreshExecutor-0] Reading to [org.springframework.cloud.netflix.eureka.http.EurekaApplications]
2025-04-17 17:19:24,061 DEBUG o.s.c.l.CompositeLog [DiscoveryClient-HeartbeatExecutor-0] HTTP PUT http://localhost:8761/eureka/apps/USER-MANAGEMENT/192.168.1.4:user-management:8888?status=UP&lastDirtyTimestamp=1744897969423
2025-04-17 17:19:24,062 DEBUG o.s.c.l.CompositeLog [DiscoveryClient-HeartbeatExecutor-0] Accept=[application/json, application/*+json]
2025-04-17 17:19:24,075 DEBUG o.s.c.l.CompositeLog [DiscoveryClient-CacheRefreshExecutor-0] HTTP GET http://localhost:8761/eureka/apps/delta
2025-04-17 17:19:24,075 DEBUG o.s.c.l.CompositeLog [DiscoveryClient-CacheRefreshExecutor-0] Accept=[application/json, application/*+json]
2025-04-17 17:19:24,077 DEBUG o.s.c.l.CompositeLog [DiscoveryClient-HeartbeatExecutor-0] Response 200 OK
2025-04-17 17:19:24,091 DEBUG o.s.c.l.CompositeLog [DiscoveryClient-CacheRefreshExecutor-0] Response 200 OK
2025-04-17 17:19:24,092 DEBUG o.s.c.l.CompositeLog [DiscoveryClient-CacheRefreshExecutor-0] Reading to [org.springframework.cloud.netflix.eureka.http.EurekaApplications]
2025-04-17 17:19:54,084 DEBUG o.s.c.l.CompositeLog [DiscoveryClient-HeartbeatExecutor-0] HTTP PUT http://localhost:8761/eureka/apps/USER-MANAGEMENT/192.168.1.4:user-management:8888?status=UP&lastDirtyTimestamp=1744897969423
2025-04-17 17:19:54,085 DEBUG o.s.c.l.CompositeLog [DiscoveryClient-HeartbeatExecutor-0] Accept=[application/json, application/*+json]
2025-04-17 17:19:54,100 DEBUG o.s.c.l.CompositeLog [DiscoveryClient-CacheRefreshExecutor-0] HTTP GET http://localhost:8761/eureka/apps/delta
2025-04-17 17:19:54,101 DEBUG o.s.c.l.CompositeLog [DiscoveryClient-CacheRefreshExecutor-0] Accept=[application/json, application/*+json]
2025-04-17 17:19:54,101 DEBUG o.s.c.l.CompositeLog [DiscoveryClient-HeartbeatExecutor-0] Response 200 OK
2025-04-17 17:19:54,117 DEBUG o.s.c.l.CompositeLog [DiscoveryClient-CacheRefreshExecutor-0] Response 200 OK
2025-04-17 17:19:54,118 DEBUG o.s.c.l.CompositeLog [DiscoveryClient-CacheRefreshExecutor-0] Reading to [org.springframework.cloud.netflix.eureka.http.EurekaApplications]
2025-04-17 17:20:24,111 DEBUG o.s.c.l.CompositeLog [DiscoveryClient-HeartbeatExecutor-0] HTTP PUT http://localhost:8761/eureka/apps/USER-MANAGEMENT/192.168.1.4:user-management:8888?status=UP&lastDirtyTimestamp=1744897969423
2025-04-17 17:20:24,113 DEBUG o.s.c.l.CompositeLog [DiscoveryClient-HeartbeatExecutor-0] Accept=[application/json, application/*+json]
2025-04-17 17:20:24,127 DEBUG o.s.c.l.CompositeLog [DiscoveryClient-CacheRefreshExecutor-0] HTTP GET http://localhost:8761/eureka/apps/delta
2025-04-17 17:20:24,127 DEBUG o.s.c.l.CompositeLog [DiscoveryClient-CacheRefreshExecutor-0] Accept=[application/json, application/*+json]
2025-04-17 17:20:24,129 DEBUG o.s.c.l.CompositeLog [DiscoveryClient-HeartbeatExecutor-0] Response 200 OK
2025-04-17 17:20:24,144 DEBUG o.s.c.l.CompositeLog [DiscoveryClient-CacheRefreshExecutor-0] Response 200 OK
2025-04-17 17:20:24,144 DEBUG o.s.c.l.CompositeLog [DiscoveryClient-CacheRefreshExecutor-0] Reading to [org.springframework.cloud.netflix.eureka.http.EurekaApplications]
2025-04-17 17:20:54,142 DEBUG o.s.c.l.CompositeLog [DiscoveryClient-HeartbeatExecutor-0] HTTP PUT http://localhost:8761/eureka/apps/USER-MANAGEMENT/192.168.1.4:user-management:8888?status=UP&lastDirtyTimestamp=1744897969423
2025-04-17 17:20:54,142 DEBUG o.s.c.l.CompositeLog [DiscoveryClient-HeartbeatExecutor-0] Accept=[application/json, application/*+json]
2025-04-17 17:20:54,156 DEBUG o.s.c.l.CompositeLog [DiscoveryClient-CacheRefreshExecutor-0] HTTP GET http://localhost:8761/eureka/apps/delta
2025-04-17 17:20:54,157 DEBUG o.s.c.l.CompositeLog [DiscoveryClient-CacheRefreshExecutor-0] Accept=[application/json, application/*+json]
2025-04-17 17:20:54,157 DEBUG o.s.c.l.CompositeLog [DiscoveryClient-HeartbeatExecutor-0] Response 200 OK
2025-04-17 17:20:54,173 DEBUG o.s.c.l.CompositeLog [DiscoveryClient-CacheRefreshExecutor-0] Response 200 OK
2025-04-17 17:20:54,174 DEBUG o.s.c.l.CompositeLog [DiscoveryClient-CacheRefreshExecutor-0] Reading to [org.springframework.cloud.netflix.eureka.http.EurekaApplications]
2025-04-17 17:21:24,169 DEBUG o.s.c.l.CompositeLog [DiscoveryClient-HeartbeatExecutor-0] HTTP PUT http://localhost:8761/eureka/apps/USER-MANAGEMENT/192.168.1.4:user-management:8888?status=UP&lastDirtyTimestamp=1744897969423
2025-04-17 17:21:24,169 DEBUG o.s.c.l.CompositeLog [DiscoveryClient-HeartbeatExecutor-0] Accept=[application/json, application/*+json]
2025-04-17 17:21:24,184 DEBUG o.s.c.l.CompositeLog [DiscoveryClient-CacheRefreshExecutor-0] HTTP GET http://localhost:8761/eureka/apps/delta
2025-04-17 17:21:24,185 DEBUG o.s.c.l.CompositeLog [DiscoveryClient-CacheRefreshExecutor-0] Accept=[application/json, application/*+json]
2025-04-17 17:21:24,187 DEBUG o.s.c.l.CompositeLog [DiscoveryClient-HeartbeatExecutor-0] Response 200 OK
2025-04-17 17:21:24,202 DEBUG o.s.c.l.CompositeLog [DiscoveryClient-CacheRefreshExecutor-0] Response 200 OK
2025-04-17 17:21:24,202 DEBUG o.s.c.l.CompositeLog [DiscoveryClient-CacheRefreshExecutor-0] Reading to [org.springframework.cloud.netflix.eureka.http.EurekaApplications]
2025-04-17 17:21:54,196 DEBUG o.s.c.l.CompositeLog [DiscoveryClient-HeartbeatExecutor-0] HTTP PUT http://localhost:8761/eureka/apps/USER-MANAGEMENT/192.168.1.4:user-management:8888?status=UP&lastDirtyTimestamp=1744897969423
2025-04-17 17:21:54,197 DEBUG o.s.c.l.CompositeLog [DiscoveryClient-HeartbeatExecutor-0] Accept=[application/json, application/*+json]
2025-04-17 17:21:54,212 DEBUG o.s.c.l.CompositeLog [DiscoveryClient-CacheRefreshExecutor-0] HTTP GET http://localhost:8761/eureka/apps/delta
2025-04-17 17:21:54,212 DEBUG o.s.c.l.CompositeLog [DiscoveryClient-CacheRefreshExecutor-0] Accept=[application/json, application/*+json]
2025-04-17 17:21:54,213 DEBUG o.s.c.l.CompositeLog [DiscoveryClient-HeartbeatExecutor-0] Response 200 OK
2025-04-17 17:21:54,228 DEBUG o.s.c.l.CompositeLog [DiscoveryClient-CacheRefreshExecutor-0] Response 200 OK
2025-04-17 17:21:54,228 DEBUG o.s.c.l.CompositeLog [DiscoveryClient-CacheRefreshExecutor-0] Reading to [org.springframework.cloud.netflix.eureka.http.EurekaApplications]
2025-04-17 17:22:24,227 DEBUG o.s.c.l.CompositeLog [DiscoveryClient-HeartbeatExecutor-0] HTTP PUT http://localhost:8761/eureka/apps/USER-MANAGEMENT/192.168.1.4:user-management:8888?status=UP&lastDirtyTimestamp=1744897969423
2025-04-17 17:22:24,227 DEBUG o.s.c.l.CompositeLog [DiscoveryClient-HeartbeatExecutor-0] Accept=[application/json, application/*+json]
2025-04-17 17:22:24,243 DEBUG o.s.c.l.CompositeLog [DiscoveryClient-CacheRefreshExecutor-0] HTTP GET http://localhost:8761/eureka/apps/delta
2025-04-17 17:22:24,243 DEBUG o.s.c.l.CompositeLog [DiscoveryClient-CacheRefreshExecutor-0] Accept=[application/json, application/*+json]
2025-04-17 17:22:24,244 DEBUG o.s.c.l.CompositeLog [DiscoveryClient-HeartbeatExecutor-0] Response 200 OK
2025-04-17 17:22:24,262 DEBUG o.s.c.l.CompositeLog [DiscoveryClient-CacheRefreshExecutor-0] Response 200 OK
2025-04-17 17:22:24,262 DEBUG o.s.c.l.CompositeLog [DiscoveryClient-CacheRefreshExecutor-0] Reading to [org.springframework.cloud.netflix.eureka.http.EurekaApplications]
2025-04-17 17:22:49,194 INFO c.n.d.s.r.a.ConfigClusterResolver [AsyncResolver-bootstrap-executor-0] Resolving eureka endpoints via configuration
2025-04-17 17:22:54,253 DEBUG o.s.c.l.CompositeLog [DiscoveryClient-HeartbeatExecutor-0] HTTP PUT http://localhost:8761/eureka/apps/USER-MANAGEMENT/192.168.1.4:user-management:8888?status=UP&lastDirtyTimestamp=1744897969423
2025-04-17 17:22:54,254 DEBUG o.s.c.l.CompositeLog [DiscoveryClient-HeartbeatExecutor-0] Accept=[application/json, application/*+json]
2025-04-17 17:22:54,267 DEBUG o.s.c.l.CompositeLog [DiscoveryClient-CacheRefreshExecutor-0] HTTP GET http://localhost:8761/eureka/apps/delta
2025-04-17 17:22:54,268 DEBUG o.s.c.l.CompositeLog [DiscoveryClient-CacheRefreshExecutor-0] Accept=[application/json, application/*+json]
2025-04-17 17:22:54,270 DEBUG o.s.c.l.CompositeLog [DiscoveryClient-HeartbeatExecutor-0] Response 200 OK
2025-04-17 17:22:54,285 DEBUG o.s.c.l.CompositeLog [DiscoveryClient-CacheRefreshExecutor-0] Response 200 OK
2025-04-17 17:22:54,285 DEBUG o.s.c.l.CompositeLog [DiscoveryClient-CacheRefreshExecutor-0] Reading to [org.springframework.cloud.netflix.eureka.http.EurekaApplications]
2025-04-17 17:23:24,284 DEBUG o.s.c.l.CompositeLog [DiscoveryClient-HeartbeatExecutor-0] HTTP PUT http://localhost:8761/eureka/apps/USER-MANAGEMENT/192.168.1.4:user-management:8888?status=UP&lastDirtyTimestamp=1744897969423
2025-04-17 17:23:24,284 DEBUG o.s.c.l.CompositeLog [DiscoveryClient-HeartbeatExecutor-0] Accept=[application/json, application/*+json]
2025-04-17 17:23:24,298 DEBUG o.s.c.l.CompositeLog [DiscoveryClient-CacheRefreshExecutor-0] HTTP GET http://localhost:8761/eureka/apps/delta
2025-04-17 17:23:24,298 DEBUG o.s.c.l.CompositeLog [DiscoveryClient-CacheRefreshExecutor-0] Accept=[application/json, application/*+json]
2025-04-17 17:23:24,299 DEBUG o.s.c.l.CompositeLog [DiscoveryClient-HeartbeatExecutor-0] Response 200 OK
2025-04-17 17:23:24,315 DEBUG o.s.c.l.CompositeLog [DiscoveryClient-CacheRefreshExecutor-0] Response 200 OK
2025-04-17 17:23:24,316 DEBUG o.s.c.l.CompositeLog [DiscoveryClient-CacheRefreshExecutor-0] Reading to [org.springframework.cloud.netflix.eureka.http.EurekaApplications]
2025-04-17 17:23:54,308 DEBUG o.s.c.l.CompositeLog [DiscoveryClient-HeartbeatExecutor-0] HTTP PUT http://localhost:8761/eureka/apps/USER-MANAGEMENT/192.168.1.4:user-management:8888?status=UP&lastDirtyTimestamp=1744897969423
2025-04-17 17:23:54,308 DEBUG o.s.c.l.CompositeLog [DiscoveryClient-HeartbeatExecutor-0] Accept=[application/json, application/*+json]
2025-04-17 17:23:54,322 DEBUG o.s.c.l.CompositeLog [DiscoveryClient-CacheRefreshExecutor-0] HTTP GET http://localhost:8761/eureka/apps/delta
2025-04-17 17:23:54,322 DEBUG o.s.c.l.CompositeLog [DiscoveryClient-CacheRefreshExecutor-0] Accept=[application/json, application/*+json]
2025-04-17 17:23:54,324 DEBUG o.s.c.l.CompositeLog [DiscoveryClient-HeartbeatExecutor-0] Response 200 OK
2025-04-17 17:23:54,340 DEBUG o.s.c.l.CompositeLog [DiscoveryClient-CacheRefreshExecutor-0] Response 200 OK
2025-04-17 17:23:54,341 DEBUG o.s.c.l.CompositeLog [DiscoveryClient-CacheRefreshExecutor-0] Reading to [org.springframework.cloud.netflix.eureka.http.EurekaApplications]
2025-04-17 17:24:24,325 DEBUG o.s.c.l.CompositeLog [DiscoveryClient-HeartbeatExecutor-0] HTTP PUT http://localhost:8761/eureka/apps/USER-MANAGEMENT/192.168.1.4:user-management:8888?status=UP&lastDirtyTimestamp=1744897969423
2025-04-17 17:24:24,326 DEBUG o.s.c.l.CompositeLog [DiscoveryClient-HeartbeatExecutor-0] Accept=[application/json, application/*+json]
2025-04-17 17:24:24,342 DEBUG o.s.c.l.CompositeLog [DiscoveryClient-HeartbeatExecutor-0] Response 200 OK
2025-04-17 17:24:24,343 DEBUG o.s.c.l.CompositeLog [DiscoveryClient-CacheRefreshExecutor-0] HTTP GET http://localhost:8761/eureka/apps/delta
2025-04-17 17:24:24,343 DEBUG o.s.c.l.CompositeLog [DiscoveryClient-CacheRefreshExecutor-0] Accept=[application/json, application/*+json]
2025-04-17 17:24:24,357 DEBUG o.s.c.l.CompositeLog [DiscoveryClient-CacheRefreshExecutor-0] Response 200 OK
2025-04-17 17:24:24,358 DEBUG o.s.c.l.CompositeLog [DiscoveryClient-CacheRefreshExecutor-0] Reading to [org.springframework.cloud.netflix.eureka.http.EurekaApplications]
2025-04-17 17:24:54,352 DEBUG o.s.c.l.CompositeLog [DiscoveryClient-HeartbeatExecutor-0] HTTP PUT http://localhost:8761/eureka/apps/USER-MANAGEMENT/192.168.1.4:user-management:8888?status=UP&lastDirtyTimestamp=1744897969423
2025-04-17 17:24:54,352 DEBUG o.s.c.l.CompositeLog [DiscoveryClient-HeartbeatExecutor-0] Accept=[application/json, application/*+json]
2025-04-17 17:24:54,367 DEBUG o.s.c.l.CompositeLog [DiscoveryClient-CacheRefreshExecutor-0] HTTP GET http://localhost:8761/eureka/apps/delta
2025-04-17 17:24:54,368 DEBUG o.s.c.l.CompositeLog [DiscoveryClient-CacheRefreshExecutor-0] Accept=[application/json, application/*+json]
2025-04-17 17:24:54,369 DEBUG o.s.c.l.CompositeLog [DiscoveryClient-HeartbeatExecutor-0] Response 200 OK
2025-04-17 17:24:54,384 DEBUG o.s.c.l.CompositeLog [DiscoveryClient-CacheRefreshExecutor-0] Response 200 OK
2025-04-17 17:24:54,384 DEBUG o.s.c.l.CompositeLog [DiscoveryClient-CacheRefreshExecutor-0] Reading to [org.springframework.cloud.netflix.eureka.http.EurekaApplications]
2025-04-17 17:25:24,383 DEBUG o.s.c.l.CompositeLog [DiscoveryClient-HeartbeatExecutor-0] HTTP PUT http://localhost:8761/eureka/apps/USER-MANAGEMENT/192.168.1.4:user-management:8888?status=UP&lastDirtyTimestamp=1744897969423
2025-04-17 17:25:24,383 DEBUG o.s.c.l.CompositeLog [DiscoveryClient-HeartbeatExecutor-0] Accept=[application/json, application/*+json]
2025-04-17 17:25:24,398 DEBUG o.s.c.l.CompositeLog [DiscoveryClient-CacheRefreshExecutor-0] HTTP GET http://localhost:8761/eureka/apps/delta
2025-04-17 17:25:24,399 DEBUG o.s.c.l.CompositeLog [DiscoveryClient-CacheRefreshExecutor-0] Accept=[application/json, application/*+json]
2025-04-17 17:25:24,400 DEBUG o.s.c.l.CompositeLog [DiscoveryClient-HeartbeatExecutor-0] Response 200 OK
2025-04-17 17:25:24,415 DEBUG o.s.c.l.CompositeLog [DiscoveryClient-CacheRefreshExecutor-0] Response 200 OK
2025-04-17 17:25:24,416 DEBUG o.s.c.l.CompositeLog [DiscoveryClient-CacheRefreshExecutor-0] Reading to [org.springframework.cloud.netflix.eureka.http.EurekaApplications]
2025-04-17 17:25:54,413 DEBUG o.s.c.l.CompositeLog [DiscoveryClient-HeartbeatExecutor-0] HTTP PUT http://localhost:8761/eureka/apps/USER-MANAGEMENT/192.168.1.4:user-management:8888?status=UP&lastDirtyTimestamp=1744897969423
2025-04-17 17:25:54,414 DEBUG o.s.c.l.CompositeLog [DiscoveryClient-HeartbeatExecutor-0] Accept=[application/json, application/*+json]
2025-04-17 17:25:54,429 DEBUG o.s.c.l.CompositeLog [DiscoveryClient-CacheRefreshExecutor-0] HTTP GET http://localhost:8761/eureka/apps/delta
2025-04-17 17:25:54,429 DEBUG o.s.c.l.CompositeLog [DiscoveryClient-CacheRefreshExecutor-0] Accept=[application/json, application/*+json]
2025-04-17 17:25:54,430 DEBUG o.s.c.l.CompositeLog [DiscoveryClient-HeartbeatExecutor-0] Response 200 OK
2025-04-17 17:25:54,446 DEBUG o.s.c.l.CompositeLog [DiscoveryClient-CacheRefreshExecutor-0] Response 200 OK
2025-04-17 17:25:54,446 DEBUG o.s.c.l.CompositeLog [DiscoveryClient-CacheRefreshExecutor-0] Reading to [org.springframework.cloud.netflix.eureka.http.EurekaApplications]
2025-04-17 17:26:24,443 DEBUG o.s.c.l.CompositeLog [DiscoveryClient-HeartbeatExecutor-0] HTTP PUT http://localhost:8761/eureka/apps/USER-MANAGEMENT/192.168.1.4:user-management:8888?status=UP&lastDirtyTimestamp=1744897969423
2025-04-17 17:26:24,444 DEBUG o.s.c.l.CompositeLog [DiscoveryClient-HeartbeatExecutor-0] Accept=[application/json, application/*+json]
2025-04-17 17:26:24,458 DEBUG o.s.c.l.CompositeLog [DiscoveryClient-CacheRefreshExecutor-0] HTTP GET http://localhost:8761/eureka/apps/delta
2025-04-17 17:26:24,458 DEBUG o.s.c.l.CompositeLog [DiscoveryClient-CacheRefreshExecutor-0] Accept=[application/json, application/*+json]
2025-04-17 17:26:24,460 DEBUG o.s.c.l.CompositeLog [DiscoveryClient-HeartbeatExecutor-0] Response 200 OK
2025-04-17 17:26:24,475 DEBUG o.s.c.l.CompositeLog [DiscoveryClient-CacheRefreshExecutor-0] Response 200 OK
2025-04-17 17:26:24,475 DEBUG o.s.c.l.CompositeLog [DiscoveryClient-CacheRefreshExecutor-0] Reading to [org.springframework.cloud.netflix.eureka.http.EurekaApplications]
2025-04-17 17:26:54,472 DEBUG o.s.c.l.CompositeLog [DiscoveryClient-HeartbeatExecutor-0] HTTP PUT http://localhost:8761/eureka/apps/USER-MANAGEMENT/192.168.1.4:user-management:8888?status=UP&lastDirtyTimestamp=1744897969423
2025-04-17 17:26:54,472 DEBUG o.s.c.l.CompositeLog [DiscoveryClient-HeartbeatExecutor-0] Accept=[application/json, application/*+json]
2025-04-17 17:26:54,486 DEBUG o.s.c.l.CompositeLog [DiscoveryClient-CacheRefreshExecutor-0] HTTP GET http://localhost:8761/eureka/apps/delta
2025-04-17 17:26:54,486 DEBUG o.s.c.l.CompositeLog [DiscoveryClient-CacheRefreshExecutor-0] Accept=[application/json, application/*+json]
2025-04-17 17:26:54,488 DEBUG o.s.c.l.CompositeLog [DiscoveryClient-HeartbeatExecutor-0] Response 200 OK
2025-04-17 17:26:54,503 DEBUG o.s.c.l.CompositeLog [DiscoveryClient-CacheRefreshExecutor-0] Response 200 OK
2025-04-17 17:26:54,503 DEBUG o.s.c.l.CompositeLog [DiscoveryClient-CacheRefreshExecutor-0] Reading to [org.springframework.cloud.netflix.eureka.http.EurekaApplications]
2025-04-17 17:27:24,489 DEBUG o.s.c.l.CompositeLog [DiscoveryClient-HeartbeatExecutor-0] HTTP PUT http://localhost:8761/eureka/apps/USER-MANAGEMENT/192.168.1.4:user-management:8888?status=UP&lastDirtyTimestamp=1744897969423
2025-04-17 17:27:24,490 DEBUG o.s.c.l.CompositeLog [DiscoveryClient-HeartbeatExecutor-0] Accept=[application/json, application/*+json]
2025-04-17 17:27:24,505 DEBUG o.s.c.l.CompositeLog [DiscoveryClient-HeartbeatExecutor-0] Response 200 OK
2025-04-17 17:27:24,506 DEBUG o.s.c.l.CompositeLog [DiscoveryClient-CacheRefreshExecutor-0] HTTP GET http://localhost:8761/eureka/apps/delta
2025-04-17 17:27:24,506 DEBUG o.s.c.l.CompositeLog [DiscoveryClient-CacheRefreshExecutor-0] Accept=[application/json, application/*+json]
2025-04-17 17:27:24,523 DEBUG o.s.c.l.CompositeLog [DiscoveryClient-CacheRefreshExecutor-0] Response 200 OK
2025-04-17 17:27:24,523 DEBUG o.s.c.l.CompositeLog [DiscoveryClient-CacheRefreshExecutor-0] Reading to [org.springframework.cloud.netflix.eureka.http.EurekaApplications]
2025-04-17 17:27:49,195 INFO c.n.d.s.r.a.ConfigClusterResolver [AsyncResolver-bootstrap-executor-0] Resolving eureka endpoints via configuration
2025-04-17 17:27:54,515 DEBUG o.s.c.l.CompositeLog [DiscoveryClient-HeartbeatExecutor-0] HTTP PUT http://localhost:8761/eureka/apps/USER-MANAGEMENT/192.168.1.4:user-management:8888?status=UP&lastDirtyTimestamp=1744897969423
2025-04-17 17:27:54,516 DEBUG o.s.c.l.CompositeLog [DiscoveryClient-HeartbeatExecutor-0] Accept=[application/json, application/*+json]
2025-04-17 17:27:54,531 DEBUG o.s.c.l.CompositeLog [DiscoveryClient-CacheRefreshExecutor-0] HTTP GET http://localhost:8761/eureka/apps/delta
2025-04-17 17:27:54,532 DEBUG o.s.c.l.CompositeLog [DiscoveryClient-CacheRefreshExecutor-0] Accept=[application/json, application/*+json]
2025-04-17 17:27:54,534 DEBUG o.s.c.l.CompositeLog [DiscoveryClient-HeartbeatExecutor-0] Response 200 OK
2025-04-17 17:27:54,547 DEBUG o.s.c.l.CompositeLog [DiscoveryClient-CacheRefreshExecutor-0] Response 200 OK
2025-04-17 17:27:54,547 DEBUG o.s.c.l.CompositeLog [DiscoveryClient-CacheRefreshExecutor-0] Reading to [org.springframework.cloud.netflix.eureka.http.EurekaApplications]
2025-04-17 17:28:24,543 DEBUG o.s.c.l.CompositeLog [DiscoveryClient-HeartbeatExecutor-0] HTTP PUT http://localhost:8761/eureka/apps/USER-MANAGEMENT/192.168.1.4:user-management:8888?status=UP&lastDirtyTimestamp=1744897969423
2025-04-17 17:28:24,544 DEBUG o.s.c.l.CompositeLog [DiscoveryClient-HeartbeatExecutor-0] Accept=[application/json, application/*+json]
2025-04-17 17:28:24,557 DEBUG o.s.c.l.CompositeLog [DiscoveryClient-CacheRefreshExecutor-0] HTTP GET http://localhost:8761/eureka/apps/delta
2025-04-17 17:28:24,557 DEBUG o.s.c.l.CompositeLog [DiscoveryClient-CacheRefreshExecutor-0] Accept=[application/json, application/*+json]
2025-04-17 17:28:24,559 DEBUG o.s.c.l.CompositeLog [DiscoveryClient-HeartbeatExecutor-0] Response 200 OK
2025-04-17 17:28:24,574 DEBUG o.s.c.l.CompositeLog [DiscoveryClient-CacheRefreshExecutor-0] Response 200 OK
2025-04-17 17:28:24,575 DEBUG o.s.c.l.CompositeLog [DiscoveryClient-CacheRefreshExecutor-0] Reading to [org.springframework.cloud.netflix.eureka.http.EurekaApplications]
2025-04-17 17:28:54,566 DEBUG o.s.c.l.CompositeLog [DiscoveryClient-HeartbeatExecutor-0] HTTP PUT http://localhost:8761/eureka/apps/USER-MANAGEMENT/192.168.1.4:user-management:8888?status=UP&lastDirtyTimestamp=1744897969423
2025-04-17 17:28:54,573 DEBUG o.s.c.l.CompositeLog [DiscoveryClient-HeartbeatExecutor-0] Accept=[application/json, application/*+json]
2025-04-17 17:28:54,576 DEBUG o.s.c.l.CompositeLog [DiscoveryClient-CacheRefreshExecutor-0] HTTP GET http://localhost:8761/eureka/apps/delta
2025-04-17 17:28:54,576 DEBUG o.s.c.l.CompositeLog [DiscoveryClient-HeartbeatExecutor-0] Response 200 OK
2025-04-17 17:28:54,576 DEBUG o.s.c.l.CompositeLog [DiscoveryClient-CacheRefreshExecutor-0] Accept=[application/json, application/*+json]
2025-04-17 17:28:54,593 DEBUG o.s.c.l.CompositeLog [DiscoveryClient-CacheRefreshExecutor-0] Response 200 OK
2025-04-17 17:28:54,593 DEBUG o.s.c.l.CompositeLog [DiscoveryClient-CacheRefreshExecutor-0] Reading to [org.springframework.cloud.netflix.eureka.http.EurekaApplications]
2025-04-17 17:29:24,583 DEBUG o.s.c.l.CompositeLog [DiscoveryClient-HeartbeatExecutor-0] HTTP PUT http://localhost:8761/eureka/apps/USER-MANAGEMENT/192.168.1.4:user-management:8888?status=UP&lastDirtyTimestamp=1744897969423
2025-04-17 17:29:24,584 DEBUG o.s.c.l.CompositeLog [DiscoveryClient-HeartbeatExecutor-0] Accept=[application/json, application/*+json]
2025-04-17 17:29:24,599 DEBUG o.s.c.l.CompositeLog [DiscoveryClient-CacheRefreshExecutor-0] HTTP GET http://localhost:8761/eureka/apps/delta
2025-04-17 17:29:24,601 DEBUG o.s.c.l.CompositeLog [DiscoveryClient-CacheRefreshExecutor-0] Accept=[application/json, application/*+json]
2025-04-17 17:29:24,602 DEBUG o.s.c.l.CompositeLog [DiscoveryClient-HeartbeatExecutor-0] Response 200 OK
2025-04-17 17:29:24,615 DEBUG o.s.c.l.CompositeLog [DiscoveryClient-CacheRefreshExecutor-0] Response 200 OK
2025-04-17 17:29:24,616 DEBUG o.s.c.l.CompositeLog [DiscoveryClient-CacheRefreshExecutor-0] Reading to [org.springframework.cloud.netflix.eureka.http.EurekaApplications]
2025-04-17 17:29:54,605 DEBUG o.s.c.l.CompositeLog [DiscoveryClient-HeartbeatExecutor-0] HTTP PUT http://localhost:8761/eureka/apps/USER-MANAGEMENT/192.168.1.4:user-management:8888?status=UP&lastDirtyTimestamp=1744897969423
2025-04-17 17:29:54,606 DEBUG o.s.c.l.CompositeLog [DiscoveryClient-HeartbeatExecutor-0] Accept=[application/json, application/*+json]
2025-04-17 17:29:54,620 DEBUG o.s.c.l.CompositeLog [DiscoveryClient-CacheRefreshExecutor-0] HTTP GET http://localhost:8761/eureka/apps/delta
2025-04-17 17:29:54,621 DEBUG o.s.c.l.CompositeLog [DiscoveryClient-CacheRefreshExecutor-0] Accept=[application/json, application/*+json]
2025-04-17 17:29:54,621 DEBUG o.s.c.l.CompositeLog [DiscoveryClient-HeartbeatExecutor-0] Response 200 OK
2025-04-17 17:29:54,637 DEBUG o.s.c.l.CompositeLog [DiscoveryClient-CacheRefreshExecutor-0] Response 200 OK
2025-04-17 17:29:54,638 DEBUG o.s.c.l.CompositeLog [DiscoveryClient-CacheRefreshExecutor-0] Reading to [org.springframework.cloud.netflix.eureka.http.EurekaApplications]
2025-04-17 17:30:24,629 DEBUG o.s.c.l.CompositeLog [DiscoveryClient-HeartbeatExecutor-0] HTTP PUT http://localhost:8761/eureka/apps/USER-MANAGEMENT/192.168.1.4:user-management:8888?status=UP&lastDirtyTimestamp=1744897969423
2025-04-17 17:30:24,629 DEBUG o.s.c.l.CompositeLog [DiscoveryClient-HeartbeatExecutor-0] Accept=[application/json, application/*+json]
2025-04-17 17:30:24,644 DEBUG o.s.c.l.CompositeLog [DiscoveryClient-CacheRefreshExecutor-0] HTTP GET http://localhost:8761/eureka/apps/delta
2025-04-17 17:30:24,645 DEBUG o.s.c.l.CompositeLog [DiscoveryClient-CacheRefreshExecutor-0] Accept=[application/json, application/*+json]
2025-04-17 17:30:24,646 DEBUG o.s.c.l.CompositeLog [DiscoveryClient-HeartbeatExecutor-0] Response 200 OK
2025-04-17 17:30:24,661 DEBUG o.s.c.l.CompositeLog [DiscoveryClient-CacheRefreshExecutor-0] Response 200 OK
2025-04-17 17:30:24,661 DEBUG o.s.c.l.CompositeLog [DiscoveryClient-CacheRefreshExecutor-0] Reading to [org.springframework.cloud.netflix.eureka.http.EurekaApplications]
2025-04-17 17:30:54,661 DEBUG o.s.c.l.CompositeLog [DiscoveryClient-HeartbeatExecutor-0] HTTP PUT http://localhost:8761/eureka/apps/USER-MANAGEMENT/192.168.1.4:user-management:8888?status=UP&lastDirtyTimestamp=1744897969423
2025-04-17 17:30:54,661 DEBUG o.s.c.l.CompositeLog [DiscoveryClient-HeartbeatExecutor-0] Accept=[application/json, application/*+json]
2025-04-17 17:30:54,677 DEBUG o.s.c.l.CompositeLog [DiscoveryClient-CacheRefreshExecutor-0] HTTP GET http://localhost:8761/eureka/apps/delta
2025-04-17 17:30:54,678 DEBUG o.s.c.l.CompositeLog [DiscoveryClient-CacheRefreshExecutor-0] Accept=[application/json, application/*+json]
2025-04-17 17:30:54,679 DEBUG o.s.c.l.CompositeLog [DiscoveryClient-HeartbeatExecutor-0] Response 200 OK
2025-04-17 17:30:54,695 DEBUG o.s.c.l.CompositeLog [DiscoveryClient-CacheRefreshExecutor-0] Response 200 OK
2025-04-17 17:30:54,696 DEBUG o.s.c.l.CompositeLog [DiscoveryClient-CacheRefreshExecutor-0] Reading to [org.springframework.cloud.netflix.eureka.http.EurekaApplications]
2025-04-17 17:31:24,688 DEBUG o.s.c.l.CompositeLog [DiscoveryClient-HeartbeatExecutor-0] HTTP PUT http://localhost:8761/eureka/apps/USER-MANAGEMENT/192.168.1.4:user-management:8888?status=UP&lastDirtyTimestamp=1744897969423
2025-04-17 17:31:24,688 DEBUG o.s.c.l.CompositeLog [DiscoveryClient-HeartbeatExecutor-0] Accept=[application/json, application/*+json]
2025-04-17 17:31:24,703 DEBUG o.s.c.l.CompositeLog [DiscoveryClient-CacheRefreshExecutor-0] HTTP GET http://localhost:8761/eureka/apps/delta
2025-04-17 17:31:24,704 DEBUG o.s.c.l.CompositeLog [DiscoveryClient-CacheRefreshExecutor-0] Accept=[application/json, application/*+json]
2025-04-17 17:31:24,705 DEBUG o.s.c.l.CompositeLog [DiscoveryClient-HeartbeatExecutor-0] Response 200 OK
2025-04-17 17:31:24,720 DEBUG o.s.c.l.CompositeLog [DiscoveryClient-CacheRefreshExecutor-0] Response 200 OK
2025-04-17 17:31:24,720 DEBUG o.s.c.l.CompositeLog [DiscoveryClient-CacheRefreshExecutor-0] Reading to [org.springframework.cloud.netflix.eureka.http.EurekaApplications]
2025-04-17 17:31:54,711 DEBUG o.s.c.l.CompositeLog [DiscoveryClient-HeartbeatExecutor-0] HTTP PUT http://localhost:8761/eureka/apps/USER-MANAGEMENT/192.168.1.4:user-management:8888?status=UP&lastDirtyTimestamp=1744897969423
2025-04-17 17:31:54,711 DEBUG o.s.c.l.CompositeLog [DiscoveryClient-HeartbeatExecutor-0] Accept=[application/json, application/*+json]
2025-04-17 17:31:54,726 DEBUG o.s.c.l.CompositeLog [DiscoveryClient-CacheRefreshExecutor-0] HTTP GET http://localhost:8761/eureka/apps/delta
2025-04-17 17:31:54,726 DEBUG o.s.c.l.CompositeLog [DiscoveryClient-CacheRefreshExecutor-0] Accept=[application/json, application/*+json]
2025-04-17 17:31:54,727 DEBUG o.s.c.l.CompositeLog [DiscoveryClient-HeartbeatExecutor-0] Response 200 OK
2025-04-17 17:31:54,743 DEBUG o.s.c.l.CompositeLog [DiscoveryClient-CacheRefreshExecutor-0] Response 200 OK
2025-04-17 17:31:54,743 DEBUG o.s.c.l.CompositeLog [DiscoveryClient-CacheRefreshExecutor-0] Reading to [org.springframework.cloud.netflix.eureka.http.EurekaApplications]
2025-04-17 17:32:24,739 DEBUG o.s.c.l.CompositeLog [DiscoveryClient-HeartbeatExecutor-0] HTTP PUT http://localhost:8761/eureka/apps/USER-MANAGEMENT/192.168.1.4:user-management:8888?status=UP&lastDirtyTimestamp=1744897969423
2025-04-17 17:32:24,739 DEBUG o.s.c.l.CompositeLog [DiscoveryClient-HeartbeatExecutor-0] Accept=[application/json, application/*+json]
2025-04-17 17:32:24,754 DEBUG o.s.c.l.CompositeLog [DiscoveryClient-CacheRefreshExecutor-0] HTTP GET http://localhost:8761/eureka/apps/delta
2025-04-17 17:32:24,755 DEBUG o.s.c.l.CompositeLog [DiscoveryClient-CacheRefreshExecutor-0] Accept=[application/json, application/*+json]
2025-04-17 17:32:24,757 DEBUG o.s.c.l.CompositeLog [DiscoveryClient-HeartbeatExecutor-0] Response 200 OK
2025-04-17 17:32:24,771 DEBUG o.s.c.l.CompositeLog [DiscoveryClient-CacheRefreshExecutor-0] Response 200 OK
2025-04-17 17:32:24,771 DEBUG o.s.c.l.CompositeLog [DiscoveryClient-CacheRefreshExecutor-0] Reading to [org.springframework.cloud.netflix.eureka.http.EurekaApplications]
2025-04-17 17:32:49,201 INFO c.n.d.s.r.a.ConfigClusterResolver [AsyncResolver-bootstrap-executor-0] Resolving eureka endpoints via configuration
2025-04-17 17:32:54,763 DEBUG o.s.c.l.CompositeLog [DiscoveryClient-HeartbeatExecutor-0] HTTP PUT http://localhost:8761/eureka/apps/USER-MANAGEMENT/192.168.1.4:user-management:8888?status=UP&lastDirtyTimestamp=1744897969423
2025-04-17 17:32:54,763 DEBUG o.s.c.l.CompositeLog [DiscoveryClient-HeartbeatExecutor-0] Accept=[application/json, application/*+json]
2025-04-17 17:32:54,778 DEBUG o.s.c.l.CompositeLog [DiscoveryClient-CacheRefreshExecutor-0] HTTP GET http://localhost:8761/eureka/apps/delta
2025-04-17 17:32:54,779 DEBUG o.s.c.l.CompositeLog [DiscoveryClient-CacheRefreshExecutor-0] Accept=[application/json, application/*+json]
2025-04-17 17:32:54,780 DEBUG o.s.c.l.CompositeLog [DiscoveryClient-HeartbeatExecutor-0] Response 200 OK
2025-04-17 17:32:54,794 DEBUG o.s.c.l.CompositeLog [DiscoveryClient-CacheRefreshExecutor-0] Response 200 OK
2025-04-17 17:32:54,795 DEBUG o.s.c.l.CompositeLog [DiscoveryClient-CacheRefreshExecutor-0] Reading to [org.springframework.cloud.netflix.eureka.http.EurekaApplications]
2025-04-17 17:33:24,788 DEBUG o.s.c.l.CompositeLog [DiscoveryClient-HeartbeatExecutor-0] HTTP PUT http://localhost:8761/eureka/apps/USER-MANAGEMENT/192.168.1.4:user-management:8888?status=UP&lastDirtyTimestamp=1744897969423
2025-04-17 17:33:24,789 DEBUG o.s.c.l.CompositeLog [DiscoveryClient-HeartbeatExecutor-0] Accept=[application/json, application/*+json]
2025-04-17 17:33:24,804 DEBUG o.s.c.l.CompositeLog [DiscoveryClient-CacheRefreshExecutor-0] HTTP GET http://localhost:8761/eureka/apps/delta
2025-04-17 17:33:24,804 DEBUG o.s.c.l.CompositeLog [DiscoveryClient-CacheRefreshExecutor-0] Accept=[application/json, application/*+json]
2025-04-17 17:33:24,806 DEBUG o.s.c.l.CompositeLog [DiscoveryClient-HeartbeatExecutor-0] Response 200 OK
2025-04-17 17:33:24,821 DEBUG o.s.c.l.CompositeLog [DiscoveryClient-CacheRefreshExecutor-0] Response 200 OK
2025-04-17 17:33:24,821 DEBUG o.s.c.l.CompositeLog [DiscoveryClient-CacheRefreshExecutor-0] Reading to [org.springframework.cloud.netflix.eureka.http.EurekaApplications]
2025-04-17 17:33:54,810 DEBUG o.s.c.l.CompositeLog [DiscoveryClient-HeartbeatExecutor-0] HTTP PUT http://localhost:8761/eureka/apps/USER-MANAGEMENT/192.168.1.4:user-management:8888?status=UP&lastDirtyTimestamp=1744897969423
2025-04-17 17:33:54,811 DEBUG o.s.c.l.CompositeLog [DiscoveryClient-HeartbeatExecutor-0] Accept=[application/json, application/*+json]
2025-04-17 17:33:54,825 DEBUG o.s.c.l.CompositeLog [DiscoveryClient-CacheRefreshExecutor-0] HTTP GET http://localhost:8761/eureka/apps/delta
2025-04-17 17:33:54,825 DEBUG o.s.c.l.CompositeLog [DiscoveryClient-CacheRefreshExecutor-0] Accept=[application/json, application/*+json]
2025-04-17 17:33:54,828 DEBUG o.s.c.l.CompositeLog [DiscoveryClient-HeartbeatExecutor-0] Response 200 OK
2025-04-17 17:33:54,842 DEBUG o.s.c.l.CompositeLog [DiscoveryClient-CacheRefreshExecutor-0] Response 200 OK
2025-04-17 17:33:54,843 DEBUG o.s.c.l.CompositeLog [DiscoveryClient-CacheRefreshExecutor-0] Reading to [org.springframework.cloud.netflix.eureka.http.EurekaApplications]
2025-04-17 17:34:24,831 DEBUG o.s.c.l.CompositeLog [DiscoveryClient-HeartbeatExecutor-0] HTTP PUT http://localhost:8761/eureka/apps/USER-MANAGEMENT/192.168.1.4:user-management:8888?status=UP&lastDirtyTimestamp=1744897969423
2025-04-17 17:34:24,832 DEBUG o.s.c.l.CompositeLog [DiscoveryClient-HeartbeatExecutor-0] Accept=[application/json, application/*+json]
2025-04-17 17:34:24,846 DEBUG o.s.c.l.CompositeLog [DiscoveryClient-HeartbeatExecutor-0] Response 200 OK
2025-04-17 17:34:24,849 DEBUG o.s.c.l.CompositeLog [DiscoveryClient-CacheRefreshExecutor-0] HTTP GET http://localhost:8761/eureka/apps/delta
2025-04-17 17:34:24,863 DEBUG o.s.c.l.CompositeLog [DiscoveryClient-CacheRefreshExecutor-0] Accept=[application/json, application/*+json]
2025-04-17 17:34:24,867 DEBUG o.s.c.l.CompositeLog [DiscoveryClient-CacheRefreshExecutor-0] Response 200 OK
2025-04-17 17:34:24,868 DEBUG o.s.c.l.CompositeLog [DiscoveryClient-CacheRefreshExecutor-0] Reading to [org.springframework.cloud.netflix.eureka.http.EurekaApplications]
2025-04-17 17:34:54,864 DEBUG o.s.c.l.CompositeLog [DiscoveryClient-HeartbeatExecutor-0] HTTP PUT http://localhost:8761/eureka/apps/USER-MANAGEMENT/192.168.1.4:user-management:8888?status=UP&lastDirtyTimestamp=1744897969423
2025-04-17 17:34:54,865 DEBUG o.s.c.l.CompositeLog [DiscoveryClient-HeartbeatExecutor-0] Accept=[application/json, application/*+json]
2025-04-17 17:34:54,877 DEBUG o.s.c.l.CompositeLog [DiscoveryClient-CacheRefreshExecutor-0] HTTP GET http://localhost:8761/eureka/apps/delta
2025-04-17 17:34:54,877 DEBUG o.s.c.l.CompositeLog [DiscoveryClient-CacheRefreshExecutor-0] Accept=[application/json, application/*+json]
2025-04-17 17:34:54,878 DEBUG o.s.c.l.CompositeLog [DiscoveryClient-HeartbeatExecutor-0] Response 200 OK
2025-04-17 17:34:54,895 DEBUG o.s.c.l.CompositeLog [DiscoveryClient-CacheRefreshExecutor-0] Response 200 OK
2025-04-17 17:34:54,896 DEBUG o.s.c.l.CompositeLog [DiscoveryClient-CacheRefreshExecutor-0] Reading to [org.springframework.cloud.netflix.eureka.http.EurekaApplications]
2025-04-17 17:35:24,883 DEBUG o.s.c.l.CompositeLog [DiscoveryClient-HeartbeatExecutor-0] HTTP PUT http://localhost:8761/eureka/apps/USER-MANAGEMENT/192.168.1.4:user-management:8888?status=UP&lastDirtyTimestamp=1744897969423
2025-04-17 17:35:24,885 DEBUG o.s.c.l.CompositeLog [DiscoveryClient-HeartbeatExecutor-0] Accept=[application/json, application/*+json]
2025-04-17 17:35:24,899 DEBUG o.s.c.l.CompositeLog [DiscoveryClient-CacheRefreshExecutor-0] HTTP GET http://localhost:8761/eureka/apps/delta
2025-04-17 17:35:24,900 DEBUG o.s.c.l.CompositeLog [DiscoveryClient-CacheRefreshExecutor-0] Accept=[application/json, application/*+json]
2025-04-17 17:35:24,901 DEBUG o.s.c.l.CompositeLog [DiscoveryClient-HeartbeatExecutor-0] Response 200 OK
2025-04-17 17:35:24,918 DEBUG o.s.c.l.CompositeLog [DiscoveryClient-CacheRefreshExecutor-0] Response 200 OK
2025-04-17 17:35:24,918 DEBUG o.s.c.l.CompositeLog [DiscoveryClient-CacheRefreshExecutor-0] Reading to [org.springframework.cloud.netflix.eureka.http.EurekaApplications]
2025-04-17 17:35:54,917 DEBUG o.s.c.l.CompositeLog [DiscoveryClient-HeartbeatExecutor-0] HTTP PUT http://localhost:8761/eureka/apps/USER-MANAGEMENT/192.168.1.4:user-management:8888?status=UP&lastDirtyTimestamp=1744897969423
2025-04-17 17:35:54,918 DEBUG o.s.c.l.CompositeLog [DiscoveryClient-HeartbeatExecutor-0] Accept=[application/json, application/*+json]
2025-04-17 17:35:54,933 DEBUG o.s.c.l.CompositeLog [DiscoveryClient-CacheRefreshExecutor-0] HTTP GET http://localhost:8761/eureka/apps/delta
2025-04-17 17:35:54,933 DEBUG o.s.c.l.CompositeLog [DiscoveryClient-CacheRefreshExecutor-0] Accept=[application/json, application/*+json]
2025-04-17 17:35:54,934 DEBUG o.s.c.l.CompositeLog [DiscoveryClient-HeartbeatExecutor-0] Response 200 OK
2025-04-17 17:35:54,949 DEBUG o.s.c.l.CompositeLog [DiscoveryClient-CacheRefreshExecutor-0] Response 200 OK
2025-04-17 17:35:54,951 DEBUG o.s.c.l.CompositeLog [DiscoveryClient-CacheRefreshExecutor-0] Reading to [org.springframework.cloud.netflix.eureka.http.EurekaApplications]
2025-04-17 17:36:24,946 DEBUG o.s.c.l.CompositeLog [DiscoveryClient-HeartbeatExecutor-0] HTTP PUT http://localhost:8761/eureka/apps/USER-MANAGEMENT/192.168.1.4:user-management:8888?status=UP&lastDirtyTimestamp=1744897969423
2025-04-17 17:36:24,947 DEBUG o.s.c.l.CompositeLog [DiscoveryClient-HeartbeatExecutor-0] Accept=[application/json, application/*+json]
2025-04-17 17:36:24,961 DEBUG o.s.c.l.CompositeLog [DiscoveryClient-CacheRefreshExecutor-0] HTTP GET http://localhost:8761/eureka/apps/delta
2025-04-17 17:36:24,961 DEBUG o.s.c.l.CompositeLog [DiscoveryClient-CacheRefreshExecutor-0] Accept=[application/json, application/*+json]
2025-04-17 17:36:24,963 DEBUG o.s.c.l.CompositeLog [DiscoveryClient-HeartbeatExecutor-0] Response 200 OK
2025-04-17 17:36:24,978 DEBUG o.s.c.l.CompositeLog [DiscoveryClient-CacheRefreshExecutor-0] Response 200 OK
2025-04-17 17:36:24,979 DEBUG o.s.c.l.CompositeLog [DiscoveryClient-CacheRefreshExecutor-0] Reading to [org.springframework.cloud.netflix.eureka.http.EurekaApplications]
2025-04-17 17:36:54,974 DEBUG o.s.c.l.CompositeLog [DiscoveryClient-HeartbeatExecutor-0] HTTP PUT http://localhost:8761/eureka/apps/USER-MANAGEMENT/192.168.1.4:user-management:8888?status=UP&lastDirtyTimestamp=1744897969423
2025-04-17 17:36:54,974 DEBUG o.s.c.l.CompositeLog [DiscoveryClient-HeartbeatExecutor-0] Accept=[application/json, application/*+json]
2025-04-17 17:36:54,990 DEBUG o.s.c.l.CompositeLog [DiscoveryClient-CacheRefreshExecutor-0] HTTP GET http://localhost:8761/eureka/apps/delta
2025-04-17 17:36:54,991 DEBUG o.s.c.l.CompositeLog [DiscoveryClient-CacheRefreshExecutor-0] Accept=[application/json, application/*+json]
2025-04-17 17:36:54,992 DEBUG o.s.c.l.CompositeLog [DiscoveryClient-HeartbeatExecutor-0] Response 200 OK
2025-04-17 17:36:55,007 DEBUG o.s.c.l.CompositeLog [DiscoveryClient-CacheRefreshExecutor-0] Response 200 OK
2025-04-17 17:36:55,008 DEBUG o.s.c.l.CompositeLog [DiscoveryClient-CacheRefreshExecutor-0] Reading to [org.springframework.cloud.netflix.eureka.http.EurekaApplications]
2025-04-17 17:37:25,001 DEBUG o.s.c.l.CompositeLog [DiscoveryClient-HeartbeatExecutor-0] HTTP PUT http://localhost:8761/eureka/apps/USER-MANAGEMENT/192.168.1.4:user-management:8888?status=UP&lastDirtyTimestamp=1744897969423
2025-04-17 17:37:25,001 DEBUG o.s.c.l.CompositeLog [DiscoveryClient-HeartbeatExecutor-0] Accept=[application/json, application/*+json]
2025-04-17 17:37:25,017 DEBUG o.s.c.l.CompositeLog [DiscoveryClient-CacheRefreshExecutor-0] HTTP GET http://localhost:8761/eureka/apps/delta
2025-04-17 17:37:25,017 DEBUG o.s.c.l.CompositeLog [DiscoveryClient-CacheRefreshExecutor-0] Accept=[application/json, application/*+json]
2025-04-17 17:37:25,017 DEBUG o.s.c.l.CompositeLog [DiscoveryClient-HeartbeatExecutor-0] Response 200 OK
2025-04-17 17:37:25,033 DEBUG o.s.c.l.CompositeLog [DiscoveryClient-CacheRefreshExecutor-0] Response 200 OK
2025-04-17 17:37:25,034 DEBUG o.s.c.l.CompositeLog [DiscoveryClient-CacheRefreshExecutor-0] Reading to [org.springframework.cloud.netflix.eureka.http.EurekaApplications]
2025-04-17 17:37:49,209 INFO c.n.d.s.r.a.ConfigClusterResolver [AsyncResolver-bootstrap-executor-0] Resolving eureka endpoints via configuration
2025-04-17 17:37:55,027 DEBUG o.s.c.l.CompositeLog [DiscoveryClient-HeartbeatExecutor-0] HTTP PUT http://localhost:8761/eureka/apps/USER-MANAGEMENT/192.168.1.4:user-management:8888?status=UP&lastDirtyTimestamp=1744897969423
2025-04-17 17:37:55,027 DEBUG o.s.c.l.CompositeLog [DiscoveryClient-HeartbeatExecutor-0] Accept=[application/json, application/*+json]
2025-04-17 17:37:55,043 DEBUG o.s.c.l.CompositeLog [DiscoveryClient-CacheRefreshExecutor-0] HTTP GET http://localhost:8761/eureka/apps/delta
2025-04-17 17:37:55,043 DEBUG o.s.c.l.CompositeLog [DiscoveryClient-CacheRefreshExecutor-0] Accept=[application/json, application/*+json]
2025-04-17 17:37:55,044 DEBUG o.s.c.l.CompositeLog [DiscoveryClient-HeartbeatExecutor-0] Response 200 OK
2025-04-17 17:37:55,061 DEBUG o.s.c.l.CompositeLog [DiscoveryClient-CacheRefreshExecutor-0] Response 200 OK
2025-04-17 17:37:55,063 DEBUG o.s.c.l.CompositeLog [DiscoveryClient-CacheRefreshExecutor-0] Reading to [org.springframework.cloud.netflix.eureka.http.EurekaApplications]
2025-04-17 17:38:25,047 DEBUG o.s.c.l.CompositeLog [DiscoveryClient-HeartbeatExecutor-0] HTTP PUT http://localhost:8761/eureka/apps/USER-MANAGEMENT/192.168.1.4:user-management:8888?status=UP&lastDirtyTimestamp=1744897969423
2025-04-17 17:38:25,047 DEBUG o.s.c.l.CompositeLog [DiscoveryClient-HeartbeatExecutor-0] Accept=[application/json, application/*+json]
2025-04-17 17:38:25,065 DEBUG o.s.c.l.CompositeLog [DiscoveryClient-HeartbeatExecutor-0] Response 200 OK
2025-04-17 17:38:25,066 DEBUG o.s.c.l.CompositeLog [DiscoveryClient-CacheRefreshExecutor-0] HTTP GET http://localhost:8761/eureka/apps/delta
2025-04-17 17:38:25,066 DEBUG o.s.c.l.CompositeLog [DiscoveryClient-CacheRefreshExecutor-0] Accept=[application/json, application/*+json]
2025-04-17 17:38:25,080 DEBUG o.s.c.l.CompositeLog [DiscoveryClient-CacheRefreshExecutor-0] Response 200 OK
2025-04-17 17:38:25,081 DEBUG o.s.c.l.CompositeLog [DiscoveryClient-CacheRefreshExecutor-0] Reading to [org.springframework.cloud.netflix.eureka.http.EurekaApplications]
2025-04-17 17:38:55,078 DEBUG o.s.c.l.CompositeLog [DiscoveryClient-HeartbeatExecutor-0] HTTP PUT http://localhost:8761/eureka/apps/USER-MANAGEMENT/192.168.1.4:user-management:8888?status=UP&lastDirtyTimestamp=1744897969423
2025-04-17 17:38:55,078 DEBUG o.s.c.l.CompositeLog [DiscoveryClient-HeartbeatExecutor-0] Accept=[application/json, application/*+json]
2025-04-17 17:38:55,094 DEBUG o.s.c.l.CompositeLog [DiscoveryClient-CacheRefreshExecutor-0] HTTP GET http://localhost:8761/eureka/apps/delta
2025-04-17 17:38:55,095 DEBUG o.s.c.l.CompositeLog [DiscoveryClient-CacheRefreshExecutor-0] Accept=[application/json, application/*+json]
2025-04-17 17:38:55,096 DEBUG o.s.c.l.CompositeLog [DiscoveryClient-HeartbeatExecutor-0] Response 200 OK
2025-04-17 17:38:55,111 DEBUG o.s.c.l.CompositeLog [DiscoveryClient-CacheRefreshExecutor-0] Response 200 OK
2025-04-17 17:38:55,111 DEBUG o.s.c.l.CompositeLog [DiscoveryClient-CacheRefreshExecutor-0] Reading to [org.springframework.cloud.netflix.eureka.http.EurekaApplications]
2025-04-17 17:39:25,097 DEBUG o.s.c.l.CompositeLog [DiscoveryClient-HeartbeatExecutor-0] HTTP PUT http://localhost:8761/eureka/apps/USER-MANAGEMENT/192.168.1.4:user-management:8888?status=UP&lastDirtyTimestamp=1744897969423
2025-04-17 17:39:25,097 DEBUG o.s.c.l.CompositeLog [DiscoveryClient-HeartbeatExecutor-0] Accept=[application/json, application/*+json]
2025-04-17 17:39:25,113 DEBUG o.s.c.l.CompositeLog [DiscoveryClient-CacheRefreshExecutor-0] HTTP GET http://localhost:8761/eureka/apps/delta
2025-04-17 17:39:25,113 DEBUG o.s.c.l.CompositeLog [DiscoveryClient-CacheRefreshExecutor-0] Accept=[application/json, application/*+json]
2025-04-17 17:39:25,115 DEBUG o.s.c.l.CompositeLog [DiscoveryClient-HeartbeatExecutor-0] Response 200 OK
2025-04-17 17:39:25,129 DEBUG o.s.c.l.CompositeLog [DiscoveryClient-CacheRefreshExecutor-0] Response 200 OK
2025-04-17 17:39:25,131 DEBUG o.s.c.l.CompositeLog [DiscoveryClient-CacheRefreshExecutor-0] Reading to [org.springframework.cloud.netflix.eureka.http.EurekaApplications]
2025-04-17 17:39:55,124 DEBUG o.s.c.l.CompositeLog [DiscoveryClient-HeartbeatExecutor-0] HTTP PUT http://localhost:8761/eureka/apps/USER-MANAGEMENT/192.168.1.4:user-management:8888?status=UP&lastDirtyTimestamp=1744897969423
2025-04-17 17:39:55,125 DEBUG o.s.c.l.CompositeLog [DiscoveryClient-HeartbeatExecutor-0] Accept=[application/json, application/*+json]
2025-04-17 17:39:55,140 DEBUG o.s.c.l.CompositeLog [DiscoveryClient-CacheRefreshExecutor-0] HTTP GET http://localhost:8761/eureka/apps/delta
2025-04-17 17:39:55,141 DEBUG o.s.c.l.CompositeLog [DiscoveryClient-CacheRefreshExecutor-0] Accept=[application/json, application/*+json]
2025-04-17 17:39:55,141 DEBUG o.s.c.l.CompositeLog [DiscoveryClient-HeartbeatExecutor-0] Response 200 OK
2025-04-17 17:39:55,159 DEBUG o.s.c.l.CompositeLog [DiscoveryClient-CacheRefreshExecutor-0] Response 200 OK
2025-04-17 17:39:55,160 DEBUG o.s.c.l.CompositeLog [DiscoveryClient-CacheRefreshExecutor-0] Reading to [org.springframework.cloud.netflix.eureka.http.EurekaApplications]
2025-04-17 17:40:25,149 DEBUG o.s.c.l.CompositeLog [DiscoveryClient-HeartbeatExecutor-0] HTTP PUT http://localhost:8761/eureka/apps/USER-MANAGEMENT/192.168.1.4:user-management:8888?status=UP&lastDirtyTimestamp=1744897969423
2025-04-17 17:40:25,150 DEBUG o.s.c.l.CompositeLog [DiscoveryClient-HeartbeatExecutor-0] Accept=[application/json, application/*+json]
2025-04-17 17:40:25,166 DEBUG o.s.c.l.CompositeLog [DiscoveryClient-CacheRefreshExecutor-0] HTTP GET http://localhost:8761/eureka/apps/delta
2025-04-17 17:40:25,166 DEBUG o.s.c.l.CompositeLog [DiscoveryClient-CacheRefreshExecutor-0] Accept=[application/json, application/*+json]
2025-04-17 17:40:25,167 DEBUG o.s.c.l.CompositeLog [DiscoveryClient-HeartbeatExecutor-0] Response 200 OK
2025-04-17 17:40:25,184 DEBUG o.s.c.l.CompositeLog [DiscoveryClient-CacheRefreshExecutor-0] Response 200 OK
2025-04-17 17:40:25,184 DEBUG o.s.c.l.CompositeLog [DiscoveryClient-CacheRefreshExecutor-0] Reading to [org.springframework.cloud.netflix.eureka.http.EurekaApplications]
2025-04-17 17:40:55,177 DEBUG o.s.c.l.CompositeLog [DiscoveryClient-HeartbeatExecutor-0] HTTP PUT http://localhost:8761/eureka/apps/USER-MANAGEMENT/192.168.1.4:user-management:8888?status=UP&lastDirtyTimestamp=1744897969423
2025-04-17 17:40:55,177 DEBUG o.s.c.l.CompositeLog [DiscoveryClient-HeartbeatExecutor-0] Accept=[application/json, application/*+json]
2025-04-17 17:40:55,192 DEBUG o.s.c.l.CompositeLog [DiscoveryClient-CacheRefreshExecutor-0] HTTP GET http://localhost:8761/eureka/apps/delta
2025-04-17 17:40:55,193 DEBUG o.s.c.l.CompositeLog [DiscoveryClient-CacheRefreshExecutor-0] Accept=[application/json, application/*+json]
2025-04-17 17:40:55,194 DEBUG o.s.c.l.CompositeLog [DiscoveryClient-HeartbeatExecutor-0] Response 200 OK
2025-04-17 17:40:55,209 DEBUG o.s.c.l.CompositeLog [DiscoveryClient-CacheRefreshExecutor-0] Response 200 OK
2025-04-17 17:40:55,210 DEBUG o.s.c.l.CompositeLog [DiscoveryClient-CacheRefreshExecutor-0] Reading to [org.springframework.cloud.netflix.eureka.http.EurekaApplications]
2025-04-17 17:41:25,202 DEBUG o.s.c.l.CompositeLog [DiscoveryClient-HeartbeatExecutor-0] HTTP PUT http://localhost:8761/eureka/apps/USER-MANAGEMENT/192.168.1.4:user-management:8888?status=UP&lastDirtyTimestamp=1744897969423
2025-04-17 17:41:25,202 DEBUG o.s.c.l.CompositeLog [DiscoveryClient-HeartbeatExecutor-0] Accept=[application/json, application/*+json]
2025-04-17 17:41:25,218 DEBUG o.s.c.l.CompositeLog [DiscoveryClient-CacheRefreshExecutor-0] HTTP GET http://localhost:8761/eureka/apps/delta
2025-04-17 17:41:25,218 DEBUG o.s.c.l.CompositeLog [DiscoveryClient-CacheRefreshExecutor-0] Accept=[application/json, application/*+json]
2025-04-17 17:41:25,220 DEBUG o.s.c.l.CompositeLog [DiscoveryClient-HeartbeatExecutor-0] Response 200 OK
2025-04-17 17:41:25,235 DEBUG o.s.c.l.CompositeLog [DiscoveryClient-CacheRefreshExecutor-0] Response 200 OK
2025-04-17 17:41:25,235 DEBUG o.s.c.l.CompositeLog [DiscoveryClient-CacheRefreshExecutor-0] Reading to [org.springframework.cloud.netflix.eureka.http.EurekaApplications]
2025-04-17 17:41:55,224 DEBUG o.s.c.l.CompositeLog [DiscoveryClient-HeartbeatExecutor-0] HTTP PUT http://localhost:8761/eureka/apps/USER-MANAGEMENT/192.168.1.4:user-management:8888?status=UP&lastDirtyTimestamp=1744897969423
2025-04-17 17:41:55,225 DEBUG o.s.c.l.CompositeLog [DiscoveryClient-HeartbeatExecutor-0] Accept=[application/json, application/*+json]
2025-04-17 17:41:55,239 DEBUG o.s.c.l.CompositeLog [DiscoveryClient-CacheRefreshExecutor-0] HTTP GET http://localhost:8761/eureka/apps/delta
2025-04-17 17:41:55,240 DEBUG o.s.c.l.CompositeLog [DiscoveryClient-CacheRefreshExecutor-0] Accept=[application/json, application/*+json]
2025-04-17 17:41:55,241 DEBUG o.s.c.l.CompositeLog [DiscoveryClient-HeartbeatExecutor-0] Response 200 OK
2025-04-17 17:41:55,255 DEBUG o.s.c.l.CompositeLog [DiscoveryClient-CacheRefreshExecutor-0] Response 200 OK
2025-04-17 17:41:55,255 DEBUG o.s.c.l.CompositeLog [DiscoveryClient-CacheRefreshExecutor-0] Reading to [org.springframework.cloud.netflix.eureka.http.EurekaApplications]
2025-04-17 17:42:25,247 DEBUG o.s.c.l.CompositeLog [DiscoveryClient-HeartbeatExecutor-0] HTTP PUT http://localhost:8761/eureka/apps/USER-MANAGEMENT/192.168.1.4:user-management:8888?status=UP&lastDirtyTimestamp=1744897969423
2025-04-17 17:42:25,247 DEBUG o.s.c.l.CompositeLog [DiscoveryClient-HeartbeatExecutor-0] Accept=[application/json, application/*+json]
2025-04-17 17:42:25,262 DEBUG o.s.c.l.CompositeLog [DiscoveryClient-CacheRefreshExecutor-0] HTTP GET http://localhost:8761/eureka/apps/delta
2025-04-17 17:42:25,263 DEBUG o.s.c.l.CompositeLog [DiscoveryClient-CacheRefreshExecutor-0] Accept=[application/json, application/*+json]
2025-04-17 17:42:25,264 DEBUG o.s.c.l.CompositeLog [DiscoveryClient-HeartbeatExecutor-0] Response 200 OK
2025-04-17 17:42:25,279 DEBUG o.s.c.l.CompositeLog [DiscoveryClient-CacheRefreshExecutor-0] Response 200 OK
2025-04-17 17:42:25,279 DEBUG o.s.c.l.CompositeLog [DiscoveryClient-CacheRefreshExecutor-0] Reading to [org.springframework.cloud.netflix.eureka.http.EurekaApplications]
2025-04-17 17:42:49,222 INFO c.n.d.s.r.a.ConfigClusterResolver [AsyncResolver-bootstrap-executor-0] Resolving eureka endpoints via configuration
2025-04-17 17:42:55,267 DEBUG o.s.c.l.CompositeLog [DiscoveryClient-HeartbeatExecutor-0] HTTP PUT http://localhost:8761/eureka/apps/USER-MANAGEMENT/192.168.1.4:user-management:8888?status=UP&lastDirtyTimestamp=1744897969423
2025-04-17 17:42:55,267 DEBUG o.s.c.l.CompositeLog [DiscoveryClient-HeartbeatExecutor-0] Accept=[application/json, application/*+json]
2025-04-17 17:42:55,282 DEBUG o.s.c.l.CompositeLog [DiscoveryClient-CacheRefreshExecutor-0] HTTP GET http://localhost:8761/eureka/apps/delta
2025-04-17 17:42:55,283 DEBUG o.s.c.l.CompositeLog [DiscoveryClient-CacheRefreshExecutor-0] Accept=[application/json, application/*+json]
2025-04-17 17:42:55,283 DEBUG o.s.c.l.CompositeLog [DiscoveryClient-HeartbeatExecutor-0] Response 200 OK
2025-04-17 17:42:55,298 DEBUG o.s.c.l.CompositeLog [DiscoveryClient-CacheRefreshExecutor-0] Response 200 OK
2025-04-17 17:42:55,298 DEBUG o.s.c.l.CompositeLog [DiscoveryClient-CacheRefreshExecutor-0] Reading to [org.springframework.cloud.netflix.eureka.http.EurekaApplications]
2025-04-17 17:43:25,293 DEBUG o.s.c.l.CompositeLog [DiscoveryClient-HeartbeatExecutor-0] HTTP PUT http://localhost:8761/eureka/apps/USER-MANAGEMENT/192.168.1.4:user-management:8888?status=UP&lastDirtyTimestamp=1744897969423
2025-04-17 17:43:25,294 DEBUG o.s.c.l.CompositeLog [DiscoveryClient-HeartbeatExecutor-0] Accept=[application/json, application/*+json]
2025-04-17 17:43:25,308 DEBUG o.s.c.l.CompositeLog [DiscoveryClient-CacheRefreshExecutor-0] HTTP GET http://localhost:8761/eureka/apps/delta
2025-04-17 17:43:25,309 DEBUG o.s.c.l.CompositeLog [DiscoveryClient-CacheRefreshExecutor-0] Accept=[application/json, application/*+json]
2025-04-17 17:43:25,309 DEBUG o.s.c.l.CompositeLog [DiscoveryClient-HeartbeatExecutor-0] Response 200 OK
2025-04-17 17:43:25,325 DEBUG o.s.c.l.CompositeLog [DiscoveryClient-CacheRefreshExecutor-0] Response 200 OK
2025-04-17 17:43:25,325 DEBUG o.s.c.l.CompositeLog [DiscoveryClient-CacheRefreshExecutor-0] Reading to [org.springframework.cloud.netflix.eureka.http.EurekaApplications]
2025-04-17 17:43:55,312 DEBUG o.s.c.l.CompositeLog [DiscoveryClient-HeartbeatExecutor-0] HTTP PUT http://localhost:8761/eureka/apps/USER-MANAGEMENT/192.168.1.4:user-management:8888?status=UP&lastDirtyTimestamp=1744897969423
2025-04-17 17:43:55,312 DEBUG o.s.c.l.CompositeLog [DiscoveryClient-HeartbeatExecutor-0] Accept=[application/json, application/*+json]
2025-04-17 17:43:55,328 DEBUG o.s.c.l.CompositeLog [DiscoveryClient-HeartbeatExecutor-0] Response 200 OK
2025-04-17 17:43:55,328 DEBUG o.s.c.l.CompositeLog [DiscoveryClient-CacheRefreshExecutor-0] HTTP GET http://localhost:8761/eureka/apps/delta
2025-04-17 17:43:55,329 DEBUG o.s.c.l.CompositeLog [DiscoveryClient-CacheRefreshExecutor-0] Accept=[application/json, application/*+json]
2025-04-17 17:43:55,343 DEBUG o.s.c.l.CompositeLog [DiscoveryClient-CacheRefreshExecutor-0] Response 200 OK
2025-04-17 17:43:55,343 DEBUG o.s.c.l.CompositeLog [DiscoveryClient-CacheRefreshExecutor-0] Reading to [org.springframework.cloud.netflix.eureka.http.EurekaApplications]
2025-04-17 17:44:25,337 DEBUG o.s.c.l.CompositeLog [DiscoveryClient-HeartbeatExecutor-0] HTTP PUT http://localhost:8761/eureka/apps/USER-MANAGEMENT/192.168.1.4:user-management:8888?status=UP&lastDirtyTimestamp=1744897969423
2025-04-17 17:44:25,338 DEBUG o.s.c.l.CompositeLog [DiscoveryClient-HeartbeatExecutor-0] Accept=[application/json, application/*+json]
2025-04-17 17:44:25,353 DEBUG o.s.c.l.CompositeLog [DiscoveryClient-CacheRefreshExecutor-0] HTTP GET http://localhost:8761/eureka/apps/delta
2025-04-17 17:44:25,354 DEBUG o.s.c.l.CompositeLog [DiscoveryClient-CacheRefreshExecutor-0] Accept=[application/json, application/*+json]
2025-04-17 17:44:25,355 DEBUG o.s.c.l.CompositeLog [DiscoveryClient-HeartbeatExecutor-0] Response 200 OK
2025-04-17 17:44:25,369 DEBUG o.s.c.l.CompositeLog [DiscoveryClient-CacheRefreshExecutor-0] Response 200 OK
2025-04-17 17:44:25,369 DEBUG o.s.c.l.CompositeLog [DiscoveryClient-CacheRefreshExecutor-0] Reading to [org.springframework.cloud.netflix.eureka.http.EurekaApplications]
2025-04-17 17:44:55,368 DEBUG o.s.c.l.CompositeLog [DiscoveryClient-HeartbeatExecutor-0] HTTP PUT http://localhost:8761/eureka/apps/USER-MANAGEMENT/192.168.1.4:user-management:8888?status=UP&lastDirtyTimestamp=1744897969423
2025-04-17 17:44:55,369 DEBUG o.s.c.l.CompositeLog [DiscoveryClient-HeartbeatExecutor-0] Accept=[application/json, application/*+json]
2025-04-17 17:44:55,384 DEBUG o.s.c.l.CompositeLog [DiscoveryClient-CacheRefreshExecutor-0] HTTP GET http://localhost:8761/eureka/apps/delta
2025-04-17 17:44:55,385 DEBUG o.s.c.l.CompositeLog [DiscoveryClient-CacheRefreshExecutor-0] Accept=[application/json, application/*+json]
2025-04-17 17:44:55,386 DEBUG o.s.c.l.CompositeLog [DiscoveryClient-HeartbeatExecutor-0] Response 200 OK
2025-04-17 17:44:55,401 DEBUG o.s.c.l.CompositeLog [DiscoveryClient-CacheRefreshExecutor-0] Response 200 OK
2025-04-17 17:44:55,401 DEBUG o.s.c.l.CompositeLog [DiscoveryClient-CacheRefreshExecutor-0] Reading to [org.springframework.cloud.netflix.eureka.http.EurekaApplications]
2025-04-17 17:45:25,396 DEBUG o.s.c.l.CompositeLog [DiscoveryClient-HeartbeatExecutor-0] HTTP PUT http://localhost:8761/eureka/apps/USER-MANAGEMENT/192.168.1.4:user-management:8888?status=UP&lastDirtyTimestamp=1744897969423
2025-04-17 17:45:25,396 DEBUG o.s.c.l.CompositeLog [DiscoveryClient-HeartbeatExecutor-0] Accept=[application/json, application/*+json]
2025-04-17 17:45:25,411 DEBUG o.s.c.l.CompositeLog [DiscoveryClient-CacheRefreshExecutor-0] HTTP GET http://localhost:8761/eureka/apps/delta
2025-04-17 17:45:25,411 DEBUG o.s.c.l.CompositeLog [DiscoveryClient-CacheRefreshExecutor-0] Accept=[application/json, application/*+json]
2025-04-17 17:45:25,413 DEBUG o.s.c.l.CompositeLog [DiscoveryClient-HeartbeatExecutor-0] Response 200 OK
2025-04-17 17:45:25,427 DEBUG o.s.c.l.CompositeLog [DiscoveryClient-CacheRefreshExecutor-0] Response 200 OK
2025-04-17 17:45:25,428 DEBUG o.s.c.l.CompositeLog [DiscoveryClient-CacheRefreshExecutor-0] Reading to [org.springframework.cloud.netflix.eureka.http.EurekaApplications]
2025-04-17 17:45:55,417 DEBUG o.s.c.l.CompositeLog [DiscoveryClient-HeartbeatExecutor-0] HTTP PUT http://localhost:8761/eureka/apps/USER-MANAGEMENT/192.168.1.4:user-management:8888?status=UP&lastDirtyTimestamp=1744897969423
2025-04-17 17:45:55,417 DEBUG o.s.c.l.CompositeLog [DiscoveryClient-HeartbeatExecutor-0] Accept=[application/json, application/*+json]
2025-04-17 17:45:55,433 DEBUG o.s.c.l.CompositeLog [DiscoveryClient-CacheRefreshExecutor-0] HTTP GET http://localhost:8761/eureka/apps/delta
2025-04-17 17:45:55,434 DEBUG o.s.c.l.CompositeLog [DiscoveryClient-CacheRefreshExecutor-0] Accept=[application/json, application/*+json]
2025-04-17 17:45:55,435 DEBUG o.s.c.l.CompositeLog [DiscoveryClient-HeartbeatExecutor-0] Response 200 OK
2025-04-17 17:45:55,450 DEBUG o.s.c.l.CompositeLog [DiscoveryClient-CacheRefreshExecutor-0] Response 200 OK
2025-04-17 17:45:55,450 DEBUG o.s.c.l.CompositeLog [DiscoveryClient-CacheRefreshExecutor-0] Reading to [org.springframework.cloud.netflix.eureka.http.EurekaApplications]
2025-04-17 17:46:25,436 DEBUG o.s.c.l.CompositeLog [DiscoveryClient-HeartbeatExecutor-0] HTTP PUT http://localhost:8761/eureka/apps/USER-MANAGEMENT/192.168.1.4:user-management:8888?status=UP&lastDirtyTimestamp=1744897969423
2025-04-17 17:46:25,437 DEBUG o.s.c.l.CompositeLog [DiscoveryClient-HeartbeatExecutor-0] Accept=[application/json, application/*+json]
2025-04-17 17:46:25,453 DEBUG o.s.c.l.CompositeLog [DiscoveryClient-HeartbeatExecutor-0] Response 200 OK
2025-04-17 17:46:25,453 DEBUG o.s.c.l.CompositeLog [DiscoveryClient-CacheRefreshExecutor-0] HTTP GET http://localhost:8761/eureka/apps/delta
2025-04-17 17:46:25,453 DEBUG o.s.c.l.CompositeLog [DiscoveryClient-CacheRefreshExecutor-0] Accept=[application/json, application/*+json]
2025-04-17 17:46:25,469 DEBUG o.s.c.l.CompositeLog [DiscoveryClient-CacheRefreshExecutor-0] Response 200 OK
2025-04-17 17:46:25,469 DEBUG o.s.c.l.CompositeLog [DiscoveryClient-CacheRefreshExecutor-0] Reading to [org.springframework.cloud.netflix.eureka.http.EurekaApplications]
2025-04-17 17:46:55,456 DEBUG o.s.c.l.CompositeLog [DiscoveryClient-HeartbeatExecutor-0] HTTP PUT http://localhost:8761/eureka/apps/USER-MANAGEMENT/192.168.1.4:user-management:8888?status=UP&lastDirtyTimestamp=1744897969423
2025-04-17 17:46:55,456 DEBUG o.s.c.l.CompositeLog [DiscoveryClient-HeartbeatExecutor-0] Accept=[application/json, application/*+json]
2025-04-17 17:46:55,471 DEBUG o.s.c.l.CompositeLog [DiscoveryClient-CacheRefreshExecutor-0] HTTP GET http://localhost:8761/eureka/apps/delta
2025-04-17 17:46:55,471 DEBUG o.s.c.l.CompositeLog [DiscoveryClient-CacheRefreshExecutor-0] Accept=[application/json, application/*+json]
2025-04-17 17:46:55,473 DEBUG o.s.c.l.CompositeLog [DiscoveryClient-HeartbeatExecutor-0] Response 200 OK
2025-04-17 17:46:55,488 DEBUG o.s.c.l.CompositeLog [DiscoveryClient-CacheRefreshExecutor-0] Response 200 OK
2025-04-17 17:46:55,488 DEBUG o.s.c.l.CompositeLog [DiscoveryClient-CacheRefreshExecutor-0] Reading to [org.springframework.cloud.netflix.eureka.http.EurekaApplications]
2025-04-17 17:47:25,477 DEBUG o.s.c.l.CompositeLog [DiscoveryClient-HeartbeatExecutor-0] HTTP PUT http://localhost:8761/eureka/apps/USER-MANAGEMENT/192.168.1.4:user-management:8888?status=UP&lastDirtyTimestamp=1744897969423
2025-04-17 17:47:25,477 DEBUG o.s.c.l.CompositeLog [DiscoveryClient-HeartbeatExecutor-0] Accept=[application/json, application/*+json]
2025-04-17 17:47:25,492 DEBUG o.s.c.l.CompositeLog [DiscoveryClient-CacheRefreshExecutor-0] HTTP GET http://localhost:8761/eureka/apps/delta
2025-04-17 17:47:25,492 DEBUG o.s.c.l.CompositeLog [DiscoveryClient-CacheRefreshExecutor-0] Accept=[application/json, application/*+json]
2025-04-17 17:47:25,493 DEBUG o.s.c.l.CompositeLog [DiscoveryClient-HeartbeatExecutor-0] Response 200 OK
2025-04-17 17:47:25,509 DEBUG o.s.c.l.CompositeLog [DiscoveryClient-CacheRefreshExecutor-0] Response 200 OK
2025-04-17 17:47:25,510 DEBUG o.s.c.l.CompositeLog [DiscoveryClient-CacheRefreshExecutor-0] Reading to [org.springframework.cloud.netflix.eureka.http.EurekaApplications]
2025-04-17 17:47:49,229 INFO c.n.d.s.r.a.ConfigClusterResolver [AsyncResolver-bootstrap-executor-0] Resolving eureka endpoints via configuration
2025-04-17 17:47:55,495 DEBUG o.s.c.l.CompositeLog [DiscoveryClient-HeartbeatExecutor-0] HTTP PUT http://localhost:8761/eureka/apps/USER-MANAGEMENT/192.168.1.4:user-management:8888?status=UP&lastDirtyTimestamp=1744897969423
2025-04-17 17:47:55,495 DEBUG o.s.c.l.CompositeLog [DiscoveryClient-HeartbeatExecutor-0] Accept=[application/json, application/*+json]
2025-04-17 17:47:55,511 DEBUG o.s.c.l.CompositeLog [DiscoveryClient-HeartbeatExecutor-0] Response 200 OK
2025-04-17 17:47:55,511 DEBUG o.s.c.l.CompositeLog [DiscoveryClient-CacheRefreshExecutor-0] HTTP GET http://localhost:8761/eureka/apps/delta
2025-04-17 17:47:55,512 DEBUG o.s.c.l.CompositeLog [DiscoveryClient-CacheRefreshExecutor-0] Accept=[application/json, application/*+json]
2025-04-17 17:47:55,527 DEBUG o.s.c.l.CompositeLog [DiscoveryClient-CacheRefreshExecutor-0] Response 200 OK
2025-04-17 17:47:55,528 DEBUG o.s.c.l.CompositeLog [DiscoveryClient-CacheRefreshExecutor-0] Reading to [org.springframework.cloud.netflix.eureka.http.EurekaApplications]
2025-04-17 17:48:25,523 DEBUG o.s.c.l.CompositeLog [DiscoveryClient-HeartbeatExecutor-0] HTTP PUT http://localhost:8761/eureka/apps/USER-MANAGEMENT/192.168.1.4:user-management:8888?status=UP&lastDirtyTimestamp=1744897969423
2025-04-17 17:48:25,523 DEBUG o.s.c.l.CompositeLog [DiscoveryClient-HeartbeatExecutor-0] Accept=[application/json, application/*+json]
2025-04-17 17:48:25,538 DEBUG o.s.c.l.CompositeLog [DiscoveryClient-CacheRefreshExecutor-0] HTTP GET http://localhost:8761/eureka/apps/delta
2025-04-17 17:48:25,538 DEBUG o.s.c.l.CompositeLog [DiscoveryClient-CacheRefreshExecutor-0] Accept=[application/json, application/*+json]
2025-04-17 17:48:25,540 DEBUG o.s.c.l.CompositeLog [DiscoveryClient-HeartbeatExecutor-0] Response 200 OK
2025-04-17 17:48:25,555 DEBUG o.s.c.l.CompositeLog [DiscoveryClient-CacheRefreshExecutor-0] Response 200 OK
2025-04-17 17:48:25,556 DEBUG o.s.c.l.CompositeLog [DiscoveryClient-CacheRefreshExecutor-0] Reading to [org.springframework.cloud.netflix.eureka.http.EurekaApplications]
2025-04-17 17:48:55,544 DEBUG o.s.c.l.CompositeLog [DiscoveryClient-HeartbeatExecutor-0] HTTP PUT http://localhost:8761/eureka/apps/USER-MANAGEMENT/192.168.1.4:user-management:8888?status=UP&lastDirtyTimestamp=1744897969423
2025-04-17 17:48:55,545 DEBUG o.s.c.l.CompositeLog [DiscoveryClient-HeartbeatExecutor-0] Accept=[application/json, application/*+json]
2025-04-17 17:48:55,560 DEBUG o.s.c.l.CompositeLog [DiscoveryClient-CacheRefreshExecutor-0] HTTP GET http://localhost:8761/eureka/apps/delta
2025-04-17 17:48:55,561 DEBUG o.s.c.l.CompositeLog [DiscoveryClient-CacheRefreshExecutor-0] Accept=[application/json, application/*+json]
2025-04-17 17:48:55,562 DEBUG o.s.c.l.CompositeLog [DiscoveryClient-HeartbeatExecutor-0] Response 200 OK
2025-04-17 17:48:55,577 DEBUG o.s.c.l.CompositeLog [DiscoveryClient-CacheRefreshExecutor-0] Response 200 OK
2025-04-17 17:48:55,577 DEBUG o.s.c.l.CompositeLog [DiscoveryClient-CacheRefreshExecutor-0] Reading to [org.springframework.cloud.netflix.eureka.http.EurekaApplications]
2025-04-17 17:49:25,572 DEBUG o.s.c.l.CompositeLog [DiscoveryClient-HeartbeatExecutor-0] HTTP PUT http://localhost:8761/eureka/apps/USER-MANAGEMENT/192.168.1.4:user-management:8888?status=UP&lastDirtyTimestamp=1744897969423
2025-04-17 17:49:25,573 DEBUG o.s.c.l.CompositeLog [DiscoveryClient-HeartbeatExecutor-0] Accept=[application/json, application/*+json]
2025-04-17 17:49:25,587 DEBUG o.s.c.l.CompositeLog [DiscoveryClient-CacheRefreshExecutor-0] HTTP GET http://localhost:8761/eureka/apps/delta
2025-04-17 17:49:25,587 DEBUG o.s.c.l.CompositeLog [DiscoveryClient-CacheRefreshExecutor-0] Accept=[application/json, application/*+json]
2025-04-17 17:49:25,588 DEBUG o.s.c.l.CompositeLog [DiscoveryClient-HeartbeatExecutor-0] Response 200 OK
2025-04-17 17:49:25,604 DEBUG o.s.c.l.CompositeLog [DiscoveryClient-CacheRefreshExecutor-0] Response 200 OK
2025-04-17 17:49:25,604 DEBUG o.s.c.l.CompositeLog [DiscoveryClient-CacheRefreshExecutor-0] Reading to [org.springframework.cloud.netflix.eureka.http.EurekaApplications]
2025-04-17 17:49:55,596 DEBUG o.s.c.l.CompositeLog [DiscoveryClient-HeartbeatExecutor-0] HTTP PUT http://localhost:8761/eureka/apps/USER-MANAGEMENT/192.168.1.4:user-management:8888?status=UP&lastDirtyTimestamp=1744897969423
2025-04-17 17:49:55,597 DEBUG o.s.c.l.CompositeLog [DiscoveryClient-HeartbeatExecutor-0] Accept=[application/json, application/*+json]
2025-04-17 17:49:55,612 DEBUG o.s.c.l.CompositeLog [DiscoveryClient-CacheRefreshExecutor-0] HTTP GET http://localhost:8761/eureka/apps/delta
2025-04-17 17:49:55,612 DEBUG o.s.c.l.CompositeLog [DiscoveryClient-CacheRefreshExecutor-0] Accept=[application/json, application/*+json]
2025-04-17 17:49:55,613 DEBUG o.s.c.l.CompositeLog [DiscoveryClient-HeartbeatExecutor-0] Response 200 OK
2025-04-17 17:49:55,629 DEBUG o.s.c.l.CompositeLog [DiscoveryClient-CacheRefreshExecutor-0] Response 200 OK
2025-04-17 17:49:55,630 DEBUG o.s.c.l.CompositeLog [DiscoveryClient-CacheRefreshExecutor-0] Reading to [org.springframework.cloud.netflix.eureka.http.EurekaApplications]
2025-04-17 17:50:25,628 DEBUG o.s.c.l.CompositeLog [DiscoveryClient-HeartbeatExecutor-0] HTTP PUT http://localhost:8761/eureka/apps/USER-MANAGEMENT/192.168.1.4:user-management:8888?status=UP&lastDirtyTimestamp=1744897969423
2025-04-17 17:50:25,629 DEBUG o.s.c.l.CompositeLog [DiscoveryClient-HeartbeatExecutor-0] Accept=[application/json, application/*+json]
2025-04-17 17:50:25,645 DEBUG o.s.c.l.CompositeLog [DiscoveryClient-CacheRefreshExecutor-0] HTTP GET http://localhost:8761/eureka/apps/delta
2025-04-17 17:50:25,645 DEBUG o.s.c.l.CompositeLog [DiscoveryClient-CacheRefreshExecutor-0] Accept=[application/json, application/*+json]
2025-04-17 17:50:25,646 DEBUG o.s.c.l.CompositeLog [DiscoveryClient-HeartbeatExecutor-0] Response 200 OK
2025-04-17 17:50:25,661 DEBUG o.s.c.l.CompositeLog [DiscoveryClient-CacheRefreshExecutor-0] Response 200 OK
2025-04-17 17:50:25,661 DEBUG o.s.c.l.CompositeLog [DiscoveryClient-CacheRefreshExecutor-0] Reading to [org.springframework.cloud.netflix.eureka.http.EurekaApplications]
2025-04-17 17:50:55,653 DEBUG o.s.c.l.CompositeLog [DiscoveryClient-HeartbeatExecutor-0] HTTP PUT http://localhost:8761/eureka/apps/USER-MANAGEMENT/192.168.1.4:user-management:8888?status=UP&lastDirtyTimestamp=1744897969423
2025-04-17 17:50:55,653 DEBUG o.s.c.l.CompositeLog [DiscoveryClient-HeartbeatExecutor-0] Accept=[application/json, application/*+json]
2025-04-17 17:50:55,669 DEBUG o.s.c.l.CompositeLog [DiscoveryClient-CacheRefreshExecutor-0] HTTP GET http://localhost:8761/eureka/apps/delta
2025-04-17 17:50:55,669 DEBUG o.s.c.l.CompositeLog [DiscoveryClient-CacheRefreshExecutor-0] Accept=[application/json, application/*+json]
2025-04-17 17:50:55,670 DEBUG o.s.c.l.CompositeLog [DiscoveryClient-HeartbeatExecutor-0] Response 200 OK
2025-04-17 17:50:55,685 DEBUG o.s.c.l.CompositeLog [DiscoveryClient-CacheRefreshExecutor-0] Response 200 OK
2025-04-17 17:50:55,685 DEBUG o.s.c.l.CompositeLog [DiscoveryClient-CacheRefreshExecutor-0] Reading to [org.springframework.cloud.netflix.eureka.http.EurekaApplications]
2025-04-17 17:51:25,682 DEBUG o.s.c.l.CompositeLog [DiscoveryClient-HeartbeatExecutor-0] HTTP PUT http://localhost:8761/eureka/apps/USER-MANAGEMENT/192.168.1.4:user-management:8888?status=UP&lastDirtyTimestamp=1744897969423
2025-04-17 17:51:25,682 DEBUG o.s.c.l.CompositeLog [DiscoveryClient-HeartbeatExecutor-0] Accept=[application/json, application/*+json]
2025-04-17 17:51:25,697 DEBUG o.s.c.l.CompositeLog [DiscoveryClient-CacheRefreshExecutor-0] HTTP GET http://localhost:8761/eureka/apps/delta
2025-04-17 17:51:25,698 DEBUG o.s.c.l.CompositeLog [DiscoveryClient-CacheRefreshExecutor-0] Accept=[application/json, application/*+json]
2025-04-17 17:51:25,701 DEBUG o.s.c.l.CompositeLog [DiscoveryClient-HeartbeatExecutor-0] Response 200 OK
2025-04-17 17:51:25,715 DEBUG o.s.c.l.CompositeLog [DiscoveryClient-CacheRefreshExecutor-0] Response 200 OK
2025-04-17 17:51:25,715 DEBUG o.s.c.l.CompositeLog [DiscoveryClient-CacheRefreshExecutor-0] Reading to [org.springframework.cloud.netflix.eureka.http.EurekaApplications]
2025-04-17 17:51:55,708 DEBUG o.s.c.l.CompositeLog [DiscoveryClient-HeartbeatExecutor-0] HTTP PUT http://localhost:8761/eureka/apps/USER-MANAGEMENT/192.168.1.4:user-management:8888?status=UP&lastDirtyTimestamp=1744897969423
2025-04-17 17:51:55,710 DEBUG o.s.c.l.CompositeLog [DiscoveryClient-HeartbeatExecutor-0] Accept=[application/json, application/*+json]
2025-04-17 17:51:55,723 DEBUG o.s.c.l.CompositeLog [DiscoveryClient-CacheRefreshExecutor-0] HTTP GET http://localhost:8761/eureka/apps/delta
2025-04-17 17:51:55,724 DEBUG o.s.c.l.CompositeLog [DiscoveryClient-CacheRefreshExecutor-0] Accept=[application/json, application/*+json]
2025-04-17 17:51:55,725 DEBUG o.s.c.l.CompositeLog [DiscoveryClient-HeartbeatExecutor-0] Response 200 OK
2025-04-17 17:51:55,740 DEBUG o.s.c.l.CompositeLog [DiscoveryClient-CacheRefreshExecutor-0] Response 200 OK
2025-04-17 17:51:55,741 DEBUG o.s.c.l.CompositeLog [DiscoveryClient-CacheRefreshExecutor-0] Reading to [org.springframework.cloud.netflix.eureka.http.EurekaApplications]
2025-04-17 17:52:25,728 DEBUG o.s.c.l.CompositeLog [DiscoveryClient-HeartbeatExecutor-0] HTTP PUT http://localhost:8761/eureka/apps/USER-MANAGEMENT/192.168.1.4:user-management:8888?status=UP&lastDirtyTimestamp=1744897969423
2025-04-17 17:52:25,728 DEBUG o.s.c.l.CompositeLog [DiscoveryClient-HeartbeatExecutor-0] Accept=[application/json, application/*+json]
2025-04-17 17:52:25,744 DEBUG o.s.c.l.CompositeLog [DiscoveryClient-CacheRefreshExecutor-0] HTTP GET http://localhost:8761/eureka/apps/delta
2025-04-17 17:52:25,744 DEBUG o.s.c.l.CompositeLog [DiscoveryClient-CacheRefreshExecutor-0] Accept=[application/json, application/*+json]
2025-04-17 17:52:25,745 DEBUG o.s.c.l.CompositeLog [DiscoveryClient-HeartbeatExecutor-0] Response 200 OK
2025-04-17 17:52:25,760 DEBUG o.s.c.l.CompositeLog [DiscoveryClient-CacheRefreshExecutor-0] Response 200 OK
2025-04-17 17:52:25,760 DEBUG o.s.c.l.CompositeLog [DiscoveryClient-CacheRefreshExecutor-0] Reading to [org.springframework.cloud.netflix.eureka.http.EurekaApplications]
2025-04-17 17:52:49,242 INFO c.n.d.s.r.a.ConfigClusterResolver [AsyncResolver-bootstrap-executor-0] Resolving eureka endpoints via configuration
2025-04-17 17:52:55,756 DEBUG o.s.c.l.CompositeLog [DiscoveryClient-HeartbeatExecutor-0] HTTP PUT http://localhost:8761/eureka/apps/USER-MANAGEMENT/192.168.1.4:user-management:8888?status=UP&lastDirtyTimestamp=1744897969423
2025-04-17 17:52:55,757 DEBUG o.s.c.l.CompositeLog [DiscoveryClient-HeartbeatExecutor-0] Accept=[application/json, application/*+json]
2025-04-17 17:52:55,771 DEBUG o.s.c.l.CompositeLog [DiscoveryClient-CacheRefreshExecutor-0] HTTP GET http://localhost:8761/eureka/apps/delta
2025-04-17 17:52:55,771 DEBUG o.s.c.l.CompositeLog [DiscoveryClient-CacheRefreshExecutor-0] Accept=[application/json, application/*+json]
2025-04-17 17:52:55,772 DEBUG o.s.c.l.CompositeLog [DiscoveryClient-HeartbeatExecutor-0] Response 200 OK
2025-04-17 17:52:55,788 DEBUG o.s.c.l.CompositeLog [DiscoveryClient-CacheRefreshExecutor-0] Response 200 OK
2025-04-17 17:52:55,788 DEBUG o.s.c.l.CompositeLog [DiscoveryClient-CacheRefreshExecutor-0] Reading to [org.springframework.cloud.netflix.eureka.http.EurekaApplications]
2025-04-17 17:53:25,785 DEBUG o.s.c.l.CompositeLog [DiscoveryClient-HeartbeatExecutor-0] HTTP PUT http://localhost:8761/eureka/apps/USER-MANAGEMENT/192.168.1.4:user-management:8888?status=UP&lastDirtyTimestamp=1744897969423
2025-04-17 17:53:25,786 DEBUG o.s.c.l.CompositeLog [DiscoveryClient-HeartbeatExecutor-0] Accept=[application/json, application/*+json]
2025-04-17 17:53:25,801 DEBUG o.s.c.l.CompositeLog [DiscoveryClient-HeartbeatExecutor-0] Response 200 OK
2025-04-17 17:53:25,804 DEBUG o.s.c.l.CompositeLog [DiscoveryClient-CacheRefreshExecutor-0] HTTP GET http://localhost:8761/eureka/apps/delta
2025-04-17 17:53:25,813 DEBUG o.s.c.l.CompositeLog [DiscoveryClient-CacheRefreshExecutor-0] Accept=[application/json, application/*+json]
2025-04-17 17:53:25,817 DEBUG o.s.c.l.CompositeLog [DiscoveryClient-CacheRefreshExecutor-0] Response 200 OK
2025-04-17 17:53:25,817 DEBUG o.s.c.l.CompositeLog [DiscoveryClient-CacheRefreshExecutor-0] Reading to [org.springframework.cloud.netflix.eureka.http.EurekaApplications]
2025-04-17 17:53:55,816 DEBUG o.s.c.l.CompositeLog [DiscoveryClient-HeartbeatExecutor-0] HTTP PUT http://localhost:8761/eureka/apps/USER-MANAGEMENT/192.168.1.4:user-management:8888?status=UP&lastDirtyTimestamp=1744897969423
2025-04-17 17:53:55,817 DEBUG o.s.c.l.CompositeLog [DiscoveryClient-HeartbeatExecutor-0] Accept=[application/json, application/*+json]
2025-04-17 17:53:55,831 DEBUG o.s.c.l.CompositeLog [DiscoveryClient-CacheRefreshExecutor-0] HTTP GET http://localhost:8761/eureka/apps/delta
2025-04-17 17:53:55,831 DEBUG o.s.c.l.CompositeLog [DiscoveryClient-CacheRefreshExecutor-0] Accept=[application/json, application/*+json]
2025-04-17 17:53:55,833 DEBUG o.s.c.l.CompositeLog [DiscoveryClient-HeartbeatExecutor-0] Response 200 OK
2025-04-17 17:53:55,849 DEBUG o.s.c.l.CompositeLog [DiscoveryClient-CacheRefreshExecutor-0] Response 200 OK
2025-04-17 17:53:55,849 DEBUG o.s.c.l.CompositeLog [DiscoveryClient-CacheRefreshExecutor-0] Reading to [org.springframework.cloud.netflix.eureka.http.EurekaApplications]
2025-04-17 17:54:25,847 DEBUG o.s.c.l.CompositeLog [DiscoveryClient-HeartbeatExecutor-0] HTTP PUT http://localhost:8761/eureka/apps/USER-MANAGEMENT/192.168.1.4:user-management:8888?status=UP&lastDirtyTimestamp=1744897969423
2025-04-17 17:54:25,847 DEBUG o.s.c.l.CompositeLog [DiscoveryClient-HeartbeatExecutor-0] Accept=[application/json, application/*+json]
2025-04-17 17:54:25,859 DEBUG o.s.c.l.CompositeLog [DiscoveryClient-CacheRefreshExecutor-0] HTTP GET http://localhost:8761/eureka/apps/delta
2025-04-17 17:54:25,859 DEBUG o.s.c.l.CompositeLog [DiscoveryClient-CacheRefreshExecutor-0] Accept=[application/json, application/*+json]
2025-04-17 17:54:25,860 DEBUG o.s.c.l.CompositeLog [DiscoveryClient-HeartbeatExecutor-0] Response 200 OK
2025-04-17 17:54:25,876 DEBUG o.s.c.l.CompositeLog [DiscoveryClient-CacheRefreshExecutor-0] Response 200 OK
2025-04-17 17:54:25,877 DEBUG o.s.c.l.CompositeLog [DiscoveryClient-CacheRefreshExecutor-0] Reading to [org.springframework.cloud.netflix.eureka.http.EurekaApplications]
2025-04-17 17:54:55,869 DEBUG o.s.c.l.CompositeLog [DiscoveryClient-HeartbeatExecutor-0] HTTP PUT http://localhost:8761/eureka/apps/USER-MANAGEMENT/192.168.1.4:user-management:8888?status=UP&lastDirtyTimestamp=1744897969423
2025-04-17 17:54:55,874 DEBUG o.s.c.l.CompositeLog [DiscoveryClient-HeartbeatExecutor-0] Accept=[application/json, application/*+json]
2025-04-17 17:54:55,878 DEBUG o.s.c.l.CompositeLog [DiscoveryClient-HeartbeatExecutor-0] Response 200 OK
2025-04-17 17:54:55,879 DEBUG o.s.c.l.CompositeLog [DiscoveryClient-CacheRefreshExecutor-0] HTTP GET http://localhost:8761/eureka/apps/delta
2025-04-17 17:54:55,879 DEBUG o.s.c.l.CompositeLog [DiscoveryClient-CacheRefreshExecutor-0] Accept=[application/json, application/*+json]
2025-04-17 17:54:55,883 DEBUG o.s.c.l.CompositeLog [DiscoveryClient-CacheRefreshExecutor-0] Response 200 OK
2025-04-17 17:54:55,883 DEBUG o.s.c.l.CompositeLog [DiscoveryClient-CacheRefreshExecutor-0] Reading to [org.springframework.cloud.netflix.eureka.http.EurekaApplications]
2025-04-17 17:55:25,886 DEBUG o.s.c.l.CompositeLog [DiscoveryClient-CacheRefreshExecutor-0] HTTP GET http://localhost:8761/eureka/apps/delta
2025-04-17 17:55:25,886 DEBUG o.s.c.l.CompositeLog [DiscoveryClient-HeartbeatExecutor-0] HTTP PUT http://localhost:8761/eureka/apps/USER-MANAGEMENT/192.168.1.4:user-management:8888?status=UP&lastDirtyTimestamp=1744897969423
2025-04-17 17:55:25,887 DEBUG o.s.c.l.CompositeLog [DiscoveryClient-CacheRefreshExecutor-0] Accept=[application/json, application/*+json]
2025-04-17 17:55:25,887 DEBUG o.s.c.l.CompositeLog [DiscoveryClient-HeartbeatExecutor-0] Accept=[application/json, application/*+json]
2025-04-17 17:55:25,902 DEBUG o.s.c.l.CompositeLog [DiscoveryClient-CacheRefreshExecutor-0] Response 200 OK
2025-04-17 17:55:25,902 DEBUG o.s.c.l.CompositeLog [DiscoveryClient-HeartbeatExecutor-0] Response 200 OK
2025-04-17 17:55:25,903 DEBUG o.s.c.l.CompositeLog [DiscoveryClient-CacheRefreshExecutor-0] Reading to [org.springframework.cloud.netflix.eureka.http.EurekaApplications]
2025-04-17 17:55:55,911 DEBUG o.s.c.l.CompositeLog [DiscoveryClient-CacheRefreshExecutor-0] HTTP GET http://localhost:8761/eureka/apps/delta
2025-04-17 17:55:55,911 DEBUG o.s.c.l.CompositeLog [DiscoveryClient-HeartbeatExecutor-0] HTTP PUT http://localhost:8761/eureka/apps/USER-MANAGEMENT/192.168.1.4:user-management:8888?status=UP&lastDirtyTimestamp=1744897969423
2025-04-17 17:55:55,911 DEBUG o.s.c.l.CompositeLog [DiscoveryClient-HeartbeatExecutor-0] Accept=[application/json, application/*+json]
2025-04-17 17:55:55,911 DEBUG o.s.c.l.CompositeLog [DiscoveryClient-CacheRefreshExecutor-0] Accept=[application/json, application/*+json]
2025-04-17 17:55:55,928 DEBUG o.s.c.l.CompositeLog [DiscoveryClient-CacheRefreshExecutor-0] Response 200 OK
2025-04-17 17:55:55,928 DEBUG o.s.c.l.CompositeLog [DiscoveryClient-HeartbeatExecutor-0] Response 200 OK
2025-04-17 17:55:55,929 DEBUG o.s.c.l.CompositeLog [DiscoveryClient-CacheRefreshExecutor-0] Reading to [org.springframework.cloud.netflix.eureka.http.EurekaApplications]
2025-04-17 17:56:25,940 DEBUG o.s.c.l.CompositeLog [DiscoveryClient-CacheRefreshExecutor-0] HTTP GET http://localhost:8761/eureka/apps/delta
2025-04-17 17:56:25,940 DEBUG o.s.c.l.CompositeLog [DiscoveryClient-HeartbeatExecutor-0] HTTP PUT http://localhost:8761/eureka/apps/USER-MANAGEMENT/192.168.1.4:user-management:8888?status=UP&lastDirtyTimestamp=1744897969423
2025-04-17 17:56:25,941 DEBUG o.s.c.l.CompositeLog [DiscoveryClient-CacheRefreshExecutor-0] Accept=[application/json, application/*+json]
2025-04-17 17:56:25,941 DEBUG o.s.c.l.CompositeLog [DiscoveryClient-HeartbeatExecutor-0] Accept=[application/json, application/*+json]
2025-04-17 17:56:25,956 DEBUG o.s.c.l.CompositeLog [DiscoveryClient-HeartbeatExecutor-0] Response 200 OK
2025-04-17 17:56:25,956 DEBUG o.s.c.l.CompositeLog [DiscoveryClient-CacheRefreshExecutor-0] Response 200 OK
2025-04-17 17:56:25,956 DEBUG o.s.c.l.CompositeLog [DiscoveryClient-CacheRefreshExecutor-0] Reading to [org.springframework.cloud.netflix.eureka.http.EurekaApplications]
2025-04-17 17:56:55,959 DEBUG o.s.c.l.CompositeLog [DiscoveryClient-CacheRefreshExecutor-0] HTTP GET http://localhost:8761/eureka/apps/delta
2025-04-17 17:56:55,959 DEBUG o.s.c.l.CompositeLog [DiscoveryClient-HeartbeatExecutor-0] HTTP PUT http://localhost:8761/eureka/apps/USER-MANAGEMENT/192.168.1.4:user-management:8888?status=UP&lastDirtyTimestamp=1744897969423
2025-04-17 17:56:55,959 DEBUG o.s.c.l.CompositeLog [DiscoveryClient-CacheRefreshExecutor-0] Accept=[application/json, application/*+json]
2025-04-17 17:56:55,959 DEBUG o.s.c.l.CompositeLog [DiscoveryClient-HeartbeatExecutor-0] Accept=[application/json, application/*+json]
2025-04-17 17:56:55,975 DEBUG o.s.c.l.CompositeLog [DiscoveryClient-HeartbeatExecutor-0] Response 200 OK
2025-04-17 17:56:55,975 DEBUG o.s.c.l.CompositeLog [DiscoveryClient-CacheRefreshExecutor-0] Response 200 OK
2025-04-17 17:56:55,975 DEBUG o.s.c.l.CompositeLog [DiscoveryClient-CacheRefreshExecutor-0] Reading to [org.springframework.cloud.netflix.eureka.http.EurekaApplications]
2025-04-17 17:57:25,990 DEBUG o.s.c.l.CompositeLog [DiscoveryClient-CacheRefreshExecutor-0] HTTP GET http://localhost:8761/eureka/apps/delta
2025-04-17 17:57:25,990 DEBUG o.s.c.l.CompositeLog [DiscoveryClient-HeartbeatExecutor-0] HTTP PUT http://localhost:8761/eureka/apps/USER-MANAGEMENT/192.168.1.4:user-management:8888?status=UP&lastDirtyTimestamp=1744897969423
2025-04-17 17:57:25,990 DEBUG o.s.c.l.CompositeLog [DiscoveryClient-HeartbeatExecutor-0] Accept=[application/json, application/*+json]
2025-04-17 17:57:25,990 DEBUG o.s.c.l.CompositeLog [DiscoveryClient-CacheRefreshExecutor-0] Accept=[application/json, application/*+json]
2025-04-17 17:57:26,007 DEBUG o.s.c.l.CompositeLog [DiscoveryClient-CacheRefreshExecutor-0] Response 200 OK
2025-04-17 17:57:26,007 DEBUG o.s.c.l.CompositeLog [DiscoveryClient-HeartbeatExecutor-0] Response 200 OK
2025-04-17 17:57:26,008 DEBUG o.s.c.l.CompositeLog [DiscoveryClient-CacheRefreshExecutor-0] Reading to [org.springframework.cloud.netflix.eureka.http.EurekaApplications]
2025-04-17 17:57:49,253 INFO c.n.d.s.r.a.ConfigClusterResolver [AsyncResolver-bootstrap-executor-0] Resolving eureka endpoints via configuration
2025-04-17 17:57:56,013 DEBUG o.s.c.l.CompositeLog [DiscoveryClient-HeartbeatExecutor-0] HTTP PUT http://localhost:8761/eureka/apps/USER-MANAGEMENT/192.168.1.4:user-management:8888?status=UP&lastDirtyTimestamp=1744897969423
2025-04-17 17:57:56,013 DEBUG o.s.c.l.CompositeLog [DiscoveryClient-CacheRefreshExecutor-0] HTTP GET http://localhost:8761/eureka/apps/delta
2025-04-17 17:57:56,013 DEBUG o.s.c.l.CompositeLog [DiscoveryClient-CacheRefreshExecutor-0] Accept=[application/json, application/*+json]
2025-04-17 17:57:56,013 DEBUG o.s.c.l.CompositeLog [DiscoveryClient-HeartbeatExecutor-0] Accept=[application/json, application/*+json]
2025-04-17 17:57:56,030 DEBUG o.s.c.l.CompositeLog [DiscoveryClient-HeartbeatExecutor-0] Response 200 OK
2025-04-17 17:57:56,030 DEBUG o.s.c.l.CompositeLog [DiscoveryClient-CacheRefreshExecutor-0] Response 200 OK
2025-04-17 17:57:56,030 DEBUG o.s.c.l.CompositeLog [DiscoveryClient-CacheRefreshExecutor-0] Reading to [org.springframework.cloud.netflix.eureka.http.EurekaApplications]
2025-04-17 17:58:26,043 DEBUG o.s.c.l.CompositeLog [DiscoveryClient-HeartbeatExecutor-0] HTTP PUT http://localhost:8761/eureka/apps/USER-MANAGEMENT/192.168.1.4:user-management:8888?status=UP&lastDirtyTimestamp=1744897969423
2025-04-17 17:58:26,043 DEBUG o.s.c.l.CompositeLog [DiscoveryClient-CacheRefreshExecutor-0] HTTP GET http://localhost:8761/eureka/apps/delta
2025-04-17 17:58:26,044 DEBUG o.s.c.l.CompositeLog [DiscoveryClient-HeartbeatExecutor-0] Accept=[application/json, application/*+json]
2025-04-17 17:58:26,044 DEBUG o.s.c.l.CompositeLog [DiscoveryClient-CacheRefreshExecutor-0] Accept=[application/json, application/*+json]
2025-04-17 17:58:26,059 DEBUG o.s.c.l.CompositeLog [DiscoveryClient-CacheRefreshExecutor-0] Response 200 OK
2025-04-17 17:58:26,059 DEBUG o.s.c.l.CompositeLog [DiscoveryClient-HeartbeatExecutor-0] Response 200 OK
2025-04-17 17:58:26,060 DEBUG o.s.c.l.CompositeLog [DiscoveryClient-CacheRefreshExecutor-0] Reading to [org.springframework.cloud.netflix.eureka.http.EurekaApplications]
2025-04-17 17:58:56,074 DEBUG o.s.c.l.CompositeLog [DiscoveryClient-CacheRefreshExecutor-0] HTTP GET http://localhost:8761/eureka/apps/delta
2025-04-17 17:58:56,074 DEBUG o.s.c.l.CompositeLog [DiscoveryClient-HeartbeatExecutor-0] HTTP PUT http://localhost:8761/eureka/apps/USER-MANAGEMENT/192.168.1.4:user-management:8888?status=UP&lastDirtyTimestamp=1744897969423
2025-04-17 17:58:56,075 DEBUG o.s.c.l.CompositeLog [DiscoveryClient-HeartbeatExecutor-0] Accept=[application/json, application/*+json]
2025-04-17 17:58:56,075 DEBUG o.s.c.l.CompositeLog [DiscoveryClient-CacheRefreshExecutor-0] Accept=[application/json, application/*+json]
2025-04-17 17:58:56,090 DEBUG o.s.c.l.CompositeLog [DiscoveryClient-HeartbeatExecutor-0] Response 200 OK
2025-04-17 17:58:56,090 DEBUG o.s.c.l.CompositeLog [DiscoveryClient-CacheRefreshExecutor-0] Response 200 OK
2025-04-17 17:58:56,091 DEBUG o.s.c.l.CompositeLog [DiscoveryClient-CacheRefreshExecutor-0] Reading to [org.springframework.cloud.netflix.eureka.http.EurekaApplications]
2025-04-17 17:59:26,103 DEBUG o.s.c.l.CompositeLog [DiscoveryClient-CacheRefreshExecutor-0] HTTP GET http://localhost:8761/eureka/apps/delta
2025-04-17 17:59:26,103 DEBUG o.s.c.l.CompositeLog [DiscoveryClient-HeartbeatExecutor-0] HTTP PUT http://localhost:8761/eureka/apps/USER-MANAGEMENT/192.168.1.4:user-management:8888?status=UP&lastDirtyTimestamp=1744897969423
2025-04-17 17:59:26,104 DEBUG o.s.c.l.CompositeLog [DiscoveryClient-HeartbeatExecutor-0] Accept=[application/json, application/*+json]
2025-04-17 17:59:26,104 DEBUG o.s.c.l.CompositeLog [DiscoveryClient-CacheRefreshExecutor-0] Accept=[application/json, application/*+json]
2025-04-17 17:59:26,121 DEBUG o.s.c.l.CompositeLog [DiscoveryClient-CacheRefreshExecutor-0] Response 200 OK
2025-04-17 17:59:26,121 DEBUG o.s.c.l.CompositeLog [DiscoveryClient-HeartbeatExecutor-0] Response 200 OK
2025-04-17 17:59:26,121 DEBUG o.s.c.l.CompositeLog [DiscoveryClient-CacheRefreshExecutor-0] Reading to [org.springframework.cloud.netflix.eureka.http.EurekaApplications]
2025-04-17 17:59:56,126 DEBUG o.s.c.l.CompositeLog [DiscoveryClient-CacheRefreshExecutor-0] HTTP GET http://localhost:8761/eureka/apps/delta
2025-04-17 17:59:56,126 DEBUG o.s.c.l.CompositeLog [DiscoveryClient-HeartbeatExecutor-0] HTTP PUT http://localhost:8761/eureka/apps/USER-MANAGEMENT/192.168.1.4:user-management:8888?status=UP&lastDirtyTimestamp=1744897969423
2025-04-17 17:59:56,127 DEBUG o.s.c.l.CompositeLog [DiscoveryClient-CacheRefreshExecutor-0] Accept=[application/json, application/*+json]
2025-04-17 17:59:56,127 DEBUG o.s.c.l.CompositeLog [DiscoveryClient-HeartbeatExecutor-0] Accept=[application/json, application/*+json]
2025-04-17 17:59:56,142 DEBUG o.s.c.l.CompositeLog [DiscoveryClient-HeartbeatExecutor-0] Response 200 OK
2025-04-17 17:59:56,142 DEBUG o.s.c.l.CompositeLog [DiscoveryClient-CacheRefreshExecutor-0] Response 200 OK
2025-04-17 17:59:56,144 DEBUG o.s.c.l.CompositeLog [DiscoveryClient-CacheRefreshExecutor-0] Reading to [org.springframework.cloud.netflix.eureka.http.EurekaApplications]
2025-04-17 18:00:26,152 DEBUG o.s.c.l.CompositeLog [DiscoveryClient-CacheRefreshExecutor-0] HTTP GET http://localhost:8761/eureka/apps/delta
2025-04-17 18:00:26,152 DEBUG o.s.c.l.CompositeLog [DiscoveryClient-HeartbeatExecutor-0] HTTP PUT http://localhost:8761/eureka/apps/USER-MANAGEMENT/192.168.1.4:user-management:8888?status=UP&lastDirtyTimestamp=1744897969423
2025-04-17 18:00:26,152 DEBUG o.s.c.l.CompositeLog [DiscoveryClient-HeartbeatExecutor-0] Accept=[application/json, application/*+json]
2025-04-17 18:00:26,152 DEBUG o.s.c.l.CompositeLog [DiscoveryClient-CacheRefreshExecutor-0] Accept=[application/json, application/*+json]
2025-04-17 18:00:26,168 DEBUG o.s.c.l.CompositeLog [DiscoveryClient-HeartbeatExecutor-0] Response 200 OK
2025-04-17 18:00:26,168 DEBUG o.s.c.l.CompositeLog [DiscoveryClient-CacheRefreshExecutor-0] Response 200 OK
2025-04-17 18:00:26,168 DEBUG o.s.c.l.CompositeLog [DiscoveryClient-CacheRefreshExecutor-0] Reading to [org.springframework.cloud.netflix.eureka.http.EurekaApplications]
2025-04-17 18:00:56,177 DEBUG o.s.c.l.CompositeLog [DiscoveryClient-HeartbeatExecutor-0] HTTP PUT http://localhost:8761/eureka/apps/USER-MANAGEMENT/192.168.1.4:user-management:8888?status=UP&lastDirtyTimestamp=1744897969423
2025-04-17 18:00:56,178 DEBUG o.s.c.l.CompositeLog [DiscoveryClient-CacheRefreshExecutor-0] HTTP GET http://localhost:8761/eureka/apps/delta
2025-04-17 18:00:56,178 DEBUG o.s.c.l.CompositeLog [DiscoveryClient-HeartbeatExecutor-0] Accept=[application/json, application/*+json]
2025-04-17 18:00:56,178 DEBUG o.s.c.l.CompositeLog [DiscoveryClient-CacheRefreshExecutor-0] Accept=[application/json, application/*+json]
2025-04-17 18:00:56,196 DEBUG o.s.c.l.CompositeLog [DiscoveryClient-HeartbeatExecutor-0] Response 200 OK
2025-04-17 18:00:56,196 DEBUG o.s.c.l.CompositeLog [DiscoveryClient-CacheRefreshExecutor-0] Response 200 OK
2025-04-17 18:00:56,196 DEBUG o.s.c.l.CompositeLog [DiscoveryClient-CacheRefreshExecutor-0] Reading to [org.springframework.cloud.netflix.eureka.http.EurekaApplications]
2025-04-17 18:01:26,206 DEBUG o.s.c.l.CompositeLog [DiscoveryClient-HeartbeatExecutor-0] HTTP PUT http://localhost:8761/eureka/apps/USER-MANAGEMENT/192.168.1.4:user-management:8888?status=UP&lastDirtyTimestamp=1744897969423
2025-04-17 18:01:26,206 DEBUG o.s.c.l.CompositeLog [DiscoveryClient-CacheRefreshExecutor-0] HTTP GET http://localhost:8761/eureka/apps/delta
2025-04-17 18:01:26,207 DEBUG o.s.c.l.CompositeLog [DiscoveryClient-CacheRefreshExecutor-0] Accept=[application/json, application/*+json]
2025-04-17 18:01:26,207 DEBUG o.s.c.l.CompositeLog [DiscoveryClient-HeartbeatExecutor-0] Accept=[application/json, application/*+json]
2025-04-17 18:01:26,222 DEBUG o.s.c.l.CompositeLog [DiscoveryClient-HeartbeatExecutor-0] Response 200 OK
2025-04-17 18:01:26,222 DEBUG o.s.c.l.CompositeLog [DiscoveryClient-CacheRefreshExecutor-0] Response 200 OK
2025-04-17 18:01:26,223 DEBUG o.s.c.l.CompositeLog [DiscoveryClient-CacheRefreshExecutor-0] Reading to [org.springframework.cloud.netflix.eureka.http.EurekaApplications]
2025-04-17 18:01:56,239 DEBUG o.s.c.l.CompositeLog [DiscoveryClient-HeartbeatExecutor-0] HTTP PUT http://localhost:8761/eureka/apps/USER-MANAGEMENT/192.168.1.4:user-management:8888?status=UP&lastDirtyTimestamp=1744897969423
2025-04-17 18:01:56,239 DEBUG o.s.c.l.CompositeLog [DiscoveryClient-CacheRefreshExecutor-0] HTTP GET http://localhost:8761/eureka/apps/delta
2025-04-17 18:01:56,240 DEBUG o.s.c.l.CompositeLog [DiscoveryClient-CacheRefreshExecutor-0] Accept=[application/json, application/*+json]
2025-04-17 18:01:56,240 DEBUG o.s.c.l.CompositeLog [DiscoveryClient-HeartbeatExecutor-0] Accept=[application/json, application/*+json]
2025-04-17 18:01:56,255 DEBUG o.s.c.l.CompositeLog [DiscoveryClient-HeartbeatExecutor-0] Response 200 OK
2025-04-17 18:01:56,255 DEBUG o.s.c.l.CompositeLog [DiscoveryClient-CacheRefreshExecutor-0] Response 200 OK
2025-04-17 18:01:56,256 DEBUG o.s.c.l.CompositeLog [DiscoveryClient-CacheRefreshExecutor-0] Reading to [org.springframework.cloud.netflix.eureka.http.EurekaApplications]
2025-04-17 18:02:26,267 DEBUG o.s.c.l.CompositeLog [DiscoveryClient-CacheRefreshExecutor-0] HTTP GET http://localhost:8761/eureka/apps/delta
2025-04-17 18:02:26,267 DEBUG o.s.c.l.CompositeLog [DiscoveryClient-HeartbeatExecutor-0] HTTP PUT http://localhost:8761/eureka/apps/USER-MANAGEMENT/192.168.1.4:user-management:8888?status=UP&lastDirtyTimestamp=1744897969423
2025-04-17 18:02:26,268 DEBUG o.s.c.l.CompositeLog [DiscoveryClient-CacheRefreshExecutor-0] Accept=[application/json, application/*+json]
2025-04-17 18:02:26,268 DEBUG o.s.c.l.CompositeLog [DiscoveryClient-HeartbeatExecutor-0] Accept=[application/json, application/*+json]
2025-04-17 18:02:26,284 DEBUG o.s.c.l.CompositeLog [DiscoveryClient-HeartbeatExecutor-0] Response 200 OK
2025-04-17 18:02:26,284 DEBUG o.s.c.l.CompositeLog [DiscoveryClient-CacheRefreshExecutor-0] Response 200 OK
2025-04-17 18:02:26,284 DEBUG o.s.c.l.CompositeLog [DiscoveryClient-CacheRefreshExecutor-0] Reading to [org.springframework.cloud.netflix.eureka.http.EurekaApplications]
2025-04-17 18:02:49,259 INFO c.n.d.s.r.a.ConfigClusterResolver [AsyncResolver-bootstrap-executor-0] Resolving eureka endpoints via configuration
2025-04-17 18:02:56,286 DEBUG o.s.c.l.CompositeLog [DiscoveryClient-HeartbeatExecutor-0] HTTP PUT http://localhost:8761/eureka/apps/USER-MANAGEMENT/192.168.1.4:user-management:8888?status=UP&lastDirtyTimestamp=1744897969423
2025-04-17 18:02:56,286 DEBUG o.s.c.l.CompositeLog [DiscoveryClient-CacheRefreshExecutor-0] HTTP GET http://localhost:8761/eureka/apps/delta
2025-04-17 18:02:56,286 DEBUG o.s.c.l.CompositeLog [DiscoveryClient-HeartbeatExecutor-0] Accept=[application/json, application/*+json]
2025-04-17 18:02:56,286 DEBUG o.s.c.l.CompositeLog [DiscoveryClient-CacheRefreshExecutor-0] Accept=[application/json, application/*+json]
2025-04-17 18:02:56,303 DEBUG o.s.c.l.CompositeLog [DiscoveryClient-HeartbeatExecutor-0] Response 200 OK
2025-04-17 18:02:56,303 DEBUG o.s.c.l.CompositeLog [DiscoveryClient-CacheRefreshExecutor-0] Response 200 OK
2025-04-17 18:02:56,303 DEBUG o.s.c.l.CompositeLog [DiscoveryClient-CacheRefreshExecutor-0] Reading to [org.springframework.cloud.netflix.eureka.http.EurekaApplications]
2025-04-17 18:03:26,311 DEBUG o.s.c.l.CompositeLog [DiscoveryClient-CacheRefreshExecutor-0] HTTP GET http://localhost:8761/eureka/apps/delta
2025-04-17 18:03:26,311 DEBUG o.s.c.l.CompositeLog [DiscoveryClient-HeartbeatExecutor-0] HTTP PUT http://localhost:8761/eureka/apps/USER-MANAGEMENT/192.168.1.4:user-management:8888?status=UP&lastDirtyTimestamp=1744897969423
2025-04-17 18:03:26,312 DEBUG o.s.c.l.CompositeLog [DiscoveryClient-CacheRefreshExecutor-0] Accept=[application/json, application/*+json]
2025-04-17 18:03:26,312 DEBUG o.s.c.l.CompositeLog [DiscoveryClient-HeartbeatExecutor-0] Accept=[application/json, application/*+json]
2025-04-17 18:03:26,329 DEBUG o.s.c.l.CompositeLog [DiscoveryClient-HeartbeatExecutor-0] Response 200 OK
2025-04-17 18:03:26,329 DEBUG o.s.c.l.CompositeLog [DiscoveryClient-CacheRefreshExecutor-0] Response 200 OK
2025-04-17 18:03:26,329 DEBUG o.s.c.l.CompositeLog [DiscoveryClient-CacheRefreshExecutor-0] Reading to [org.springframework.cloud.netflix.eureka.http.EurekaApplications]
2025-04-17 18:03:56,333 DEBUG o.s.c.l.CompositeLog [DiscoveryClient-HeartbeatExecutor-0] HTTP PUT http://localhost:8761/eureka/apps/USER-MANAGEMENT/192.168.1.4:user-management:8888?status=UP&lastDirtyTimestamp=1744897969423
2025-04-17 18:03:56,333 DEBUG o.s.c.l.CompositeLog [DiscoveryClient-CacheRefreshExecutor-0] HTTP GET http://localhost:8761/eureka/apps/delta
2025-04-17 18:03:56,334 DEBUG o.s.c.l.CompositeLog [DiscoveryClient-HeartbeatExecutor-0] Accept=[application/json, application/*+json]
2025-04-17 18:03:56,334 DEBUG o.s.c.l.CompositeLog [DiscoveryClient-CacheRefreshExecutor-0] Accept=[application/json, application/*+json]
2025-04-17 18:03:56,349 DEBUG o.s.c.l.CompositeLog [DiscoveryClient-HeartbeatExecutor-0] Response 200 OK
2025-04-17 18:03:56,349 DEBUG o.s.c.l.CompositeLog [DiscoveryClient-CacheRefreshExecutor-0] Response 200 OK
2025-04-17 18:03:56,350 DEBUG o.s.c.l.CompositeLog [DiscoveryClient-CacheRefreshExecutor-0] Reading to [org.springframework.cloud.netflix.eureka.http.EurekaApplications]
2025-04-17 18:04:26,359 DEBUG o.s.c.l.CompositeLog [DiscoveryClient-HeartbeatExecutor-0] HTTP PUT http://localhost:8761/eureka/apps/USER-MANAGEMENT/192.168.1.4:user-management:8888?status=UP&lastDirtyTimestamp=1744897969423
2025-04-17 18:04:26,359 DEBUG o.s.c.l.CompositeLog [DiscoveryClient-CacheRefreshExecutor-0] HTTP GET http://localhost:8761/eureka/apps/delta
2025-04-17 18:04:26,359 DEBUG o.s.c.l.CompositeLog [DiscoveryClient-HeartbeatExecutor-0] Accept=[application/json, application/*+json]
2025-04-17 18:04:26,359 DEBUG o.s.c.l.CompositeLog [DiscoveryClient-CacheRefreshExecutor-0] Accept=[application/json, application/*+json]
2025-04-17 18:04:26,378 DEBUG o.s.c.l.CompositeLog [DiscoveryClient-HeartbeatExecutor-0] Response 200 OK
2025-04-17 18:04:26,378 DEBUG o.s.c.l.CompositeLog [DiscoveryClient-CacheRefreshExecutor-0] Response 200 OK
2025-04-17 18:04:26,378 DEBUG o.s.c.l.CompositeLog [DiscoveryClient-CacheRefreshExecutor-0] Reading to [org.springframework.cloud.netflix.eureka.http.EurekaApplications]
2025-04-17 18:04:56,383 DEBUG o.s.c.l.CompositeLog [DiscoveryClient-CacheRefreshExecutor-0] HTTP GET http://localhost:8761/eureka/apps/delta
2025-04-17 18:04:56,383 DEBUG o.s.c.l.CompositeLog [DiscoveryClient-HeartbeatExecutor-0] HTTP PUT http://localhost:8761/eureka/apps/USER-MANAGEMENT/192.168.1.4:user-management:8888?status=UP&lastDirtyTimestamp=1744897969423
2025-04-17 18:04:56,383 DEBUG o.s.c.l.CompositeLog [DiscoveryClient-CacheRefreshExecutor-0] Accept=[application/json, application/*+json]
2025-04-17 18:04:56,383 DEBUG o.s.c.l.CompositeLog [DiscoveryClient-HeartbeatExecutor-0] Accept=[application/json, application/*+json]
2025-04-17 18:04:56,400 DEBUG o.s.c.l.CompositeLog [DiscoveryClient-HeartbeatExecutor-0] Response 200 OK
2025-04-17 18:04:56,401 DEBUG o.s.c.l.CompositeLog [DiscoveryClient-CacheRefreshExecutor-0] Response 200 OK
2025-04-17 18:04:56,401 DEBUG o.s.c.l.CompositeLog [DiscoveryClient-CacheRefreshExecutor-0] Reading to [org.springframework.cloud.netflix.eureka.http.EurekaApplications]
2025-04-17 18:05:26,408 DEBUG o.s.c.l.CompositeLog [DiscoveryClient-CacheRefreshExecutor-0] HTTP GET http://localhost:8761/eureka/apps/delta
2025-04-17 18:05:26,408 DEBUG o.s.c.l.CompositeLog [DiscoveryClient-HeartbeatExecutor-0] HTTP PUT http://localhost:8761/eureka/apps/USER-MANAGEMENT/192.168.1.4:user-management:8888?status=UP&lastDirtyTimestamp=1744897969423
2025-04-17 18:05:26,408 DEBUG o.s.c.l.CompositeLog [DiscoveryClient-HeartbeatExecutor-0] Accept=[application/json, application/*+json]
2025-04-17 18:05:26,408 DEBUG o.s.c.l.CompositeLog [DiscoveryClient-CacheRefreshExecutor-0] Accept=[application/json, application/*+json]
2025-04-17 18:05:26,424 DEBUG o.s.c.l.CompositeLog [DiscoveryClient-HeartbeatExecutor-0] Response 200 OK
2025-04-17 18:05:26,424 DEBUG o.s.c.l.CompositeLog [DiscoveryClient-CacheRefreshExecutor-0] Response 200 OK
2025-04-17 18:05:26,425 DEBUG o.s.c.l.CompositeLog [DiscoveryClient-CacheRefreshExecutor-0] Reading to [org.springframework.cloud.netflix.eureka.http.EurekaApplications]
2025-04-17 18:05:56,426 DEBUG o.s.c.l.CompositeLog [DiscoveryClient-CacheRefreshExecutor-0] HTTP GET http://localhost:8761/eureka/apps/delta
2025-04-17 18:05:56,426 DEBUG o.s.c.l.CompositeLog [DiscoveryClient-HeartbeatExecutor-0] HTTP PUT http://localhost:8761/eureka/apps/USER-MANAGEMENT/192.168.1.4:user-management:8888?status=UP&lastDirtyTimestamp=1744897969423
2025-04-17 18:05:56,426 DEBUG o.s.c.l.CompositeLog [DiscoveryClient-CacheRefreshExecutor-0] Accept=[application/json, application/*+json]
2025-04-17 18:05:56,426 DEBUG o.s.c.l.CompositeLog [DiscoveryClient-HeartbeatExecutor-0] Accept=[application/json, application/*+json]
2025-04-17 18:05:56,442 DEBUG o.s.c.l.CompositeLog [DiscoveryClient-CacheRefreshExecutor-0] Response 200 OK
2025-04-17 18:05:56,442 DEBUG o.s.c.l.CompositeLog [DiscoveryClient-HeartbeatExecutor-0] Response 200 OK
2025-04-17 18:05:56,442 DEBUG o.s.c.l.CompositeLog [DiscoveryClient-CacheRefreshExecutor-0] Reading to [org.springframework.cloud.netflix.eureka.http.EurekaApplications]
2025-04-17 18:06:26,455 DEBUG o.s.c.l.CompositeLog [DiscoveryClient-CacheRefreshExecutor-0] HTTP GET http://localhost:8761/eureka/apps/delta
2025-04-17 18:06:26,455 DEBUG o.s.c.l.CompositeLog [DiscoveryClient-HeartbeatExecutor-0] HTTP PUT http://localhost:8761/eureka/apps/USER-MANAGEMENT/192.168.1.4:user-management:8888?status=UP&lastDirtyTimestamp=1744897969423
2025-04-17 18:06:26,455 DEBUG o.s.c.l.CompositeLog [DiscoveryClient-HeartbeatExecutor-0] Accept=[application/json, application/*+json]
2025-04-17 18:06:26,455 DEBUG o.s.c.l.CompositeLog [DiscoveryClient-CacheRefreshExecutor-0] Accept=[application/json, application/*+json]
2025-04-17 18:06:26,473 DEBUG o.s.c.l.CompositeLog [DiscoveryClient-HeartbeatExecutor-0] Response 200 OK
2025-04-17 18:06:26,473 DEBUG o.s.c.l.CompositeLog [DiscoveryClient-CacheRefreshExecutor-0] Response 200 OK
2025-04-17 18:06:26,473 DEBUG o.s.c.l.CompositeLog [DiscoveryClient-CacheRefreshExecutor-0] Reading to [org.springframework.cloud.netflix.eureka.http.EurekaApplications]
2025-04-17 18:06:56,478 DEBUG o.s.c.l.CompositeLog [DiscoveryClient-CacheRefreshExecutor-0] HTTP GET http://localhost:8761/eureka/apps/delta
2025-04-17 18:06:56,478 DEBUG o.s.c.l.CompositeLog [DiscoveryClient-HeartbeatExecutor-0] HTTP PUT http://localhost:8761/eureka/apps/USER-MANAGEMENT/192.168.1.4:user-management:8888?status=UP&lastDirtyTimestamp=1744897969423
2025-04-17 18:06:56,479 DEBUG o.s.c.l.CompositeLog [DiscoveryClient-HeartbeatExecutor-0] Accept=[application/json, application/*+json]
2025-04-17 18:06:56,479 DEBUG o.s.c.l.CompositeLog [DiscoveryClient-CacheRefreshExecutor-0] Accept=[application/json, application/*+json]
2025-04-17 18:06:56,495 DEBUG o.s.c.l.CompositeLog [DiscoveryClient-HeartbeatExecutor-0] Response 200 OK
2025-04-17 18:06:56,495 DEBUG o.s.c.l.CompositeLog [DiscoveryClient-CacheRefreshExecutor-0] Response 200 OK
2025-04-17 18:06:56,496 DEBUG o.s.c.l.CompositeLog [DiscoveryClient-CacheRefreshExecutor-0] Reading to [org.springframework.cloud.netflix.eureka.http.EurekaApplications]
2025-04-17 18:07:26,510 DEBUG o.s.c.l.CompositeLog [DiscoveryClient-HeartbeatExecutor-0] HTTP PUT http://localhost:8761/eureka/apps/USER-MANAGEMENT/192.168.1.4:user-management:8888?status=UP&lastDirtyTimestamp=1744897969423
2025-04-17 18:07:26,510 DEBUG o.s.c.l.CompositeLog [DiscoveryClient-CacheRefreshExecutor-0] HTTP GET http://localhost:8761/eureka/apps/delta
2025-04-17 18:07:26,510 DEBUG o.s.c.l.CompositeLog [DiscoveryClient-HeartbeatExecutor-0] Accept=[application/json, application/*+json]
2025-04-17 18:07:26,510 DEBUG o.s.c.l.CompositeLog [DiscoveryClient-CacheRefreshExecutor-0] Accept=[application/json, application/*+json]
2025-04-17 18:07:26,515 DEBUG o.s.c.l.CompositeLog [DiscoveryClient-CacheRefreshExecutor-0] Response 200 OK
2025-04-17 18:07:26,515 DEBUG o.s.c.l.CompositeLog [DiscoveryClient-CacheRefreshExecutor-0] Reading to [org.springframework.cloud.netflix.eureka.http.EurekaApplications]
2025-04-17 18:07:26,526 DEBUG o.s.c.l.CompositeLog [DiscoveryClient-HeartbeatExecutor-0] Response 200 OK
2025-04-17 18:07:49,263 INFO c.n.d.s.r.a.ConfigClusterResolver [AsyncResolver-bootstrap-executor-0] Resolving eureka endpoints via configuration
2025-04-17 18:07:56,528 DEBUG o.s.c.l.CompositeLog [DiscoveryClient-HeartbeatExecutor-0] HTTP PUT http://localhost:8761/eureka/apps/USER-MANAGEMENT/192.168.1.4:user-management:8888?status=UP&lastDirtyTimestamp=1744897969423
2025-04-17 18:07:56,528 DEBUG o.s.c.l.CompositeLog [DiscoveryClient-CacheRefreshExecutor-0] HTTP GET http://localhost:8761/eureka/apps/delta
2025-04-17 18:07:56,529 DEBUG o.s.c.l.CompositeLog [DiscoveryClient-HeartbeatExecutor-0] Accept=[application/json, application/*+json]
2025-04-17 18:07:56,529 DEBUG o.s.c.l.CompositeLog [DiscoveryClient-CacheRefreshExecutor-0] Accept=[application/json, application/*+json]
2025-04-17 18:07:56,545 DEBUG o.s.c.l.CompositeLog [DiscoveryClient-CacheRefreshExecutor-0] Response 200 OK
2025-04-17 18:07:56,545 DEBUG o.s.c.l.CompositeLog [DiscoveryClient-HeartbeatExecutor-0] Response 200 OK
2025-04-17 18:07:56,545 DEBUG o.s.c.l.CompositeLog [DiscoveryClient-CacheRefreshExecutor-0] Reading to [org.springframework.cloud.netflix.eureka.http.EurekaApplications]
2025-04-17 18:08:26,554 DEBUG o.s.c.l.CompositeLog [DiscoveryClient-HeartbeatExecutor-0] HTTP PUT http://localhost:8761/eureka/apps/USER-MANAGEMENT/192.168.1.4:user-management:8888?status=UP&lastDirtyTimestamp=1744897969423
2025-04-17 18:08:26,554 DEBUG o.s.c.l.CompositeLog [DiscoveryClient-CacheRefreshExecutor-0] HTTP GET http://localhost:8761/eureka/apps/delta
2025-04-17 18:08:26,554 DEBUG o.s.c.l.CompositeLog [DiscoveryClient-CacheRefreshExecutor-0] Accept=[application/json, application/*+json]
2025-04-17 18:08:26,554 DEBUG o.s.c.l.CompositeLog [DiscoveryClient-HeartbeatExecutor-0] Accept=[application/json, application/*+json]
2025-04-17 18:08:26,570 DEBUG o.s.c.l.CompositeLog [DiscoveryClient-HeartbeatExecutor-0] Response 200 OK
2025-04-17 18:08:26,570 DEBUG o.s.c.l.CompositeLog [DiscoveryClient-CacheRefreshExecutor-0] Response 200 OK
2025-04-17 18:08:26,571 DEBUG o.s.c.l.CompositeLog [DiscoveryClient-CacheRefreshExecutor-0] Reading to [org.springframework.cloud.netflix.eureka.http.EurekaApplications]
2025-04-17 18:08:56,579 DEBUG o.s.c.l.CompositeLog [DiscoveryClient-HeartbeatExecutor-0] HTTP PUT http://localhost:8761/eureka/apps/USER-MANAGEMENT/192.168.1.4:user-management:8888?status=UP&lastDirtyTimestamp=1744897969423
2025-04-17 18:08:56,579 DEBUG o.s.c.l.CompositeLog [DiscoveryClient-CacheRefreshExecutor-0] HTTP GET http://localhost:8761/eureka/apps/delta
2025-04-17 18:08:56,579 DEBUG o.s.c.l.CompositeLog [DiscoveryClient-CacheRefreshExecutor-0] Accept=[application/json, application/*+json]
2025-04-17 18:08:56,579 DEBUG o.s.c.l.CompositeLog [DiscoveryClient-HeartbeatExecutor-0] Accept=[application/json, application/*+json]
2025-04-17 18:08:56,595 DEBUG o.s.c.l.CompositeLog [DiscoveryClient-HeartbeatExecutor-0] Response 200 OK
2025-04-17 18:08:56,595 DEBUG o.s.c.l.CompositeLog [DiscoveryClient-CacheRefreshExecutor-0] Response 200 OK
2025-04-17 18:08:56,596 DEBUG o.s.c.l.CompositeLog [DiscoveryClient-CacheRefreshExecutor-0] Reading to [org.springframework.cloud.netflix.eureka.http.EurekaApplications]
2025-04-17 18:09:26,607 DEBUG o.s.c.l.CompositeLog [DiscoveryClient-HeartbeatExecutor-0] HTTP PUT http://localhost:8761/eureka/apps/USER-MANAGEMENT/192.168.1.4:user-management:8888?status=UP&lastDirtyTimestamp=1744897969423
2025-04-17 18:09:26,607 DEBUG o.s.c.l.CompositeLog [DiscoveryClient-CacheRefreshExecutor-0] HTTP GET http://localhost:8761/eureka/apps/delta
2025-04-17 18:09:26,607 DEBUG o.s.c.l.CompositeLog [DiscoveryClient-HeartbeatExecutor-0] Accept=[application/json, application/*+json]
2025-04-17 18:09:26,607 DEBUG o.s.c.l.CompositeLog [DiscoveryClient-CacheRefreshExecutor-0] Accept=[application/json, application/*+json]
2025-04-17 18:09:26,622 DEBUG o.s.c.l.CompositeLog [DiscoveryClient-HeartbeatExecutor-0] Response 200 OK
2025-04-17 18:09:26,622 DEBUG o.s.c.l.CompositeLog [DiscoveryClient-CacheRefreshExecutor-0] Response 200 OK
2025-04-17 18:09:26,623 DEBUG o.s.c.l.CompositeLog [DiscoveryClient-CacheRefreshExecutor-0] Reading to [org.springframework.cloud.netflix.eureka.http.EurekaApplications]
2025-04-17 18:09:56,632 DEBUG o.s.c.l.CompositeLog [DiscoveryClient-HeartbeatExecutor-0] HTTP PUT http://localhost:8761/eureka/apps/USER-MANAGEMENT/192.168.1.4:user-management:8888?status=UP&lastDirtyTimestamp=1744897969423
2025-04-17 18:09:56,632 DEBUG o.s.c.l.CompositeLog [DiscoveryClient-CacheRefreshExecutor-0] HTTP GET http://localhost:8761/eureka/apps/delta
2025-04-17 18:09:56,632 DEBUG o.s.c.l.CompositeLog [DiscoveryClient-HeartbeatExecutor-0] Accept=[application/json, application/*+json]
2025-04-17 18:09:56,632 DEBUG o.s.c.l.CompositeLog [DiscoveryClient-CacheRefreshExecutor-0] Accept=[application/json, application/*+json]
2025-04-17 18:09:56,649 DEBUG o.s.c.l.CompositeLog [DiscoveryClient-HeartbeatExecutor-0] Response 200 OK
2025-04-17 18:09:56,649 DEBUG o.s.c.l.CompositeLog [DiscoveryClient-CacheRefreshExecutor-0] Response 200 OK
2025-04-17 18:09:56,650 DEBUG o.s.c.l.CompositeLog [DiscoveryClient-CacheRefreshExecutor-0] Reading to [org.springframework.cloud.netflix.eureka.http.EurekaApplications]
2025-04-17 18:10:26,662 DEBUG o.s.c.l.CompositeLog [DiscoveryClient-HeartbeatExecutor-0] HTTP PUT http://localhost:8761/eureka/apps/USER-MANAGEMENT/192.168.1.4:user-management:8888?status=UP&lastDirtyTimestamp=1744897969423
2025-04-17 18:10:26,662 DEBUG o.s.c.l.CompositeLog [DiscoveryClient-CacheRefreshExecutor-0] HTTP GET http://localhost:8761/eureka/apps/delta
2025-04-17 18:10:26,662 DEBUG o.s.c.l.CompositeLog [DiscoveryClient-CacheRefreshExecutor-0] Accept=[application/json, application/*+json]
2025-04-17 18:10:26,662 DEBUG o.s.c.l.CompositeLog [DiscoveryClient-HeartbeatExecutor-0] Accept=[application/json, application/*+json]
2025-04-17 18:10:26,678 DEBUG o.s.c.l.CompositeLog [DiscoveryClient-CacheRefreshExecutor-0] Response 200 OK
2025-04-17 18:10:26,678 DEBUG o.s.c.l.CompositeLog [DiscoveryClient-HeartbeatExecutor-0] Response 200 OK
2025-04-17 18:10:26,678 DEBUG o.s.c.l.CompositeLog [DiscoveryClient-CacheRefreshExecutor-0] Reading to [org.springframework.cloud.netflix.eureka.http.EurekaApplications]
2025-04-17 18:10:56,694 DEBUG o.s.c.l.CompositeLog [DiscoveryClient-HeartbeatExecutor-0] HTTP PUT http://localhost:8761/eureka/apps/USER-MANAGEMENT/192.168.1.4:user-management:8888?status=UP&lastDirtyTimestamp=1744897969423
2025-04-17 18:10:56,694 DEBUG o.s.c.l.CompositeLog [DiscoveryClient-CacheRefreshExecutor-0] HTTP GET http://localhost:8761/eureka/apps/delta
2025-04-17 18:10:56,694 DEBUG o.s.c.l.CompositeLog [DiscoveryClient-HeartbeatExecutor-0] Accept=[application/json, application/*+json]
2025-04-17 18:10:56,694 DEBUG o.s.c.l.CompositeLog [DiscoveryClient-CacheRefreshExecutor-0] Accept=[application/json, application/*+json]
2025-04-17 18:10:56,710 DEBUG o.s.c.l.CompositeLog [DiscoveryClient-HeartbeatExecutor-0] Response 200 OK
2025-04-17 18:10:56,710 DEBUG o.s.c.l.CompositeLog [DiscoveryClient-CacheRefreshExecutor-0] Response 200 OK
2025-04-17 18:10:56,710 DEBUG o.s.c.l.CompositeLog [DiscoveryClient-CacheRefreshExecutor-0] Reading to [org.springframework.cloud.netflix.eureka.http.EurekaApplications]
2025-04-17 18:11:26,712 DEBUG o.s.c.l.CompositeLog [DiscoveryClient-CacheRefreshExecutor-0] HTTP GET http://localhost:8761/eureka/apps/delta
2025-04-17 18:11:26,712 DEBUG o.s.c.l.CompositeLog [DiscoveryClient-HeartbeatExecutor-0] HTTP PUT http://localhost:8761/eureka/apps/USER-MANAGEMENT/192.168.1.4:user-management:8888?status=UP&lastDirtyTimestamp=1744897969423
2025-04-17 18:11:26,712 DEBUG o.s.c.l.CompositeLog [DiscoveryClient-CacheRefreshExecutor-0] Accept=[application/json, application/*+json]
2025-04-17 18:11:26,712 DEBUG o.s.c.l.CompositeLog [DiscoveryClient-HeartbeatExecutor-0] Accept=[application/json, application/*+json]
2025-04-17 18:11:26,728 DEBUG o.s.c.l.CompositeLog [DiscoveryClient-HeartbeatExecutor-0] Response 200 OK
2025-04-17 18:11:26,728 DEBUG o.s.c.l.CompositeLog [DiscoveryClient-CacheRefreshExecutor-0] Response 200 OK
2025-04-17 18:11:26,729 DEBUG o.s.c.l.CompositeLog [DiscoveryClient-CacheRefreshExecutor-0] Reading to [org.springframework.cloud.netflix.eureka.http.EurekaApplications]
2025-04-17 18:11:56,736 DEBUG o.s.c.l.CompositeLog [DiscoveryClient-HeartbeatExecutor-0] HTTP PUT http://localhost:8761/eureka/apps/USER-MANAGEMENT/192.168.1.4:user-management:8888?status=UP&lastDirtyTimestamp=1744897969423
2025-04-17 18:11:56,737 DEBUG o.s.c.l.CompositeLog [DiscoveryClient-HeartbeatExecutor-0] Accept=[application/json, application/*+json]
2025-04-17 18:11:56,741 DEBUG o.s.c.l.CompositeLog [DiscoveryClient-CacheRefreshExecutor-0] HTTP GET http://localhost:8761/eureka/apps/delta
2025-04-17 18:11:56,751 DEBUG o.s.c.l.CompositeLog [DiscoveryClient-CacheRefreshExecutor-0] Accept=[application/json, application/*+json]
2025-04-17 18:11:56,752 DEBUG o.s.c.l.CompositeLog [DiscoveryClient-HeartbeatExecutor-0] Response 200 OK
2025-04-17 18:11:56,756 DEBUG o.s.c.l.CompositeLog [DiscoveryClient-CacheRefreshExecutor-0] Response 200 OK
2025-04-17 18:11:56,756 DEBUG o.s.c.l.CompositeLog [DiscoveryClient-CacheRefreshExecutor-0] Reading to [org.springframework.cloud.netflix.eureka.http.EurekaApplications]
2025-04-17 18:12:26,759 DEBUG o.s.c.l.CompositeLog [DiscoveryClient-HeartbeatExecutor-0] HTTP PUT http://localhost:8761/eureka/apps/USER-MANAGEMENT/192.168.1.4:user-management:8888?status=UP&lastDirtyTimestamp=1744897969423
2025-04-17 18:12:26,759 DEBUG o.s.c.l.CompositeLog [DiscoveryClient-CacheRefreshExecutor-0] HTTP GET http://localhost:8761/eureka/apps/delta
2025-04-17 18:12:26,761 DEBUG o.s.c.l.CompositeLog [DiscoveryClient-HeartbeatExecutor-0] Accept=[application/json, application/*+json]
2025-04-17 18:12:26,761 DEBUG o.s.c.l.CompositeLog [DiscoveryClient-CacheRefreshExecutor-0] Accept=[application/json, application/*+json]
2025-04-17 18:12:26,776 DEBUG o.s.c.l.CompositeLog [DiscoveryClient-HeartbeatExecutor-0] Response 200 OK
2025-04-17 18:12:26,776 DEBUG o.s.c.l.CompositeLog [DiscoveryClient-CacheRefreshExecutor-0] Response 200 OK
2025-04-17 18:12:26,777 DEBUG o.s.c.l.CompositeLog [DiscoveryClient-CacheRefreshExecutor-0] Reading to [org.springframework.cloud.netflix.eureka.http.EurekaApplications]
2025-04-17 18:12:49,271 INFO c.n.d.s.r.a.ConfigClusterResolver [AsyncResolver-bootstrap-executor-0] Resolving eureka endpoints via configuration
2025-04-17 18:12:56,790 DEBUG o.s.c.l.CompositeLog [DiscoveryClient-HeartbeatExecutor-0] HTTP PUT http://localhost:8761/eureka/apps/USER-MANAGEMENT/192.168.1.4:user-management:8888?status=UP&lastDirtyTimestamp=1744897969423
2025-04-17 18:12:56,790 DEBUG o.s.c.l.CompositeLog [DiscoveryClient-CacheRefreshExecutor-0] HTTP GET http://localhost:8761/eureka/apps/delta
2025-04-17 18:12:56,790 DEBUG o.s.c.l.CompositeLog [DiscoveryClient-HeartbeatExecutor-0] Accept=[application/json, application/*+json]
2025-04-17 18:12:56,790 DEBUG o.s.c.l.CompositeLog [DiscoveryClient-CacheRefreshExecutor-0] Accept=[application/json, application/*+json]
2025-04-17 18:12:56,807 DEBUG o.s.c.l.CompositeLog [DiscoveryClient-HeartbeatExecutor-0] Response 200 OK
2025-04-17 18:12:56,807 DEBUG o.s.c.l.CompositeLog [DiscoveryClient-CacheRefreshExecutor-0] Response 200 OK
2025-04-17 18:12:56,807 DEBUG o.s.c.l.CompositeLog [DiscoveryClient-CacheRefreshExecutor-0] Reading to [org.springframework.cloud.netflix.eureka.http.EurekaApplications]
2025-04-17 18:13:26,821 DEBUG o.s.c.l.CompositeLog [DiscoveryClient-HeartbeatExecutor-0] HTTP PUT http://localhost:8761/eureka/apps/USER-MANAGEMENT/192.168.1.4:user-management:8888?status=UP&lastDirtyTimestamp=1744897969423
2025-04-17 18:13:26,821 DEBUG o.s.c.l.CompositeLog [DiscoveryClient-CacheRefreshExecutor-0] HTTP GET http://localhost:8761/eureka/apps/delta
2025-04-17 18:13:26,821 DEBUG o.s.c.l.CompositeLog [DiscoveryClient-CacheRefreshExecutor-0] Accept=[application/json, application/*+json]
2025-04-17 18:13:26,821 DEBUG o.s.c.l.CompositeLog [DiscoveryClient-HeartbeatExecutor-0] Accept=[application/json, application/*+json]
2025-04-17 18:13:26,837 DEBUG o.s.c.l.CompositeLog [DiscoveryClient-CacheRefreshExecutor-0] Response 200 OK
2025-04-17 18:13:26,837 DEBUG o.s.c.l.CompositeLog [DiscoveryClient-HeartbeatExecutor-0] Response 200 OK
2025-04-17 18:13:26,838 DEBUG o.s.c.l.CompositeLog [DiscoveryClient-CacheRefreshExecutor-0] Reading to [org.springframework.cloud.netflix.eureka.http.EurekaApplications]
2025-04-17 18:13:56,845 DEBUG o.s.c.l.CompositeLog [DiscoveryClient-CacheRefreshExecutor-0] HTTP GET http://localhost:8761/eureka/apps/delta
2025-04-17 18:13:56,845 DEBUG o.s.c.l.CompositeLog [DiscoveryClient-HeartbeatExecutor-0] HTTP PUT http://localhost:8761/eureka/apps/USER-MANAGEMENT/192.168.1.4:user-management:8888?status=UP&lastDirtyTimestamp=1744897969423
2025-04-17 18:13:56,845 DEBUG o.s.c.l.CompositeLog [DiscoveryClient-HeartbeatExecutor-0] Accept=[application/json, application/*+json]
2025-04-17 18:13:56,845 DEBUG o.s.c.l.CompositeLog [DiscoveryClient-CacheRefreshExecutor-0] Accept=[application/json, application/*+json]
2025-04-17 18:13:56,861 DEBUG o.s.c.l.CompositeLog [DiscoveryClient-CacheRefreshExecutor-0] Response 200 OK
2025-04-17 18:13:56,861 DEBUG o.s.c.l.CompositeLog [DiscoveryClient-HeartbeatExecutor-0] Response 200 OK
2025-04-17 18:13:56,862 DEBUG o.s.c.l.CompositeLog [DiscoveryClient-CacheRefreshExecutor-0] Reading to [org.springframework.cloud.netflix.eureka.http.EurekaApplications]
2025-04-17 18:14:26,876 DEBUG o.s.c.l.CompositeLog [DiscoveryClient-HeartbeatExecutor-0] HTTP PUT http://localhost:8761/eureka/apps/USER-MANAGEMENT/192.168.1.4:user-management:8888?status=UP&lastDirtyTimestamp=1744897969423
2025-04-17 18:14:26,876 DEBUG o.s.c.l.CompositeLog [DiscoveryClient-CacheRefreshExecutor-0] HTTP GET http://localhost:8761/eureka/apps/delta
2025-04-17 18:14:26,876 DEBUG o.s.c.l.CompositeLog [DiscoveryClient-CacheRefreshExecutor-0] Accept=[application/json, application/*+json]
2025-04-17 18:14:26,876 DEBUG o.s.c.l.CompositeLog [DiscoveryClient-HeartbeatExecutor-0] Accept=[application/json, application/*+json]
2025-04-17 18:14:26,887 DEBUG o.s.c.l.CompositeLog [DiscoveryClient-CacheRefreshExecutor-0] Response 200 OK
2025-04-17 18:14:26,888 DEBUG o.s.c.l.CompositeLog [DiscoveryClient-HeartbeatExecutor-0] Response 200 OK
2025-04-17 18:14:26,888 DEBUG o.s.c.l.CompositeLog [DiscoveryClient-CacheRefreshExecutor-0] Reading to [org.springframework.cloud.netflix.eureka.http.EurekaApplications]
2025-04-17 18:14:56,910 DEBUG o.s.c.l.CompositeLog [DiscoveryClient-HeartbeatExecutor-0] HTTP PUT http://localhost:8761/eureka/apps/USER-MANAGEMENT/192.168.1.4:user-management:8888?status=UP&lastDirtyTimestamp=1744897969423
2025-04-17 18:14:56,911 DEBUG o.s.c.l.CompositeLog [DiscoveryClient-CacheRefreshExecutor-0] HTTP GET http://localhost:8761/eureka/apps/delta
2025-04-17 18:14:56,911 DEBUG o.s.c.l.CompositeLog [DiscoveryClient-CacheRefreshExecutor-0] Accept=[application/json, application/*+json]
2025-04-17 18:14:56,911 DEBUG o.s.c.l.CompositeLog [DiscoveryClient-HeartbeatExecutor-0] Accept=[application/json, application/*+json]
2025-04-17 18:14:56,918 DEBUG o.s.c.l.CompositeLog [DiscoveryClient-CacheRefreshExecutor-0] Response 200 OK
2025-04-17 18:14:56,918 DEBUG o.s.c.l.CompositeLog [DiscoveryClient-HeartbeatExecutor-0] Response 200 OK
2025-04-17 18:14:56,919 DEBUG o.s.c.l.CompositeLog [DiscoveryClient-CacheRefreshExecutor-0] Reading to [org.springframework.cloud.netflix.eureka.http.EurekaApplications]
2025-04-17 18:15:26,933 DEBUG o.s.c.l.CompositeLog [DiscoveryClient-CacheRefreshExecutor-0] HTTP GET http://localhost:8761/eureka/apps/delta
2025-04-17 18:15:26,933 DEBUG o.s.c.l.CompositeLog [DiscoveryClient-HeartbeatExecutor-0] HTTP PUT http://localhost:8761/eureka/apps/USER-MANAGEMENT/192.168.1.4:user-management:8888?status=UP&lastDirtyTimestamp=1744897969423
2025-04-17 18:15:26,934 DEBUG o.s.c.l.CompositeLog [DiscoveryClient-HeartbeatExecutor-0] Accept=[application/json, application/*+json]
2025-04-17 18:15:26,934 DEBUG o.s.c.l.CompositeLog [DiscoveryClient-CacheRefreshExecutor-0] Accept=[application/json, application/*+json]
2025-04-17 18:15:26,950 DEBUG o.s.c.l.CompositeLog [DiscoveryClient-HeartbeatExecutor-0] Response 200 OK
2025-04-17 18:15:26,950 DEBUG o.s.c.l.CompositeLog [DiscoveryClient-CacheRefreshExecutor-0] Response 200 OK
2025-04-17 18:15:26,951 DEBUG o.s.c.l.CompositeLog [DiscoveryClient-CacheRefreshExecutor-0] Reading to [org.springframework.cloud.netflix.eureka.http.EurekaApplications]
2025-04-17 18:15:56,956 DEBUG o.s.c.l.CompositeLog [DiscoveryClient-CacheRefreshExecutor-0] HTTP GET http://localhost:8761/eureka/apps/delta
2025-04-17 18:15:56,956 DEBUG o.s.c.l.CompositeLog [DiscoveryClient-HeartbeatExecutor-0] HTTP PUT http://localhost:8761/eureka/apps/USER-MANAGEMENT/192.168.1.4:user-management:8888?status=UP&lastDirtyTimestamp=1744897969423
2025-04-17 18:15:56,957 DEBUG o.s.c.l.CompositeLog [DiscoveryClient-HeartbeatExecutor-0] Accept=[application/json, application/*+json]
2025-04-17 18:15:56,957 DEBUG o.s.c.l.CompositeLog [DiscoveryClient-CacheRefreshExecutor-0] Accept=[application/json, application/*+json]
2025-04-17 18:15:56,973 DEBUG o.s.c.l.CompositeLog [DiscoveryClient-CacheRefreshExecutor-0] Response 200 OK
2025-04-17 18:15:56,973 DEBUG o.s.c.l.CompositeLog [DiscoveryClient-HeartbeatExecutor-0] Response 200 OK
2025-04-17 18:15:56,973 DEBUG o.s.c.l.CompositeLog [DiscoveryClient-CacheRefreshExecutor-0] Reading to [org.springframework.cloud.netflix.eureka.http.EurekaApplications]
2025-04-17 18:16:26,983 DEBUG o.s.c.l.CompositeLog [DiscoveryClient-HeartbeatExecutor-0] HTTP PUT http://localhost:8761/eureka/apps/USER-MANAGEMENT/192.168.1.4:user-management:8888?status=UP&lastDirtyTimestamp=1744897969423
2025-04-17 18:16:26,983 DEBUG o.s.c.l.CompositeLog [DiscoveryClient-CacheRefreshExecutor-0] HTTP GET http://localhost:8761/eureka/apps/delta
2025-04-17 18:16:26,983 DEBUG o.s.c.l.CompositeLog [DiscoveryClient-HeartbeatExecutor-0] Accept=[application/json, application/*+json]
2025-04-17 18:16:26,983 DEBUG o.s.c.l.CompositeLog [DiscoveryClient-CacheRefreshExecutor-0] Accept=[application/json, application/*+json]
2025-04-17 18:16:27,001 DEBUG o.s.c.l.CompositeLog [DiscoveryClient-CacheRefreshExecutor-0] Response 200 OK
2025-04-17 18:16:27,001 DEBUG o.s.c.l.CompositeLog [DiscoveryClient-HeartbeatExecutor-0] Response 200 OK
2025-04-17 18:16:27,002 DEBUG o.s.c.l.CompositeLog [DiscoveryClient-CacheRefreshExecutor-0] Reading to [org.springframework.cloud.netflix.eureka.http.EurekaApplications]
2025-04-17 18:16:57,013 DEBUG o.s.c.l.CompositeLog [DiscoveryClient-HeartbeatExecutor-0] HTTP PUT http://localhost:8761/eureka/apps/USER-MANAGEMENT/192.168.1.4:user-management:8888?status=UP&lastDirtyTimestamp=1744897969423
2025-04-17 18:16:57,013 DEBUG o.s.c.l.CompositeLog [DiscoveryClient-CacheRefreshExecutor-0] HTTP GET http://localhost:8761/eureka/apps/delta
2025-04-17 18:16:57,013 DEBUG o.s.c.l.CompositeLog [DiscoveryClient-HeartbeatExecutor-0] Accept=[application/json, application/*+json]
2025-04-17 18:16:57,013 DEBUG o.s.c.l.CompositeLog [DiscoveryClient-CacheRefreshExecutor-0] Accept=[application/json, application/*+json]
2025-04-17 18:16:57,030 DEBUG o.s.c.l.CompositeLog [DiscoveryClient-CacheRefreshExecutor-0] Response 200 OK
2025-04-17 18:16:57,030 DEBUG o.s.c.l.CompositeLog [DiscoveryClient-HeartbeatExecutor-0] Response 200 OK
2025-04-17 18:16:57,030 DEBUG o.s.c.l.CompositeLog [DiscoveryClient-CacheRefreshExecutor-0] Reading to [org.springframework.cloud.netflix.eureka.http.EurekaApplications]
2025-04-17 18:17:27,037 DEBUG o.s.c.l.CompositeLog [DiscoveryClient-CacheRefreshExecutor-0] HTTP GET http://localhost:8761/eureka/apps/delta
2025-04-17 18:17:27,037 DEBUG o.s.c.l.CompositeLog [DiscoveryClient-HeartbeatExecutor-0] HTTP PUT http://localhost:8761/eureka/apps/USER-MANAGEMENT/192.168.1.4:user-management:8888?status=UP&lastDirtyTimestamp=1744897969423
2025-04-17 18:17:27,038 DEBUG o.s.c.l.CompositeLog [DiscoveryClient-HeartbeatExecutor-0] Accept=[application/json, application/*+json]
2025-04-17 18:17:27,038 DEBUG o.s.c.l.CompositeLog [DiscoveryClient-CacheRefreshExecutor-0] Accept=[application/json, application/*+json]
2025-04-17 18:17:27,054 DEBUG o.s.c.l.CompositeLog [DiscoveryClient-CacheRefreshExecutor-0] Response 200 OK
2025-04-17 18:17:27,054 DEBUG o.s.c.l.CompositeLog [DiscoveryClient-HeartbeatExecutor-0] Response 200 OK
2025-04-17 18:17:27,054 DEBUG o.s.c.l.CompositeLog [DiscoveryClient-CacheRefreshExecutor-0] Reading to [org.springframework.cloud.netflix.eureka.http.EurekaApplications]
2025-04-17 18:17:49,275 INFO c.n.d.s.r.a.ConfigClusterResolver [AsyncResolver-bootstrap-executor-0] Resolving eureka endpoints via configuration
2025-04-17 18:17:57,069 DEBUG o.s.c.l.CompositeLog [DiscoveryClient-CacheRefreshExecutor-0] HTTP GET http://localhost:8761/eureka/apps/delta
2025-04-17 18:17:57,069 DEBUG o.s.c.l.CompositeLog [DiscoveryClient-HeartbeatExecutor-0] HTTP PUT http://localhost:8761/eureka/apps/USER-MANAGEMENT/192.168.1.4:user-management:8888?status=UP&lastDirtyTimestamp=1744897969423
2025-04-17 18:17:57,070 DEBUG o.s.c.l.CompositeLog [DiscoveryClient-HeartbeatExecutor-0] Accept=[application/json, application/*+json]
2025-04-17 18:17:57,070 DEBUG o.s.c.l.CompositeLog [DiscoveryClient-CacheRefreshExecutor-0] Accept=[application/json, application/*+json]
2025-04-17 18:17:57,086 DEBUG o.s.c.l.CompositeLog [DiscoveryClient-HeartbeatExecutor-0] Response 200 OK
2025-04-17 18:17:57,086 DEBUG o.s.c.l.CompositeLog [DiscoveryClient-CacheRefreshExecutor-0] Response 200 OK
2025-04-17 18:17:57,086 DEBUG o.s.c.l.CompositeLog [DiscoveryClient-CacheRefreshExecutor-0] Reading to [org.springframework.cloud.netflix.eureka.http.EurekaApplications]
2025-04-17 18:18:27,097 DEBUG o.s.c.l.CompositeLog [DiscoveryClient-HeartbeatExecutor-0] HTTP PUT http://localhost:8761/eureka/apps/USER-MANAGEMENT/192.168.1.4:user-management:8888?status=UP&lastDirtyTimestamp=1744897969423
2025-04-17 18:18:27,097 DEBUG o.s.c.l.CompositeLog [DiscoveryClient-CacheRefreshExecutor-0] HTTP GET http://localhost:8761/eureka/apps/delta
2025-04-17 18:18:27,098 DEBUG o.s.c.l.CompositeLog [DiscoveryClient-HeartbeatExecutor-0] Accept=[application/json, application/*+json]
2025-04-17 18:18:27,098 DEBUG o.s.c.l.CompositeLog [DiscoveryClient-CacheRefreshExecutor-0] Accept=[application/json, application/*+json]
2025-04-17 18:18:27,114 DEBUG o.s.c.l.CompositeLog [DiscoveryClient-CacheRefreshExecutor-0] Response 200 OK
2025-04-17 18:18:27,114 DEBUG o.s.c.l.CompositeLog [DiscoveryClient-HeartbeatExecutor-0] Response 200 OK
2025-04-17 18:18:27,115 DEBUG o.s.c.l.CompositeLog [DiscoveryClient-CacheRefreshExecutor-0] Reading to [org.springframework.cloud.netflix.eureka.http.EurekaApplications]
2025-04-17 18:18:57,116 DEBUG o.s.c.l.CompositeLog [DiscoveryClient-CacheRefreshExecutor-0] HTTP GET http://localhost:8761/eureka/apps/delta
2025-04-17 18:18:57,116 DEBUG o.s.c.l.CompositeLog [DiscoveryClient-HeartbeatExecutor-0] HTTP PUT http://localhost:8761/eureka/apps/USER-MANAGEMENT/192.168.1.4:user-management:8888?status=UP&lastDirtyTimestamp=1744897969423
2025-04-17 18:18:57,116 DEBUG o.s.c.l.CompositeLog [DiscoveryClient-HeartbeatExecutor-0] Accept=[application/json, application/*+json]
2025-04-17 18:18:57,116 DEBUG o.s.c.l.CompositeLog [DiscoveryClient-CacheRefreshExecutor-0] Accept=[application/json, application/*+json]
2025-04-17 18:18:57,133 DEBUG o.s.c.l.CompositeLog [DiscoveryClient-HeartbeatExecutor-0] Response 200 OK
2025-04-17 18:18:57,133 DEBUG o.s.c.l.CompositeLog [DiscoveryClient-CacheRefreshExecutor-0] Response 200 OK
2025-04-17 18:18:57,133 DEBUG o.s.c.l.CompositeLog [DiscoveryClient-CacheRefreshExecutor-0] Reading to [org.springframework.cloud.netflix.eureka.http.EurekaApplications]
2025-04-17 18:19:27,138 DEBUG o.s.c.l.CompositeLog [DiscoveryClient-CacheRefreshExecutor-0] HTTP GET http://localhost:8761/eureka/apps/delta
2025-04-17 18:19:27,138 DEBUG o.s.c.l.CompositeLog [DiscoveryClient-HeartbeatExecutor-0] HTTP PUT http://localhost:8761/eureka/apps/USER-MANAGEMENT/192.168.1.4:user-management:8888?status=UP&lastDirtyTimestamp=1744897969423
2025-04-17 18:19:27,138 DEBUG o.s.c.l.CompositeLog [DiscoveryClient-HeartbeatExecutor-0] Accept=[application/json, application/*+json]
2025-04-17 18:19:27,138 DEBUG o.s.c.l.CompositeLog [DiscoveryClient-CacheRefreshExecutor-0] Accept=[application/json, application/*+json]
2025-04-17 18:19:27,155 DEBUG o.s.c.l.CompositeLog [DiscoveryClient-CacheRefreshExecutor-0] Response 200 OK
2025-04-17 18:19:27,155 DEBUG o.s.c.l.CompositeLog [DiscoveryClient-HeartbeatExecutor-0] Response 200 OK
2025-04-17 18:19:27,155 DEBUG o.s.c.l.CompositeLog [DiscoveryClient-CacheRefreshExecutor-0] Reading to [org.springframework.cloud.netflix.eureka.http.EurekaApplications]
2025-04-17 18:19:57,160 DEBUG o.s.c.l.CompositeLog [DiscoveryClient-CacheRefreshExecutor-0] HTTP GET http://localhost:8761/eureka/apps/delta
2025-04-17 18:19:57,160 DEBUG o.s.c.l.CompositeLog [DiscoveryClient-HeartbeatExecutor-0] HTTP PUT http://localhost:8761/eureka/apps/USER-MANAGEMENT/192.168.1.4:user-management:8888?status=UP&lastDirtyTimestamp=1744897969423
2025-04-17 18:19:57,160 DEBUG o.s.c.l.CompositeLog [DiscoveryClient-HeartbeatExecutor-0] Accept=[application/json, application/*+json]
2025-04-17 18:19:57,160 DEBUG o.s.c.l.CompositeLog [DiscoveryClient-CacheRefreshExecutor-0] Accept=[application/json, application/*+json]
2025-04-17 18:19:57,176 DEBUG o.s.c.l.CompositeLog [DiscoveryClient-HeartbeatExecutor-0] Response 200 OK
2025-04-17 18:19:57,176 DEBUG o.s.c.l.CompositeLog [DiscoveryClient-CacheRefreshExecutor-0] Response 200 OK
2025-04-17 18:19:57,177 DEBUG o.s.c.l.CompositeLog [DiscoveryClient-CacheRefreshExecutor-0] Reading to [org.springframework.cloud.netflix.eureka.http.EurekaApplications]
2025-04-17 18:20:27,187 DEBUG o.s.c.l.CompositeLog [DiscoveryClient-HeartbeatExecutor-0] HTTP PUT http://localhost:8761/eureka/apps/USER-MANAGEMENT/192.168.1.4:user-management:8888?status=UP&lastDirtyTimestamp=1744897969423
2025-04-17 18:20:27,187 DEBUG o.s.c.l.CompositeLog [DiscoveryClient-HeartbeatExecutor-0] Accept=[application/json, application/*+json]
2025-04-17 18:20:27,187 DEBUG o.s.c.l.CompositeLog [DiscoveryClient-CacheRefreshExecutor-0] HTTP GET http://localhost:8761/eureka/apps/delta
2025-04-17 18:20:27,189 DEBUG o.s.c.l.CompositeLog [DiscoveryClient-CacheRefreshExecutor-0] Accept=[application/json, application/*+json]
2025-04-17 18:20:27,200 DEBUG o.s.c.l.CompositeLog [DiscoveryClient-HeartbeatExecutor-0] Response 200 OK
2025-04-17 18:20:27,200 DEBUG o.s.c.l.CompositeLog [DiscoveryClient-CacheRefreshExecutor-0] Response 200 OK
2025-04-17 18:20:27,201 DEBUG o.s.c.l.CompositeLog [DiscoveryClient-CacheRefreshExecutor-0] Reading to [org.springframework.cloud.netflix.eureka.http.EurekaApplications]
2025-04-17 18:20:57,202 DEBUG o.s.c.l.CompositeLog [DiscoveryClient-HeartbeatExecutor-0] HTTP PUT http://localhost:8761/eureka/apps/USER-MANAGEMENT/192.168.1.4:user-management:8888?status=UP&lastDirtyTimestamp=1744897969423
2025-04-17 18:20:57,202 DEBUG o.s.c.l.CompositeLog [DiscoveryClient-HeartbeatExecutor-0] Accept=[application/json, application/*+json]
2025-04-17 18:20:57,217 DEBUG o.s.c.l.CompositeLog [DiscoveryClient-CacheRefreshExecutor-0] HTTP GET http://localhost:8761/eureka/apps/delta
2025-04-17 18:20:57,217 DEBUG o.s.c.l.CompositeLog [DiscoveryClient-CacheRefreshExecutor-0] Accept=[application/json, application/*+json]
2025-04-17 18:20:57,219 DEBUG o.s.c.l.CompositeLog [DiscoveryClient-HeartbeatExecutor-0] Response 200 OK
2025-04-17 18:20:57,234 DEBUG o.s.c.l.CompositeLog [DiscoveryClient-CacheRefreshExecutor-0] Response 200 OK
2025-04-17 18:20:57,234 DEBUG o.s.c.l.CompositeLog [DiscoveryClient-CacheRefreshExecutor-0] Reading to [org.springframework.cloud.netflix.eureka.http.EurekaApplications]
2025-04-17 18:21:01,064 DEBUG o.s.c.l.LogFormatUtils [http-nio-8888-exec-4] POST "/auth/login", parameters={}
2025-04-17 18:21:01,065 DEBUG o.s.w.s.h.AbstractHandlerMapping [http-nio-8888-exec-4] Mapped to com.user_organization_management.controller.AuthController#login(AuthRequest)
2025-04-17 18:21:01,071 DEBUG o.s.c.l.LogFormatUtils [http-nio-8888-exec-4] Read "application/json;charset=UTF-8" to [com.user_organization_management.model.AuthRequest@5e766ee1]
2025-04-17 18:21:01,072 INFO c.u.a.LoggingAspect [http-nio-8888-exec-4] =================> Method Name is >> login 
2025-04-17 18:21:01,073 INFO c.u.a.LoggingAspect [http-nio-8888-exec-4] ====> argument >> com.user_organization_management.model.AuthRequest@5e766ee1
2025-04-17 18:21:01,073 INFO c.u.a.LoggingAspect [http-nio-8888-exec-4] =================> Method Name is >> login 
2025-04-17 18:21:01,074 INFO c.u.a.LoggingAspect [http-nio-8888-exec-4] ====> argument >> com.user_organization_management.model.AuthRequest@5e766ee1
2025-04-17 18:21:01,074 INFO c.u.a.LoggingAspect [http-nio-8888-exec-4] =================> Method Name is >> disableLogin 
2025-04-17 18:21:01,074 INFO c.u.a.LoggingAspect [http-nio-8888-exec-4] ====> argument >> testttttttttt1@gmail.com
2025-04-17 18:21:01,074 INFO c.u.a.LoggingAspect [http-nio-8888-exec-4] =================> Method Name is >> findByEmail 
2025-04-17 18:21:01,074 INFO c.u.a.LoggingAspect [http-nio-8888-exec-4] ====> argument >> testttttttttt1@gmail.com
2025-04-17 18:21:01,082 DEBUG o.h.e.j.s.SqlStatementLogger [http-nio-8888-exec-4] 
    select
        ue1_0.id,
        ue1_0.created_by,
        ue1_0.created_date,
        ue1_0.email,
        ue1_0.failed_count,
        ue1_0.last_modified_by,
        ue1_0.last_modified_date,
        ue1_0.locked,
        ue1_0.mobile,
        ue1_0.name,
        ue1_0.organization_id,
        ue1_0.password,
        ue1_0.role_id 
    from
        users ue1_0 
    where
        ue1_0.email=?
2025-04-17 18:21:01,099 DEBUG o.h.e.j.s.SqlStatementLogger [http-nio-8888-exec-4] 
    select
        oe1_0.id,
        oe1_0.created_by,
        oe1_0.created_date,
        oe1_0.last_modified_by,
        oe1_0.last_modified_date,
        oe1_0.name 
    from
        organizations oe1_0 
    where
        oe1_0.id=?
2025-04-17 18:21:01,108 DEBUG o.h.e.j.s.SqlStatementLogger [http-nio-8888-exec-4] 
    select
        re1_0.id,
        re1_0.created_by,
        re1_0.created_date,
        re1_0.last_modified_by,
        re1_0.last_modified_date,
        re1_0.name 
    from
        roles re1_0 
    where
        re1_0.id=?
2025-04-17 18:21:01,112 INFO c.u.a.MeasurementAspect [http-nio-8888-exec-4] KPI[method-execution]	for: void com.user_organization_management.service.UserService.disableLogin(String)	withArgs: [testttttttttt1@gmail.com]	took: 38 ms. 
2025-04-17 18:21:01,113 INFO c.u.a.LoggingAspect [http-nio-8888-exec-4] =================> Method Name is >> getUserByEmail 
2025-04-17 18:21:01,113 INFO c.u.a.LoggingAspect [http-nio-8888-exec-4] ====> argument >> testttttttttt1@gmail.com
2025-04-17 18:21:01,114 INFO c.u.a.LoggingAspect [http-nio-8888-exec-4] =================> Method Name is >> findByEmail 
2025-04-17 18:21:01,114 INFO c.u.a.LoggingAspect [http-nio-8888-exec-4] ====> argument >> testttttttttt1@gmail.com
2025-04-17 18:21:01,115 DEBUG o.h.e.j.s.SqlStatementLogger [http-nio-8888-exec-4] 
    select
        ue1_0.id,
        ue1_0.created_by,
        ue1_0.created_date,
        ue1_0.email,
        ue1_0.failed_count,
        ue1_0.last_modified_by,
        ue1_0.last_modified_date,
        ue1_0.locked,
        ue1_0.mobile,
        ue1_0.name,
        ue1_0.organization_id,
        ue1_0.password,
        ue1_0.role_id 
    from
        users ue1_0 
    where
        ue1_0.email=?
2025-04-17 18:21:01,117 INFO c.u.a.MeasurementAspect [http-nio-8888-exec-4] KPI[method-execution]	for: UserDTO com.user_organization_management.service.UserService.getUserByEmail(String)	withArgs: [testttttttttt1@gmail.com]	took: 4 ms. 
2025-04-17 18:21:01,117 INFO c.u.s.CustomUserDetailsService [http-nio-8888-exec-4] User testttttttttt1@gmail.com has role ROLE_USER
2025-04-17 18:21:01,182 INFO c.u.a.LoggingAspect [http-nio-8888-exec-4] =================> Method Name is >> resetFailedLoginAttempts 
2025-04-17 18:21:01,182 INFO c.u.a.LoggingAspect [http-nio-8888-exec-4] ====> argument >> testttttttttt1@gmail.com
2025-04-17 18:21:01,183 INFO c.u.a.LoggingAspect [http-nio-8888-exec-4] =================> Method Name is >> findByEmail 
2025-04-17 18:21:01,183 INFO c.u.a.LoggingAspect [http-nio-8888-exec-4] ====> argument >> testttttttttt1@gmail.com
2025-04-17 18:21:01,184 DEBUG o.h.e.j.s.SqlStatementLogger [http-nio-8888-exec-4] 
    select
        ue1_0.id,
        ue1_0.created_by,
        ue1_0.created_date,
        ue1_0.email,
        ue1_0.failed_count,
        ue1_0.last_modified_by,
        ue1_0.last_modified_date,
        ue1_0.locked,
        ue1_0.mobile,
        ue1_0.name,
        ue1_0.organization_id,
        ue1_0.password,
        ue1_0.role_id 
    from
        users ue1_0 
    where
        ue1_0.email=?
2025-04-17 18:21:01,187 INFO c.u.a.MeasurementAspect [http-nio-8888-exec-4] KPI[method-execution]	for: void com.user_organization_management.service.UserService.resetFailedLoginAttempts(String)	withArgs: [testttttttttt1@gmail.com]	took: 4 ms. 
2025-04-17 18:21:01,187 INFO c.u.a.LoggingAspect [http-nio-8888-exec-4] =================> Method Name is >> getUserByEmail 
2025-04-17 18:21:01,187 INFO c.u.a.LoggingAspect [http-nio-8888-exec-4] ====> argument >> testttttttttt1@gmail.com
2025-04-17 18:21:01,187 INFO c.u.a.LoggingAspect [http-nio-8888-exec-4] =================> Method Name is >> findByEmail 
2025-04-17 18:21:01,187 INFO c.u.a.LoggingAspect [http-nio-8888-exec-4] ====> argument >> testttttttttt1@gmail.com
2025-04-17 18:21:01,188 DEBUG o.h.e.j.s.SqlStatementLogger [http-nio-8888-exec-4] 
    select
        ue1_0.id,
        ue1_0.created_by,
        ue1_0.created_date,
        ue1_0.email,
        ue1_0.failed_count,
        ue1_0.last_modified_by,
        ue1_0.last_modified_date,
        ue1_0.locked,
        ue1_0.mobile,
        ue1_0.name,
        ue1_0.organization_id,
        ue1_0.password,
        ue1_0.role_id 
    from
        users ue1_0 
    where
        ue1_0.email=?
2025-04-17 18:21:01,191 INFO c.u.a.MeasurementAspect [http-nio-8888-exec-4] KPI[method-execution]	for: UserDTO com.user_organization_management.service.UserService.getUserByEmail(String)	withArgs: [testttttttttt1@gmail.com]	took: 4 ms. 
2025-04-17 18:21:01,192 INFO c.u.s.CustomUserDetailsService [http-nio-8888-exec-4] User testttttttttt1@gmail.com has role ROLE_USER
2025-04-17 18:21:01,197 INFO c.u.a.MeasurementAspect [http-nio-8888-exec-4] KPI[method-execution]	for: Map com.user_organization_management.service.AuthService.login(AuthRequest)	withArgs: [com.user_organization_management.model.AuthRequest@5e766ee1]	took: 123 ms. 
2025-04-17 18:21:01,199 DEBUG o.s.w.s.m.m.a.AbstractMessageConverterMethodProcessor [http-nio-8888-exec-4] Using 'application/json', given [application/json, text/plain, */*] and supported [application/json, application/*+json]
2025-04-17 18:21:01,200 DEBUG o.s.c.l.LogFormatUtils [http-nio-8888-exec-4] Writing [{token=eyJhbGciOiJIUzI1NiJ9.eyJzdWIiOiJ0ZXN0dHR0dHR0dHR0MUBnbWFpbC5jb20iLCJpYXQiOjE3NDQ5MDY4NjEsImV4 (truncated)...]
2025-04-17 18:21:01,203 DEBUG o.s.w.s.FrameworkServlet [http-nio-8888-exec-4] Completed 200 OK
2025-04-17 18:21:27,222 DEBUG o.s.c.l.CompositeLog [DiscoveryClient-HeartbeatExecutor-0] HTTP PUT http://localhost:8761/eureka/apps/USER-MANAGEMENT/192.168.1.4:user-management:8888?status=UP&lastDirtyTimestamp=1744897969423
2025-04-17 18:21:27,222 DEBUG o.s.c.l.CompositeLog [DiscoveryClient-HeartbeatExecutor-0] Accept=[application/json, application/*+json]
2025-04-17 18:21:27,237 DEBUG o.s.c.l.CompositeLog [DiscoveryClient-CacheRefreshExecutor-0] HTTP GET http://localhost:8761/eureka/apps/delta
2025-04-17 18:21:27,238 DEBUG o.s.c.l.CompositeLog [DiscoveryClient-CacheRefreshExecutor-0] Accept=[application/json, application/*+json]
2025-04-17 18:21:27,238 DEBUG o.s.c.l.CompositeLog [DiscoveryClient-HeartbeatExecutor-0] Response 200 OK
2025-04-17 18:21:27,253 DEBUG o.s.c.l.CompositeLog [DiscoveryClient-CacheRefreshExecutor-0] Response 200 OK
2025-04-17 18:21:27,254 DEBUG o.s.c.l.CompositeLog [DiscoveryClient-CacheRefreshExecutor-0] Reading to [org.springframework.cloud.netflix.eureka.http.EurekaApplications]
2025-04-17 18:21:57,248 DEBUG o.s.c.l.CompositeLog [DiscoveryClient-HeartbeatExecutor-0] HTTP PUT http://localhost:8761/eureka/apps/USER-MANAGEMENT/192.168.1.4:user-management:8888?status=UP&lastDirtyTimestamp=1744897969423
2025-04-17 18:21:57,248 DEBUG o.s.c.l.CompositeLog [DiscoveryClient-HeartbeatExecutor-0] Accept=[application/json, application/*+json]
2025-04-17 18:21:57,263 DEBUG o.s.c.l.CompositeLog [DiscoveryClient-CacheRefreshExecutor-0] HTTP GET http://localhost:8761/eureka/apps/delta
2025-04-17 18:21:57,263 DEBUG o.s.c.l.CompositeLog [DiscoveryClient-CacheRefreshExecutor-0] Accept=[application/json, application/*+json]
2025-04-17 18:21:57,264 DEBUG o.s.c.l.CompositeLog [DiscoveryClient-HeartbeatExecutor-0] Response 200 OK
2025-04-17 18:21:57,281 DEBUG o.s.c.l.CompositeLog [DiscoveryClient-CacheRefreshExecutor-0] Response 200 OK
2025-04-17 18:21:57,282 DEBUG o.s.c.l.CompositeLog [DiscoveryClient-CacheRefreshExecutor-0] Reading to [org.springframework.cloud.netflix.eureka.http.EurekaApplications]
2025-04-17 18:22:27,273 DEBUG o.s.c.l.CompositeLog [DiscoveryClient-HeartbeatExecutor-0] HTTP PUT http://localhost:8761/eureka/apps/USER-MANAGEMENT/192.168.1.4:user-management:8888?status=UP&lastDirtyTimestamp=1744897969423
2025-04-17 18:22:27,280 DEBUG o.s.c.l.CompositeLog [DiscoveryClient-HeartbeatExecutor-0] Accept=[application/json, application/*+json]
2025-04-17 18:22:27,283 DEBUG o.s.c.l.CompositeLog [DiscoveryClient-HeartbeatExecutor-0] Response 200 OK
2025-04-17 18:22:27,283 DEBUG o.s.c.l.CompositeLog [DiscoveryClient-CacheRefreshExecutor-0] HTTP GET http://localhost:8761/eureka/apps/delta
2025-04-17 18:22:27,284 DEBUG o.s.c.l.CompositeLog [DiscoveryClient-CacheRefreshExecutor-0] Accept=[application/json, application/*+json]
2025-04-17 18:22:27,286 DEBUG o.s.c.l.CompositeLog [DiscoveryClient-CacheRefreshExecutor-0] Response 200 OK
2025-04-17 18:22:27,287 DEBUG o.s.c.l.CompositeLog [DiscoveryClient-CacheRefreshExecutor-0] Reading to [org.springframework.cloud.netflix.eureka.http.EurekaApplications]
2025-04-17 18:22:49,277 INFO c.n.d.s.r.a.ConfigClusterResolver [AsyncResolver-bootstrap-executor-0] Resolving eureka endpoints via configuration
2025-04-17 18:22:57,294 DEBUG o.s.c.l.CompositeLog [DiscoveryClient-CacheRefreshExecutor-0] HTTP GET http://localhost:8761/eureka/apps/delta
2025-04-17 18:22:57,294 DEBUG o.s.c.l.CompositeLog [DiscoveryClient-HeartbeatExecutor-0] HTTP PUT http://localhost:8761/eureka/apps/USER-MANAGEMENT/192.168.1.4:user-management:8888?status=UP&lastDirtyTimestamp=1744897969423
2025-04-17 18:22:57,294 DEBUG o.s.c.l.CompositeLog [DiscoveryClient-HeartbeatExecutor-0] Accept=[application/json, application/*+json]
2025-04-17 18:22:57,294 DEBUG o.s.c.l.CompositeLog [DiscoveryClient-CacheRefreshExecutor-0] Accept=[application/json, application/*+json]
2025-04-17 18:22:57,311 DEBUG o.s.c.l.CompositeLog [DiscoveryClient-CacheRefreshExecutor-0] Response 200 OK
2025-04-17 18:22:57,311 DEBUG o.s.c.l.CompositeLog [DiscoveryClient-HeartbeatExecutor-0] Response 200 OK
2025-04-17 18:22:57,311 DEBUG o.s.c.l.CompositeLog [DiscoveryClient-CacheRefreshExecutor-0] Reading to [org.springframework.cloud.netflix.eureka.http.EurekaApplications]
2025-04-17 18:23:27,314 DEBUG o.s.c.l.CompositeLog [DiscoveryClient-HeartbeatExecutor-0] HTTP PUT http://localhost:8761/eureka/apps/USER-MANAGEMENT/192.168.1.4:user-management:8888?status=UP&lastDirtyTimestamp=1744897969423
2025-04-17 18:23:27,314 DEBUG o.s.c.l.CompositeLog [DiscoveryClient-CacheRefreshExecutor-0] HTTP GET http://localhost:8761/eureka/apps/delta
2025-04-17 18:23:27,314 DEBUG o.s.c.l.CompositeLog [DiscoveryClient-HeartbeatExecutor-0] Accept=[application/json, application/*+json]
2025-04-17 18:23:27,314 DEBUG o.s.c.l.CompositeLog [DiscoveryClient-CacheRefreshExecutor-0] Accept=[application/json, application/*+json]
2025-04-17 18:23:27,331 DEBUG o.s.c.l.CompositeLog [DiscoveryClient-CacheRefreshExecutor-0] Response 200 OK
2025-04-17 18:23:27,331 DEBUG o.s.c.l.CompositeLog [DiscoveryClient-HeartbeatExecutor-0] Response 200 OK
2025-04-17 18:23:27,331 DEBUG o.s.c.l.CompositeLog [DiscoveryClient-CacheRefreshExecutor-0] Reading to [org.springframework.cloud.netflix.eureka.http.EurekaApplications]
2025-04-17 18:23:57,336 DEBUG o.s.c.l.CompositeLog [DiscoveryClient-HeartbeatExecutor-0] HTTP PUT http://localhost:8761/eureka/apps/USER-MANAGEMENT/192.168.1.4:user-management:8888?status=UP&lastDirtyTimestamp=1744897969423
2025-04-17 18:23:57,336 DEBUG o.s.c.l.CompositeLog [DiscoveryClient-CacheRefreshExecutor-0] HTTP GET http://localhost:8761/eureka/apps/delta
2025-04-17 18:23:57,337 DEBUG o.s.c.l.CompositeLog [DiscoveryClient-HeartbeatExecutor-0] Accept=[application/json, application/*+json]
2025-04-17 18:23:57,337 DEBUG o.s.c.l.CompositeLog [DiscoveryClient-CacheRefreshExecutor-0] Accept=[application/json, application/*+json]
2025-04-17 18:23:57,353 DEBUG o.s.c.l.CompositeLog [DiscoveryClient-CacheRefreshExecutor-0] Response 200 OK
2025-04-17 18:23:57,353 DEBUG o.s.c.l.CompositeLog [DiscoveryClient-HeartbeatExecutor-0] Response 200 OK
2025-04-17 18:23:57,354 DEBUG o.s.c.l.CompositeLog [DiscoveryClient-CacheRefreshExecutor-0] Reading to [org.springframework.cloud.netflix.eureka.http.EurekaApplications]
2025-04-17 18:24:27,365 DEBUG o.s.c.l.CompositeLog [DiscoveryClient-CacheRefreshExecutor-0] HTTP GET http://localhost:8761/eureka/apps/delta
2025-04-17 18:24:27,365 DEBUG o.s.c.l.CompositeLog [DiscoveryClient-HeartbeatExecutor-0] HTTP PUT http://localhost:8761/eureka/apps/USER-MANAGEMENT/192.168.1.4:user-management:8888?status=UP&lastDirtyTimestamp=1744897969423
2025-04-17 18:24:27,365 DEBUG o.s.c.l.CompositeLog [DiscoveryClient-HeartbeatExecutor-0] Accept=[application/json, application/*+json]
2025-04-17 18:24:27,365 DEBUG o.s.c.l.CompositeLog [DiscoveryClient-CacheRefreshExecutor-0] Accept=[application/json, application/*+json]
2025-04-17 18:24:27,382 DEBUG o.s.c.l.CompositeLog [DiscoveryClient-HeartbeatExecutor-0] Response 200 OK
2025-04-17 18:24:27,382 DEBUG o.s.c.l.CompositeLog [DiscoveryClient-CacheRefreshExecutor-0] Response 200 OK
2025-04-17 18:24:27,382 DEBUG o.s.c.l.CompositeLog [DiscoveryClient-CacheRefreshExecutor-0] Reading to [org.springframework.cloud.netflix.eureka.http.EurekaApplications]
2025-04-17 18:24:57,396 DEBUG o.s.c.l.CompositeLog [DiscoveryClient-HeartbeatExecutor-0] HTTP PUT http://localhost:8761/eureka/apps/USER-MANAGEMENT/192.168.1.4:user-management:8888?status=UP&lastDirtyTimestamp=1744897969423
2025-04-17 18:24:57,397 DEBUG o.s.c.l.CompositeLog [DiscoveryClient-HeartbeatExecutor-0] Accept=[application/json, application/*+json]
2025-04-17 18:24:57,401 DEBUG o.s.c.l.CompositeLog [DiscoveryClient-CacheRefreshExecutor-0] HTTP GET http://localhost:8761/eureka/apps/delta
2025-04-17 18:24:57,409 DEBUG o.s.c.l.CompositeLog [DiscoveryClient-CacheRefreshExecutor-0] Accept=[application/json, application/*+json]
2025-04-17 18:24:57,412 DEBUG o.s.c.l.CompositeLog [DiscoveryClient-CacheRefreshExecutor-0] Response 200 OK
2025-04-17 18:24:57,412 DEBUG o.s.c.l.CompositeLog [DiscoveryClient-CacheRefreshExecutor-0] Reading to [org.springframework.cloud.netflix.eureka.http.EurekaApplications]
2025-04-17 18:24:57,415 DEBUG o.s.c.l.CompositeLog [DiscoveryClient-HeartbeatExecutor-0] Response 200 OK
2025-04-17 18:25:27,426 DEBUG o.s.c.l.CompositeLog [DiscoveryClient-CacheRefreshExecutor-0] HTTP GET http://localhost:8761/eureka/apps/delta
2025-04-17 18:25:27,426 DEBUG o.s.c.l.CompositeLog [DiscoveryClient-HeartbeatExecutor-0] HTTP PUT http://localhost:8761/eureka/apps/USER-MANAGEMENT/192.168.1.4:user-management:8888?status=UP&lastDirtyTimestamp=1744897969423
2025-04-17 18:25:27,427 DEBUG o.s.c.l.CompositeLog [DiscoveryClient-HeartbeatExecutor-0] Accept=[application/json, application/*+json]
2025-04-17 18:25:27,427 DEBUG o.s.c.l.CompositeLog [DiscoveryClient-CacheRefreshExecutor-0] Accept=[application/json, application/*+json]
2025-04-17 18:25:27,443 DEBUG o.s.c.l.CompositeLog [DiscoveryClient-HeartbeatExecutor-0] Response 200 OK
2025-04-17 18:25:27,443 DEBUG o.s.c.l.CompositeLog [DiscoveryClient-CacheRefreshExecutor-0] Response 200 OK
2025-04-17 18:25:27,443 DEBUG o.s.c.l.CompositeLog [DiscoveryClient-CacheRefreshExecutor-0] Reading to [org.springframework.cloud.netflix.eureka.http.EurekaApplications]
2025-04-17 18:25:57,444 DEBUG o.s.c.l.CompositeLog [DiscoveryClient-HeartbeatExecutor-0] HTTP PUT http://localhost:8761/eureka/apps/USER-MANAGEMENT/192.168.1.4:user-management:8888?status=UP&lastDirtyTimestamp=1744897969423
2025-04-17 18:25:57,444 DEBUG o.s.c.l.CompositeLog [DiscoveryClient-HeartbeatExecutor-0] Accept=[application/json, application/*+json]
2025-04-17 18:25:57,458 DEBUG o.s.c.l.CompositeLog [DiscoveryClient-CacheRefreshExecutor-0] HTTP GET http://localhost:8761/eureka/apps/delta
2025-04-17 18:25:57,458 DEBUG o.s.c.l.CompositeLog [DiscoveryClient-CacheRefreshExecutor-0] Accept=[application/json, application/*+json]
2025-04-17 18:25:57,459 DEBUG o.s.c.l.CompositeLog [DiscoveryClient-HeartbeatExecutor-0] Response 200 OK
2025-04-17 18:25:57,476 DEBUG o.s.c.l.CompositeLog [DiscoveryClient-CacheRefreshExecutor-0] Response 200 OK
2025-04-17 18:25:57,476 DEBUG o.s.c.l.CompositeLog [DiscoveryClient-CacheRefreshExecutor-0] Reading to [org.springframework.cloud.netflix.eureka.http.EurekaApplications]
2025-04-17 18:26:27,467 DEBUG o.s.c.l.CompositeLog [DiscoveryClient-HeartbeatExecutor-0] HTTP PUT http://localhost:8761/eureka/apps/USER-MANAGEMENT/192.168.1.4:user-management:8888?status=UP&lastDirtyTimestamp=1744897969423
2025-04-17 18:26:27,468 DEBUG o.s.c.l.CompositeLog [DiscoveryClient-HeartbeatExecutor-0] Accept=[application/json, application/*+json]
2025-04-17 18:26:27,483 DEBUG o.s.c.l.CompositeLog [DiscoveryClient-CacheRefreshExecutor-0] HTTP GET http://localhost:8761/eureka/apps/delta
2025-04-17 18:26:27,483 DEBUG o.s.c.l.CompositeLog [DiscoveryClient-CacheRefreshExecutor-0] Accept=[application/json, application/*+json]
2025-04-17 18:26:27,484 DEBUG o.s.c.l.CompositeLog [DiscoveryClient-HeartbeatExecutor-0] Response 200 OK
2025-04-17 18:26:27,499 DEBUG o.s.c.l.CompositeLog [DiscoveryClient-CacheRefreshExecutor-0] Response 200 OK
2025-04-17 18:26:27,500 DEBUG o.s.c.l.CompositeLog [DiscoveryClient-CacheRefreshExecutor-0] Reading to [org.springframework.cloud.netflix.eureka.http.EurekaApplications]
2025-04-17 18:26:57,490 DEBUG o.s.c.l.CompositeLog [DiscoveryClient-HeartbeatExecutor-0] HTTP PUT http://localhost:8761/eureka/apps/USER-MANAGEMENT/192.168.1.4:user-management:8888?status=UP&lastDirtyTimestamp=1744897969423
2025-04-17 18:26:57,491 DEBUG o.s.c.l.CompositeLog [DiscoveryClient-HeartbeatExecutor-0] Accept=[application/json, application/*+json]
2025-04-17 18:26:57,506 DEBUG o.s.c.l.CompositeLog [DiscoveryClient-CacheRefreshExecutor-0] HTTP GET http://localhost:8761/eureka/apps/delta
2025-04-17 18:26:57,507 DEBUG o.s.c.l.CompositeLog [DiscoveryClient-CacheRefreshExecutor-0] Accept=[application/json, application/*+json]
2025-04-17 18:26:57,508 DEBUG o.s.c.l.CompositeLog [DiscoveryClient-HeartbeatExecutor-0] Response 200 OK
2025-04-17 18:26:57,523 DEBUG o.s.c.l.CompositeLog [DiscoveryClient-CacheRefreshExecutor-0] Response 200 OK
2025-04-17 18:26:57,523 DEBUG o.s.c.l.CompositeLog [DiscoveryClient-CacheRefreshExecutor-0] Reading to [org.springframework.cloud.netflix.eureka.http.EurekaApplications]
2025-04-17 18:27:27,511 DEBUG o.s.c.l.CompositeLog [DiscoveryClient-HeartbeatExecutor-0] HTTP PUT http://localhost:8761/eureka/apps/USER-MANAGEMENT/192.168.1.4:user-management:8888?status=UP&lastDirtyTimestamp=1744897969423
2025-04-17 18:27:27,511 DEBUG o.s.c.l.CompositeLog [DiscoveryClient-HeartbeatExecutor-0] Accept=[application/json, application/*+json]
2025-04-17 18:27:27,527 DEBUG o.s.c.l.CompositeLog [DiscoveryClient-CacheRefreshExecutor-0] HTTP GET http://localhost:8761/eureka/apps/delta
2025-04-17 18:27:27,527 DEBUG o.s.c.l.CompositeLog [DiscoveryClient-CacheRefreshExecutor-0] Accept=[application/json, application/*+json]
2025-04-17 18:27:27,528 DEBUG o.s.c.l.CompositeLog [DiscoveryClient-HeartbeatExecutor-0] Response 200 OK
2025-04-17 18:27:27,543 DEBUG o.s.c.l.CompositeLog [DiscoveryClient-CacheRefreshExecutor-0] Response 200 OK
2025-04-17 18:27:27,543 DEBUG o.s.c.l.CompositeLog [DiscoveryClient-CacheRefreshExecutor-0] Reading to [org.springframework.cloud.netflix.eureka.http.EurekaApplications]
2025-04-17 18:27:49,285 INFO c.n.d.s.r.a.ConfigClusterResolver [AsyncResolver-bootstrap-executor-0] Resolving eureka endpoints via configuration
2025-04-17 18:27:57,537 DEBUG o.s.c.l.CompositeLog [DiscoveryClient-HeartbeatExecutor-0] HTTP PUT http://localhost:8761/eureka/apps/USER-MANAGEMENT/192.168.1.4:user-management:8888?status=UP&lastDirtyTimestamp=1744897969423
2025-04-17 18:27:57,537 DEBUG o.s.c.l.CompositeLog [DiscoveryClient-HeartbeatExecutor-0] Accept=[application/json, application/*+json]
2025-04-17 18:27:57,552 DEBUG o.s.c.l.CompositeLog [DiscoveryClient-CacheRefreshExecutor-0] HTTP GET http://localhost:8761/eureka/apps/delta
2025-04-17 18:27:57,553 DEBUG o.s.c.l.CompositeLog [DiscoveryClient-CacheRefreshExecutor-0] Accept=[application/json, application/*+json]
2025-04-17 18:27:57,554 DEBUG o.s.c.l.CompositeLog [DiscoveryClient-HeartbeatExecutor-0] Response 200 OK
2025-04-17 18:27:57,569 DEBUG o.s.c.l.CompositeLog [DiscoveryClient-CacheRefreshExecutor-0] Response 200 OK
2025-04-17 18:27:57,569 DEBUG o.s.c.l.CompositeLog [DiscoveryClient-CacheRefreshExecutor-0] Reading to [org.springframework.cloud.netflix.eureka.http.EurekaApplications]
2025-04-17 18:28:27,571 DEBUG o.s.c.l.CompositeLog [DiscoveryClient-HeartbeatExecutor-0] HTTP PUT http://localhost:8761/eureka/apps/USER-MANAGEMENT/192.168.1.4:user-management:8888?status=UP&lastDirtyTimestamp=1744897969423
2025-04-17 18:28:27,571 DEBUG o.s.c.l.CompositeLog [DiscoveryClient-HeartbeatExecutor-0] Accept=[application/json, application/*+json]
2025-04-17 18:28:27,586 DEBUG o.s.c.l.CompositeLog [DiscoveryClient-CacheRefreshExecutor-0] HTTP GET http://localhost:8761/eureka/apps/delta
2025-04-17 18:28:27,587 DEBUG o.s.c.l.CompositeLog [DiscoveryClient-CacheRefreshExecutor-0] Accept=[application/json, application/*+json]
2025-04-17 18:28:27,590 DEBUG o.s.c.l.CompositeLog [DiscoveryClient-HeartbeatExecutor-0] Response 200 OK
2025-04-17 18:28:27,602 DEBUG o.s.c.l.CompositeLog [DiscoveryClient-CacheRefreshExecutor-0] Response 200 OK
2025-04-17 18:28:27,603 DEBUG o.s.c.l.CompositeLog [DiscoveryClient-CacheRefreshExecutor-0] Reading to [org.springframework.cloud.netflix.eureka.http.EurekaApplications]
2025-04-17 18:28:57,598 DEBUG o.s.c.l.CompositeLog [DiscoveryClient-HeartbeatExecutor-0] HTTP PUT http://localhost:8761/eureka/apps/USER-MANAGEMENT/192.168.1.4:user-management:8888?status=UP&lastDirtyTimestamp=1744897969423
2025-04-17 18:28:57,599 DEBUG o.s.c.l.CompositeLog [DiscoveryClient-HeartbeatExecutor-0] Accept=[application/json, application/*+json]
2025-04-17 18:28:57,615 DEBUG o.s.c.l.CompositeLog [DiscoveryClient-CacheRefreshExecutor-0] HTTP GET http://localhost:8761/eureka/apps/delta
2025-04-17 18:28:57,615 DEBUG o.s.c.l.CompositeLog [DiscoveryClient-CacheRefreshExecutor-0] Accept=[application/json, application/*+json]
2025-04-17 18:28:57,617 DEBUG o.s.c.l.CompositeLog [DiscoveryClient-HeartbeatExecutor-0] Response 200 OK
2025-04-17 18:28:57,632 DEBUG o.s.c.l.CompositeLog [DiscoveryClient-CacheRefreshExecutor-0] Response 200 OK
2025-04-17 18:28:57,632 DEBUG o.s.c.l.CompositeLog [DiscoveryClient-CacheRefreshExecutor-0] Reading to [org.springframework.cloud.netflix.eureka.http.EurekaApplications]
2025-04-17 18:29:27,625 DEBUG o.s.c.l.CompositeLog [DiscoveryClient-HeartbeatExecutor-0] HTTP PUT http://localhost:8761/eureka/apps/USER-MANAGEMENT/192.168.1.4:user-management:8888?status=UP&lastDirtyTimestamp=1744897969423
2025-04-17 18:29:27,625 DEBUG o.s.c.l.CompositeLog [DiscoveryClient-HeartbeatExecutor-0] Accept=[application/json, application/*+json]
2025-04-17 18:29:27,639 DEBUG o.s.c.l.CompositeLog [DiscoveryClient-CacheRefreshExecutor-0] HTTP GET http://localhost:8761/eureka/apps/delta
2025-04-17 18:29:27,639 DEBUG o.s.c.l.CompositeLog [DiscoveryClient-CacheRefreshExecutor-0] Accept=[application/json, application/*+json]
2025-04-17 18:29:27,640 DEBUG o.s.c.l.CompositeLog [DiscoveryClient-HeartbeatExecutor-0] Response 200 OK
2025-04-17 18:29:27,655 DEBUG o.s.c.l.CompositeLog [DiscoveryClient-CacheRefreshExecutor-0] Response 200 OK
2025-04-17 18:29:27,655 DEBUG o.s.c.l.CompositeLog [DiscoveryClient-CacheRefreshExecutor-0] Reading to [org.springframework.cloud.netflix.eureka.http.EurekaApplications]
2025-04-17 18:29:57,650 DEBUG o.s.c.l.CompositeLog [DiscoveryClient-HeartbeatExecutor-0] HTTP PUT http://localhost:8761/eureka/apps/USER-MANAGEMENT/192.168.1.4:user-management:8888?status=UP&lastDirtyTimestamp=1744897969423
2025-04-17 18:29:57,650 DEBUG o.s.c.l.CompositeLog [DiscoveryClient-HeartbeatExecutor-0] Accept=[application/json, application/*+json]
2025-04-17 18:29:57,665 DEBUG o.s.c.l.CompositeLog [DiscoveryClient-CacheRefreshExecutor-0] HTTP GET http://localhost:8761/eureka/apps/delta
2025-04-17 18:29:57,665 DEBUG o.s.c.l.CompositeLog [DiscoveryClient-CacheRefreshExecutor-0] Accept=[application/json, application/*+json]
2025-04-17 18:29:57,667 DEBUG o.s.c.l.CompositeLog [DiscoveryClient-HeartbeatExecutor-0] Response 200 OK
2025-04-17 18:29:57,684 DEBUG o.s.c.l.CompositeLog [DiscoveryClient-CacheRefreshExecutor-0] Response 200 OK
2025-04-17 18:29:57,685 DEBUG o.s.c.l.CompositeLog [DiscoveryClient-CacheRefreshExecutor-0] Reading to [org.springframework.cloud.netflix.eureka.http.EurekaApplications]
2025-04-17 18:30:27,676 DEBUG o.s.c.l.CompositeLog [DiscoveryClient-HeartbeatExecutor-0] HTTP PUT http://localhost:8761/eureka/apps/USER-MANAGEMENT/192.168.1.4:user-management:8888?status=UP&lastDirtyTimestamp=1744897969423
2025-04-17 18:30:27,677 DEBUG o.s.c.l.CompositeLog [DiscoveryClient-HeartbeatExecutor-0] Accept=[application/json, application/*+json]
2025-04-17 18:30:27,691 DEBUG o.s.c.l.CompositeLog [DiscoveryClient-CacheRefreshExecutor-0] HTTP GET http://localhost:8761/eureka/apps/delta
2025-04-17 18:30:27,691 DEBUG o.s.c.l.CompositeLog [DiscoveryClient-CacheRefreshExecutor-0] Accept=[application/json, application/*+json]
2025-04-17 18:30:27,692 DEBUG o.s.c.l.CompositeLog [DiscoveryClient-HeartbeatExecutor-0] Response 200 OK
2025-04-17 18:30:27,707 DEBUG o.s.c.l.CompositeLog [DiscoveryClient-CacheRefreshExecutor-0] Response 200 OK
2025-04-17 18:30:27,707 DEBUG o.s.c.l.CompositeLog [DiscoveryClient-CacheRefreshExecutor-0] Reading to [org.springframework.cloud.netflix.eureka.http.EurekaApplications]
2025-04-17 18:30:57,697 DEBUG o.s.c.l.CompositeLog [DiscoveryClient-HeartbeatExecutor-0] HTTP PUT http://localhost:8761/eureka/apps/USER-MANAGEMENT/192.168.1.4:user-management:8888?status=UP&lastDirtyTimestamp=1744897969423
2025-04-17 18:30:57,697 DEBUG o.s.c.l.CompositeLog [DiscoveryClient-HeartbeatExecutor-0] Accept=[application/json, application/*+json]
2025-04-17 18:30:57,712 DEBUG o.s.c.l.CompositeLog [DiscoveryClient-CacheRefreshExecutor-0] HTTP GET http://localhost:8761/eureka/apps/delta
2025-04-17 18:30:57,712 DEBUG o.s.c.l.CompositeLog [DiscoveryClient-CacheRefreshExecutor-0] Accept=[application/json, application/*+json]
2025-04-17 18:30:57,713 DEBUG o.s.c.l.CompositeLog [DiscoveryClient-HeartbeatExecutor-0] Response 200 OK
2025-04-17 18:30:57,729 DEBUG o.s.c.l.CompositeLog [DiscoveryClient-CacheRefreshExecutor-0] Response 200 OK
2025-04-17 18:30:57,729 DEBUG o.s.c.l.CompositeLog [DiscoveryClient-CacheRefreshExecutor-0] Reading to [org.springframework.cloud.netflix.eureka.http.EurekaApplications]
2025-04-17 18:31:27,729 DEBUG o.s.c.l.CompositeLog [DiscoveryClient-HeartbeatExecutor-0] HTTP PUT http://localhost:8761/eureka/apps/USER-MANAGEMENT/192.168.1.4:user-management:8888?status=UP&lastDirtyTimestamp=1744897969423
2025-04-17 18:31:27,729 DEBUG o.s.c.l.CompositeLog [DiscoveryClient-HeartbeatExecutor-0] Accept=[application/json, application/*+json]
2025-04-17 18:31:27,744 DEBUG o.s.c.l.CompositeLog [DiscoveryClient-CacheRefreshExecutor-0] HTTP GET http://localhost:8761/eureka/apps/delta
2025-04-17 18:31:27,745 DEBUG o.s.c.l.CompositeLog [DiscoveryClient-CacheRefreshExecutor-0] Accept=[application/json, application/*+json]
2025-04-17 18:31:27,746 DEBUG o.s.c.l.CompositeLog [DiscoveryClient-HeartbeatExecutor-0] Response 200 OK
2025-04-17 18:31:27,760 DEBUG o.s.c.l.CompositeLog [DiscoveryClient-CacheRefreshExecutor-0] Response 200 OK
2025-04-17 18:31:27,761 DEBUG o.s.c.l.CompositeLog [DiscoveryClient-CacheRefreshExecutor-0] Reading to [org.springframework.cloud.netflix.eureka.http.EurekaApplications]
2025-04-17 18:31:57,758 DEBUG o.s.c.l.CompositeLog [DiscoveryClient-HeartbeatExecutor-0] HTTP PUT http://localhost:8761/eureka/apps/USER-MANAGEMENT/192.168.1.4:user-management:8888?status=UP&lastDirtyTimestamp=1744897969423
2025-04-17 18:31:57,758 DEBUG o.s.c.l.CompositeLog [DiscoveryClient-HeartbeatExecutor-0] Accept=[application/json, application/*+json]
2025-04-17 18:31:57,773 DEBUG o.s.c.l.CompositeLog [DiscoveryClient-CacheRefreshExecutor-0] HTTP GET http://localhost:8761/eureka/apps/delta
2025-04-17 18:31:57,774 DEBUG o.s.c.l.CompositeLog [DiscoveryClient-CacheRefreshExecutor-0] Accept=[application/json, application/*+json]
2025-04-17 18:31:57,774 DEBUG o.s.c.l.CompositeLog [DiscoveryClient-HeartbeatExecutor-0] Response 200 OK
2025-04-17 18:31:57,789 DEBUG o.s.c.l.CompositeLog [DiscoveryClient-CacheRefreshExecutor-0] Response 200 OK
2025-04-17 18:31:57,789 DEBUG o.s.c.l.CompositeLog [DiscoveryClient-CacheRefreshExecutor-0] Reading to [org.springframework.cloud.netflix.eureka.http.EurekaApplications]
2025-04-17 18:32:27,775 DEBUG o.s.c.l.CompositeLog [DiscoveryClient-HeartbeatExecutor-0] HTTP PUT http://localhost:8761/eureka/apps/USER-MANAGEMENT/192.168.1.4:user-management:8888?status=UP&lastDirtyTimestamp=1744897969423
2025-04-17 18:32:27,775 DEBUG o.s.c.l.CompositeLog [DiscoveryClient-HeartbeatExecutor-0] Accept=[application/json, application/*+json]
2025-04-17 18:32:27,791 DEBUG o.s.c.l.CompositeLog [DiscoveryClient-CacheRefreshExecutor-0] HTTP GET http://localhost:8761/eureka/apps/delta
2025-04-17 18:32:27,791 DEBUG o.s.c.l.CompositeLog [DiscoveryClient-CacheRefreshExecutor-0] Accept=[application/json, application/*+json]
2025-04-17 18:32:27,792 DEBUG o.s.c.l.CompositeLog [DiscoveryClient-HeartbeatExecutor-0] Response 200 OK
2025-04-17 18:32:27,809 DEBUG o.s.c.l.CompositeLog [DiscoveryClient-CacheRefreshExecutor-0] Response 200 OK
2025-04-17 18:32:27,810 DEBUG o.s.c.l.CompositeLog [DiscoveryClient-CacheRefreshExecutor-0] Reading to [org.springframework.cloud.netflix.eureka.http.EurekaApplications]
2025-04-17 18:32:49,288 INFO c.n.d.s.r.a.ConfigClusterResolver [AsyncResolver-bootstrap-executor-0] Resolving eureka endpoints via configuration
2025-04-17 18:32:57,806 DEBUG o.s.c.l.CompositeLog [DiscoveryClient-HeartbeatExecutor-0] HTTP PUT http://localhost:8761/eureka/apps/USER-MANAGEMENT/192.168.1.4:user-management:8888?status=UP&lastDirtyTimestamp=1744897969423
2025-04-17 18:32:57,807 DEBUG o.s.c.l.CompositeLog [DiscoveryClient-HeartbeatExecutor-0] Accept=[application/json, application/*+json]
2025-04-17 18:32:57,822 DEBUG o.s.c.l.CompositeLog [DiscoveryClient-CacheRefreshExecutor-0] HTTP GET http://localhost:8761/eureka/apps/delta
2025-04-17 18:32:57,822 DEBUG o.s.c.l.CompositeLog [DiscoveryClient-CacheRefreshExecutor-0] Accept=[application/json, application/*+json]
2025-04-17 18:32:57,823 DEBUG o.s.c.l.CompositeLog [DiscoveryClient-HeartbeatExecutor-0] Response 200 OK
2025-04-17 18:32:57,838 DEBUG o.s.c.l.CompositeLog [DiscoveryClient-CacheRefreshExecutor-0] Response 200 OK
2025-04-17 18:32:57,839 DEBUG o.s.c.l.CompositeLog [DiscoveryClient-CacheRefreshExecutor-0] Reading to [org.springframework.cloud.netflix.eureka.http.EurekaApplications]
2025-04-17 18:33:27,826 DEBUG o.s.c.l.CompositeLog [DiscoveryClient-HeartbeatExecutor-0] HTTP PUT http://localhost:8761/eureka/apps/USER-MANAGEMENT/192.168.1.4:user-management:8888?status=UP&lastDirtyTimestamp=1744897969423
2025-04-17 18:33:27,826 DEBUG o.s.c.l.CompositeLog [DiscoveryClient-HeartbeatExecutor-0] Accept=[application/json, application/*+json]
2025-04-17 18:33:27,841 DEBUG o.s.c.l.CompositeLog [DiscoveryClient-CacheRefreshExecutor-0] HTTP GET http://localhost:8761/eureka/apps/delta
2025-04-17 18:33:27,841 DEBUG o.s.c.l.CompositeLog [DiscoveryClient-CacheRefreshExecutor-0] Accept=[application/json, application/*+json]
2025-04-17 18:33:27,843 DEBUG o.s.c.l.CompositeLog [DiscoveryClient-HeartbeatExecutor-0] Response 200 OK
2025-04-17 18:33:27,857 DEBUG o.s.c.l.CompositeLog [DiscoveryClient-CacheRefreshExecutor-0] Response 200 OK
2025-04-17 18:33:27,857 DEBUG o.s.c.l.CompositeLog [DiscoveryClient-CacheRefreshExecutor-0] Reading to [org.springframework.cloud.netflix.eureka.http.EurekaApplications]
2025-04-17 18:33:57,849 DEBUG o.s.c.l.CompositeLog [DiscoveryClient-HeartbeatExecutor-0] HTTP PUT http://localhost:8761/eureka/apps/USER-MANAGEMENT/192.168.1.4:user-management:8888?status=UP&lastDirtyTimestamp=1744897969423
2025-04-17 18:33:57,849 DEBUG o.s.c.l.CompositeLog [DiscoveryClient-HeartbeatExecutor-0] Accept=[application/json, application/*+json]
2025-04-17 18:33:57,864 DEBUG o.s.c.l.CompositeLog [DiscoveryClient-CacheRefreshExecutor-0] HTTP GET http://localhost:8761/eureka/apps/delta
2025-04-17 18:33:57,864 DEBUG o.s.c.l.CompositeLog [DiscoveryClient-CacheRefreshExecutor-0] Accept=[application/json, application/*+json]
2025-04-17 18:33:57,866 DEBUG o.s.c.l.CompositeLog [DiscoveryClient-HeartbeatExecutor-0] Response 200 OK
2025-04-17 18:33:57,882 DEBUG o.s.c.l.CompositeLog [DiscoveryClient-CacheRefreshExecutor-0] Response 200 OK
2025-04-17 18:33:57,883 DEBUG o.s.c.l.CompositeLog [DiscoveryClient-CacheRefreshExecutor-0] Reading to [org.springframework.cloud.netflix.eureka.http.EurekaApplications]
2025-04-17 18:34:27,873 DEBUG o.s.c.l.CompositeLog [DiscoveryClient-HeartbeatExecutor-0] HTTP PUT http://localhost:8761/eureka/apps/USER-MANAGEMENT/192.168.1.4:user-management:8888?status=UP&lastDirtyTimestamp=1744897969423
2025-04-17 18:34:27,875 DEBUG o.s.c.l.CompositeLog [DiscoveryClient-HeartbeatExecutor-0] Accept=[application/json, application/*+json]
2025-04-17 18:34:27,889 DEBUG o.s.c.l.CompositeLog [DiscoveryClient-CacheRefreshExecutor-0] HTTP GET http://localhost:8761/eureka/apps/delta
2025-04-17 18:34:27,889 DEBUG o.s.c.l.CompositeLog [DiscoveryClient-CacheRefreshExecutor-0] Accept=[application/json, application/*+json]
2025-04-17 18:34:27,891 DEBUG o.s.c.l.CompositeLog [DiscoveryClient-HeartbeatExecutor-0] Response 200 OK
2025-04-17 18:34:27,906 DEBUG o.s.c.l.CompositeLog [DiscoveryClient-CacheRefreshExecutor-0] Response 200 OK
2025-04-17 18:34:27,906 DEBUG o.s.c.l.CompositeLog [DiscoveryClient-CacheRefreshExecutor-0] Reading to [org.springframework.cloud.netflix.eureka.http.EurekaApplications]
2025-04-17 18:34:57,892 DEBUG o.s.c.l.CompositeLog [DiscoveryClient-HeartbeatExecutor-0] HTTP PUT http://localhost:8761/eureka/apps/USER-MANAGEMENT/192.168.1.4:user-management:8888?status=UP&lastDirtyTimestamp=1744897969423
2025-04-17 18:34:57,892 DEBUG o.s.c.l.CompositeLog [DiscoveryClient-HeartbeatExecutor-0] Accept=[application/json, application/*+json]
2025-04-17 18:34:57,908 DEBUG o.s.c.l.CompositeLog [DiscoveryClient-CacheRefreshExecutor-0] HTTP GET http://localhost:8761/eureka/apps/delta
2025-04-17 18:34:57,908 DEBUG o.s.c.l.CompositeLog [DiscoveryClient-CacheRefreshExecutor-0] Accept=[application/json, application/*+json]
2025-04-17 18:34:57,909 DEBUG o.s.c.l.CompositeLog [DiscoveryClient-HeartbeatExecutor-0] Response 200 OK
2025-04-17 18:34:57,925 DEBUG o.s.c.l.CompositeLog [DiscoveryClient-CacheRefreshExecutor-0] Response 200 OK
2025-04-17 18:34:57,926 DEBUG o.s.c.l.CompositeLog [DiscoveryClient-CacheRefreshExecutor-0] Reading to [org.springframework.cloud.netflix.eureka.http.EurekaApplications]
2025-04-17 18:35:27,921 DEBUG o.s.c.l.CompositeLog [DiscoveryClient-HeartbeatExecutor-0] HTTP PUT http://localhost:8761/eureka/apps/USER-MANAGEMENT/192.168.1.4:user-management:8888?status=UP&lastDirtyTimestamp=1744897969423
2025-04-17 18:35:27,921 DEBUG o.s.c.l.CompositeLog [DiscoveryClient-HeartbeatExecutor-0] Accept=[application/json, application/*+json]
2025-04-17 18:35:27,936 DEBUG o.s.c.l.CompositeLog [DiscoveryClient-CacheRefreshExecutor-0] HTTP GET http://localhost:8761/eureka/apps/delta
2025-04-17 18:35:27,936 DEBUG o.s.c.l.CompositeLog [DiscoveryClient-CacheRefreshExecutor-0] Accept=[application/json, application/*+json]
2025-04-17 18:35:27,938 DEBUG o.s.c.l.CompositeLog [DiscoveryClient-HeartbeatExecutor-0] Response 200 OK
2025-04-17 18:35:27,953 DEBUG o.s.c.l.CompositeLog [DiscoveryClient-CacheRefreshExecutor-0] Response 200 OK
2025-04-17 18:35:27,953 DEBUG o.s.c.l.CompositeLog [DiscoveryClient-CacheRefreshExecutor-0] Reading to [org.springframework.cloud.netflix.eureka.http.EurekaApplications]
2025-04-17 18:35:57,944 DEBUG o.s.c.l.CompositeLog [DiscoveryClient-HeartbeatExecutor-0] HTTP PUT http://localhost:8761/eureka/apps/USER-MANAGEMENT/192.168.1.4:user-management:8888?status=UP&lastDirtyTimestamp=1744897969423
2025-04-17 18:35:57,944 DEBUG o.s.c.l.CompositeLog [DiscoveryClient-HeartbeatExecutor-0] Accept=[application/json, application/*+json]
2025-04-17 18:35:57,961 DEBUG o.s.c.l.CompositeLog [DiscoveryClient-HeartbeatExecutor-0] Response 200 OK
2025-04-17 18:35:57,965 DEBUG o.s.c.l.CompositeLog [DiscoveryClient-CacheRefreshExecutor-0] HTTP GET http://localhost:8761/eureka/apps/delta
2025-04-17 18:35:57,974 DEBUG o.s.c.l.CompositeLog [DiscoveryClient-CacheRefreshExecutor-0] Accept=[application/json, application/*+json]
2025-04-17 18:35:57,980 DEBUG o.s.c.l.CompositeLog [DiscoveryClient-CacheRefreshExecutor-0] Response 200 OK
2025-04-17 18:35:57,980 DEBUG o.s.c.l.CompositeLog [DiscoveryClient-CacheRefreshExecutor-0] Reading to [org.springframework.cloud.netflix.eureka.http.EurekaApplications]
2025-04-17 18:36:27,974 DEBUG o.s.c.l.CompositeLog [DiscoveryClient-HeartbeatExecutor-0] HTTP PUT http://localhost:8761/eureka/apps/USER-MANAGEMENT/192.168.1.4:user-management:8888?status=UP&lastDirtyTimestamp=1744897969423
2025-04-17 18:36:27,974 DEBUG o.s.c.l.CompositeLog [DiscoveryClient-HeartbeatExecutor-0] Accept=[application/json, application/*+json]
2025-04-17 18:36:27,988 DEBUG o.s.c.l.CompositeLog [DiscoveryClient-CacheRefreshExecutor-0] HTTP GET http://localhost:8761/eureka/apps/delta
2025-04-17 18:36:27,988 DEBUG o.s.c.l.CompositeLog [DiscoveryClient-CacheRefreshExecutor-0] Accept=[application/json, application/*+json]
2025-04-17 18:36:27,989 DEBUG o.s.c.l.CompositeLog [DiscoveryClient-HeartbeatExecutor-0] Response 200 OK
2025-04-17 18:36:28,005 DEBUG o.s.c.l.CompositeLog [DiscoveryClient-CacheRefreshExecutor-0] Response 200 OK
2025-04-17 18:36:28,005 DEBUG o.s.c.l.CompositeLog [DiscoveryClient-CacheRefreshExecutor-0] Reading to [org.springframework.cloud.netflix.eureka.http.EurekaApplications]
2025-04-17 18:36:57,992 DEBUG o.s.c.l.CompositeLog [DiscoveryClient-HeartbeatExecutor-0] HTTP PUT http://localhost:8761/eureka/apps/USER-MANAGEMENT/192.168.1.4:user-management:8888?status=UP&lastDirtyTimestamp=1744897969423
2025-04-17 18:36:57,993 DEBUG o.s.c.l.CompositeLog [DiscoveryClient-HeartbeatExecutor-0] Accept=[application/json, application/*+json]
2025-04-17 18:36:58,006 DEBUG o.s.c.l.CompositeLog [DiscoveryClient-CacheRefreshExecutor-0] HTTP GET http://localhost:8761/eureka/apps/delta
2025-04-17 18:36:58,007 DEBUG o.s.c.l.CompositeLog [DiscoveryClient-CacheRefreshExecutor-0] Accept=[application/json, application/*+json]
2025-04-17 18:36:58,007 DEBUG o.s.c.l.CompositeLog [DiscoveryClient-HeartbeatExecutor-0] Response 200 OK
2025-04-17 18:36:58,023 DEBUG o.s.c.l.CompositeLog [DiscoveryClient-CacheRefreshExecutor-0] Response 200 OK
2025-04-17 18:36:58,023 DEBUG o.s.c.l.CompositeLog [DiscoveryClient-CacheRefreshExecutor-0] Reading to [org.springframework.cloud.netflix.eureka.http.EurekaApplications]
2025-04-17 18:37:28,021 DEBUG o.s.c.l.CompositeLog [DiscoveryClient-HeartbeatExecutor-0] HTTP PUT http://localhost:8761/eureka/apps/USER-MANAGEMENT/192.168.1.4:user-management:8888?status=UP&lastDirtyTimestamp=1744897969423
2025-04-17 18:37:28,022 DEBUG o.s.c.l.CompositeLog [DiscoveryClient-HeartbeatExecutor-0] Accept=[application/json, application/*+json]
2025-04-17 18:37:28,036 DEBUG o.s.c.l.CompositeLog [DiscoveryClient-CacheRefreshExecutor-0] HTTP GET http://localhost:8761/eureka/apps/delta
2025-04-17 18:37:28,036 DEBUG o.s.c.l.CompositeLog [DiscoveryClient-CacheRefreshExecutor-0] Accept=[application/json, application/*+json]
2025-04-17 18:37:28,037 DEBUG o.s.c.l.CompositeLog [DiscoveryClient-HeartbeatExecutor-0] Response 200 OK
2025-04-17 18:37:28,052 DEBUG o.s.c.l.CompositeLog [DiscoveryClient-CacheRefreshExecutor-0] Response 200 OK
2025-04-17 18:37:28,052 DEBUG o.s.c.l.CompositeLog [DiscoveryClient-CacheRefreshExecutor-0] Reading to [org.springframework.cloud.netflix.eureka.http.EurekaApplications]
2025-04-17 18:37:49,291 INFO c.n.d.s.r.a.ConfigClusterResolver [AsyncResolver-bootstrap-executor-0] Resolving eureka endpoints via configuration
2025-04-17 18:37:58,041 DEBUG o.s.c.l.CompositeLog [DiscoveryClient-HeartbeatExecutor-0] HTTP PUT http://localhost:8761/eureka/apps/USER-MANAGEMENT/192.168.1.4:user-management:8888?status=UP&lastDirtyTimestamp=1744897969423
2025-04-17 18:37:58,041 DEBUG o.s.c.l.CompositeLog [DiscoveryClient-HeartbeatExecutor-0] Accept=[application/json, application/*+json]
2025-04-17 18:37:58,056 DEBUG o.s.c.l.CompositeLog [DiscoveryClient-CacheRefreshExecutor-0] HTTP GET http://localhost:8761/eureka/apps/delta
2025-04-17 18:37:58,056 DEBUG o.s.c.l.CompositeLog [DiscoveryClient-CacheRefreshExecutor-0] Accept=[application/json, application/*+json]
2025-04-17 18:37:58,056 DEBUG o.s.c.l.CompositeLog [DiscoveryClient-HeartbeatExecutor-0] Response 200 OK
2025-04-17 18:37:58,073 DEBUG o.s.c.l.CompositeLog [DiscoveryClient-CacheRefreshExecutor-0] Response 200 OK
2025-04-17 18:37:58,074 DEBUG o.s.c.l.CompositeLog [DiscoveryClient-CacheRefreshExecutor-0] Reading to [org.springframework.cloud.netflix.eureka.http.EurekaApplications]
2025-04-17 18:38:28,069 DEBUG o.s.c.l.CompositeLog [DiscoveryClient-HeartbeatExecutor-0] HTTP PUT http://localhost:8761/eureka/apps/USER-MANAGEMENT/192.168.1.4:user-management:8888?status=UP&lastDirtyTimestamp=1744897969423
2025-04-17 18:38:28,069 DEBUG o.s.c.l.CompositeLog [DiscoveryClient-HeartbeatExecutor-0] Accept=[application/json, application/*+json]
2025-04-17 18:38:28,084 DEBUG o.s.c.l.CompositeLog [DiscoveryClient-CacheRefreshExecutor-0] HTTP GET http://localhost:8761/eureka/apps/delta
2025-04-17 18:38:28,084 DEBUG o.s.c.l.CompositeLog [DiscoveryClient-CacheRefreshExecutor-0] Accept=[application/json, application/*+json]
2025-04-17 18:38:28,085 DEBUG o.s.c.l.CompositeLog [DiscoveryClient-HeartbeatExecutor-0] Response 200 OK
2025-04-17 18:38:28,101 DEBUG o.s.c.l.CompositeLog [DiscoveryClient-CacheRefreshExecutor-0] Response 200 OK
2025-04-17 18:38:28,101 DEBUG o.s.c.l.CompositeLog [DiscoveryClient-CacheRefreshExecutor-0] Reading to [org.springframework.cloud.netflix.eureka.http.EurekaApplications]
2025-04-17 18:38:58,098 DEBUG o.s.c.l.CompositeLog [DiscoveryClient-HeartbeatExecutor-0] HTTP PUT http://localhost:8761/eureka/apps/USER-MANAGEMENT/192.168.1.4:user-management:8888?status=UP&lastDirtyTimestamp=1744897969423
2025-04-17 18:38:58,098 DEBUG o.s.c.l.CompositeLog [DiscoveryClient-HeartbeatExecutor-0] Accept=[application/json, application/*+json]
2025-04-17 18:38:58,113 DEBUG o.s.c.l.CompositeLog [DiscoveryClient-CacheRefreshExecutor-0] HTTP GET http://localhost:8761/eureka/apps/delta
2025-04-17 18:38:58,114 DEBUG o.s.c.l.CompositeLog [DiscoveryClient-CacheRefreshExecutor-0] Accept=[application/json, application/*+json]
2025-04-17 18:38:58,115 DEBUG o.s.c.l.CompositeLog [DiscoveryClient-HeartbeatExecutor-0] Response 200 OK
2025-04-17 18:38:58,130 DEBUG o.s.c.l.CompositeLog [DiscoveryClient-CacheRefreshExecutor-0] Response 200 OK
2025-04-17 18:38:58,131 DEBUG o.s.c.l.CompositeLog [DiscoveryClient-CacheRefreshExecutor-0] Reading to [org.springframework.cloud.netflix.eureka.http.EurekaApplications]
2025-04-17 18:39:28,119 DEBUG o.s.c.l.CompositeLog [DiscoveryClient-HeartbeatExecutor-0] HTTP PUT http://localhost:8761/eureka/apps/USER-MANAGEMENT/192.168.1.4:user-management:8888?status=UP&lastDirtyTimestamp=1744897969423
2025-04-17 18:39:28,119 DEBUG o.s.c.l.CompositeLog [DiscoveryClient-HeartbeatExecutor-0] Accept=[application/json, application/*+json]
2025-04-17 18:39:28,135 DEBUG o.s.c.l.CompositeLog [DiscoveryClient-CacheRefreshExecutor-0] HTTP GET http://localhost:8761/eureka/apps/delta
2025-04-17 18:39:28,135 DEBUG o.s.c.l.CompositeLog [DiscoveryClient-CacheRefreshExecutor-0] Accept=[application/json, application/*+json]
2025-04-17 18:39:28,136 DEBUG o.s.c.l.CompositeLog [DiscoveryClient-HeartbeatExecutor-0] Response 200 OK
2025-04-17 18:39:28,150 DEBUG o.s.c.l.CompositeLog [DiscoveryClient-CacheRefreshExecutor-0] Response 200 OK
2025-04-17 18:39:28,150 DEBUG o.s.c.l.CompositeLog [DiscoveryClient-CacheRefreshExecutor-0] Reading to [org.springframework.cloud.netflix.eureka.http.EurekaApplications]
2025-04-17 18:39:58,144 DEBUG o.s.c.l.CompositeLog [DiscoveryClient-HeartbeatExecutor-0] HTTP PUT http://localhost:8761/eureka/apps/USER-MANAGEMENT/192.168.1.4:user-management:8888?status=UP&lastDirtyTimestamp=1744897969423
2025-04-17 18:39:58,146 DEBUG o.s.c.l.CompositeLog [DiscoveryClient-HeartbeatExecutor-0] Accept=[application/json, application/*+json]
2025-04-17 18:39:58,160 DEBUG o.s.c.l.CompositeLog [DiscoveryClient-CacheRefreshExecutor-0] HTTP GET http://localhost:8761/eureka/apps/delta
2025-04-17 18:39:58,160 DEBUG o.s.c.l.CompositeLog [DiscoveryClient-CacheRefreshExecutor-0] Accept=[application/json, application/*+json]
2025-04-17 18:39:58,162 DEBUG o.s.c.l.CompositeLog [DiscoveryClient-HeartbeatExecutor-0] Response 200 OK
2025-04-17 18:39:58,177 DEBUG o.s.c.l.CompositeLog [DiscoveryClient-CacheRefreshExecutor-0] Response 200 OK
2025-04-17 18:39:58,177 DEBUG o.s.c.l.CompositeLog [DiscoveryClient-CacheRefreshExecutor-0] Reading to [org.springframework.cloud.netflix.eureka.http.EurekaApplications]
2025-04-17 18:40:28,166 DEBUG o.s.c.l.CompositeLog [DiscoveryClient-HeartbeatExecutor-0] HTTP PUT http://localhost:8761/eureka/apps/USER-MANAGEMENT/192.168.1.4:user-management:8888?status=UP&lastDirtyTimestamp=1744897969423
2025-04-17 18:40:28,166 DEBUG o.s.c.l.CompositeLog [DiscoveryClient-HeartbeatExecutor-0] Accept=[application/json, application/*+json]
2025-04-17 18:40:28,182 DEBUG o.s.c.l.CompositeLog [DiscoveryClient-CacheRefreshExecutor-0] HTTP GET http://localhost:8761/eureka/apps/delta
2025-04-17 18:40:28,182 DEBUG o.s.c.l.CompositeLog [DiscoveryClient-CacheRefreshExecutor-0] Accept=[application/json, application/*+json]
2025-04-17 18:40:28,183 DEBUG o.s.c.l.CompositeLog [DiscoveryClient-HeartbeatExecutor-0] Response 200 OK
2025-04-17 18:40:28,199 DEBUG o.s.c.l.CompositeLog [DiscoveryClient-CacheRefreshExecutor-0] Response 200 OK
2025-04-17 18:40:28,199 DEBUG o.s.c.l.CompositeLog [DiscoveryClient-CacheRefreshExecutor-0] Reading to [org.springframework.cloud.netflix.eureka.http.EurekaApplications]
2025-04-17 18:40:58,193 DEBUG o.s.c.l.CompositeLog [DiscoveryClient-HeartbeatExecutor-0] HTTP PUT http://localhost:8761/eureka/apps/USER-MANAGEMENT/192.168.1.4:user-management:8888?status=UP&lastDirtyTimestamp=1744897969423
2025-04-17 18:40:58,193 DEBUG o.s.c.l.CompositeLog [DiscoveryClient-HeartbeatExecutor-0] Accept=[application/json, application/*+json]
2025-04-17 18:40:58,209 DEBUG o.s.c.l.CompositeLog [DiscoveryClient-CacheRefreshExecutor-0] HTTP GET http://localhost:8761/eureka/apps/delta
2025-04-17 18:40:58,209 DEBUG o.s.c.l.CompositeLog [DiscoveryClient-CacheRefreshExecutor-0] Accept=[application/json, application/*+json]
2025-04-17 18:40:58,210 DEBUG o.s.c.l.CompositeLog [DiscoveryClient-HeartbeatExecutor-0] Response 200 OK
2025-04-17 18:40:58,225 DEBUG o.s.c.l.CompositeLog [DiscoveryClient-CacheRefreshExecutor-0] Response 200 OK
2025-04-17 18:40:58,225 DEBUG o.s.c.l.CompositeLog [DiscoveryClient-CacheRefreshExecutor-0] Reading to [org.springframework.cloud.netflix.eureka.http.EurekaApplications]
2025-04-17 18:41:28,215 DEBUG o.s.c.l.CompositeLog [DiscoveryClient-HeartbeatExecutor-0] HTTP PUT http://localhost:8761/eureka/apps/USER-MANAGEMENT/192.168.1.4:user-management:8888?status=UP&lastDirtyTimestamp=1744897969423
2025-04-17 18:41:28,215 DEBUG o.s.c.l.CompositeLog [DiscoveryClient-HeartbeatExecutor-0] Accept=[application/json, application/*+json]
2025-04-17 18:41:28,231 DEBUG o.s.c.l.CompositeLog [DiscoveryClient-CacheRefreshExecutor-0] HTTP GET http://localhost:8761/eureka/apps/delta
2025-04-17 18:41:28,231 DEBUG o.s.c.l.CompositeLog [DiscoveryClient-CacheRefreshExecutor-0] Accept=[application/json, application/*+json]
2025-04-17 18:41:28,231 DEBUG o.s.c.l.CompositeLog [DiscoveryClient-HeartbeatExecutor-0] Response 200 OK
2025-04-17 18:41:28,248 DEBUG o.s.c.l.CompositeLog [DiscoveryClient-CacheRefreshExecutor-0] Response 200 OK
2025-04-17 18:41:28,248 DEBUG o.s.c.l.CompositeLog [DiscoveryClient-CacheRefreshExecutor-0] Reading to [org.springframework.cloud.netflix.eureka.http.EurekaApplications]
2025-04-17 18:41:58,240 DEBUG o.s.c.l.CompositeLog [DiscoveryClient-HeartbeatExecutor-0] HTTP PUT http://localhost:8761/eureka/apps/USER-MANAGEMENT/192.168.1.4:user-management:8888?status=UP&lastDirtyTimestamp=1744897969423
2025-04-17 18:41:58,240 DEBUG o.s.c.l.CompositeLog [DiscoveryClient-HeartbeatExecutor-0] Accept=[application/json, application/*+json]
2025-04-17 18:41:58,255 DEBUG o.s.c.l.CompositeLog [DiscoveryClient-CacheRefreshExecutor-0] HTTP GET http://localhost:8761/eureka/apps/delta
2025-04-17 18:41:58,255 DEBUG o.s.c.l.CompositeLog [DiscoveryClient-CacheRefreshExecutor-0] Accept=[application/json, application/*+json]
2025-04-17 18:41:58,257 DEBUG o.s.c.l.CompositeLog [DiscoveryClient-HeartbeatExecutor-0] Response 200 OK
2025-04-17 18:41:58,272 DEBUG o.s.c.l.CompositeLog [DiscoveryClient-CacheRefreshExecutor-0] Response 200 OK
2025-04-17 18:41:58,272 DEBUG o.s.c.l.CompositeLog [DiscoveryClient-CacheRefreshExecutor-0] Reading to [org.springframework.cloud.netflix.eureka.http.EurekaApplications]
2025-04-17 18:42:28,265 DEBUG o.s.c.l.CompositeLog [DiscoveryClient-HeartbeatExecutor-0] HTTP PUT http://localhost:8761/eureka/apps/USER-MANAGEMENT/192.168.1.4:user-management:8888?status=UP&lastDirtyTimestamp=1744897969423
2025-04-17 18:42:28,265 DEBUG o.s.c.l.CompositeLog [DiscoveryClient-HeartbeatExecutor-0] Accept=[application/json, application/*+json]
2025-04-17 18:42:28,280 DEBUG o.s.c.l.CompositeLog [DiscoveryClient-CacheRefreshExecutor-0] HTTP GET http://localhost:8761/eureka/apps/delta
2025-04-17 18:42:28,280 DEBUG o.s.c.l.CompositeLog [DiscoveryClient-CacheRefreshExecutor-0] Accept=[application/json, application/*+json]
2025-04-17 18:42:28,281 DEBUG o.s.c.l.CompositeLog [DiscoveryClient-HeartbeatExecutor-0] Response 200 OK
2025-04-17 18:42:28,296 DEBUG o.s.c.l.CompositeLog [DiscoveryClient-CacheRefreshExecutor-0] Response 200 OK
2025-04-17 18:42:28,296 DEBUG o.s.c.l.CompositeLog [DiscoveryClient-CacheRefreshExecutor-0] Reading to [org.springframework.cloud.netflix.eureka.http.EurekaApplications]
2025-04-17 18:42:49,303 INFO c.n.d.s.r.a.ConfigClusterResolver [AsyncResolver-bootstrap-executor-0] Resolving eureka endpoints via configuration
2025-04-17 18:42:58,298 DEBUG o.s.c.l.CompositeLog [DiscoveryClient-CacheRefreshExecutor-0] HTTP GET http://localhost:8761/eureka/apps/delta
2025-04-17 18:42:58,298 DEBUG o.s.c.l.CompositeLog [DiscoveryClient-CacheRefreshExecutor-0] Accept=[application/json, application/*+json]
2025-04-17 18:42:58,301 DEBUG o.s.c.l.CompositeLog [DiscoveryClient-HeartbeatExecutor-0] HTTP PUT http://localhost:8761/eureka/apps/USER-MANAGEMENT/192.168.1.4:user-management:8888?status=UP&lastDirtyTimestamp=1744897969423
2025-04-17 18:42:58,305 DEBUG o.s.c.l.CompositeLog [DiscoveryClient-HeartbeatExecutor-0] Accept=[application/json, application/*+json]
2025-04-17 18:42:58,308 DEBUG o.s.c.l.CompositeLog [DiscoveryClient-HeartbeatExecutor-0] Response 200 OK
2025-04-17 18:42:58,314 DEBUG o.s.c.l.CompositeLog [DiscoveryClient-CacheRefreshExecutor-0] Response 200 OK
2025-04-17 18:42:58,314 DEBUG o.s.c.l.CompositeLog [DiscoveryClient-CacheRefreshExecutor-0] Reading to [org.springframework.cloud.netflix.eureka.http.EurekaApplications]
2025-04-17 18:43:28,313 DEBUG o.s.c.l.CompositeLog [DiscoveryClient-HeartbeatExecutor-0] HTTP PUT http://localhost:8761/eureka/apps/USER-MANAGEMENT/192.168.1.4:user-management:8888?status=UP&lastDirtyTimestamp=1744897969423
2025-04-17 18:43:28,313 DEBUG o.s.c.l.CompositeLog [DiscoveryClient-HeartbeatExecutor-0] Accept=[application/json, application/*+json]
2025-04-17 18:43:28,328 DEBUG o.s.c.l.CompositeLog [DiscoveryClient-CacheRefreshExecutor-0] HTTP GET http://localhost:8761/eureka/apps/delta
2025-04-17 18:43:28,328 DEBUG o.s.c.l.CompositeLog [DiscoveryClient-CacheRefreshExecutor-0] Accept=[application/json, application/*+json]
2025-04-17 18:43:28,329 DEBUG o.s.c.l.CompositeLog [DiscoveryClient-HeartbeatExecutor-0] Response 200 OK
2025-04-17 18:43:28,344 DEBUG o.s.c.l.CompositeLog [DiscoveryClient-CacheRefreshExecutor-0] Response 200 OK
2025-04-17 18:43:28,344 DEBUG o.s.c.l.CompositeLog [DiscoveryClient-CacheRefreshExecutor-0] Reading to [org.springframework.cloud.netflix.eureka.http.EurekaApplications]
2025-04-17 18:43:58,344 DEBUG o.s.c.l.CompositeLog [DiscoveryClient-HeartbeatExecutor-0] HTTP PUT http://localhost:8761/eureka/apps/USER-MANAGEMENT/192.168.1.4:user-management:8888?status=UP&lastDirtyTimestamp=1744897969423
2025-04-17 18:43:58,344 DEBUG o.s.c.l.CompositeLog [DiscoveryClient-HeartbeatExecutor-0] Accept=[application/json, application/*+json]
2025-04-17 18:43:58,359 DEBUG o.s.c.l.CompositeLog [DiscoveryClient-CacheRefreshExecutor-0] HTTP GET http://localhost:8761/eureka/apps/delta
2025-04-17 18:43:58,360 DEBUG o.s.c.l.CompositeLog [DiscoveryClient-CacheRefreshExecutor-0] Accept=[application/json, application/*+json]
2025-04-17 18:43:58,360 DEBUG o.s.c.l.CompositeLog [DiscoveryClient-HeartbeatExecutor-0] Response 200 OK
2025-04-17 18:43:58,375 DEBUG o.s.c.l.CompositeLog [DiscoveryClient-CacheRefreshExecutor-0] Response 200 OK
2025-04-17 18:43:58,375 DEBUG o.s.c.l.CompositeLog [DiscoveryClient-CacheRefreshExecutor-0] Reading to [org.springframework.cloud.netflix.eureka.http.EurekaApplications]
2025-04-17 18:44:28,362 DEBUG o.s.c.l.CompositeLog [DiscoveryClient-HeartbeatExecutor-0] HTTP PUT http://localhost:8761/eureka/apps/USER-MANAGEMENT/192.168.1.4:user-management:8888?status=UP&lastDirtyTimestamp=1744897969423
2025-04-17 18:44:28,362 DEBUG o.s.c.l.CompositeLog [DiscoveryClient-HeartbeatExecutor-0] Accept=[application/json, application/*+json]
2025-04-17 18:44:28,378 DEBUG o.s.c.l.CompositeLog [DiscoveryClient-CacheRefreshExecutor-0] HTTP GET http://localhost:8761/eureka/apps/delta
2025-04-17 18:44:28,378 DEBUG o.s.c.l.CompositeLog [DiscoveryClient-CacheRefreshExecutor-0] Accept=[application/json, application/*+json]
2025-04-17 18:44:28,379 DEBUG o.s.c.l.CompositeLog [DiscoveryClient-HeartbeatExecutor-0] Response 200 OK
2025-04-17 18:44:28,394 DEBUG o.s.c.l.CompositeLog [DiscoveryClient-CacheRefreshExecutor-0] Response 200 OK
2025-04-17 18:44:28,394 DEBUG o.s.c.l.CompositeLog [DiscoveryClient-CacheRefreshExecutor-0] Reading to [org.springframework.cloud.netflix.eureka.http.EurekaApplications]
2025-04-17 18:44:58,383 DEBUG o.s.c.l.CompositeLog [DiscoveryClient-HeartbeatExecutor-0] HTTP PUT http://localhost:8761/eureka/apps/USER-MANAGEMENT/192.168.1.4:user-management:8888?status=UP&lastDirtyTimestamp=1744897969423
2025-04-17 18:44:58,383 DEBUG o.s.c.l.CompositeLog [DiscoveryClient-HeartbeatExecutor-0] Accept=[application/json, application/*+json]
2025-04-17 18:44:58,397 DEBUG o.s.c.l.CompositeLog [DiscoveryClient-CacheRefreshExecutor-0] HTTP GET http://localhost:8761/eureka/apps/delta
2025-04-17 18:44:58,398 DEBUG o.s.c.l.CompositeLog [DiscoveryClient-CacheRefreshExecutor-0] Accept=[application/json, application/*+json]
2025-04-17 18:44:58,398 DEBUG o.s.c.l.CompositeLog [DiscoveryClient-HeartbeatExecutor-0] Response 200 OK
2025-04-17 18:44:58,414 DEBUG o.s.c.l.CompositeLog [DiscoveryClient-CacheRefreshExecutor-0] Response 200 OK
2025-04-17 18:44:58,414 DEBUG o.s.c.l.CompositeLog [DiscoveryClient-CacheRefreshExecutor-0] Reading to [org.springframework.cloud.netflix.eureka.http.EurekaApplications]
2025-04-17 18:45:28,413 DEBUG o.s.c.l.CompositeLog [DiscoveryClient-HeartbeatExecutor-0] HTTP PUT http://localhost:8761/eureka/apps/USER-MANAGEMENT/192.168.1.4:user-management:8888?status=UP&lastDirtyTimestamp=1744897969423
2025-04-17 18:45:28,413 DEBUG o.s.c.l.CompositeLog [DiscoveryClient-HeartbeatExecutor-0] Accept=[application/json, application/*+json]
2025-04-17 18:45:28,428 DEBUG o.s.c.l.CompositeLog [DiscoveryClient-CacheRefreshExecutor-0] HTTP GET http://localhost:8761/eureka/apps/delta
2025-04-17 18:45:28,429 DEBUG o.s.c.l.CompositeLog [DiscoveryClient-CacheRefreshExecutor-0] Accept=[application/json, application/*+json]
2025-04-17 18:45:28,430 DEBUG o.s.c.l.CompositeLog [DiscoveryClient-HeartbeatExecutor-0] Response 200 OK
2025-04-17 18:45:28,445 DEBUG o.s.c.l.CompositeLog [DiscoveryClient-CacheRefreshExecutor-0] Response 200 OK
2025-04-17 18:45:28,445 DEBUG o.s.c.l.CompositeLog [DiscoveryClient-CacheRefreshExecutor-0] Reading to [org.springframework.cloud.netflix.eureka.http.EurekaApplications]
2025-04-17 18:45:58,435 DEBUG o.s.c.l.CompositeLog [DiscoveryClient-HeartbeatExecutor-0] HTTP PUT http://localhost:8761/eureka/apps/USER-MANAGEMENT/192.168.1.4:user-management:8888?status=UP&lastDirtyTimestamp=1744897969423
2025-04-17 18:45:58,435 DEBUG o.s.c.l.CompositeLog [DiscoveryClient-HeartbeatExecutor-0] Accept=[application/json, application/*+json]
2025-04-17 18:45:58,451 DEBUG o.s.c.l.CompositeLog [DiscoveryClient-CacheRefreshExecutor-0] HTTP GET http://localhost:8761/eureka/apps/delta
2025-04-17 18:45:58,451 DEBUG o.s.c.l.CompositeLog [DiscoveryClient-CacheRefreshExecutor-0] Accept=[application/json, application/*+json]
2025-04-17 18:45:58,452 DEBUG o.s.c.l.CompositeLog [DiscoveryClient-HeartbeatExecutor-0] Response 200 OK
2025-04-17 18:45:58,467 DEBUG o.s.c.l.CompositeLog [DiscoveryClient-CacheRefreshExecutor-0] Response 200 OK
2025-04-17 18:45:58,468 DEBUG o.s.c.l.CompositeLog [DiscoveryClient-CacheRefreshExecutor-0] Reading to [org.springframework.cloud.netflix.eureka.http.EurekaApplications]
2025-04-17 18:46:28,459 DEBUG o.s.c.l.CompositeLog [DiscoveryClient-HeartbeatExecutor-0] HTTP PUT http://localhost:8761/eureka/apps/USER-MANAGEMENT/192.168.1.4:user-management:8888?status=UP&lastDirtyTimestamp=1744897969423
2025-04-17 18:46:28,459 DEBUG o.s.c.l.CompositeLog [DiscoveryClient-HeartbeatExecutor-0] Accept=[application/json, application/*+json]
2025-04-17 18:46:28,474 DEBUG o.s.c.l.CompositeLog [DiscoveryClient-CacheRefreshExecutor-0] HTTP GET http://localhost:8761/eureka/apps/delta
2025-04-17 18:46:28,474 DEBUG o.s.c.l.CompositeLog [DiscoveryClient-CacheRefreshExecutor-0] Accept=[application/json, application/*+json]
2025-04-17 18:46:28,476 DEBUG o.s.c.l.CompositeLog [DiscoveryClient-HeartbeatExecutor-0] Response 200 OK
2025-04-17 18:46:28,491 DEBUG o.s.c.l.CompositeLog [DiscoveryClient-CacheRefreshExecutor-0] Response 200 OK
2025-04-17 18:46:28,492 DEBUG o.s.c.l.CompositeLog [DiscoveryClient-CacheRefreshExecutor-0] Reading to [org.springframework.cloud.netflix.eureka.http.EurekaApplications]
2025-04-17 18:46:58,477 DEBUG o.s.c.l.CompositeLog [DiscoveryClient-HeartbeatExecutor-0] HTTP PUT http://localhost:8761/eureka/apps/USER-MANAGEMENT/192.168.1.4:user-management:8888?status=UP&lastDirtyTimestamp=1744897969423
2025-04-17 18:46:58,477 DEBUG o.s.c.l.CompositeLog [DiscoveryClient-HeartbeatExecutor-0] Accept=[application/json, application/*+json]
2025-04-17 18:46:58,493 DEBUG o.s.c.l.CompositeLog [DiscoveryClient-HeartbeatExecutor-0] Response 200 OK
2025-04-17 18:46:58,494 DEBUG o.s.c.l.CompositeLog [DiscoveryClient-CacheRefreshExecutor-0] HTTP GET http://localhost:8761/eureka/apps/delta
2025-04-17 18:46:58,494 DEBUG o.s.c.l.CompositeLog [DiscoveryClient-CacheRefreshExecutor-0] Accept=[application/json, application/*+json]
2025-04-17 18:46:58,509 DEBUG o.s.c.l.CompositeLog [DiscoveryClient-CacheRefreshExecutor-0] Response 200 OK
2025-04-17 18:46:58,509 DEBUG o.s.c.l.CompositeLog [DiscoveryClient-CacheRefreshExecutor-0] Reading to [org.springframework.cloud.netflix.eureka.http.EurekaApplications]
2025-04-17 18:47:28,498 DEBUG o.s.c.l.CompositeLog [DiscoveryClient-HeartbeatExecutor-0] HTTP PUT http://localhost:8761/eureka/apps/USER-MANAGEMENT/192.168.1.4:user-management:8888?status=UP&lastDirtyTimestamp=1744897969423
2025-04-17 18:47:28,498 DEBUG o.s.c.l.CompositeLog [DiscoveryClient-HeartbeatExecutor-0] Accept=[application/json, application/*+json]
2025-04-17 18:47:28,513 DEBUG o.s.c.l.CompositeLog [DiscoveryClient-CacheRefreshExecutor-0] HTTP GET http://localhost:8761/eureka/apps/delta
2025-04-17 18:47:28,513 DEBUG o.s.c.l.CompositeLog [DiscoveryClient-CacheRefreshExecutor-0] Accept=[application/json, application/*+json]
2025-04-17 18:47:28,514 DEBUG o.s.c.l.CompositeLog [DiscoveryClient-HeartbeatExecutor-0] Response 200 OK
2025-04-17 18:47:28,530 DEBUG o.s.c.l.CompositeLog [DiscoveryClient-CacheRefreshExecutor-0] Response 200 OK
2025-04-17 18:47:28,531 DEBUG o.s.c.l.CompositeLog [DiscoveryClient-CacheRefreshExecutor-0] Reading to [org.springframework.cloud.netflix.eureka.http.EurekaApplications]
2025-04-17 18:47:49,306 INFO c.n.d.s.r.a.ConfigClusterResolver [AsyncResolver-bootstrap-executor-0] Resolving eureka endpoints via configuration
2025-04-17 18:47:58,528 DEBUG o.s.c.l.CompositeLog [DiscoveryClient-HeartbeatExecutor-0] HTTP PUT http://localhost:8761/eureka/apps/USER-MANAGEMENT/192.168.1.4:user-management:8888?status=UP&lastDirtyTimestamp=1744897969423
2025-04-17 18:47:58,528 DEBUG o.s.c.l.CompositeLog [DiscoveryClient-HeartbeatExecutor-0] Accept=[application/json, application/*+json]
2025-04-17 18:47:58,543 DEBUG o.s.c.l.CompositeLog [DiscoveryClient-CacheRefreshExecutor-0] HTTP GET http://localhost:8761/eureka/apps/delta
2025-04-17 18:47:58,543 DEBUG o.s.c.l.CompositeLog [DiscoveryClient-CacheRefreshExecutor-0] Accept=[application/json, application/*+json]
2025-04-17 18:47:58,544 DEBUG o.s.c.l.CompositeLog [DiscoveryClient-HeartbeatExecutor-0] Response 200 OK
2025-04-17 18:47:58,558 DEBUG o.s.c.l.CompositeLog [DiscoveryClient-CacheRefreshExecutor-0] Response 200 OK
2025-04-17 18:47:58,558 DEBUG o.s.c.l.CompositeLog [DiscoveryClient-CacheRefreshExecutor-0] Reading to [org.springframework.cloud.netflix.eureka.http.EurekaApplications]
2025-04-17 18:48:28,557 DEBUG o.s.c.l.CompositeLog [DiscoveryClient-HeartbeatExecutor-0] HTTP PUT http://localhost:8761/eureka/apps/USER-MANAGEMENT/192.168.1.4:user-management:8888?status=UP&lastDirtyTimestamp=1744897969423
2025-04-17 18:48:28,558 DEBUG o.s.c.l.CompositeLog [DiscoveryClient-HeartbeatExecutor-0] Accept=[application/json, application/*+json]
2025-04-17 18:48:28,573 DEBUG o.s.c.l.CompositeLog [DiscoveryClient-HeartbeatExecutor-0] Response 200 OK
2025-04-17 18:48:28,577 DEBUG o.s.c.l.CompositeLog [DiscoveryClient-CacheRefreshExecutor-0] HTTP GET http://localhost:8761/eureka/apps/delta
2025-04-17 18:48:28,585 DEBUG o.s.c.l.CompositeLog [DiscoveryClient-CacheRefreshExecutor-0] Accept=[application/json, application/*+json]
2025-04-17 18:48:28,589 DEBUG o.s.c.l.CompositeLog [DiscoveryClient-CacheRefreshExecutor-0] Response 200 OK
2025-04-17 18:48:28,590 DEBUG o.s.c.l.CompositeLog [DiscoveryClient-CacheRefreshExecutor-0] Reading to [org.springframework.cloud.netflix.eureka.http.EurekaApplications]
2025-04-17 18:48:58,588 DEBUG o.s.c.l.CompositeLog [DiscoveryClient-HeartbeatExecutor-0] HTTP PUT http://localhost:8761/eureka/apps/USER-MANAGEMENT/192.168.1.4:user-management:8888?status=UP&lastDirtyTimestamp=1744897969423
2025-04-17 18:48:58,589 DEBUG o.s.c.l.CompositeLog [DiscoveryClient-HeartbeatExecutor-0] Accept=[application/json, application/*+json]
2025-04-17 18:48:58,604 DEBUG o.s.c.l.CompositeLog [DiscoveryClient-CacheRefreshExecutor-0] HTTP GET http://localhost:8761/eureka/apps/delta
2025-04-17 18:48:58,604 DEBUG o.s.c.l.CompositeLog [DiscoveryClient-CacheRefreshExecutor-0] Accept=[application/json, application/*+json]
2025-04-17 18:48:58,605 DEBUG o.s.c.l.CompositeLog [DiscoveryClient-HeartbeatExecutor-0] Response 200 OK
2025-04-17 18:48:58,621 DEBUG o.s.c.l.CompositeLog [DiscoveryClient-CacheRefreshExecutor-0] Response 200 OK
2025-04-17 18:48:58,621 DEBUG o.s.c.l.CompositeLog [DiscoveryClient-CacheRefreshExecutor-0] Reading to [org.springframework.cloud.netflix.eureka.http.EurekaApplications]
2025-04-17 18:49:28,617 DEBUG o.s.c.l.CompositeLog [DiscoveryClient-HeartbeatExecutor-0] HTTP PUT http://localhost:8761/eureka/apps/USER-MANAGEMENT/192.168.1.4:user-management:8888?status=UP&lastDirtyTimestamp=1744897969423
2025-04-17 18:49:28,617 DEBUG o.s.c.l.CompositeLog [DiscoveryClient-HeartbeatExecutor-0] Accept=[application/json, application/*+json]
2025-04-17 18:49:28,632 DEBUG o.s.c.l.CompositeLog [DiscoveryClient-CacheRefreshExecutor-0] HTTP GET http://localhost:8761/eureka/apps/delta
2025-04-17 18:49:28,632 DEBUG o.s.c.l.CompositeLog [DiscoveryClient-CacheRefreshExecutor-0] Accept=[application/json, application/*+json]
2025-04-17 18:49:28,633 DEBUG o.s.c.l.CompositeLog [DiscoveryClient-HeartbeatExecutor-0] Response 200 OK
2025-04-17 18:49:28,649 DEBUG o.s.c.l.CompositeLog [DiscoveryClient-CacheRefreshExecutor-0] Response 200 OK
2025-04-17 18:49:28,649 DEBUG o.s.c.l.CompositeLog [DiscoveryClient-CacheRefreshExecutor-0] Reading to [org.springframework.cloud.netflix.eureka.http.EurekaApplications]
2025-04-17 18:49:58,638 DEBUG o.s.c.l.CompositeLog [DiscoveryClient-HeartbeatExecutor-0] HTTP PUT http://localhost:8761/eureka/apps/USER-MANAGEMENT/192.168.1.4:user-management:8888?status=UP&lastDirtyTimestamp=1744897969423
2025-04-17 18:49:58,638 DEBUG o.s.c.l.CompositeLog [DiscoveryClient-HeartbeatExecutor-0] Accept=[application/json, application/*+json]
2025-04-17 18:49:58,653 DEBUG o.s.c.l.CompositeLog [DiscoveryClient-CacheRefreshExecutor-0] HTTP GET http://localhost:8761/eureka/apps/delta
2025-04-17 18:49:58,654 DEBUG o.s.c.l.CompositeLog [DiscoveryClient-CacheRefreshExecutor-0] Accept=[application/json, application/*+json]
2025-04-17 18:49:58,655 DEBUG o.s.c.l.CompositeLog [DiscoveryClient-HeartbeatExecutor-0] Response 200 OK
2025-04-17 18:49:58,670 DEBUG o.s.c.l.CompositeLog [DiscoveryClient-CacheRefreshExecutor-0] Response 200 OK
2025-04-17 18:49:58,670 DEBUG o.s.c.l.CompositeLog [DiscoveryClient-CacheRefreshExecutor-0] Reading to [org.springframework.cloud.netflix.eureka.http.EurekaApplications]
2025-04-17 18:50:28,666 DEBUG o.s.c.l.CompositeLog [DiscoveryClient-HeartbeatExecutor-0] HTTP PUT http://localhost:8761/eureka/apps/USER-MANAGEMENT/192.168.1.4:user-management:8888?status=UP&lastDirtyTimestamp=1744897969423
2025-04-17 18:50:28,667 DEBUG o.s.c.l.CompositeLog [DiscoveryClient-HeartbeatExecutor-0] Accept=[application/json, application/*+json]
2025-04-17 18:50:28,682 DEBUG o.s.c.l.CompositeLog [DiscoveryClient-CacheRefreshExecutor-0] HTTP GET http://localhost:8761/eureka/apps/delta
2025-04-17 18:50:28,682 DEBUG o.s.c.l.CompositeLog [DiscoveryClient-CacheRefreshExecutor-0] Accept=[application/json, application/*+json]
2025-04-17 18:50:28,683 DEBUG o.s.c.l.CompositeLog [DiscoveryClient-HeartbeatExecutor-0] Response 200 OK
2025-04-17 18:50:28,698 DEBUG o.s.c.l.CompositeLog [DiscoveryClient-CacheRefreshExecutor-0] Response 200 OK
2025-04-17 18:50:28,699 DEBUG o.s.c.l.CompositeLog [DiscoveryClient-CacheRefreshExecutor-0] Reading to [org.springframework.cloud.netflix.eureka.http.EurekaApplications]
2025-04-17 18:50:58,689 DEBUG o.s.c.l.CompositeLog [DiscoveryClient-HeartbeatExecutor-0] HTTP PUT http://localhost:8761/eureka/apps/USER-MANAGEMENT/192.168.1.4:user-management:8888?status=UP&lastDirtyTimestamp=1744897969423
2025-04-17 18:50:58,689 DEBUG o.s.c.l.CompositeLog [DiscoveryClient-HeartbeatExecutor-0] Accept=[application/json, application/*+json]
2025-04-17 18:50:58,704 DEBUG o.s.c.l.CompositeLog [DiscoveryClient-CacheRefreshExecutor-0] HTTP GET http://localhost:8761/eureka/apps/delta
2025-04-17 18:50:58,704 DEBUG o.s.c.l.CompositeLog [DiscoveryClient-CacheRefreshExecutor-0] Accept=[application/json, application/*+json]
2025-04-17 18:50:58,705 DEBUG o.s.c.l.CompositeLog [DiscoveryClient-HeartbeatExecutor-0] Response 200 OK
2025-04-17 18:50:58,721 DEBUG o.s.c.l.CompositeLog [DiscoveryClient-CacheRefreshExecutor-0] Response 200 OK
2025-04-17 18:50:58,722 DEBUG o.s.c.l.CompositeLog [DiscoveryClient-CacheRefreshExecutor-0] Reading to [org.springframework.cloud.netflix.eureka.http.EurekaApplications]
2025-04-17 18:51:28,709 DEBUG o.s.c.l.CompositeLog [DiscoveryClient-HeartbeatExecutor-0] HTTP PUT http://localhost:8761/eureka/apps/USER-MANAGEMENT/192.168.1.4:user-management:8888?status=UP&lastDirtyTimestamp=1744897969423
2025-04-17 18:51:28,709 DEBUG o.s.c.l.CompositeLog [DiscoveryClient-HeartbeatExecutor-0] Accept=[application/json, application/*+json]
2025-04-17 18:51:28,724 DEBUG o.s.c.l.CompositeLog [DiscoveryClient-CacheRefreshExecutor-0] HTTP GET http://localhost:8761/eureka/apps/delta
2025-04-17 18:51:28,724 DEBUG o.s.c.l.CompositeLog [DiscoveryClient-CacheRefreshExecutor-0] Accept=[application/json, application/*+json]
2025-04-17 18:51:28,726 DEBUG o.s.c.l.CompositeLog [DiscoveryClient-HeartbeatExecutor-0] Response 200 OK
2025-04-17 18:51:28,740 DEBUG o.s.c.l.CompositeLog [DiscoveryClient-CacheRefreshExecutor-0] Response 200 OK
2025-04-17 18:51:28,741 DEBUG o.s.c.l.CompositeLog [DiscoveryClient-CacheRefreshExecutor-0] Reading to [org.springframework.cloud.netflix.eureka.http.EurekaApplications]
2025-04-17 18:51:58,731 DEBUG o.s.c.l.CompositeLog [DiscoveryClient-HeartbeatExecutor-0] HTTP PUT http://localhost:8761/eureka/apps/USER-MANAGEMENT/192.168.1.4:user-management:8888?status=UP&lastDirtyTimestamp=1744897969423
2025-04-17 18:51:58,732 DEBUG o.s.c.l.CompositeLog [DiscoveryClient-HeartbeatExecutor-0] Accept=[application/json, application/*+json]
2025-04-17 18:51:58,746 DEBUG o.s.c.l.CompositeLog [DiscoveryClient-CacheRefreshExecutor-0] HTTP GET http://localhost:8761/eureka/apps/delta
2025-04-17 18:51:58,746 DEBUG o.s.c.l.CompositeLog [DiscoveryClient-CacheRefreshExecutor-0] Accept=[application/json, application/*+json]
2025-04-17 18:51:58,749 DEBUG o.s.c.l.CompositeLog [DiscoveryClient-HeartbeatExecutor-0] Response 200 OK
2025-04-17 18:51:58,763 DEBUG o.s.c.l.CompositeLog [DiscoveryClient-CacheRefreshExecutor-0] Response 200 OK
2025-04-17 18:51:58,763 DEBUG o.s.c.l.CompositeLog [DiscoveryClient-CacheRefreshExecutor-0] Reading to [org.springframework.cloud.netflix.eureka.http.EurekaApplications]
2025-04-17 18:52:28,758 DEBUG o.s.c.l.CompositeLog [DiscoveryClient-HeartbeatExecutor-0] HTTP PUT http://localhost:8761/eureka/apps/USER-MANAGEMENT/192.168.1.4:user-management:8888?status=UP&lastDirtyTimestamp=1744897969423
2025-04-17 18:52:28,758 DEBUG o.s.c.l.CompositeLog [DiscoveryClient-HeartbeatExecutor-0] Accept=[application/json, application/*+json]
2025-04-17 18:52:28,773 DEBUG o.s.c.l.CompositeLog [DiscoveryClient-CacheRefreshExecutor-0] HTTP GET http://localhost:8761/eureka/apps/delta
2025-04-17 18:52:28,773 DEBUG o.s.c.l.CompositeLog [DiscoveryClient-CacheRefreshExecutor-0] Accept=[application/json, application/*+json]
2025-04-17 18:52:28,774 DEBUG o.s.c.l.CompositeLog [DiscoveryClient-HeartbeatExecutor-0] Response 200 OK
2025-04-17 18:52:28,789 DEBUG o.s.c.l.CompositeLog [DiscoveryClient-CacheRefreshExecutor-0] Response 200 OK
2025-04-17 18:52:28,789 DEBUG o.s.c.l.CompositeLog [DiscoveryClient-CacheRefreshExecutor-0] Reading to [org.springframework.cloud.netflix.eureka.http.EurekaApplications]
2025-04-17 18:52:49,318 INFO c.n.d.s.r.a.ConfigClusterResolver [AsyncResolver-bootstrap-executor-0] Resolving eureka endpoints via configuration
2025-04-17 18:52:58,788 DEBUG o.s.c.l.CompositeLog [DiscoveryClient-HeartbeatExecutor-0] HTTP PUT http://localhost:8761/eureka/apps/USER-MANAGEMENT/192.168.1.4:user-management:8888?status=UP&lastDirtyTimestamp=1744897969423
2025-04-17 18:52:58,789 DEBUG o.s.c.l.CompositeLog [DiscoveryClient-HeartbeatExecutor-0] Accept=[application/json, application/*+json]
2025-04-17 18:52:58,803 DEBUG o.s.c.l.CompositeLog [DiscoveryClient-CacheRefreshExecutor-0] HTTP GET http://localhost:8761/eureka/apps/delta
2025-04-17 18:52:58,803 DEBUG o.s.c.l.CompositeLog [DiscoveryClient-CacheRefreshExecutor-0] Accept=[application/json, application/*+json]
2025-04-17 18:52:58,804 DEBUG o.s.c.l.CompositeLog [DiscoveryClient-HeartbeatExecutor-0] Response 200 OK
2025-04-17 18:52:58,820 DEBUG o.s.c.l.CompositeLog [DiscoveryClient-CacheRefreshExecutor-0] Response 200 OK
2025-04-17 18:52:58,820 DEBUG o.s.c.l.CompositeLog [DiscoveryClient-CacheRefreshExecutor-0] Reading to [org.springframework.cloud.netflix.eureka.http.EurekaApplications]
2025-04-17 18:53:28,811 DEBUG o.s.c.l.CompositeLog [DiscoveryClient-HeartbeatExecutor-0] HTTP PUT http://localhost:8761/eureka/apps/USER-MANAGEMENT/192.168.1.4:user-management:8888?status=UP&lastDirtyTimestamp=1744897969423
2025-04-17 18:53:28,811 DEBUG o.s.c.l.CompositeLog [DiscoveryClient-HeartbeatExecutor-0] Accept=[application/json, application/*+json]
2025-04-17 18:53:28,827 DEBUG o.s.c.l.CompositeLog [DiscoveryClient-CacheRefreshExecutor-0] HTTP GET http://localhost:8761/eureka/apps/delta
2025-04-17 18:53:28,827 DEBUG o.s.c.l.CompositeLog [DiscoveryClient-CacheRefreshExecutor-0] Accept=[application/json, application/*+json]
2025-04-17 18:53:28,828 DEBUG o.s.c.l.CompositeLog [DiscoveryClient-HeartbeatExecutor-0] Response 200 OK
2025-04-17 18:53:28,842 DEBUG o.s.c.l.CompositeLog [DiscoveryClient-CacheRefreshExecutor-0] Response 200 OK
2025-04-17 18:53:28,843 DEBUG o.s.c.l.CompositeLog [DiscoveryClient-CacheRefreshExecutor-0] Reading to [org.springframework.cloud.netflix.eureka.http.EurekaApplications]
2025-04-17 18:53:58,844 DEBUG o.s.c.l.CompositeLog [DiscoveryClient-CacheRefreshExecutor-0] HTTP GET http://localhost:8761/eureka/apps/delta
2025-04-17 18:53:58,844 DEBUG o.s.c.l.CompositeLog [DiscoveryClient-HeartbeatExecutor-0] HTTP PUT http://localhost:8761/eureka/apps/USER-MANAGEMENT/192.168.1.4:user-management:8888?status=UP&lastDirtyTimestamp=1744897969423
2025-04-17 18:53:58,844 DEBUG o.s.c.l.CompositeLog [DiscoveryClient-CacheRefreshExecutor-0] Accept=[application/json, application/*+json]
2025-04-17 18:53:58,844 DEBUG o.s.c.l.CompositeLog [DiscoveryClient-HeartbeatExecutor-0] Accept=[application/json, application/*+json]
2025-04-17 18:53:58,861 DEBUG o.s.c.l.CompositeLog [DiscoveryClient-HeartbeatExecutor-0] Response 200 OK
2025-04-17 18:53:58,861 DEBUG o.s.c.l.CompositeLog [DiscoveryClient-CacheRefreshExecutor-0] Response 200 OK
2025-04-17 18:53:58,862 DEBUG o.s.c.l.CompositeLog [DiscoveryClient-CacheRefreshExecutor-0] Reading to [org.springframework.cloud.netflix.eureka.http.EurekaApplications]
2025-04-17 18:54:28,876 DEBUG o.s.c.l.CompositeLog [DiscoveryClient-HeartbeatExecutor-0] HTTP PUT http://localhost:8761/eureka/apps/USER-MANAGEMENT/192.168.1.4:user-management:8888?status=UP&lastDirtyTimestamp=1744897969423
2025-04-17 18:54:28,876 DEBUG o.s.c.l.CompositeLog [DiscoveryClient-CacheRefreshExecutor-0] HTTP GET http://localhost:8761/eureka/apps/delta
2025-04-17 18:54:28,877 DEBUG o.s.c.l.CompositeLog [DiscoveryClient-HeartbeatExecutor-0] Accept=[application/json, application/*+json]
2025-04-17 18:54:28,877 DEBUG o.s.c.l.CompositeLog [DiscoveryClient-CacheRefreshExecutor-0] Accept=[application/json, application/*+json]
2025-04-17 18:54:28,893 DEBUG o.s.c.l.CompositeLog [DiscoveryClient-CacheRefreshExecutor-0] Response 200 OK
2025-04-17 18:54:28,893 DEBUG o.s.c.l.CompositeLog [DiscoveryClient-HeartbeatExecutor-0] Response 200 OK
2025-04-17 18:54:28,894 DEBUG o.s.c.l.CompositeLog [DiscoveryClient-CacheRefreshExecutor-0] Reading to [org.springframework.cloud.netflix.eureka.http.EurekaApplications]
2025-04-17 18:54:58,895 DEBUG o.s.c.l.CompositeLog [DiscoveryClient-HeartbeatExecutor-0] HTTP PUT http://localhost:8761/eureka/apps/USER-MANAGEMENT/192.168.1.4:user-management:8888?status=UP&lastDirtyTimestamp=1744897969423
2025-04-17 18:54:58,895 DEBUG o.s.c.l.CompositeLog [DiscoveryClient-CacheRefreshExecutor-0] HTTP GET http://localhost:8761/eureka/apps/delta
2025-04-17 18:54:58,896 DEBUG o.s.c.l.CompositeLog [DiscoveryClient-HeartbeatExecutor-0] Accept=[application/json, application/*+json]
2025-04-17 18:54:58,896 DEBUG o.s.c.l.CompositeLog [DiscoveryClient-CacheRefreshExecutor-0] Accept=[application/json, application/*+json]
2025-04-17 18:54:58,911 DEBUG o.s.c.l.CompositeLog [DiscoveryClient-HeartbeatExecutor-0] Response 200 OK
2025-04-17 18:54:58,911 DEBUG o.s.c.l.CompositeLog [DiscoveryClient-CacheRefreshExecutor-0] Response 200 OK
2025-04-17 18:54:58,912 DEBUG o.s.c.l.CompositeLog [DiscoveryClient-CacheRefreshExecutor-0] Reading to [org.springframework.cloud.netflix.eureka.http.EurekaApplications]
2025-04-17 18:55:28,921 DEBUG o.s.c.l.CompositeLog [DiscoveryClient-HeartbeatExecutor-0] HTTP PUT http://localhost:8761/eureka/apps/USER-MANAGEMENT/192.168.1.4:user-management:8888?status=UP&lastDirtyTimestamp=1744897969423
2025-04-17 18:55:28,921 DEBUG o.s.c.l.CompositeLog [DiscoveryClient-CacheRefreshExecutor-0] HTTP GET http://localhost:8761/eureka/apps/delta
2025-04-17 18:55:28,921 DEBUG o.s.c.l.CompositeLog [DiscoveryClient-HeartbeatExecutor-0] Accept=[application/json, application/*+json]
2025-04-17 18:55:28,921 DEBUG o.s.c.l.CompositeLog [DiscoveryClient-CacheRefreshExecutor-0] Accept=[application/json, application/*+json]
2025-04-17 18:55:28,937 DEBUG o.s.c.l.CompositeLog [DiscoveryClient-HeartbeatExecutor-0] Response 200 OK
2025-04-17 18:55:28,937 DEBUG o.s.c.l.CompositeLog [DiscoveryClient-CacheRefreshExecutor-0] Response 200 OK
2025-04-17 18:55:28,937 DEBUG o.s.c.l.CompositeLog [DiscoveryClient-CacheRefreshExecutor-0] Reading to [org.springframework.cloud.netflix.eureka.http.EurekaApplications]
2025-04-17 18:55:58,940 DEBUG o.s.c.l.CompositeLog [DiscoveryClient-HeartbeatExecutor-0] HTTP PUT http://localhost:8761/eureka/apps/USER-MANAGEMENT/192.168.1.4:user-management:8888?status=UP&lastDirtyTimestamp=1744897969423
2025-04-17 18:55:58,940 DEBUG o.s.c.l.CompositeLog [DiscoveryClient-CacheRefreshExecutor-0] HTTP GET http://localhost:8761/eureka/apps/delta
2025-04-17 18:55:58,941 DEBUG o.s.c.l.CompositeLog [DiscoveryClient-CacheRefreshExecutor-0] Accept=[application/json, application/*+json]
2025-04-17 18:55:58,941 DEBUG o.s.c.l.CompositeLog [DiscoveryClient-HeartbeatExecutor-0] Accept=[application/json, application/*+json]
2025-04-17 18:55:58,957 DEBUG o.s.c.l.CompositeLog [DiscoveryClient-CacheRefreshExecutor-0] Response 200 OK
2025-04-17 18:55:58,957 DEBUG o.s.c.l.CompositeLog [DiscoveryClient-HeartbeatExecutor-0] Response 200 OK
2025-04-17 18:55:58,958 DEBUG o.s.c.l.CompositeLog [DiscoveryClient-CacheRefreshExecutor-0] Reading to [org.springframework.cloud.netflix.eureka.http.EurekaApplications]
2025-04-17 18:56:28,963 DEBUG o.s.c.l.CompositeLog [DiscoveryClient-CacheRefreshExecutor-0] HTTP GET http://localhost:8761/eureka/apps/delta
2025-04-17 18:56:28,963 DEBUG o.s.c.l.CompositeLog [DiscoveryClient-CacheRefreshExecutor-0] Accept=[application/json, application/*+json]
2025-04-17 18:56:28,966 DEBUG o.s.c.l.CompositeLog [DiscoveryClient-HeartbeatExecutor-0] HTTP PUT http://localhost:8761/eureka/apps/USER-MANAGEMENT/192.168.1.4:user-management:8888?status=UP&lastDirtyTimestamp=1744897969423
2025-04-17 18:56:28,976 DEBUG o.s.c.l.CompositeLog [DiscoveryClient-HeartbeatExecutor-0] Accept=[application/json, application/*+json]
2025-04-17 18:56:28,980 DEBUG o.s.c.l.CompositeLog [DiscoveryClient-CacheRefreshExecutor-0] Response 200 OK
2025-04-17 18:56:28,980 DEBUG o.s.c.l.CompositeLog [DiscoveryClient-HeartbeatExecutor-0] Response 200 OK
2025-04-17 18:56:28,980 DEBUG o.s.c.l.CompositeLog [DiscoveryClient-CacheRefreshExecutor-0] Reading to [org.springframework.cloud.netflix.eureka.http.EurekaApplications]
2025-04-17 18:56:58,990 DEBUG o.s.c.l.CompositeLog [DiscoveryClient-HeartbeatExecutor-0] HTTP PUT http://localhost:8761/eureka/apps/USER-MANAGEMENT/192.168.1.4:user-management:8888?status=UP&lastDirtyTimestamp=1744897969423
2025-04-17 18:56:58,990 DEBUG o.s.c.l.CompositeLog [DiscoveryClient-CacheRefreshExecutor-0] HTTP GET http://localhost:8761/eureka/apps/delta
2025-04-17 18:56:58,991 DEBUG o.s.c.l.CompositeLog [DiscoveryClient-CacheRefreshExecutor-0] Accept=[application/json, application/*+json]
2025-04-17 18:56:58,992 DEBUG o.s.c.l.CompositeLog [DiscoveryClient-HeartbeatExecutor-0] Accept=[application/json, application/*+json]
2025-04-17 18:56:59,007 DEBUG o.s.c.l.CompositeLog [DiscoveryClient-CacheRefreshExecutor-0] Response 200 OK
2025-04-17 18:56:59,007 DEBUG o.s.c.l.CompositeLog [DiscoveryClient-HeartbeatExecutor-0] Response 200 OK
2025-04-17 18:56:59,008 DEBUG o.s.c.l.CompositeLog [DiscoveryClient-CacheRefreshExecutor-0] Reading to [org.springframework.cloud.netflix.eureka.http.EurekaApplications]
2025-04-17 18:57:29,018 DEBUG o.s.c.l.CompositeLog [DiscoveryClient-HeartbeatExecutor-0] HTTP PUT http://localhost:8761/eureka/apps/USER-MANAGEMENT/192.168.1.4:user-management:8888?status=UP&lastDirtyTimestamp=1744897969423
2025-04-17 18:57:29,018 DEBUG o.s.c.l.CompositeLog [DiscoveryClient-CacheRefreshExecutor-0] HTTP GET http://localhost:8761/eureka/apps/delta
2025-04-17 18:57:29,018 DEBUG o.s.c.l.CompositeLog [DiscoveryClient-HeartbeatExecutor-0] Accept=[application/json, application/*+json]
2025-04-17 18:57:29,018 DEBUG o.s.c.l.CompositeLog [DiscoveryClient-CacheRefreshExecutor-0] Accept=[application/json, application/*+json]
2025-04-17 18:57:29,034 DEBUG o.s.c.l.CompositeLog [DiscoveryClient-CacheRefreshExecutor-0] Response 200 OK
2025-04-17 18:57:29,034 DEBUG o.s.c.l.CompositeLog [DiscoveryClient-HeartbeatExecutor-0] Response 200 OK
2025-04-17 18:57:29,035 DEBUG o.s.c.l.CompositeLog [DiscoveryClient-CacheRefreshExecutor-0] Reading to [org.springframework.cloud.netflix.eureka.http.EurekaApplications]
2025-04-17 18:57:49,324 INFO c.n.d.s.r.a.ConfigClusterResolver [AsyncResolver-bootstrap-executor-0] Resolving eureka endpoints via configuration
2025-04-17 18:57:59,044 DEBUG o.s.c.l.CompositeLog [DiscoveryClient-CacheRefreshExecutor-0] HTTP GET http://localhost:8761/eureka/apps/delta
2025-04-17 18:57:59,044 DEBUG o.s.c.l.CompositeLog [DiscoveryClient-HeartbeatExecutor-0] HTTP PUT http://localhost:8761/eureka/apps/USER-MANAGEMENT/192.168.1.4:user-management:8888?status=UP&lastDirtyTimestamp=1744897969423
2025-04-17 18:57:59,044 DEBUG o.s.c.l.CompositeLog [DiscoveryClient-CacheRefreshExecutor-0] Accept=[application/json, application/*+json]
2025-04-17 18:57:59,044 DEBUG o.s.c.l.CompositeLog [DiscoveryClient-HeartbeatExecutor-0] Accept=[application/json, application/*+json]
2025-04-17 18:57:59,062 DEBUG o.s.c.l.CompositeLog [DiscoveryClient-HeartbeatExecutor-0] Response 200 OK
2025-04-17 18:57:59,061 DEBUG o.s.c.l.CompositeLog [DiscoveryClient-CacheRefreshExecutor-0] Response 200 OK
2025-04-17 18:57:59,062 DEBUG o.s.c.l.CompositeLog [DiscoveryClient-CacheRefreshExecutor-0] Reading to [org.springframework.cloud.netflix.eureka.http.EurekaApplications]
2025-04-17 18:58:29,070 DEBUG o.s.c.l.CompositeLog [DiscoveryClient-CacheRefreshExecutor-0] HTTP GET http://localhost:8761/eureka/apps/delta
2025-04-17 18:58:29,070 DEBUG o.s.c.l.CompositeLog [DiscoveryClient-HeartbeatExecutor-0] HTTP PUT http://localhost:8761/eureka/apps/USER-MANAGEMENT/192.168.1.4:user-management:8888?status=UP&lastDirtyTimestamp=1744897969423
2025-04-17 18:58:29,071 DEBUG o.s.c.l.CompositeLog [DiscoveryClient-CacheRefreshExecutor-0] Accept=[application/json, application/*+json]
2025-04-17 18:58:29,071 DEBUG o.s.c.l.CompositeLog [DiscoveryClient-HeartbeatExecutor-0] Accept=[application/json, application/*+json]
2025-04-17 18:58:29,087 DEBUG o.s.c.l.CompositeLog [DiscoveryClient-CacheRefreshExecutor-0] Response 200 OK
2025-04-17 18:58:29,087 DEBUG o.s.c.l.CompositeLog [DiscoveryClient-HeartbeatExecutor-0] Response 200 OK
2025-04-17 18:58:29,088 DEBUG o.s.c.l.CompositeLog [DiscoveryClient-CacheRefreshExecutor-0] Reading to [org.springframework.cloud.netflix.eureka.http.EurekaApplications]
2025-04-17 18:58:59,103 DEBUG o.s.c.l.CompositeLog [DiscoveryClient-HeartbeatExecutor-0] HTTP PUT http://localhost:8761/eureka/apps/USER-MANAGEMENT/192.168.1.4:user-management:8888?status=UP&lastDirtyTimestamp=1744897969423
2025-04-17 18:58:59,103 DEBUG o.s.c.l.CompositeLog [DiscoveryClient-CacheRefreshExecutor-0] HTTP GET http://localhost:8761/eureka/apps/delta
2025-04-17 18:58:59,103 DEBUG o.s.c.l.CompositeLog [DiscoveryClient-HeartbeatExecutor-0] Accept=[application/json, application/*+json]
2025-04-17 18:58:59,104 DEBUG o.s.c.l.CompositeLog [DiscoveryClient-CacheRefreshExecutor-0] Accept=[application/json, application/*+json]
2025-04-17 18:58:59,119 DEBUG o.s.c.l.CompositeLog [DiscoveryClient-HeartbeatExecutor-0] Response 200 OK
2025-04-17 18:58:59,119 DEBUG o.s.c.l.CompositeLog [DiscoveryClient-CacheRefreshExecutor-0] Response 200 OK
2025-04-17 18:58:59,119 DEBUG o.s.c.l.CompositeLog [DiscoveryClient-CacheRefreshExecutor-0] Reading to [org.springframework.cloud.netflix.eureka.http.EurekaApplications]
2025-04-17 18:59:29,129 DEBUG o.s.c.l.CompositeLog [DiscoveryClient-HeartbeatExecutor-0] HTTP PUT http://localhost:8761/eureka/apps/USER-MANAGEMENT/192.168.1.4:user-management:8888?status=UP&lastDirtyTimestamp=1744897969423
2025-04-17 18:59:29,129 DEBUG o.s.c.l.CompositeLog [DiscoveryClient-CacheRefreshExecutor-0] HTTP GET http://localhost:8761/eureka/apps/delta
2025-04-17 18:59:29,129 DEBUG o.s.c.l.CompositeLog [DiscoveryClient-HeartbeatExecutor-0] Accept=[application/json, application/*+json]
2025-04-17 18:59:29,129 DEBUG o.s.c.l.CompositeLog [DiscoveryClient-CacheRefreshExecutor-0] Accept=[application/json, application/*+json]
2025-04-17 18:59:29,146 DEBUG o.s.c.l.CompositeLog [DiscoveryClient-CacheRefreshExecutor-0] Response 200 OK
2025-04-17 18:59:29,146 DEBUG o.s.c.l.CompositeLog [DiscoveryClient-HeartbeatExecutor-0] Response 200 OK
2025-04-17 18:59:29,146 DEBUG o.s.c.l.CompositeLog [DiscoveryClient-CacheRefreshExecutor-0] Reading to [org.springframework.cloud.netflix.eureka.http.EurekaApplications]
2025-04-17 19:13:20,913 WARN c.z.h.p.HikariPool$HouseKeeper [HikariPool-1 housekeeper] HikariPool-1 - Thread starvation or clock leap detected (housekeeper delta=14m12s623ms364µs300ns).
2025-04-17 19:13:41,773 DEBUG o.s.c.l.CompositeLog [DiscoveryClient-HeartbeatExecutor-0] HTTP PUT http://localhost:8761/eureka/apps/USER-MANAGEMENT/192.168.1.4:user-management:8888?status=UP&lastDirtyTimestamp=1744897969423
2025-04-17 19:13:41,773 DEBUG o.s.c.l.CompositeLog [DiscoveryClient-HeartbeatExecutor-0] Accept=[application/json, application/*+json]
2025-04-17 19:13:41,776 DEBUG o.s.c.l.CompositeLog [DiscoveryClient-CacheRefreshExecutor-0] HTTP GET http://localhost:8761/eureka/apps/delta
2025-04-17 19:13:41,778 DEBUG o.s.c.l.CompositeLog [DiscoveryClient-HeartbeatExecutor-0] Response 200 OK
2025-04-17 19:13:41,783 DEBUG o.s.c.l.CompositeLog [DiscoveryClient-CacheRefreshExecutor-0] Accept=[application/json, application/*+json]
2025-04-17 19:13:41,785 DEBUG o.s.c.l.CompositeLog [DiscoveryClient-CacheRefreshExecutor-0] Response 200 OK
2025-04-17 19:13:41,786 DEBUG o.s.c.l.CompositeLog [DiscoveryClient-CacheRefreshExecutor-0] Reading to [org.springframework.cloud.netflix.eureka.http.EurekaApplications]
2025-04-17 19:14:11,793 DEBUG o.s.c.l.CompositeLog [DiscoveryClient-CacheRefreshExecutor-0] HTTP GET http://localhost:8761/eureka/apps/delta
2025-04-17 19:14:11,793 DEBUG o.s.c.l.CompositeLog [DiscoveryClient-HeartbeatExecutor-0] HTTP PUT http://localhost:8761/eureka/apps/USER-MANAGEMENT/192.168.1.4:user-management:8888?status=UP&lastDirtyTimestamp=1744897969423
2025-04-17 19:14:11,794 DEBUG o.s.c.l.CompositeLog [DiscoveryClient-CacheRefreshExecutor-0] Accept=[application/json, application/*+json]
2025-04-17 19:14:11,794 DEBUG o.s.c.l.CompositeLog [DiscoveryClient-HeartbeatExecutor-0] Accept=[application/json, application/*+json]
2025-04-17 19:14:11,809 DEBUG o.s.c.l.CompositeLog [DiscoveryClient-CacheRefreshExecutor-0] Response 200 OK
2025-04-17 19:14:11,809 DEBUG o.s.c.l.CompositeLog [DiscoveryClient-HeartbeatExecutor-0] Response 200 OK
2025-04-17 19:14:11,809 DEBUG o.s.c.l.CompositeLog [DiscoveryClient-CacheRefreshExecutor-0] Reading to [org.springframework.cloud.netflix.eureka.http.EurekaApplications]
2025-04-17 19:14:41,817 DEBUG o.s.c.l.CompositeLog [DiscoveryClient-HeartbeatExecutor-0] HTTP PUT http://localhost:8761/eureka/apps/USER-MANAGEMENT/192.168.1.4:user-management:8888?status=UP&lastDirtyTimestamp=1744897969423
2025-04-17 19:14:41,817 DEBUG o.s.c.l.CompositeLog [DiscoveryClient-CacheRefreshExecutor-0] HTTP GET http://localhost:8761/eureka/apps/delta
2025-04-17 19:14:41,817 DEBUG o.s.c.l.CompositeLog [DiscoveryClient-HeartbeatExecutor-0] Accept=[application/json, application/*+json]
2025-04-17 19:14:41,817 DEBUG o.s.c.l.CompositeLog [DiscoveryClient-CacheRefreshExecutor-0] Accept=[application/json, application/*+json]
2025-04-17 19:14:41,834 DEBUG o.s.c.l.CompositeLog [DiscoveryClient-CacheRefreshExecutor-0] Response 200 OK
2025-04-17 19:14:41,834 DEBUG o.s.c.l.CompositeLog [DiscoveryClient-HeartbeatExecutor-0] Response 200 OK
2025-04-17 19:14:41,835 DEBUG o.s.c.l.CompositeLog [DiscoveryClient-CacheRefreshExecutor-0] Reading to [org.springframework.cloud.netflix.eureka.http.EurekaApplications]
2025-04-17 19:15:11,849 DEBUG o.s.c.l.CompositeLog [DiscoveryClient-CacheRefreshExecutor-0] HTTP GET http://localhost:8761/eureka/apps/delta
2025-04-17 19:15:11,849 DEBUG o.s.c.l.CompositeLog [DiscoveryClient-HeartbeatExecutor-0] HTTP PUT http://localhost:8761/eureka/apps/USER-MANAGEMENT/192.168.1.4:user-management:8888?status=UP&lastDirtyTimestamp=1744897969423
2025-04-17 19:15:11,849 DEBUG o.s.c.l.CompositeLog [DiscoveryClient-CacheRefreshExecutor-0] Accept=[application/json, application/*+json]
2025-04-17 19:15:11,849 DEBUG o.s.c.l.CompositeLog [DiscoveryClient-HeartbeatExecutor-0] Accept=[application/json, application/*+json]
2025-04-17 19:15:11,866 DEBUG o.s.c.l.CompositeLog [DiscoveryClient-HeartbeatExecutor-0] Response 200 OK
2025-04-17 19:15:11,866 DEBUG o.s.c.l.CompositeLog [DiscoveryClient-CacheRefreshExecutor-0] Response 200 OK
2025-04-17 19:15:11,867 DEBUG o.s.c.l.CompositeLog [DiscoveryClient-CacheRefreshExecutor-0] Reading to [org.springframework.cloud.netflix.eureka.http.EurekaApplications]
2025-04-17 19:15:41,875 DEBUG o.s.c.l.CompositeLog [DiscoveryClient-HeartbeatExecutor-0] HTTP PUT http://localhost:8761/eureka/apps/USER-MANAGEMENT/192.168.1.4:user-management:8888?status=UP&lastDirtyTimestamp=1744897969423
2025-04-17 19:15:41,875 DEBUG o.s.c.l.CompositeLog [DiscoveryClient-CacheRefreshExecutor-0] HTTP GET http://localhost:8761/eureka/apps/delta
2025-04-17 19:15:41,876 DEBUG o.s.c.l.CompositeLog [DiscoveryClient-CacheRefreshExecutor-0] Accept=[application/json, application/*+json]
2025-04-17 19:15:41,876 DEBUG o.s.c.l.CompositeLog [DiscoveryClient-HeartbeatExecutor-0] Accept=[application/json, application/*+json]
2025-04-17 19:15:41,891 DEBUG o.s.c.l.CompositeLog [DiscoveryClient-HeartbeatExecutor-0] Response 200 OK
2025-04-17 19:15:41,891 DEBUG o.s.c.l.CompositeLog [DiscoveryClient-CacheRefreshExecutor-0] Response 200 OK
2025-04-17 19:15:41,892 DEBUG o.s.c.l.CompositeLog [DiscoveryClient-CacheRefreshExecutor-0] Reading to [org.springframework.cloud.netflix.eureka.http.EurekaApplications]
2025-04-17 19:16:11,899 DEBUG o.s.c.l.CompositeLog [DiscoveryClient-CacheRefreshExecutor-0] HTTP GET http://localhost:8761/eureka/apps/delta
2025-04-17 19:16:11,899 DEBUG o.s.c.l.CompositeLog [DiscoveryClient-HeartbeatExecutor-0] HTTP PUT http://localhost:8761/eureka/apps/USER-MANAGEMENT/192.168.1.4:user-management:8888?status=UP&lastDirtyTimestamp=1744897969423
2025-04-17 19:16:11,899 DEBUG o.s.c.l.CompositeLog [DiscoveryClient-CacheRefreshExecutor-0] Accept=[application/json, application/*+json]
2025-04-17 19:16:11,899 DEBUG o.s.c.l.CompositeLog [DiscoveryClient-HeartbeatExecutor-0] Accept=[application/json, application/*+json]
2025-04-17 19:16:11,915 DEBUG o.s.c.l.CompositeLog [DiscoveryClient-CacheRefreshExecutor-0] Response 200 OK
2025-04-17 19:16:11,915 DEBUG o.s.c.l.CompositeLog [DiscoveryClient-HeartbeatExecutor-0] Response 200 OK
2025-04-17 19:16:11,916 DEBUG o.s.c.l.CompositeLog [DiscoveryClient-CacheRefreshExecutor-0] Reading to [org.springframework.cloud.netflix.eureka.http.EurekaApplications]
2025-04-17 19:16:31,951 INFO c.n.d.s.r.a.ConfigClusterResolver [AsyncResolver-bootstrap-executor-0] Resolving eureka endpoints via configuration
2025-04-17 19:16:41,918 DEBUG o.s.c.l.CompositeLog [DiscoveryClient-CacheRefreshExecutor-0] HTTP GET http://localhost:8761/eureka/apps/delta
2025-04-17 19:16:41,918 DEBUG o.s.c.l.CompositeLog [DiscoveryClient-HeartbeatExecutor-0] HTTP PUT http://localhost:8761/eureka/apps/USER-MANAGEMENT/192.168.1.4:user-management:8888?status=UP&lastDirtyTimestamp=1744897969423
2025-04-17 19:16:41,918 DEBUG o.s.c.l.CompositeLog [DiscoveryClient-CacheRefreshExecutor-0] Accept=[application/json, application/*+json]
2025-04-17 19:16:41,918 DEBUG o.s.c.l.CompositeLog [DiscoveryClient-HeartbeatExecutor-0] Accept=[application/json, application/*+json]
2025-04-17 19:16:41,934 DEBUG o.s.c.l.CompositeLog [DiscoveryClient-CacheRefreshExecutor-0] Response 200 OK
2025-04-17 19:16:41,934 DEBUG o.s.c.l.CompositeLog [DiscoveryClient-HeartbeatExecutor-0] Response 200 OK
2025-04-17 19:16:41,934 DEBUG o.s.c.l.CompositeLog [DiscoveryClient-CacheRefreshExecutor-0] Reading to [org.springframework.cloud.netflix.eureka.http.EurekaApplications]
2025-04-17 19:17:11,951 DEBUG o.s.c.l.CompositeLog [DiscoveryClient-HeartbeatExecutor-0] HTTP PUT http://localhost:8761/eureka/apps/USER-MANAGEMENT/192.168.1.4:user-management:8888?status=UP&lastDirtyTimestamp=1744897969423
2025-04-17 19:17:11,951 DEBUG o.s.c.l.CompositeLog [DiscoveryClient-CacheRefreshExecutor-0] HTTP GET http://localhost:8761/eureka/apps/delta
2025-04-17 19:17:11,952 DEBUG o.s.c.l.CompositeLog [DiscoveryClient-CacheRefreshExecutor-0] Accept=[application/json, application/*+json]
2025-04-17 19:17:11,952 DEBUG o.s.c.l.CompositeLog [DiscoveryClient-HeartbeatExecutor-0] Accept=[application/json, application/*+json]
2025-04-17 19:17:11,968 DEBUG o.s.c.l.CompositeLog [DiscoveryClient-CacheRefreshExecutor-0] Response 200 OK
2025-04-17 19:17:11,968 DEBUG o.s.c.l.CompositeLog [DiscoveryClient-HeartbeatExecutor-0] Response 200 OK
2025-04-17 19:17:11,968 DEBUG o.s.c.l.CompositeLog [DiscoveryClient-CacheRefreshExecutor-0] Reading to [org.springframework.cloud.netflix.eureka.http.EurekaApplications]
2025-04-17 19:17:41,974 DEBUG o.s.c.l.CompositeLog [DiscoveryClient-HeartbeatExecutor-0] HTTP PUT http://localhost:8761/eureka/apps/USER-MANAGEMENT/192.168.1.4:user-management:8888?status=UP&lastDirtyTimestamp=1744897969423
2025-04-17 19:17:41,974 DEBUG o.s.c.l.CompositeLog [DiscoveryClient-CacheRefreshExecutor-0] HTTP GET http://localhost:8761/eureka/apps/delta
2025-04-17 19:17:41,974 DEBUG o.s.c.l.CompositeLog [DiscoveryClient-HeartbeatExecutor-0] Accept=[application/json, application/*+json]
2025-04-17 19:17:41,974 DEBUG o.s.c.l.CompositeLog [DiscoveryClient-CacheRefreshExecutor-0] Accept=[application/json, application/*+json]
2025-04-17 19:17:41,991 DEBUG o.s.c.l.CompositeLog [DiscoveryClient-CacheRefreshExecutor-0] Response 200 OK
2025-04-17 19:17:41,991 DEBUG o.s.c.l.CompositeLog [DiscoveryClient-HeartbeatExecutor-0] Response 200 OK
2025-04-17 19:17:41,992 DEBUG o.s.c.l.CompositeLog [DiscoveryClient-CacheRefreshExecutor-0] Reading to [org.springframework.cloud.netflix.eureka.http.EurekaApplications]
2025-04-17 19:18:12,000 DEBUG o.s.c.l.CompositeLog [DiscoveryClient-HeartbeatExecutor-0] HTTP PUT http://localhost:8761/eureka/apps/USER-MANAGEMENT/192.168.1.4:user-management:8888?status=UP&lastDirtyTimestamp=1744897969423
2025-04-17 19:18:12,000 DEBUG o.s.c.l.CompositeLog [DiscoveryClient-CacheRefreshExecutor-0] HTTP GET http://localhost:8761/eureka/apps/delta
2025-04-17 19:18:12,001 DEBUG o.s.c.l.CompositeLog [DiscoveryClient-HeartbeatExecutor-0] Accept=[application/json, application/*+json]
2025-04-17 19:18:12,001 DEBUG o.s.c.l.CompositeLog [DiscoveryClient-CacheRefreshExecutor-0] Accept=[application/json, application/*+json]
2025-04-17 19:18:12,016 DEBUG o.s.c.l.CompositeLog [DiscoveryClient-HeartbeatExecutor-0] Response 200 OK
2025-04-17 19:18:12,016 DEBUG o.s.c.l.CompositeLog [DiscoveryClient-CacheRefreshExecutor-0] Response 200 OK
2025-04-17 19:18:12,017 DEBUG o.s.c.l.CompositeLog [DiscoveryClient-CacheRefreshExecutor-0] Reading to [org.springframework.cloud.netflix.eureka.http.EurekaApplications]
2025-04-17 19:18:42,028 DEBUG o.s.c.l.CompositeLog [DiscoveryClient-CacheRefreshExecutor-0] HTTP GET http://localhost:8761/eureka/apps/delta
2025-04-17 19:18:42,028 DEBUG o.s.c.l.CompositeLog [DiscoveryClient-HeartbeatExecutor-0] HTTP PUT http://localhost:8761/eureka/apps/USER-MANAGEMENT/192.168.1.4:user-management:8888?status=UP&lastDirtyTimestamp=1744897969423
2025-04-17 19:18:42,028 DEBUG o.s.c.l.CompositeLog [DiscoveryClient-HeartbeatExecutor-0] Accept=[application/json, application/*+json]
2025-04-17 19:18:42,028 DEBUG o.s.c.l.CompositeLog [DiscoveryClient-CacheRefreshExecutor-0] Accept=[application/json, application/*+json]
2025-04-17 19:18:42,059 DEBUG o.s.c.l.CompositeLog [DiscoveryClient-HeartbeatExecutor-0] Response 200 OK
2025-04-17 19:18:42,059 DEBUG o.s.c.l.CompositeLog [DiscoveryClient-CacheRefreshExecutor-0] Response 200 OK
2025-04-17 19:18:42,059 DEBUG o.s.c.l.CompositeLog [DiscoveryClient-CacheRefreshExecutor-0] Reading to [org.springframework.cloud.netflix.eureka.http.EurekaApplications]
2025-04-17 19:19:12,064 DEBUG o.s.c.l.CompositeLog [DiscoveryClient-HeartbeatExecutor-0] HTTP PUT http://localhost:8761/eureka/apps/USER-MANAGEMENT/192.168.1.4:user-management:8888?status=UP&lastDirtyTimestamp=1744897969423
2025-04-17 19:19:12,064 DEBUG o.s.c.l.CompositeLog [DiscoveryClient-CacheRefreshExecutor-0] HTTP GET http://localhost:8761/eureka/apps/delta
2025-04-17 19:19:12,065 DEBUG o.s.c.l.CompositeLog [DiscoveryClient-HeartbeatExecutor-0] Accept=[application/json, application/*+json]
2025-04-17 19:19:12,065 DEBUG o.s.c.l.CompositeLog [DiscoveryClient-CacheRefreshExecutor-0] Accept=[application/json, application/*+json]
2025-04-17 19:19:12,080 DEBUG o.s.c.l.CompositeLog [DiscoveryClient-CacheRefreshExecutor-0] Response 200 OK
2025-04-17 19:19:12,080 DEBUG o.s.c.l.CompositeLog [DiscoveryClient-HeartbeatExecutor-0] Response 200 OK
2025-04-17 19:19:12,080 DEBUG o.s.c.l.CompositeLog [DiscoveryClient-CacheRefreshExecutor-0] Reading to [org.springframework.cloud.netflix.eureka.http.EurekaApplications]
2025-04-17 19:19:42,082 DEBUG o.s.c.l.CompositeLog [DiscoveryClient-HeartbeatExecutor-0] HTTP PUT http://localhost:8761/eureka/apps/USER-MANAGEMENT/192.168.1.4:user-management:8888?status=UP&lastDirtyTimestamp=1744897969423
2025-04-17 19:19:42,082 DEBUG o.s.c.l.CompositeLog [DiscoveryClient-CacheRefreshExecutor-0] HTTP GET http://localhost:8761/eureka/apps/delta
2025-04-17 19:19:42,082 DEBUG o.s.c.l.CompositeLog [DiscoveryClient-HeartbeatExecutor-0] Accept=[application/json, application/*+json]
2025-04-17 19:19:42,082 DEBUG o.s.c.l.CompositeLog [DiscoveryClient-CacheRefreshExecutor-0] Accept=[application/json, application/*+json]
2025-04-17 19:19:42,099 DEBUG o.s.c.l.CompositeLog [DiscoveryClient-CacheRefreshExecutor-0] Response 200 OK
2025-04-17 19:19:42,099 DEBUG o.s.c.l.CompositeLog [DiscoveryClient-HeartbeatExecutor-0] Response 200 OK
2025-04-17 19:19:42,100 DEBUG o.s.c.l.CompositeLog [DiscoveryClient-CacheRefreshExecutor-0] Reading to [org.springframework.cloud.netflix.eureka.http.EurekaApplications]
2025-04-17 19:20:12,108 DEBUG o.s.c.l.CompositeLog [DiscoveryClient-CacheRefreshExecutor-0] HTTP GET http://localhost:8761/eureka/apps/delta
2025-04-17 19:20:12,108 DEBUG o.s.c.l.CompositeLog [DiscoveryClient-HeartbeatExecutor-0] HTTP PUT http://localhost:8761/eureka/apps/USER-MANAGEMENT/192.168.1.4:user-management:8888?status=UP&lastDirtyTimestamp=1744897969423
2025-04-17 19:20:12,109 DEBUG o.s.c.l.CompositeLog [DiscoveryClient-HeartbeatExecutor-0] Accept=[application/json, application/*+json]
2025-04-17 19:20:12,109 DEBUG o.s.c.l.CompositeLog [DiscoveryClient-CacheRefreshExecutor-0] Accept=[application/json, application/*+json]
2025-04-17 19:20:12,125 DEBUG o.s.c.l.CompositeLog [DiscoveryClient-HeartbeatExecutor-0] Response 200 OK
2025-04-17 19:20:12,125 DEBUG o.s.c.l.CompositeLog [DiscoveryClient-CacheRefreshExecutor-0] Response 200 OK
2025-04-17 19:20:12,125 DEBUG o.s.c.l.CompositeLog [DiscoveryClient-CacheRefreshExecutor-0] Reading to [org.springframework.cloud.netflix.eureka.http.EurekaApplications]
2025-04-17 19:20:42,133 DEBUG o.s.c.l.CompositeLog [DiscoveryClient-CacheRefreshExecutor-0] HTTP GET http://localhost:8761/eureka/apps/delta
2025-04-17 19:20:42,133 DEBUG o.s.c.l.CompositeLog [DiscoveryClient-CacheRefreshExecutor-0] Accept=[application/json, application/*+json]
2025-04-17 19:20:42,137 DEBUG o.s.c.l.CompositeLog [DiscoveryClient-HeartbeatExecutor-0] HTTP PUT http://localhost:8761/eureka/apps/USER-MANAGEMENT/192.168.1.4:user-management:8888?status=UP&lastDirtyTimestamp=1744897969423
2025-04-17 19:20:42,142 DEBUG o.s.c.l.CompositeLog [DiscoveryClient-HeartbeatExecutor-0] Accept=[application/json, application/*+json]
2025-04-17 19:20:42,145 DEBUG o.s.c.l.CompositeLog [DiscoveryClient-HeartbeatExecutor-0] Response 200 OK
2025-04-17 19:20:42,149 DEBUG o.s.c.l.CompositeLog [DiscoveryClient-CacheRefreshExecutor-0] Response 200 OK
2025-04-17 19:20:42,149 DEBUG o.s.c.l.CompositeLog [DiscoveryClient-CacheRefreshExecutor-0] Reading to [org.springframework.cloud.netflix.eureka.http.EurekaApplications]
2025-04-17 19:21:12,153 DEBUG o.s.c.l.CompositeLog [DiscoveryClient-HeartbeatExecutor-0] HTTP PUT http://localhost:8761/eureka/apps/USER-MANAGEMENT/192.168.1.4:user-management:8888?status=UP&lastDirtyTimestamp=1744897969423
2025-04-17 19:21:12,153 DEBUG o.s.c.l.CompositeLog [DiscoveryClient-CacheRefreshExecutor-0] HTTP GET http://localhost:8761/eureka/apps/delta
2025-04-17 19:21:12,153 DEBUG o.s.c.l.CompositeLog [DiscoveryClient-HeartbeatExecutor-0] Accept=[application/json, application/*+json]
2025-04-17 19:21:12,155 DEBUG o.s.c.l.CompositeLog [DiscoveryClient-CacheRefreshExecutor-0] Accept=[application/json, application/*+json]
2025-04-17 19:21:12,170 DEBUG o.s.c.l.CompositeLog [DiscoveryClient-CacheRefreshExecutor-0] Response 200 OK
2025-04-17 19:21:12,170 DEBUG o.s.c.l.CompositeLog [DiscoveryClient-HeartbeatExecutor-0] Response 200 OK
2025-04-17 19:21:12,172 DEBUG o.s.c.l.CompositeLog [DiscoveryClient-CacheRefreshExecutor-0] Reading to [org.springframework.cloud.netflix.eureka.http.EurekaApplications]
2025-04-17 19:21:31,962 INFO c.n.d.s.r.a.ConfigClusterResolver [AsyncResolver-bootstrap-executor-0] Resolving eureka endpoints via configuration
2025-04-17 19:21:42,172 DEBUG o.s.c.l.CompositeLog [DiscoveryClient-HeartbeatExecutor-0] HTTP PUT http://localhost:8761/eureka/apps/USER-MANAGEMENT/192.168.1.4:user-management:8888?status=UP&lastDirtyTimestamp=1744897969423
2025-04-17 19:21:42,172 DEBUG o.s.c.l.CompositeLog [DiscoveryClient-HeartbeatExecutor-0] Accept=[application/json, application/*+json]
2025-04-17 19:21:42,187 DEBUG o.s.c.l.CompositeLog [DiscoveryClient-CacheRefreshExecutor-0] HTTP GET http://localhost:8761/eureka/apps/delta
2025-04-17 19:21:42,187 DEBUG o.s.c.l.CompositeLog [DiscoveryClient-CacheRefreshExecutor-0] Accept=[application/json, application/*+json]
2025-04-17 19:21:42,188 DEBUG o.s.c.l.CompositeLog [DiscoveryClient-HeartbeatExecutor-0] Response 200 OK
2025-04-17 19:21:42,204 DEBUG o.s.c.l.CompositeLog [DiscoveryClient-CacheRefreshExecutor-0] Response 200 OK
2025-04-17 19:21:42,204 DEBUG o.s.c.l.CompositeLog [DiscoveryClient-CacheRefreshExecutor-0] Reading to [org.springframework.cloud.netflix.eureka.http.EurekaApplications]
2025-04-17 19:22:12,195 DEBUG o.s.c.l.CompositeLog [DiscoveryClient-HeartbeatExecutor-0] HTTP PUT http://localhost:8761/eureka/apps/USER-MANAGEMENT/192.168.1.4:user-management:8888?status=UP&lastDirtyTimestamp=1744897969423
2025-04-17 19:22:12,196 DEBUG o.s.c.l.CompositeLog [DiscoveryClient-HeartbeatExecutor-0] Accept=[application/json, application/*+json]
2025-04-17 19:22:12,210 DEBUG o.s.c.l.CompositeLog [DiscoveryClient-CacheRefreshExecutor-0] HTTP GET http://localhost:8761/eureka/apps/delta
2025-04-17 19:22:12,210 DEBUG o.s.c.l.CompositeLog [DiscoveryClient-CacheRefreshExecutor-0] Accept=[application/json, application/*+json]
2025-04-17 19:22:12,211 DEBUG o.s.c.l.CompositeLog [DiscoveryClient-HeartbeatExecutor-0] Response 200 OK
2025-04-17 19:22:12,227 DEBUG o.s.c.l.CompositeLog [DiscoveryClient-CacheRefreshExecutor-0] Response 200 OK
2025-04-17 19:22:12,227 DEBUG o.s.c.l.CompositeLog [DiscoveryClient-CacheRefreshExecutor-0] Reading to [org.springframework.cloud.netflix.eureka.http.EurekaApplications]
2025-04-17 19:22:42,217 DEBUG o.s.c.l.CompositeLog [DiscoveryClient-HeartbeatExecutor-0] HTTP PUT http://localhost:8761/eureka/apps/USER-MANAGEMENT/192.168.1.4:user-management:8888?status=UP&lastDirtyTimestamp=1744897969423
2025-04-17 19:22:42,218 DEBUG o.s.c.l.CompositeLog [DiscoveryClient-HeartbeatExecutor-0] Accept=[application/json, application/*+json]
2025-04-17 19:22:42,232 DEBUG o.s.c.l.CompositeLog [DiscoveryClient-CacheRefreshExecutor-0] HTTP GET http://localhost:8761/eureka/apps/delta
2025-04-17 19:22:42,233 DEBUG o.s.c.l.CompositeLog [DiscoveryClient-CacheRefreshExecutor-0] Accept=[application/json, application/*+json]
2025-04-17 19:22:42,234 DEBUG o.s.c.l.CompositeLog [DiscoveryClient-HeartbeatExecutor-0] Response 200 OK
2025-04-17 19:22:42,250 DEBUG o.s.c.l.CompositeLog [DiscoveryClient-CacheRefreshExecutor-0] Response 200 OK
2025-04-17 19:22:42,251 DEBUG o.s.c.l.CompositeLog [DiscoveryClient-CacheRefreshExecutor-0] Reading to [org.springframework.cloud.netflix.eureka.http.EurekaApplications]
2025-04-17 19:23:12,244 DEBUG o.s.c.l.CompositeLog [DiscoveryClient-HeartbeatExecutor-0] HTTP PUT http://localhost:8761/eureka/apps/USER-MANAGEMENT/192.168.1.4:user-management:8888?status=UP&lastDirtyTimestamp=1744897969423
2025-04-17 19:23:12,244 DEBUG o.s.c.l.CompositeLog [DiscoveryClient-HeartbeatExecutor-0] Accept=[application/json, application/*+json]
2025-04-17 19:23:12,260 DEBUG o.s.c.l.CompositeLog [DiscoveryClient-CacheRefreshExecutor-0] HTTP GET http://localhost:8761/eureka/apps/delta
2025-04-17 19:23:12,260 DEBUG o.s.c.l.CompositeLog [DiscoveryClient-CacheRefreshExecutor-0] Accept=[application/json, application/*+json]
2025-04-17 19:23:12,261 DEBUG o.s.c.l.CompositeLog [DiscoveryClient-HeartbeatExecutor-0] Response 200 OK
2025-04-17 19:23:12,276 DEBUG o.s.c.l.CompositeLog [DiscoveryClient-CacheRefreshExecutor-0] Response 200 OK
2025-04-17 19:23:12,276 DEBUG o.s.c.l.CompositeLog [DiscoveryClient-CacheRefreshExecutor-0] Reading to [org.springframework.cloud.netflix.eureka.http.EurekaApplications]
2025-04-17 19:23:42,268 DEBUG o.s.c.l.CompositeLog [DiscoveryClient-HeartbeatExecutor-0] HTTP PUT http://localhost:8761/eureka/apps/USER-MANAGEMENT/192.168.1.4:user-management:8888?status=UP&lastDirtyTimestamp=1744897969423
2025-04-17 19:23:42,268 DEBUG o.s.c.l.CompositeLog [DiscoveryClient-HeartbeatExecutor-0] Accept=[application/json, application/*+json]
2025-04-17 19:23:42,283 DEBUG o.s.c.l.CompositeLog [DiscoveryClient-CacheRefreshExecutor-0] HTTP GET http://localhost:8761/eureka/apps/delta
2025-04-17 19:23:42,283 DEBUG o.s.c.l.CompositeLog [DiscoveryClient-CacheRefreshExecutor-0] Accept=[application/json, application/*+json]
2025-04-17 19:23:42,284 DEBUG o.s.c.l.CompositeLog [DiscoveryClient-HeartbeatExecutor-0] Response 200 OK
2025-04-17 19:23:42,300 DEBUG o.s.c.l.CompositeLog [DiscoveryClient-CacheRefreshExecutor-0] Response 200 OK
2025-04-17 19:23:42,305 DEBUG o.s.c.l.CompositeLog [DiscoveryClient-CacheRefreshExecutor-0] Reading to [org.springframework.cloud.netflix.eureka.http.EurekaApplications]
2025-04-17 19:24:12,295 DEBUG o.s.c.l.CompositeLog [DiscoveryClient-HeartbeatExecutor-0] HTTP PUT http://localhost:8761/eureka/apps/USER-MANAGEMENT/192.168.1.4:user-management:8888?status=UP&lastDirtyTimestamp=1744897969423
2025-04-17 19:24:12,295 DEBUG o.s.c.l.CompositeLog [DiscoveryClient-HeartbeatExecutor-0] Accept=[application/json, application/*+json]
2025-04-17 19:24:12,310 DEBUG o.s.c.l.CompositeLog [DiscoveryClient-CacheRefreshExecutor-0] HTTP GET http://localhost:8761/eureka/apps/delta
2025-04-17 19:24:12,310 DEBUG o.s.c.l.CompositeLog [DiscoveryClient-CacheRefreshExecutor-0] Accept=[application/json, application/*+json]
2025-04-17 19:24:12,311 DEBUG o.s.c.l.CompositeLog [DiscoveryClient-HeartbeatExecutor-0] Response 200 OK
2025-04-17 19:24:12,326 DEBUG o.s.c.l.CompositeLog [DiscoveryClient-CacheRefreshExecutor-0] Response 200 OK
2025-04-17 19:24:12,327 DEBUG o.s.c.l.CompositeLog [DiscoveryClient-CacheRefreshExecutor-0] Reading to [org.springframework.cloud.netflix.eureka.http.EurekaApplications]
2025-04-17 19:24:42,318 DEBUG o.s.c.l.CompositeLog [DiscoveryClient-HeartbeatExecutor-0] HTTP PUT http://localhost:8761/eureka/apps/USER-MANAGEMENT/192.168.1.4:user-management:8888?status=UP&lastDirtyTimestamp=1744897969423
2025-04-17 19:24:42,318 DEBUG o.s.c.l.CompositeLog [DiscoveryClient-HeartbeatExecutor-0] Accept=[application/json, application/*+json]
2025-04-17 19:24:42,334 DEBUG o.s.c.l.CompositeLog [DiscoveryClient-CacheRefreshExecutor-0] HTTP GET http://localhost:8761/eureka/apps/delta
2025-04-17 19:24:42,334 DEBUG o.s.c.l.CompositeLog [DiscoveryClient-CacheRefreshExecutor-0] Accept=[application/json, application/*+json]
2025-04-17 19:24:42,335 DEBUG o.s.c.l.CompositeLog [DiscoveryClient-HeartbeatExecutor-0] Response 200 OK
2025-04-17 19:24:42,351 DEBUG o.s.c.l.CompositeLog [DiscoveryClient-CacheRefreshExecutor-0] Response 200 OK
2025-04-17 19:24:42,351 DEBUG o.s.c.l.CompositeLog [DiscoveryClient-CacheRefreshExecutor-0] Reading to [org.springframework.cloud.netflix.eureka.http.EurekaApplications]
2025-04-17 19:25:12,348 DEBUG o.s.c.l.CompositeLog [DiscoveryClient-HeartbeatExecutor-0] HTTP PUT http://localhost:8761/eureka/apps/USER-MANAGEMENT/192.168.1.4:user-management:8888?status=UP&lastDirtyTimestamp=1744897969423
2025-04-17 19:25:12,348 DEBUG o.s.c.l.CompositeLog [DiscoveryClient-HeartbeatExecutor-0] Accept=[application/json, application/*+json]
2025-04-17 19:25:12,363 DEBUG o.s.c.l.CompositeLog [DiscoveryClient-CacheRefreshExecutor-0] HTTP GET http://localhost:8761/eureka/apps/delta
2025-04-17 19:25:12,364 DEBUG o.s.c.l.CompositeLog [DiscoveryClient-CacheRefreshExecutor-0] Accept=[application/json, application/*+json]
2025-04-17 19:25:12,364 DEBUG o.s.c.l.CompositeLog [DiscoveryClient-HeartbeatExecutor-0] Response 200 OK
2025-04-17 19:25:12,380 DEBUG o.s.c.l.CompositeLog [DiscoveryClient-CacheRefreshExecutor-0] Response 200 OK
2025-04-17 19:25:12,380 DEBUG o.s.c.l.CompositeLog [DiscoveryClient-CacheRefreshExecutor-0] Reading to [org.springframework.cloud.netflix.eureka.http.EurekaApplications]
2025-04-17 19:25:42,375 DEBUG o.s.c.l.CompositeLog [DiscoveryClient-HeartbeatExecutor-0] HTTP PUT http://localhost:8761/eureka/apps/USER-MANAGEMENT/192.168.1.4:user-management:8888?status=UP&lastDirtyTimestamp=1744897969423
2025-04-17 19:25:42,376 DEBUG o.s.c.l.CompositeLog [DiscoveryClient-HeartbeatExecutor-0] Accept=[application/json, application/*+json]
2025-04-17 19:25:42,391 DEBUG o.s.c.l.CompositeLog [DiscoveryClient-CacheRefreshExecutor-0] HTTP GET http://localhost:8761/eureka/apps/delta
2025-04-17 19:25:42,391 DEBUG o.s.c.l.CompositeLog [DiscoveryClient-CacheRefreshExecutor-0] Accept=[application/json, application/*+json]
2025-04-17 19:25:42,392 DEBUG o.s.c.l.CompositeLog [DiscoveryClient-HeartbeatExecutor-0] Response 200 OK
2025-04-17 19:25:42,407 DEBUG o.s.c.l.CompositeLog [DiscoveryClient-CacheRefreshExecutor-0] Response 200 OK
2025-04-17 19:25:42,407 DEBUG o.s.c.l.CompositeLog [DiscoveryClient-CacheRefreshExecutor-0] Reading to [org.springframework.cloud.netflix.eureka.http.EurekaApplications]
2025-04-17 19:26:12,407 DEBUG o.s.c.l.CompositeLog [DiscoveryClient-HeartbeatExecutor-0] HTTP PUT http://localhost:8761/eureka/apps/USER-MANAGEMENT/192.168.1.4:user-management:8888?status=UP&lastDirtyTimestamp=1744897969423
2025-04-17 19:26:12,407 DEBUG o.s.c.l.CompositeLog [DiscoveryClient-HeartbeatExecutor-0] Accept=[application/json, application/*+json]
2025-04-17 19:26:12,422 DEBUG o.s.c.l.CompositeLog [DiscoveryClient-CacheRefreshExecutor-0] HTTP GET http://localhost:8761/eureka/apps/delta
2025-04-17 19:26:12,422 DEBUG o.s.c.l.CompositeLog [DiscoveryClient-CacheRefreshExecutor-0] Accept=[application/json, application/*+json]
2025-04-17 19:26:12,424 DEBUG o.s.c.l.CompositeLog [DiscoveryClient-HeartbeatExecutor-0] Response 200 OK
2025-04-17 19:26:12,439 DEBUG o.s.c.l.CompositeLog [DiscoveryClient-CacheRefreshExecutor-0] Response 200 OK
2025-04-17 19:26:12,439 DEBUG o.s.c.l.CompositeLog [DiscoveryClient-CacheRefreshExecutor-0] Reading to [org.springframework.cloud.netflix.eureka.http.EurekaApplications]
2025-04-17 19:26:31,965 INFO c.n.d.s.r.a.ConfigClusterResolver [AsyncResolver-bootstrap-executor-0] Resolving eureka endpoints via configuration
2025-04-17 19:26:42,439 DEBUG o.s.c.l.CompositeLog [DiscoveryClient-HeartbeatExecutor-0] HTTP PUT http://localhost:8761/eureka/apps/USER-MANAGEMENT/192.168.1.4:user-management:8888?status=UP&lastDirtyTimestamp=1744897969423
2025-04-17 19:26:42,440 DEBUG o.s.c.l.CompositeLog [DiscoveryClient-HeartbeatExecutor-0] Accept=[application/json, application/*+json]
2025-04-17 19:26:42,454 DEBUG o.s.c.l.CompositeLog [DiscoveryClient-CacheRefreshExecutor-0] HTTP GET http://localhost:8761/eureka/apps/delta
2025-04-17 19:26:42,454 DEBUG o.s.c.l.CompositeLog [DiscoveryClient-CacheRefreshExecutor-0] Accept=[application/json, application/*+json]
2025-04-17 19:26:42,455 DEBUG o.s.c.l.CompositeLog [DiscoveryClient-HeartbeatExecutor-0] Response 200 OK
2025-04-17 19:26:42,470 DEBUG o.s.c.l.CompositeLog [DiscoveryClient-CacheRefreshExecutor-0] Response 200 OK
2025-04-17 19:26:42,471 DEBUG o.s.c.l.CompositeLog [DiscoveryClient-CacheRefreshExecutor-0] Reading to [org.springframework.cloud.netflix.eureka.http.EurekaApplications]
2025-04-17 19:27:12,468 DEBUG o.s.c.l.CompositeLog [DiscoveryClient-HeartbeatExecutor-0] HTTP PUT http://localhost:8761/eureka/apps/USER-MANAGEMENT/192.168.1.4:user-management:8888?status=UP&lastDirtyTimestamp=1744897969423
2025-04-17 19:27:12,468 DEBUG o.s.c.l.CompositeLog [DiscoveryClient-HeartbeatExecutor-0] Accept=[application/json, application/*+json]
2025-04-17 19:27:12,484 DEBUG o.s.c.l.CompositeLog [DiscoveryClient-CacheRefreshExecutor-0] HTTP GET http://localhost:8761/eureka/apps/delta
2025-04-17 19:27:12,484 DEBUG o.s.c.l.CompositeLog [DiscoveryClient-CacheRefreshExecutor-0] Accept=[application/json, application/*+json]
2025-04-17 19:27:12,486 DEBUG o.s.c.l.CompositeLog [DiscoveryClient-HeartbeatExecutor-0] Response 200 OK
2025-04-17 19:27:12,501 DEBUG o.s.c.l.CompositeLog [DiscoveryClient-CacheRefreshExecutor-0] Response 200 OK
2025-04-17 19:27:12,501 DEBUG o.s.c.l.CompositeLog [DiscoveryClient-CacheRefreshExecutor-0] Reading to [org.springframework.cloud.netflix.eureka.http.EurekaApplications]
2025-04-17 19:27:42,500 DEBUG o.s.c.l.CompositeLog [DiscoveryClient-HeartbeatExecutor-0] HTTP PUT http://localhost:8761/eureka/apps/USER-MANAGEMENT/192.168.1.4:user-management:8888?status=UP&lastDirtyTimestamp=1744897969423
2025-04-17 19:27:42,501 DEBUG o.s.c.l.CompositeLog [DiscoveryClient-HeartbeatExecutor-0] Accept=[application/json, application/*+json]
2025-04-17 19:27:42,516 DEBUG o.s.c.l.CompositeLog [DiscoveryClient-CacheRefreshExecutor-0] HTTP GET http://localhost:8761/eureka/apps/delta
2025-04-17 19:27:42,517 DEBUG o.s.c.l.CompositeLog [DiscoveryClient-CacheRefreshExecutor-0] Accept=[application/json, application/*+json]
2025-04-17 19:27:42,517 DEBUG o.s.c.l.CompositeLog [DiscoveryClient-HeartbeatExecutor-0] Response 200 OK
2025-04-17 19:27:42,533 DEBUG o.s.c.l.CompositeLog [DiscoveryClient-CacheRefreshExecutor-0] Response 200 OK
2025-04-17 19:27:42,533 DEBUG o.s.c.l.CompositeLog [DiscoveryClient-CacheRefreshExecutor-0] Reading to [org.springframework.cloud.netflix.eureka.http.EurekaApplications]
2025-04-17 19:28:12,522 DEBUG o.s.c.l.CompositeLog [DiscoveryClient-HeartbeatExecutor-0] HTTP PUT http://localhost:8761/eureka/apps/USER-MANAGEMENT/192.168.1.4:user-management:8888?status=UP&lastDirtyTimestamp=1744897969423
2025-04-17 19:28:12,523 DEBUG o.s.c.l.CompositeLog [DiscoveryClient-HeartbeatExecutor-0] Accept=[application/json, application/*+json]
2025-04-17 19:28:12,537 DEBUG o.s.c.l.CompositeLog [DiscoveryClient-CacheRefreshExecutor-0] HTTP GET http://localhost:8761/eureka/apps/delta
2025-04-17 19:28:12,537 DEBUG o.s.c.l.CompositeLog [DiscoveryClient-CacheRefreshExecutor-0] Accept=[application/json, application/*+json]
2025-04-17 19:28:12,538 DEBUG o.s.c.l.CompositeLog [DiscoveryClient-HeartbeatExecutor-0] Response 200 OK
2025-04-17 19:28:12,553 DEBUG o.s.c.l.CompositeLog [DiscoveryClient-CacheRefreshExecutor-0] Response 200 OK
2025-04-17 19:28:12,554 DEBUG o.s.c.l.CompositeLog [DiscoveryClient-CacheRefreshExecutor-0] Reading to [org.springframework.cloud.netflix.eureka.http.EurekaApplications]
2025-04-17 19:28:42,552 DEBUG o.s.c.l.CompositeLog [DiscoveryClient-HeartbeatExecutor-0] HTTP PUT http://localhost:8761/eureka/apps/USER-MANAGEMENT/192.168.1.4:user-management:8888?status=UP&lastDirtyTimestamp=1744897969423
2025-04-17 19:28:42,552 DEBUG o.s.c.l.CompositeLog [DiscoveryClient-HeartbeatExecutor-0] Accept=[application/json, application/*+json]
2025-04-17 19:28:42,567 DEBUG o.s.c.l.CompositeLog [DiscoveryClient-CacheRefreshExecutor-0] HTTP GET http://localhost:8761/eureka/apps/delta
2025-04-17 19:28:42,567 DEBUG o.s.c.l.CompositeLog [DiscoveryClient-CacheRefreshExecutor-0] Accept=[application/json, application/*+json]
2025-04-17 19:28:42,568 DEBUG o.s.c.l.CompositeLog [DiscoveryClient-HeartbeatExecutor-0] Response 200 OK
2025-04-17 19:28:42,583 DEBUG o.s.c.l.CompositeLog [DiscoveryClient-CacheRefreshExecutor-0] Response 200 OK
2025-04-17 19:28:42,583 DEBUG o.s.c.l.CompositeLog [DiscoveryClient-CacheRefreshExecutor-0] Reading to [org.springframework.cloud.netflix.eureka.http.EurekaApplications]
2025-04-17 19:29:12,585 DEBUG o.s.c.l.CompositeLog [DiscoveryClient-CacheRefreshExecutor-0] HTTP GET http://localhost:8761/eureka/apps/delta
2025-04-17 19:29:12,585 DEBUG o.s.c.l.CompositeLog [DiscoveryClient-HeartbeatExecutor-0] HTTP PUT http://localhost:8761/eureka/apps/USER-MANAGEMENT/192.168.1.4:user-management:8888?status=UP&lastDirtyTimestamp=1744897969423
2025-04-17 19:29:12,586 DEBUG o.s.c.l.CompositeLog [DiscoveryClient-CacheRefreshExecutor-0] Accept=[application/json, application/*+json]
2025-04-17 19:29:12,586 DEBUG o.s.c.l.CompositeLog [DiscoveryClient-HeartbeatExecutor-0] Accept=[application/json, application/*+json]
2025-04-17 19:29:12,601 DEBUG o.s.c.l.CompositeLog [DiscoveryClient-CacheRefreshExecutor-0] Response 200 OK
2025-04-17 19:29:12,601 DEBUG o.s.c.l.CompositeLog [DiscoveryClient-HeartbeatExecutor-0] Response 200 OK
2025-04-17 19:29:12,601 DEBUG o.s.c.l.CompositeLog [DiscoveryClient-CacheRefreshExecutor-0] Reading to [org.springframework.cloud.netflix.eureka.http.EurekaApplications]
2025-04-17 19:29:42,607 DEBUG o.s.c.l.CompositeLog [DiscoveryClient-CacheRefreshExecutor-0] HTTP GET http://localhost:8761/eureka/apps/delta
2025-04-17 19:29:42,607 DEBUG o.s.c.l.CompositeLog [DiscoveryClient-HeartbeatExecutor-0] HTTP PUT http://localhost:8761/eureka/apps/USER-MANAGEMENT/192.168.1.4:user-management:8888?status=UP&lastDirtyTimestamp=1744897969423
2025-04-17 19:29:42,607 DEBUG o.s.c.l.CompositeLog [DiscoveryClient-CacheRefreshExecutor-0] Accept=[application/json, application/*+json]
2025-04-17 19:29:42,607 DEBUG o.s.c.l.CompositeLog [DiscoveryClient-HeartbeatExecutor-0] Accept=[application/json, application/*+json]
2025-04-17 19:29:42,624 DEBUG o.s.c.l.CompositeLog [DiscoveryClient-HeartbeatExecutor-0] Response 200 OK
2025-04-17 19:29:42,624 DEBUG o.s.c.l.CompositeLog [DiscoveryClient-CacheRefreshExecutor-0] Response 200 OK
2025-04-17 19:29:42,625 DEBUG o.s.c.l.CompositeLog [DiscoveryClient-CacheRefreshExecutor-0] Reading to [org.springframework.cloud.netflix.eureka.http.EurekaApplications]
2025-04-17 19:30:12,629 DEBUG o.s.c.l.CompositeLog [DiscoveryClient-HeartbeatExecutor-0] HTTP PUT http://localhost:8761/eureka/apps/USER-MANAGEMENT/192.168.1.4:user-management:8888?status=UP&lastDirtyTimestamp=1744897969423
2025-04-17 19:30:12,629 DEBUG o.s.c.l.CompositeLog [DiscoveryClient-CacheRefreshExecutor-0] HTTP GET http://localhost:8761/eureka/apps/delta
2025-04-17 19:30:12,629 DEBUG o.s.c.l.CompositeLog [DiscoveryClient-HeartbeatExecutor-0] Accept=[application/json, application/*+json]
2025-04-17 19:30:12,629 DEBUG o.s.c.l.CompositeLog [DiscoveryClient-CacheRefreshExecutor-0] Accept=[application/json, application/*+json]
2025-04-17 19:30:12,646 DEBUG o.s.c.l.CompositeLog [DiscoveryClient-HeartbeatExecutor-0] Response 200 OK
2025-04-17 19:30:12,646 DEBUG o.s.c.l.CompositeLog [DiscoveryClient-CacheRefreshExecutor-0] Response 200 OK
2025-04-17 19:30:12,646 DEBUG o.s.c.l.CompositeLog [DiscoveryClient-CacheRefreshExecutor-0] Reading to [org.springframework.cloud.netflix.eureka.http.EurekaApplications]
2025-04-17 19:30:42,662 DEBUG o.s.c.l.CompositeLog [DiscoveryClient-HeartbeatExecutor-0] HTTP PUT http://localhost:8761/eureka/apps/USER-MANAGEMENT/192.168.1.4:user-management:8888?status=UP&lastDirtyTimestamp=1744897969423
2025-04-17 19:30:42,662 DEBUG o.s.c.l.CompositeLog [DiscoveryClient-CacheRefreshExecutor-0] HTTP GET http://localhost:8761/eureka/apps/delta
2025-04-17 19:30:42,663 DEBUG o.s.c.l.CompositeLog [DiscoveryClient-HeartbeatExecutor-0] Accept=[application/json, application/*+json]
2025-04-17 19:30:42,663 DEBUG o.s.c.l.CompositeLog [DiscoveryClient-CacheRefreshExecutor-0] Accept=[application/json, application/*+json]
2025-04-17 19:30:42,678 DEBUG o.s.c.l.CompositeLog [DiscoveryClient-CacheRefreshExecutor-0] Response 200 OK
2025-04-17 19:30:42,678 DEBUG o.s.c.l.CompositeLog [DiscoveryClient-HeartbeatExecutor-0] Response 200 OK
2025-04-17 19:30:42,679 DEBUG o.s.c.l.CompositeLog [DiscoveryClient-CacheRefreshExecutor-0] Reading to [org.springframework.cloud.netflix.eureka.http.EurekaApplications]
2025-04-17 19:31:12,690 DEBUG o.s.c.l.CompositeLog [DiscoveryClient-CacheRefreshExecutor-0] HTTP GET http://localhost:8761/eureka/apps/delta
2025-04-17 19:31:12,690 DEBUG o.s.c.l.CompositeLog [DiscoveryClient-HeartbeatExecutor-0] HTTP PUT http://localhost:8761/eureka/apps/USER-MANAGEMENT/192.168.1.4:user-management:8888?status=UP&lastDirtyTimestamp=1744897969423
2025-04-17 19:31:12,691 DEBUG o.s.c.l.CompositeLog [DiscoveryClient-CacheRefreshExecutor-0] Accept=[application/json, application/*+json]
2025-04-17 19:31:12,691 DEBUG o.s.c.l.CompositeLog [DiscoveryClient-HeartbeatExecutor-0] Accept=[application/json, application/*+json]
2025-04-17 19:31:12,708 DEBUG o.s.c.l.CompositeLog [DiscoveryClient-HeartbeatExecutor-0] Response 200 OK
2025-04-17 19:31:12,708 DEBUG o.s.c.l.CompositeLog [DiscoveryClient-CacheRefreshExecutor-0] Response 200 OK
2025-04-17 19:31:12,709 DEBUG o.s.c.l.CompositeLog [DiscoveryClient-CacheRefreshExecutor-0] Reading to [org.springframework.cloud.netflix.eureka.http.EurekaApplications]
2025-04-17 19:31:31,968 INFO c.n.d.s.r.a.ConfigClusterResolver [AsyncResolver-bootstrap-executor-0] Resolving eureka endpoints via configuration
2025-04-17 19:31:42,724 DEBUG o.s.c.l.CompositeLog [DiscoveryClient-HeartbeatExecutor-0] HTTP PUT http://localhost:8761/eureka/apps/USER-MANAGEMENT/192.168.1.4:user-management:8888?status=UP&lastDirtyTimestamp=1744897969423
2025-04-17 19:31:42,724 DEBUG o.s.c.l.CompositeLog [DiscoveryClient-CacheRefreshExecutor-0] HTTP GET http://localhost:8761/eureka/apps/delta
2025-04-17 19:31:42,724 DEBUG o.s.c.l.CompositeLog [DiscoveryClient-HeartbeatExecutor-0] Accept=[application/json, application/*+json]
2025-04-17 19:31:42,724 DEBUG o.s.c.l.CompositeLog [DiscoveryClient-CacheRefreshExecutor-0] Accept=[application/json, application/*+json]
2025-04-17 19:31:42,740 DEBUG o.s.c.l.CompositeLog [DiscoveryClient-CacheRefreshExecutor-0] Response 200 OK
2025-04-17 19:31:42,740 DEBUG o.s.c.l.CompositeLog [DiscoveryClient-HeartbeatExecutor-0] Response 200 OK
2025-04-17 19:31:42,740 DEBUG o.s.c.l.CompositeLog [DiscoveryClient-CacheRefreshExecutor-0] Reading to [org.springframework.cloud.netflix.eureka.http.EurekaApplications]
2025-04-17 19:32:12,745 DEBUG o.s.c.l.CompositeLog [DiscoveryClient-CacheRefreshExecutor-0] HTTP GET http://localhost:8761/eureka/apps/delta
2025-04-17 19:32:12,745 DEBUG o.s.c.l.CompositeLog [DiscoveryClient-HeartbeatExecutor-0] HTTP PUT http://localhost:8761/eureka/apps/USER-MANAGEMENT/192.168.1.4:user-management:8888?status=UP&lastDirtyTimestamp=1744897969423
2025-04-17 19:32:12,746 DEBUG o.s.c.l.CompositeLog [DiscoveryClient-CacheRefreshExecutor-0] Accept=[application/json, application/*+json]
2025-04-17 19:32:12,746 DEBUG o.s.c.l.CompositeLog [DiscoveryClient-HeartbeatExecutor-0] Accept=[application/json, application/*+json]
2025-04-17 19:32:12,763 DEBUG o.s.c.l.CompositeLog [DiscoveryClient-HeartbeatExecutor-0] Response 200 OK
2025-04-17 19:32:12,763 DEBUG o.s.c.l.CompositeLog [DiscoveryClient-CacheRefreshExecutor-0] Response 200 OK
2025-04-17 19:32:12,764 DEBUG o.s.c.l.CompositeLog [DiscoveryClient-CacheRefreshExecutor-0] Reading to [org.springframework.cloud.netflix.eureka.http.EurekaApplications]
2025-04-17 19:32:42,774 DEBUG o.s.c.l.CompositeLog [DiscoveryClient-HeartbeatExecutor-0] HTTP PUT http://localhost:8761/eureka/apps/USER-MANAGEMENT/192.168.1.4:user-management:8888?status=UP&lastDirtyTimestamp=1744897969423
2025-04-17 19:32:42,774 DEBUG o.s.c.l.CompositeLog [DiscoveryClient-HeartbeatExecutor-0] Accept=[application/json, application/*+json]
2025-04-17 19:32:42,779 DEBUG o.s.c.l.CompositeLog [DiscoveryClient-CacheRefreshExecutor-0] HTTP GET http://localhost:8761/eureka/apps/delta
2025-04-17 19:32:42,784 DEBUG o.s.c.l.CompositeLog [DiscoveryClient-CacheRefreshExecutor-0] Accept=[application/json, application/*+json]
2025-04-17 19:32:42,787 DEBUG o.s.c.l.CompositeLog [DiscoveryClient-CacheRefreshExecutor-0] Response 200 OK
2025-04-17 19:32:42,787 DEBUG o.s.c.l.CompositeLog [DiscoveryClient-CacheRefreshExecutor-0] Reading to [org.springframework.cloud.netflix.eureka.http.EurekaApplications]
2025-04-17 19:32:42,789 DEBUG o.s.c.l.CompositeLog [DiscoveryClient-HeartbeatExecutor-0] Response 200 OK
2025-04-17 19:33:12,791 DEBUG o.s.c.l.CompositeLog [DiscoveryClient-HeartbeatExecutor-0] HTTP PUT http://localhost:8761/eureka/apps/USER-MANAGEMENT/192.168.1.4:user-management:8888?status=UP&lastDirtyTimestamp=1744897969423
2025-04-17 19:33:12,791 DEBUG o.s.c.l.CompositeLog [DiscoveryClient-CacheRefreshExecutor-0] HTTP GET http://localhost:8761/eureka/apps/delta
2025-04-17 19:33:12,792 DEBUG o.s.c.l.CompositeLog [DiscoveryClient-HeartbeatExecutor-0] Accept=[application/json, application/*+json]
2025-04-17 19:33:12,792 DEBUG o.s.c.l.CompositeLog [DiscoveryClient-CacheRefreshExecutor-0] Accept=[application/json, application/*+json]
2025-04-17 19:33:12,808 DEBUG o.s.c.l.CompositeLog [DiscoveryClient-HeartbeatExecutor-0] Response 200 OK
2025-04-17 19:33:12,808 DEBUG o.s.c.l.CompositeLog [DiscoveryClient-CacheRefreshExecutor-0] Response 200 OK
2025-04-17 19:33:12,809 DEBUG o.s.c.l.CompositeLog [DiscoveryClient-CacheRefreshExecutor-0] Reading to [org.springframework.cloud.netflix.eureka.http.EurekaApplications]
2025-04-17 19:33:42,817 DEBUG o.s.c.l.CompositeLog [DiscoveryClient-HeartbeatExecutor-0] HTTP PUT http://localhost:8761/eureka/apps/USER-MANAGEMENT/192.168.1.4:user-management:8888?status=UP&lastDirtyTimestamp=1744897969423
2025-04-17 19:33:42,817 DEBUG o.s.c.l.CompositeLog [DiscoveryClient-CacheRefreshExecutor-0] HTTP GET http://localhost:8761/eureka/apps/delta
2025-04-17 19:33:42,817 DEBUG o.s.c.l.CompositeLog [DiscoveryClient-HeartbeatExecutor-0] Accept=[application/json, application/*+json]
2025-04-17 19:33:42,817 DEBUG o.s.c.l.CompositeLog [DiscoveryClient-CacheRefreshExecutor-0] Accept=[application/json, application/*+json]
2025-04-17 19:33:42,833 DEBUG o.s.c.l.CompositeLog [DiscoveryClient-CacheRefreshExecutor-0] Response 200 OK
2025-04-17 19:33:42,833 DEBUG o.s.c.l.CompositeLog [DiscoveryClient-HeartbeatExecutor-0] Response 200 OK
2025-04-17 19:33:42,833 DEBUG o.s.c.l.CompositeLog [DiscoveryClient-CacheRefreshExecutor-0] Reading to [org.springframework.cloud.netflix.eureka.http.EurekaApplications]
2025-04-17 19:34:12,835 DEBUG o.s.c.l.CompositeLog [DiscoveryClient-HeartbeatExecutor-0] HTTP PUT http://localhost:8761/eureka/apps/USER-MANAGEMENT/192.168.1.4:user-management:8888?status=UP&lastDirtyTimestamp=1744897969423
2025-04-17 19:34:12,835 DEBUG o.s.c.l.CompositeLog [DiscoveryClient-CacheRefreshExecutor-0] HTTP GET http://localhost:8761/eureka/apps/delta
2025-04-17 19:34:12,835 DEBUG o.s.c.l.CompositeLog [DiscoveryClient-HeartbeatExecutor-0] Accept=[application/json, application/*+json]
2025-04-17 19:34:12,835 DEBUG o.s.c.l.CompositeLog [DiscoveryClient-CacheRefreshExecutor-0] Accept=[application/json, application/*+json]
2025-04-17 19:34:12,851 DEBUG o.s.c.l.CompositeLog [DiscoveryClient-HeartbeatExecutor-0] Response 200 OK
2025-04-17 19:34:12,851 DEBUG o.s.c.l.CompositeLog [DiscoveryClient-CacheRefreshExecutor-0] Response 200 OK
2025-04-17 19:34:12,851 DEBUG o.s.c.l.CompositeLog [DiscoveryClient-CacheRefreshExecutor-0] Reading to [org.springframework.cloud.netflix.eureka.http.EurekaApplications]
2025-04-17 19:34:42,858 DEBUG o.s.c.l.CompositeLog [DiscoveryClient-CacheRefreshExecutor-0] HTTP GET http://localhost:8761/eureka/apps/delta
2025-04-17 19:34:42,858 DEBUG o.s.c.l.CompositeLog [DiscoveryClient-HeartbeatExecutor-0] HTTP PUT http://localhost:8761/eureka/apps/USER-MANAGEMENT/192.168.1.4:user-management:8888?status=UP&lastDirtyTimestamp=1744897969423
2025-04-17 19:34:42,859 DEBUG o.s.c.l.CompositeLog [DiscoveryClient-HeartbeatExecutor-0] Accept=[application/json, application/*+json]
2025-04-17 19:34:42,859 DEBUG o.s.c.l.CompositeLog [DiscoveryClient-CacheRefreshExecutor-0] Accept=[application/json, application/*+json]
2025-04-17 19:34:42,876 DEBUG o.s.c.l.CompositeLog [DiscoveryClient-CacheRefreshExecutor-0] Response 200 OK
2025-04-17 19:34:42,876 DEBUG o.s.c.l.CompositeLog [DiscoveryClient-HeartbeatExecutor-0] Response 200 OK
2025-04-17 19:34:42,876 DEBUG o.s.c.l.CompositeLog [DiscoveryClient-CacheRefreshExecutor-0] Reading to [org.springframework.cloud.netflix.eureka.http.EurekaApplications]
2025-04-17 19:35:12,889 DEBUG o.s.c.l.CompositeLog [DiscoveryClient-HeartbeatExecutor-0] HTTP PUT http://localhost:8761/eureka/apps/USER-MANAGEMENT/192.168.1.4:user-management:8888?status=UP&lastDirtyTimestamp=1744897969423
2025-04-17 19:35:12,889 DEBUG o.s.c.l.CompositeLog [DiscoveryClient-CacheRefreshExecutor-0] HTTP GET http://localhost:8761/eureka/apps/delta
2025-04-17 19:35:12,890 DEBUG o.s.c.l.CompositeLog [DiscoveryClient-CacheRefreshExecutor-0] Accept=[application/json, application/*+json]
2025-04-17 19:35:12,890 DEBUG o.s.c.l.CompositeLog [DiscoveryClient-HeartbeatExecutor-0] Accept=[application/json, application/*+json]
2025-04-17 19:35:12,905 DEBUG o.s.c.l.CompositeLog [DiscoveryClient-HeartbeatExecutor-0] Response 200 OK
2025-04-17 19:35:12,905 DEBUG o.s.c.l.CompositeLog [DiscoveryClient-CacheRefreshExecutor-0] Response 200 OK
2025-04-17 19:35:12,906 DEBUG o.s.c.l.CompositeLog [DiscoveryClient-CacheRefreshExecutor-0] Reading to [org.springframework.cloud.netflix.eureka.http.EurekaApplications]
2025-04-17 19:35:42,919 DEBUG o.s.c.l.CompositeLog [DiscoveryClient-HeartbeatExecutor-0] HTTP PUT http://localhost:8761/eureka/apps/USER-MANAGEMENT/192.168.1.4:user-management:8888?status=UP&lastDirtyTimestamp=1744897969423
2025-04-17 19:35:42,919 DEBUG o.s.c.l.CompositeLog [DiscoveryClient-CacheRefreshExecutor-0] HTTP GET http://localhost:8761/eureka/apps/delta
2025-04-17 19:35:42,920 DEBUG o.s.c.l.CompositeLog [DiscoveryClient-HeartbeatExecutor-0] Accept=[application/json, application/*+json]
2025-04-17 19:35:42,920 DEBUG o.s.c.l.CompositeLog [DiscoveryClient-CacheRefreshExecutor-0] Accept=[application/json, application/*+json]
2025-04-17 19:35:42,935 DEBUG o.s.c.l.CompositeLog [DiscoveryClient-HeartbeatExecutor-0] Response 200 OK
2025-04-17 19:35:42,935 DEBUG o.s.c.l.CompositeLog [DiscoveryClient-CacheRefreshExecutor-0] Response 200 OK
2025-04-17 19:35:42,936 DEBUG o.s.c.l.CompositeLog [DiscoveryClient-CacheRefreshExecutor-0] Reading to [org.springframework.cloud.netflix.eureka.http.EurekaApplications]
2025-04-17 19:36:12,938 DEBUG o.s.c.l.CompositeLog [DiscoveryClient-CacheRefreshExecutor-0] HTTP GET http://localhost:8761/eureka/apps/delta
2025-04-17 19:36:12,938 DEBUG o.s.c.l.CompositeLog [DiscoveryClient-HeartbeatExecutor-0] HTTP PUT http://localhost:8761/eureka/apps/USER-MANAGEMENT/192.168.1.4:user-management:8888?status=UP&lastDirtyTimestamp=1744897969423
2025-04-17 19:36:12,939 DEBUG o.s.c.l.CompositeLog [DiscoveryClient-CacheRefreshExecutor-0] Accept=[application/json, application/*+json]
2025-04-17 19:36:12,939 DEBUG o.s.c.l.CompositeLog [DiscoveryClient-HeartbeatExecutor-0] Accept=[application/json, application/*+json]
2025-04-17 19:36:12,955 DEBUG o.s.c.l.CompositeLog [DiscoveryClient-HeartbeatExecutor-0] Response 200 OK
2025-04-17 19:36:12,955 DEBUG o.s.c.l.CompositeLog [DiscoveryClient-CacheRefreshExecutor-0] Response 200 OK
2025-04-17 19:36:12,955 DEBUG o.s.c.l.CompositeLog [DiscoveryClient-CacheRefreshExecutor-0] Reading to [org.springframework.cloud.netflix.eureka.http.EurekaApplications]
2025-04-17 19:36:31,983 INFO c.n.d.s.r.a.ConfigClusterResolver [AsyncResolver-bootstrap-executor-0] Resolving eureka endpoints via configuration
2025-04-17 19:36:42,966 DEBUG o.s.c.l.CompositeLog [DiscoveryClient-CacheRefreshExecutor-0] HTTP GET http://localhost:8761/eureka/apps/delta
2025-04-17 19:36:42,966 DEBUG o.s.c.l.CompositeLog [DiscoveryClient-HeartbeatExecutor-0] HTTP PUT http://localhost:8761/eureka/apps/USER-MANAGEMENT/192.168.1.4:user-management:8888?status=UP&lastDirtyTimestamp=1744897969423
2025-04-17 19:36:42,966 DEBUG o.s.c.l.CompositeLog [DiscoveryClient-CacheRefreshExecutor-0] Accept=[application/json, application/*+json]
2025-04-17 19:36:42,966 DEBUG o.s.c.l.CompositeLog [DiscoveryClient-HeartbeatExecutor-0] Accept=[application/json, application/*+json]
2025-04-17 19:36:42,982 DEBUG o.s.c.l.CompositeLog [DiscoveryClient-HeartbeatExecutor-0] Response 200 OK
2025-04-17 19:36:42,982 DEBUG o.s.c.l.CompositeLog [DiscoveryClient-CacheRefreshExecutor-0] Response 200 OK
2025-04-17 19:36:42,982 DEBUG o.s.c.l.CompositeLog [DiscoveryClient-CacheRefreshExecutor-0] Reading to [org.springframework.cloud.netflix.eureka.http.EurekaApplications]
2025-04-17 19:37:12,988 DEBUG o.s.c.l.CompositeLog [DiscoveryClient-HeartbeatExecutor-0] HTTP PUT http://localhost:8761/eureka/apps/USER-MANAGEMENT/192.168.1.4:user-management:8888?status=UP&lastDirtyTimestamp=1744897969423
2025-04-17 19:37:12,988 DEBUG o.s.c.l.CompositeLog [DiscoveryClient-CacheRefreshExecutor-0] HTTP GET http://localhost:8761/eureka/apps/delta
2025-04-17 19:37:12,988 DEBUG o.s.c.l.CompositeLog [DiscoveryClient-HeartbeatExecutor-0] Accept=[application/json, application/*+json]
2025-04-17 19:37:12,988 DEBUG o.s.c.l.CompositeLog [DiscoveryClient-CacheRefreshExecutor-0] Accept=[application/json, application/*+json]
2025-04-17 19:37:13,005 DEBUG o.s.c.l.CompositeLog [DiscoveryClient-HeartbeatExecutor-0] Response 200 OK
2025-04-17 19:37:13,005 DEBUG o.s.c.l.CompositeLog [DiscoveryClient-CacheRefreshExecutor-0] Response 200 OK
2025-04-17 19:37:13,006 DEBUG o.s.c.l.CompositeLog [DiscoveryClient-CacheRefreshExecutor-0] Reading to [org.springframework.cloud.netflix.eureka.http.EurekaApplications]
2025-04-17 19:37:43,010 DEBUG o.s.c.l.CompositeLog [DiscoveryClient-HeartbeatExecutor-0] HTTP PUT http://localhost:8761/eureka/apps/USER-MANAGEMENT/192.168.1.4:user-management:8888?status=UP&lastDirtyTimestamp=1744897969423
2025-04-17 19:37:43,010 DEBUG o.s.c.l.CompositeLog [DiscoveryClient-CacheRefreshExecutor-0] HTTP GET http://localhost:8761/eureka/apps/delta
2025-04-17 19:37:43,011 DEBUG o.s.c.l.CompositeLog [DiscoveryClient-HeartbeatExecutor-0] Accept=[application/json, application/*+json]
2025-04-17 19:37:43,011 DEBUG o.s.c.l.CompositeLog [DiscoveryClient-CacheRefreshExecutor-0] Accept=[application/json, application/*+json]
2025-04-17 19:37:43,026 DEBUG o.s.c.l.CompositeLog [DiscoveryClient-CacheRefreshExecutor-0] Response 200 OK
2025-04-17 19:37:43,026 DEBUG o.s.c.l.CompositeLog [DiscoveryClient-HeartbeatExecutor-0] Response 200 OK
2025-04-17 19:37:43,026 DEBUG o.s.c.l.CompositeLog [DiscoveryClient-CacheRefreshExecutor-0] Reading to [org.springframework.cloud.netflix.eureka.http.EurekaApplications]
2025-04-17 19:38:13,028 DEBUG o.s.c.l.CompositeLog [DiscoveryClient-CacheRefreshExecutor-0] HTTP GET http://localhost:8761/eureka/apps/delta
2025-04-17 19:38:13,028 DEBUG o.s.c.l.CompositeLog [DiscoveryClient-HeartbeatExecutor-0] HTTP PUT http://localhost:8761/eureka/apps/USER-MANAGEMENT/192.168.1.4:user-management:8888?status=UP&lastDirtyTimestamp=1744897969423
2025-04-17 19:38:13,028 DEBUG o.s.c.l.CompositeLog [DiscoveryClient-CacheRefreshExecutor-0] Accept=[application/json, application/*+json]
2025-04-17 19:38:13,028 DEBUG o.s.c.l.CompositeLog [DiscoveryClient-HeartbeatExecutor-0] Accept=[application/json, application/*+json]
2025-04-17 19:38:13,042 DEBUG o.s.c.l.CompositeLog [DiscoveryClient-HeartbeatExecutor-0] Response 200 OK
2025-04-17 19:38:13,042 DEBUG o.s.c.l.CompositeLog [DiscoveryClient-CacheRefreshExecutor-0] Response 200 OK
2025-04-17 19:38:13,042 DEBUG o.s.c.l.CompositeLog [DiscoveryClient-CacheRefreshExecutor-0] Reading to [org.springframework.cloud.netflix.eureka.http.EurekaApplications]
2025-04-17 19:38:43,058 DEBUG o.s.c.l.CompositeLog [DiscoveryClient-CacheRefreshExecutor-0] HTTP GET http://localhost:8761/eureka/apps/delta
2025-04-17 19:38:43,058 DEBUG o.s.c.l.CompositeLog [DiscoveryClient-HeartbeatExecutor-0] HTTP PUT http://localhost:8761/eureka/apps/USER-MANAGEMENT/192.168.1.4:user-management:8888?status=UP&lastDirtyTimestamp=1744897969423
2025-04-17 19:38:43,058 DEBUG o.s.c.l.CompositeLog [DiscoveryClient-HeartbeatExecutor-0] Accept=[application/json, application/*+json]
2025-04-17 19:38:43,058 DEBUG o.s.c.l.CompositeLog [DiscoveryClient-CacheRefreshExecutor-0] Accept=[application/json, application/*+json]
2025-04-17 19:38:43,074 DEBUG o.s.c.l.CompositeLog [DiscoveryClient-HeartbeatExecutor-0] Response 200 OK
2025-04-17 19:38:43,074 DEBUG o.s.c.l.CompositeLog [DiscoveryClient-CacheRefreshExecutor-0] Response 200 OK
2025-04-17 19:38:43,074 DEBUG o.s.c.l.CompositeLog [DiscoveryClient-CacheRefreshExecutor-0] Reading to [org.springframework.cloud.netflix.eureka.http.EurekaApplications]
2025-04-17 19:39:13,079 DEBUG o.s.c.l.CompositeLog [DiscoveryClient-CacheRefreshExecutor-0] HTTP GET http://localhost:8761/eureka/apps/delta
2025-04-17 19:39:13,079 DEBUG o.s.c.l.CompositeLog [DiscoveryClient-HeartbeatExecutor-0] HTTP PUT http://localhost:8761/eureka/apps/USER-MANAGEMENT/192.168.1.4:user-management:8888?status=UP&lastDirtyTimestamp=1744897969423
2025-04-17 19:39:13,079 DEBUG o.s.c.l.CompositeLog [DiscoveryClient-CacheRefreshExecutor-0] Accept=[application/json, application/*+json]
2025-04-17 19:39:13,079 DEBUG o.s.c.l.CompositeLog [DiscoveryClient-HeartbeatExecutor-0] Accept=[application/json, application/*+json]
2025-04-17 19:39:13,097 DEBUG o.s.c.l.CompositeLog [DiscoveryClient-HeartbeatExecutor-0] Response 200 OK
2025-04-17 19:39:13,097 DEBUG o.s.c.l.CompositeLog [DiscoveryClient-CacheRefreshExecutor-0] Response 200 OK
2025-04-17 19:39:13,098 DEBUG o.s.c.l.CompositeLog [DiscoveryClient-CacheRefreshExecutor-0] Reading to [org.springframework.cloud.netflix.eureka.http.EurekaApplications]
2025-04-17 19:39:43,099 DEBUG o.s.c.l.CompositeLog [DiscoveryClient-HeartbeatExecutor-0] HTTP PUT http://localhost:8761/eureka/apps/USER-MANAGEMENT/192.168.1.4:user-management:8888?status=UP&lastDirtyTimestamp=1744897969423
2025-04-17 19:39:43,099 DEBUG o.s.c.l.CompositeLog [DiscoveryClient-CacheRefreshExecutor-0] HTTP GET http://localhost:8761/eureka/apps/delta
2025-04-17 19:39:43,100 DEBUG o.s.c.l.CompositeLog [DiscoveryClient-CacheRefreshExecutor-0] Accept=[application/json, application/*+json]
2025-04-17 19:39:43,100 DEBUG o.s.c.l.CompositeLog [DiscoveryClient-HeartbeatExecutor-0] Accept=[application/json, application/*+json]
2025-04-17 19:39:43,116 DEBUG o.s.c.l.CompositeLog [DiscoveryClient-CacheRefreshExecutor-0] Response 200 OK
2025-04-17 19:39:43,116 DEBUG o.s.c.l.CompositeLog [DiscoveryClient-HeartbeatExecutor-0] Response 200 OK
2025-04-17 19:39:43,117 DEBUG o.s.c.l.CompositeLog [DiscoveryClient-CacheRefreshExecutor-0] Reading to [org.springframework.cloud.netflix.eureka.http.EurekaApplications]
2025-04-17 19:40:13,131 DEBUG o.s.c.l.CompositeLog [DiscoveryClient-CacheRefreshExecutor-0] HTTP GET http://localhost:8761/eureka/apps/delta
2025-04-17 19:40:13,132 DEBUG o.s.c.l.CompositeLog [DiscoveryClient-CacheRefreshExecutor-0] Accept=[application/json, application/*+json]
2025-04-17 19:40:13,135 DEBUG o.s.c.l.CompositeLog [DiscoveryClient-HeartbeatExecutor-0] HTTP PUT http://localhost:8761/eureka/apps/USER-MANAGEMENT/192.168.1.4:user-management:8888?status=UP&lastDirtyTimestamp=1744897969423
2025-04-17 19:40:13,140 DEBUG o.s.c.l.CompositeLog [DiscoveryClient-HeartbeatExecutor-0] Accept=[application/json, application/*+json]
2025-04-17 19:40:13,143 DEBUG o.s.c.l.CompositeLog [DiscoveryClient-HeartbeatExecutor-0] Response 200 OK
2025-04-17 19:40:13,149 DEBUG o.s.c.l.CompositeLog [DiscoveryClient-CacheRefreshExecutor-0] Response 200 OK
2025-04-17 19:40:13,149 DEBUG o.s.c.l.CompositeLog [DiscoveryClient-CacheRefreshExecutor-0] Reading to [org.springframework.cloud.netflix.eureka.http.EurekaApplications]
2025-04-17 19:40:43,153 DEBUG o.s.c.l.CompositeLog [DiscoveryClient-CacheRefreshExecutor-0] HTTP GET http://localhost:8761/eureka/apps/delta
2025-04-17 19:40:43,153 DEBUG o.s.c.l.CompositeLog [DiscoveryClient-HeartbeatExecutor-0] HTTP PUT http://localhost:8761/eureka/apps/USER-MANAGEMENT/192.168.1.4:user-management:8888?status=UP&lastDirtyTimestamp=1744897969423
2025-04-17 19:40:43,153 DEBUG o.s.c.l.CompositeLog [DiscoveryClient-CacheRefreshExecutor-0] Accept=[application/json, application/*+json]
2025-04-17 19:40:43,153 DEBUG o.s.c.l.CompositeLog [DiscoveryClient-HeartbeatExecutor-0] Accept=[application/json, application/*+json]
2025-04-17 19:40:43,170 DEBUG o.s.c.l.CompositeLog [DiscoveryClient-HeartbeatExecutor-0] Response 200 OK
2025-04-17 19:40:43,170 DEBUG o.s.c.l.CompositeLog [DiscoveryClient-CacheRefreshExecutor-0] Response 200 OK
2025-04-17 19:40:43,170 DEBUG o.s.c.l.CompositeLog [DiscoveryClient-CacheRefreshExecutor-0] Reading to [org.springframework.cloud.netflix.eureka.http.EurekaApplications]
2025-04-17 19:41:13,181 DEBUG o.s.c.l.CompositeLog [DiscoveryClient-HeartbeatExecutor-0] HTTP PUT http://localhost:8761/eureka/apps/USER-MANAGEMENT/192.168.1.4:user-management:8888?status=UP&lastDirtyTimestamp=1744897969423
2025-04-17 19:41:13,181 DEBUG o.s.c.l.CompositeLog [DiscoveryClient-CacheRefreshExecutor-0] HTTP GET http://localhost:8761/eureka/apps/delta
2025-04-17 19:41:13,181 DEBUG o.s.c.l.CompositeLog [DiscoveryClient-CacheRefreshExecutor-0] Accept=[application/json, application/*+json]
2025-04-17 19:41:13,181 DEBUG o.s.c.l.CompositeLog [DiscoveryClient-HeartbeatExecutor-0] Accept=[application/json, application/*+json]
2025-04-17 19:41:13,197 DEBUG o.s.c.l.CompositeLog [DiscoveryClient-CacheRefreshExecutor-0] Response 200 OK
2025-04-17 19:41:13,197 DEBUG o.s.c.l.CompositeLog [DiscoveryClient-HeartbeatExecutor-0] Response 200 OK
2025-04-17 19:41:13,197 DEBUG o.s.c.l.CompositeLog [DiscoveryClient-CacheRefreshExecutor-0] Reading to [org.springframework.cloud.netflix.eureka.http.EurekaApplications]
2025-04-17 19:41:31,993 INFO c.n.d.s.r.a.ConfigClusterResolver [AsyncResolver-bootstrap-executor-0] Resolving eureka endpoints via configuration
2025-04-17 19:41:43,199 DEBUG o.s.c.l.CompositeLog [DiscoveryClient-CacheRefreshExecutor-0] HTTP GET http://localhost:8761/eureka/apps/delta
2025-04-17 19:41:43,199 DEBUG o.s.c.l.CompositeLog [DiscoveryClient-HeartbeatExecutor-0] HTTP PUT http://localhost:8761/eureka/apps/USER-MANAGEMENT/192.168.1.4:user-management:8888?status=UP&lastDirtyTimestamp=1744897969423
2025-04-17 19:41:43,199 DEBUG o.s.c.l.CompositeLog [DiscoveryClient-CacheRefreshExecutor-0] Accept=[application/json, application/*+json]
2025-04-17 19:41:43,199 DEBUG o.s.c.l.CompositeLog [DiscoveryClient-HeartbeatExecutor-0] Accept=[application/json, application/*+json]
2025-04-17 19:41:43,215 DEBUG o.s.c.l.CompositeLog [DiscoveryClient-CacheRefreshExecutor-0] Response 200 OK
2025-04-17 19:41:43,215 DEBUG o.s.c.l.CompositeLog [DiscoveryClient-HeartbeatExecutor-0] Response 200 OK
2025-04-17 19:41:43,215 DEBUG o.s.c.l.CompositeLog [DiscoveryClient-CacheRefreshExecutor-0] Reading to [org.springframework.cloud.netflix.eureka.http.EurekaApplications]
2025-04-17 19:42:13,221 DEBUG o.s.c.l.CompositeLog [DiscoveryClient-CacheRefreshExecutor-0] HTTP GET http://localhost:8761/eureka/apps/delta
2025-04-17 19:42:13,221 DEBUG o.s.c.l.CompositeLog [DiscoveryClient-HeartbeatExecutor-0] HTTP PUT http://localhost:8761/eureka/apps/USER-MANAGEMENT/192.168.1.4:user-management:8888?status=UP&lastDirtyTimestamp=1744897969423
2025-04-17 19:42:13,222 DEBUG o.s.c.l.CompositeLog [DiscoveryClient-HeartbeatExecutor-0] Accept=[application/json, application/*+json]
2025-04-17 19:42:13,222 DEBUG o.s.c.l.CompositeLog [DiscoveryClient-CacheRefreshExecutor-0] Accept=[application/json, application/*+json]
2025-04-17 19:42:13,237 DEBUG o.s.c.l.CompositeLog [DiscoveryClient-CacheRefreshExecutor-0] Response 200 OK
2025-04-17 19:42:13,237 DEBUG o.s.c.l.CompositeLog [DiscoveryClient-HeartbeatExecutor-0] Response 200 OK
2025-04-17 19:42:13,238 DEBUG o.s.c.l.CompositeLog [DiscoveryClient-CacheRefreshExecutor-0] Reading to [org.springframework.cloud.netflix.eureka.http.EurekaApplications]
2025-04-17 19:42:43,245 DEBUG o.s.c.l.CompositeLog [DiscoveryClient-CacheRefreshExecutor-0] HTTP GET http://localhost:8761/eureka/apps/delta
2025-04-17 19:42:43,245 DEBUG o.s.c.l.CompositeLog [DiscoveryClient-HeartbeatExecutor-0] HTTP PUT http://localhost:8761/eureka/apps/USER-MANAGEMENT/192.168.1.4:user-management:8888?status=UP&lastDirtyTimestamp=1744897969423
2025-04-17 19:42:43,246 DEBUG o.s.c.l.CompositeLog [DiscoveryClient-HeartbeatExecutor-0] Accept=[application/json, application/*+json]
2025-04-17 19:42:43,246 DEBUG o.s.c.l.CompositeLog [DiscoveryClient-CacheRefreshExecutor-0] Accept=[application/json, application/*+json]
2025-04-17 19:42:43,263 DEBUG o.s.c.l.CompositeLog [DiscoveryClient-HeartbeatExecutor-0] Response 200 OK
2025-04-17 19:42:43,263 DEBUG o.s.c.l.CompositeLog [DiscoveryClient-CacheRefreshExecutor-0] Response 200 OK
2025-04-17 19:42:43,264 DEBUG o.s.c.l.CompositeLog [DiscoveryClient-CacheRefreshExecutor-0] Reading to [org.springframework.cloud.netflix.eureka.http.EurekaApplications]
2025-04-17 19:43:13,271 DEBUG o.s.c.l.CompositeLog [DiscoveryClient-CacheRefreshExecutor-0] HTTP GET http://localhost:8761/eureka/apps/delta
2025-04-17 19:43:13,271 DEBUG o.s.c.l.CompositeLog [DiscoveryClient-HeartbeatExecutor-0] HTTP PUT http://localhost:8761/eureka/apps/USER-MANAGEMENT/192.168.1.4:user-management:8888?status=UP&lastDirtyTimestamp=1744897969423
2025-04-17 19:43:13,271 DEBUG o.s.c.l.CompositeLog [DiscoveryClient-HeartbeatExecutor-0] Accept=[application/json, application/*+json]
2025-04-17 19:43:13,271 DEBUG o.s.c.l.CompositeLog [DiscoveryClient-CacheRefreshExecutor-0] Accept=[application/json, application/*+json]
2025-04-17 19:43:13,289 DEBUG o.s.c.l.CompositeLog [DiscoveryClient-CacheRefreshExecutor-0] Response 200 OK
2025-04-17 19:43:13,289 DEBUG o.s.c.l.CompositeLog [DiscoveryClient-HeartbeatExecutor-0] Response 200 OK
2025-04-17 19:43:13,289 DEBUG o.s.c.l.CompositeLog [DiscoveryClient-CacheRefreshExecutor-0] Reading to [org.springframework.cloud.netflix.eureka.http.EurekaApplications]
2025-04-17 19:43:43,298 DEBUG o.s.c.l.CompositeLog [DiscoveryClient-HeartbeatExecutor-0] HTTP PUT http://localhost:8761/eureka/apps/USER-MANAGEMENT/192.168.1.4:user-management:8888?status=UP&lastDirtyTimestamp=1744897969423
2025-04-17 19:43:43,298 DEBUG o.s.c.l.CompositeLog [DiscoveryClient-CacheRefreshExecutor-0] HTTP GET http://localhost:8761/eureka/apps/delta
2025-04-17 19:43:43,299 DEBUG o.s.c.l.CompositeLog [DiscoveryClient-HeartbeatExecutor-0] Accept=[application/json, application/*+json]
2025-04-17 19:43:43,299 DEBUG o.s.c.l.CompositeLog [DiscoveryClient-CacheRefreshExecutor-0] Accept=[application/json, application/*+json]
2025-04-17 19:43:43,315 DEBUG o.s.c.l.CompositeLog [DiscoveryClient-CacheRefreshExecutor-0] Response 200 OK
2025-04-17 19:43:43,315 DEBUG o.s.c.l.CompositeLog [DiscoveryClient-HeartbeatExecutor-0] Response 200 OK
2025-04-17 19:43:43,315 DEBUG o.s.c.l.CompositeLog [DiscoveryClient-CacheRefreshExecutor-0] Reading to [org.springframework.cloud.netflix.eureka.http.EurekaApplications]
2025-04-17 19:44:13,341 DEBUG o.s.c.l.CompositeLog [DiscoveryClient-CacheRefreshExecutor-0] HTTP GET http://localhost:8761/eureka/apps/delta
2025-04-17 19:44:13,341 DEBUG o.s.c.l.CompositeLog [DiscoveryClient-CacheRefreshExecutor-0] Accept=[application/json, application/*+json]
2025-04-17 19:44:13,341 DEBUG o.s.c.l.CompositeLog [DiscoveryClient-HeartbeatExecutor-0] HTTP PUT http://localhost:8761/eureka/apps/USER-MANAGEMENT/192.168.1.4:user-management:8888?status=UP&lastDirtyTimestamp=1744897969423
2025-04-17 19:44:13,342 DEBUG o.s.c.l.CompositeLog [DiscoveryClient-HeartbeatExecutor-0] Accept=[application/json, application/*+json]
2025-04-17 19:44:13,357 DEBUG o.s.c.l.CompositeLog [DiscoveryClient-CacheRefreshExecutor-0] Response 200 OK
2025-04-17 19:44:13,357 DEBUG o.s.c.l.CompositeLog [DiscoveryClient-CacheRefreshExecutor-0] Reading to [org.springframework.cloud.netflix.eureka.http.EurekaApplications]
2025-04-17 19:44:13,358 DEBUG o.s.c.l.CompositeLog [DiscoveryClient-HeartbeatExecutor-0] Response 200 OK
2025-04-17 19:44:43,362 DEBUG o.s.c.l.CompositeLog [DiscoveryClient-HeartbeatExecutor-0] HTTP PUT http://localhost:8761/eureka/apps/USER-MANAGEMENT/192.168.1.4:user-management:8888?status=UP&lastDirtyTimestamp=1744897969423
2025-04-17 19:44:43,362 DEBUG o.s.c.l.CompositeLog [DiscoveryClient-CacheRefreshExecutor-0] HTTP GET http://localhost:8761/eureka/apps/delta
2025-04-17 19:44:43,362 DEBUG o.s.c.l.CompositeLog [DiscoveryClient-HeartbeatExecutor-0] Accept=[application/json, application/*+json]
2025-04-17 19:44:43,362 DEBUG o.s.c.l.CompositeLog [DiscoveryClient-CacheRefreshExecutor-0] Accept=[application/json, application/*+json]
2025-04-17 19:44:43,379 DEBUG o.s.c.l.CompositeLog [DiscoveryClient-CacheRefreshExecutor-0] Response 200 OK
2025-04-17 19:44:43,379 DEBUG o.s.c.l.CompositeLog [DiscoveryClient-HeartbeatExecutor-0] Response 200 OK
2025-04-17 19:44:43,379 DEBUG o.s.c.l.CompositeLog [DiscoveryClient-CacheRefreshExecutor-0] Reading to [org.springframework.cloud.netflix.eureka.http.EurekaApplications]
2025-04-17 19:45:13,389 DEBUG o.s.c.l.CompositeLog [DiscoveryClient-CacheRefreshExecutor-0] HTTP GET http://localhost:8761/eureka/apps/delta
2025-04-17 19:45:13,389 DEBUG o.s.c.l.CompositeLog [DiscoveryClient-HeartbeatExecutor-0] HTTP PUT http://localhost:8761/eureka/apps/USER-MANAGEMENT/192.168.1.4:user-management:8888?status=UP&lastDirtyTimestamp=1744897969423
2025-04-17 19:45:13,390 DEBUG o.s.c.l.CompositeLog [DiscoveryClient-HeartbeatExecutor-0] Accept=[application/json, application/*+json]
2025-04-17 19:45:13,390 DEBUG o.s.c.l.CompositeLog [DiscoveryClient-CacheRefreshExecutor-0] Accept=[application/json, application/*+json]
2025-04-17 19:45:13,405 DEBUG o.s.c.l.CompositeLog [DiscoveryClient-CacheRefreshExecutor-0] Response 200 OK
2025-04-17 19:45:13,405 DEBUG o.s.c.l.CompositeLog [DiscoveryClient-HeartbeatExecutor-0] Response 200 OK
2025-04-17 19:45:13,405 DEBUG o.s.c.l.CompositeLog [DiscoveryClient-CacheRefreshExecutor-0] Reading to [org.springframework.cloud.netflix.eureka.http.EurekaApplications]
2025-04-17 19:45:43,415 DEBUG o.s.c.l.CompositeLog [DiscoveryClient-HeartbeatExecutor-0] HTTP PUT http://localhost:8761/eureka/apps/USER-MANAGEMENT/192.168.1.4:user-management:8888?status=UP&lastDirtyTimestamp=1744897969423
2025-04-17 19:45:43,415 DEBUG o.s.c.l.CompositeLog [DiscoveryClient-CacheRefreshExecutor-0] HTTP GET http://localhost:8761/eureka/apps/delta
2025-04-17 19:45:43,416 DEBUG o.s.c.l.CompositeLog [DiscoveryClient-HeartbeatExecutor-0] Accept=[application/json, application/*+json]
2025-04-17 19:45:43,416 DEBUG o.s.c.l.CompositeLog [DiscoveryClient-CacheRefreshExecutor-0] Accept=[application/json, application/*+json]
2025-04-17 19:45:43,432 DEBUG o.s.c.l.CompositeLog [DiscoveryClient-CacheRefreshExecutor-0] Response 200 OK
2025-04-17 19:45:43,432 DEBUG o.s.c.l.CompositeLog [DiscoveryClient-HeartbeatExecutor-0] Response 200 OK
2025-04-17 19:45:43,432 DEBUG o.s.c.l.CompositeLog [DiscoveryClient-CacheRefreshExecutor-0] Reading to [org.springframework.cloud.netflix.eureka.http.EurekaApplications]
2025-04-17 19:46:13,442 DEBUG o.s.c.l.CompositeLog [DiscoveryClient-HeartbeatExecutor-0] HTTP PUT http://localhost:8761/eureka/apps/USER-MANAGEMENT/192.168.1.4:user-management:8888?status=UP&lastDirtyTimestamp=1744897969423
2025-04-17 19:46:13,442 DEBUG o.s.c.l.CompositeLog [DiscoveryClient-CacheRefreshExecutor-0] HTTP GET http://localhost:8761/eureka/apps/delta
2025-04-17 19:46:13,442 DEBUG o.s.c.l.CompositeLog [DiscoveryClient-HeartbeatExecutor-0] Accept=[application/json, application/*+json]
2025-04-17 19:46:13,442 DEBUG o.s.c.l.CompositeLog [DiscoveryClient-CacheRefreshExecutor-0] Accept=[application/json, application/*+json]
2025-04-17 19:46:13,459 DEBUG o.s.c.l.CompositeLog [DiscoveryClient-HeartbeatExecutor-0] Response 200 OK
2025-04-17 19:46:13,459 DEBUG o.s.c.l.CompositeLog [DiscoveryClient-CacheRefreshExecutor-0] Response 200 OK
2025-04-17 19:46:13,459 DEBUG o.s.c.l.CompositeLog [DiscoveryClient-CacheRefreshExecutor-0] Reading to [org.springframework.cloud.netflix.eureka.http.EurekaApplications]
2025-04-17 19:46:31,999 INFO c.n.d.s.r.a.ConfigClusterResolver [AsyncResolver-bootstrap-executor-0] Resolving eureka endpoints via configuration
2025-04-17 19:46:43,462 DEBUG o.s.c.l.CompositeLog [DiscoveryClient-HeartbeatExecutor-0] HTTP PUT http://localhost:8761/eureka/apps/USER-MANAGEMENT/192.168.1.4:user-management:8888?status=UP&lastDirtyTimestamp=1744897969423
2025-04-17 19:46:43,462 DEBUG o.s.c.l.CompositeLog [DiscoveryClient-CacheRefreshExecutor-0] HTTP GET http://localhost:8761/eureka/apps/delta
2025-04-17 19:46:43,463 DEBUG o.s.c.l.CompositeLog [DiscoveryClient-HeartbeatExecutor-0] Accept=[application/json, application/*+json]
2025-04-17 19:46:43,463 DEBUG o.s.c.l.CompositeLog [DiscoveryClient-CacheRefreshExecutor-0] Accept=[application/json, application/*+json]
2025-04-17 19:46:43,480 DEBUG o.s.c.l.CompositeLog [DiscoveryClient-CacheRefreshExecutor-0] Response 200 OK
2025-04-17 19:46:43,480 DEBUG o.s.c.l.CompositeLog [DiscoveryClient-HeartbeatExecutor-0] Response 200 OK
2025-04-17 19:46:43,480 DEBUG o.s.c.l.CompositeLog [DiscoveryClient-CacheRefreshExecutor-0] Reading to [org.springframework.cloud.netflix.eureka.http.EurekaApplications]
2025-04-17 19:47:13,482 DEBUG o.s.c.l.CompositeLog [DiscoveryClient-HeartbeatExecutor-0] HTTP PUT http://localhost:8761/eureka/apps/USER-MANAGEMENT/192.168.1.4:user-management:8888?status=UP&lastDirtyTimestamp=1744897969423
2025-04-17 19:47:13,482 DEBUG o.s.c.l.CompositeLog [DiscoveryClient-CacheRefreshExecutor-0] HTTP GET http://localhost:8761/eureka/apps/delta
2025-04-17 19:47:13,482 DEBUG o.s.c.l.CompositeLog [DiscoveryClient-HeartbeatExecutor-0] Accept=[application/json, application/*+json]
2025-04-17 19:47:13,482 DEBUG o.s.c.l.CompositeLog [DiscoveryClient-CacheRefreshExecutor-0] Accept=[application/json, application/*+json]
2025-04-17 19:47:13,499 DEBUG o.s.c.l.CompositeLog [DiscoveryClient-HeartbeatExecutor-0] Response 200 OK
2025-04-17 19:47:13,499 DEBUG o.s.c.l.CompositeLog [DiscoveryClient-CacheRefreshExecutor-0] Response 200 OK
2025-04-17 19:47:13,499 DEBUG o.s.c.l.CompositeLog [DiscoveryClient-CacheRefreshExecutor-0] Reading to [org.springframework.cloud.netflix.eureka.http.EurekaApplications]
2025-04-17 19:47:43,506 DEBUG o.s.c.l.CompositeLog [DiscoveryClient-CacheRefreshExecutor-0] HTTP GET http://localhost:8761/eureka/apps/delta
2025-04-17 19:47:43,506 DEBUG o.s.c.l.CompositeLog [DiscoveryClient-HeartbeatExecutor-0] HTTP PUT http://localhost:8761/eureka/apps/USER-MANAGEMENT/192.168.1.4:user-management:8888?status=UP&lastDirtyTimestamp=1744897969423
2025-04-17 19:47:43,506 DEBUG o.s.c.l.CompositeLog [DiscoveryClient-CacheRefreshExecutor-0] Accept=[application/json, application/*+json]
2025-04-17 19:47:43,506 DEBUG o.s.c.l.CompositeLog [DiscoveryClient-HeartbeatExecutor-0] Accept=[application/json, application/*+json]
2025-04-17 19:47:43,523 DEBUG o.s.c.l.CompositeLog [DiscoveryClient-HeartbeatExecutor-0] Response 200 OK
2025-04-17 19:47:43,523 DEBUG o.s.c.l.CompositeLog [DiscoveryClient-CacheRefreshExecutor-0] Response 200 OK
2025-04-17 19:47:43,523 DEBUG o.s.c.l.CompositeLog [DiscoveryClient-CacheRefreshExecutor-0] Reading to [org.springframework.cloud.netflix.eureka.http.EurekaApplications]
2025-04-17 19:48:13,530 DEBUG o.s.c.l.CompositeLog [DiscoveryClient-CacheRefreshExecutor-0] HTTP GET http://localhost:8761/eureka/apps/delta
2025-04-17 19:48:13,530 DEBUG o.s.c.l.CompositeLog [DiscoveryClient-HeartbeatExecutor-0] HTTP PUT http://localhost:8761/eureka/apps/USER-MANAGEMENT/192.168.1.4:user-management:8888?status=UP&lastDirtyTimestamp=1744897969423
2025-04-17 19:48:13,530 DEBUG o.s.c.l.CompositeLog [DiscoveryClient-CacheRefreshExecutor-0] Accept=[application/json, application/*+json]
2025-04-17 19:48:13,530 DEBUG o.s.c.l.CompositeLog [DiscoveryClient-HeartbeatExecutor-0] Accept=[application/json, application/*+json]
2025-04-17 19:48:13,546 DEBUG o.s.c.l.CompositeLog [DiscoveryClient-HeartbeatExecutor-0] Response 200 OK
2025-04-17 19:48:13,546 DEBUG o.s.c.l.CompositeLog [DiscoveryClient-CacheRefreshExecutor-0] Response 200 OK
2025-04-17 19:48:13,546 DEBUG o.s.c.l.CompositeLog [DiscoveryClient-CacheRefreshExecutor-0] Reading to [org.springframework.cloud.netflix.eureka.http.EurekaApplications]
2025-04-17 19:48:43,548 DEBUG o.s.c.l.CompositeLog [DiscoveryClient-HeartbeatExecutor-0] HTTP PUT http://localhost:8761/eureka/apps/USER-MANAGEMENT/192.168.1.4:user-management:8888?status=UP&lastDirtyTimestamp=1744897969423
2025-04-17 19:48:43,548 DEBUG o.s.c.l.CompositeLog [DiscoveryClient-CacheRefreshExecutor-0] HTTP GET http://localhost:8761/eureka/apps/delta
2025-04-17 19:48:43,549 DEBUG o.s.c.l.CompositeLog [DiscoveryClient-HeartbeatExecutor-0] Accept=[application/json, application/*+json]
2025-04-17 19:48:43,549 DEBUG o.s.c.l.CompositeLog [DiscoveryClient-CacheRefreshExecutor-0] Accept=[application/json, application/*+json]
2025-04-17 19:48:43,564 DEBUG o.s.c.l.CompositeLog [DiscoveryClient-CacheRefreshExecutor-0] Response 200 OK
2025-04-17 19:48:43,564 DEBUG o.s.c.l.CompositeLog [DiscoveryClient-HeartbeatExecutor-0] Response 200 OK
2025-04-17 19:48:43,564 DEBUG o.s.c.l.CompositeLog [DiscoveryClient-CacheRefreshExecutor-0] Reading to [org.springframework.cloud.netflix.eureka.http.EurekaApplications]
2025-04-17 19:49:13,574 DEBUG o.s.c.l.CompositeLog [DiscoveryClient-CacheRefreshExecutor-0] HTTP GET http://localhost:8761/eureka/apps/delta
2025-04-17 19:49:13,574 DEBUG o.s.c.l.CompositeLog [DiscoveryClient-HeartbeatExecutor-0] HTTP PUT http://localhost:8761/eureka/apps/USER-MANAGEMENT/192.168.1.4:user-management:8888?status=UP&lastDirtyTimestamp=1744897969423
2025-04-17 19:49:13,575 DEBUG o.s.c.l.CompositeLog [DiscoveryClient-HeartbeatExecutor-0] Accept=[application/json, application/*+json]
2025-04-17 19:49:13,575 DEBUG o.s.c.l.CompositeLog [DiscoveryClient-CacheRefreshExecutor-0] Accept=[application/json, application/*+json]
2025-04-17 19:49:13,591 DEBUG o.s.c.l.CompositeLog [DiscoveryClient-CacheRefreshExecutor-0] Response 200 OK
2025-04-17 19:49:13,591 DEBUG o.s.c.l.CompositeLog [DiscoveryClient-HeartbeatExecutor-0] Response 200 OK
2025-04-17 19:49:13,591 DEBUG o.s.c.l.CompositeLog [DiscoveryClient-CacheRefreshExecutor-0] Reading to [org.springframework.cloud.netflix.eureka.http.EurekaApplications]
2025-04-17 19:49:43,592 DEBUG o.s.c.l.CompositeLog [DiscoveryClient-CacheRefreshExecutor-0] HTTP GET http://localhost:8761/eureka/apps/delta
2025-04-17 19:49:43,592 DEBUG o.s.c.l.CompositeLog [DiscoveryClient-HeartbeatExecutor-0] HTTP PUT http://localhost:8761/eureka/apps/USER-MANAGEMENT/192.168.1.4:user-management:8888?status=UP&lastDirtyTimestamp=1744897969423
2025-04-17 19:49:43,593 DEBUG o.s.c.l.CompositeLog [DiscoveryClient-HeartbeatExecutor-0] Accept=[application/json, application/*+json]
2025-04-17 19:49:43,593 DEBUG o.s.c.l.CompositeLog [DiscoveryClient-CacheRefreshExecutor-0] Accept=[application/json, application/*+json]
2025-04-17 19:49:43,609 DEBUG o.s.c.l.CompositeLog [DiscoveryClient-CacheRefreshExecutor-0] Response 200 OK
2025-04-17 19:49:43,609 DEBUG o.s.c.l.CompositeLog [DiscoveryClient-HeartbeatExecutor-0] Response 200 OK
2025-04-17 19:49:43,610 DEBUG o.s.c.l.CompositeLog [DiscoveryClient-CacheRefreshExecutor-0] Reading to [org.springframework.cloud.netflix.eureka.http.EurekaApplications]
2025-04-17 19:50:13,610 DEBUG o.s.c.l.CompositeLog [DiscoveryClient-HeartbeatExecutor-0] HTTP PUT http://localhost:8761/eureka/apps/USER-MANAGEMENT/192.168.1.4:user-management:8888?status=UP&lastDirtyTimestamp=1744897969423
2025-04-17 19:50:13,610 DEBUG o.s.c.l.CompositeLog [DiscoveryClient-CacheRefreshExecutor-0] HTTP GET http://localhost:8761/eureka/apps/delta
2025-04-17 19:50:13,611 DEBUG o.s.c.l.CompositeLog [DiscoveryClient-HeartbeatExecutor-0] Accept=[application/json, application/*+json]
2025-04-17 19:50:13,611 DEBUG o.s.c.l.CompositeLog [DiscoveryClient-CacheRefreshExecutor-0] Accept=[application/json, application/*+json]
2025-04-17 19:50:13,627 DEBUG o.s.c.l.CompositeLog [DiscoveryClient-CacheRefreshExecutor-0] Response 200 OK
2025-04-17 19:50:13,627 DEBUG o.s.c.l.CompositeLog [DiscoveryClient-HeartbeatExecutor-0] Response 200 OK
2025-04-17 19:50:13,627 DEBUG o.s.c.l.CompositeLog [DiscoveryClient-CacheRefreshExecutor-0] Reading to [org.springframework.cloud.netflix.eureka.http.EurekaApplications]
2025-04-17 19:50:43,638 DEBUG o.s.c.l.CompositeLog [DiscoveryClient-HeartbeatExecutor-0] HTTP PUT http://localhost:8761/eureka/apps/USER-MANAGEMENT/192.168.1.4:user-management:8888?status=UP&lastDirtyTimestamp=1744897969423
2025-04-17 19:50:43,638 DEBUG o.s.c.l.CompositeLog [DiscoveryClient-CacheRefreshExecutor-0] HTTP GET http://localhost:8761/eureka/apps/delta
2025-04-17 19:50:43,638 DEBUG o.s.c.l.CompositeLog [DiscoveryClient-CacheRefreshExecutor-0] Accept=[application/json, application/*+json]
2025-04-17 19:50:43,638 DEBUG o.s.c.l.CompositeLog [DiscoveryClient-HeartbeatExecutor-0] Accept=[application/json, application/*+json]
2025-04-17 19:50:43,654 DEBUG o.s.c.l.CompositeLog [DiscoveryClient-HeartbeatExecutor-0] Response 200 OK
2025-04-17 19:50:43,654 DEBUG o.s.c.l.CompositeLog [DiscoveryClient-CacheRefreshExecutor-0] Response 200 OK
2025-04-17 19:50:43,655 DEBUG o.s.c.l.CompositeLog [DiscoveryClient-CacheRefreshExecutor-0] Reading to [org.springframework.cloud.netflix.eureka.http.EurekaApplications]
2025-04-17 19:51:13,656 DEBUG o.s.c.l.CompositeLog [DiscoveryClient-HeartbeatExecutor-0] HTTP PUT http://localhost:8761/eureka/apps/USER-MANAGEMENT/192.168.1.4:user-management:8888?status=UP&lastDirtyTimestamp=1744897969423
2025-04-17 19:51:13,656 DEBUG o.s.c.l.CompositeLog [DiscoveryClient-HeartbeatExecutor-0] Accept=[application/json, application/*+json]
2025-04-17 19:51:13,672 DEBUG o.s.c.l.CompositeLog [DiscoveryClient-HeartbeatExecutor-0] Response 200 OK
2025-04-17 19:51:13,674 DEBUG o.s.c.l.CompositeLog [DiscoveryClient-CacheRefreshExecutor-0] HTTP GET http://localhost:8761/eureka/apps/delta
2025-04-17 19:51:13,679 DEBUG o.s.c.l.CompositeLog [DiscoveryClient-CacheRefreshExecutor-0] Accept=[application/json, application/*+json]
2025-04-17 19:51:13,682 DEBUG o.s.c.l.CompositeLog [DiscoveryClient-CacheRefreshExecutor-0] Response 200 OK
2025-04-17 19:51:13,682 DEBUG o.s.c.l.CompositeLog [DiscoveryClient-CacheRefreshExecutor-0] Reading to [org.springframework.cloud.netflix.eureka.http.EurekaApplications]
2025-04-17 19:51:32,003 INFO c.n.d.s.r.a.ConfigClusterResolver [AsyncResolver-bootstrap-executor-0] Resolving eureka endpoints via configuration
2025-04-17 19:51:43,675 DEBUG o.s.c.l.CompositeLog [DiscoveryClient-HeartbeatExecutor-0] HTTP PUT http://localhost:8761/eureka/apps/USER-MANAGEMENT/192.168.1.4:user-management:8888?status=UP&lastDirtyTimestamp=1744897969423
2025-04-17 19:51:43,676 DEBUG o.s.c.l.CompositeLog [DiscoveryClient-HeartbeatExecutor-0] Accept=[application/json, application/*+json]
2025-04-17 19:51:43,690 DEBUG o.s.c.l.CompositeLog [DiscoveryClient-CacheRefreshExecutor-0] HTTP GET http://localhost:8761/eureka/apps/delta
2025-04-17 19:51:43,690 DEBUG o.s.c.l.CompositeLog [DiscoveryClient-CacheRefreshExecutor-0] Accept=[application/json, application/*+json]
2025-04-17 19:51:43,691 DEBUG o.s.c.l.CompositeLog [DiscoveryClient-HeartbeatExecutor-0] Response 200 OK
2025-04-17 19:51:43,707 DEBUG o.s.c.l.CompositeLog [DiscoveryClient-CacheRefreshExecutor-0] Response 200 OK
2025-04-17 19:51:43,707 DEBUG o.s.c.l.CompositeLog [DiscoveryClient-CacheRefreshExecutor-0] Reading to [org.springframework.cloud.netflix.eureka.http.EurekaApplications]
2025-04-17 19:52:13,705 DEBUG o.s.c.l.CompositeLog [DiscoveryClient-HeartbeatExecutor-0] HTTP PUT http://localhost:8761/eureka/apps/USER-MANAGEMENT/192.168.1.4:user-management:8888?status=UP&lastDirtyTimestamp=1744897969423
2025-04-17 19:52:13,706 DEBUG o.s.c.l.CompositeLog [DiscoveryClient-HeartbeatExecutor-0] Accept=[application/json, application/*+json]
2025-04-17 19:52:13,720 DEBUG o.s.c.l.CompositeLog [DiscoveryClient-CacheRefreshExecutor-0] HTTP GET http://localhost:8761/eureka/apps/delta
2025-04-17 19:52:13,720 DEBUG o.s.c.l.CompositeLog [DiscoveryClient-CacheRefreshExecutor-0] Accept=[application/json, application/*+json]
2025-04-17 19:52:13,721 DEBUG o.s.c.l.CompositeLog [DiscoveryClient-HeartbeatExecutor-0] Response 200 OK
2025-04-17 19:52:13,738 DEBUG o.s.c.l.CompositeLog [DiscoveryClient-CacheRefreshExecutor-0] Response 200 OK
2025-04-17 19:52:13,738 DEBUG o.s.c.l.CompositeLog [DiscoveryClient-CacheRefreshExecutor-0] Reading to [org.springframework.cloud.netflix.eureka.http.EurekaApplications]
2025-04-17 19:52:43,728 DEBUG o.s.c.l.CompositeLog [DiscoveryClient-HeartbeatExecutor-0] HTTP PUT http://localhost:8761/eureka/apps/USER-MANAGEMENT/192.168.1.4:user-management:8888?status=UP&lastDirtyTimestamp=1744897969423
2025-04-17 19:52:43,728 DEBUG o.s.c.l.CompositeLog [DiscoveryClient-HeartbeatExecutor-0] Accept=[application/json, application/*+json]
2025-04-17 19:52:43,744 DEBUG o.s.c.l.CompositeLog [DiscoveryClient-CacheRefreshExecutor-0] HTTP GET http://localhost:8761/eureka/apps/delta
2025-04-17 19:52:43,744 DEBUG o.s.c.l.CompositeLog [DiscoveryClient-CacheRefreshExecutor-0] Accept=[application/json, application/*+json]
2025-04-17 19:52:43,745 DEBUG o.s.c.l.CompositeLog [DiscoveryClient-HeartbeatExecutor-0] Response 200 OK
2025-04-17 19:52:43,760 DEBUG o.s.c.l.CompositeLog [DiscoveryClient-CacheRefreshExecutor-0] Response 200 OK
2025-04-17 19:52:43,760 DEBUG o.s.c.l.CompositeLog [DiscoveryClient-CacheRefreshExecutor-0] Reading to [org.springframework.cloud.netflix.eureka.http.EurekaApplications]
2025-04-17 19:53:13,760 DEBUG o.s.c.l.CompositeLog [DiscoveryClient-HeartbeatExecutor-0] HTTP PUT http://localhost:8761/eureka/apps/USER-MANAGEMENT/192.168.1.4:user-management:8888?status=UP&lastDirtyTimestamp=1744897969423
2025-04-17 19:53:13,760 DEBUG o.s.c.l.CompositeLog [DiscoveryClient-HeartbeatExecutor-0] Accept=[application/json, application/*+json]
2025-04-17 19:53:13,776 DEBUG o.s.c.l.CompositeLog [DiscoveryClient-CacheRefreshExecutor-0] HTTP GET http://localhost:8761/eureka/apps/delta
2025-04-17 19:53:13,776 DEBUG o.s.c.l.CompositeLog [DiscoveryClient-CacheRefreshExecutor-0] Accept=[application/json, application/*+json]
2025-04-17 19:53:13,777 DEBUG o.s.c.l.CompositeLog [DiscoveryClient-HeartbeatExecutor-0] Response 200 OK
2025-04-17 19:53:13,792 DEBUG o.s.c.l.CompositeLog [DiscoveryClient-CacheRefreshExecutor-0] Response 200 OK
2025-04-17 19:53:13,792 DEBUG o.s.c.l.CompositeLog [DiscoveryClient-CacheRefreshExecutor-0] Reading to [org.springframework.cloud.netflix.eureka.http.EurekaApplications]
2025-04-17 19:53:43,791 DEBUG o.s.c.l.CompositeLog [DiscoveryClient-HeartbeatExecutor-0] HTTP PUT http://localhost:8761/eureka/apps/USER-MANAGEMENT/192.168.1.4:user-management:8888?status=UP&lastDirtyTimestamp=1744897969423
2025-04-17 19:53:43,792 DEBUG o.s.c.l.CompositeLog [DiscoveryClient-HeartbeatExecutor-0] Accept=[application/json, application/*+json]
2025-04-17 19:53:43,807 DEBUG o.s.c.l.CompositeLog [DiscoveryClient-CacheRefreshExecutor-0] HTTP GET http://localhost:8761/eureka/apps/delta
2025-04-17 19:53:43,807 DEBUG o.s.c.l.CompositeLog [DiscoveryClient-CacheRefreshExecutor-0] Accept=[application/json, application/*+json]
2025-04-17 19:53:43,808 DEBUG o.s.c.l.CompositeLog [DiscoveryClient-HeartbeatExecutor-0] Response 200 OK
2025-04-17 19:53:43,824 DEBUG o.s.c.l.CompositeLog [DiscoveryClient-CacheRefreshExecutor-0] Response 200 OK
2025-04-17 19:53:43,824 DEBUG o.s.c.l.CompositeLog [DiscoveryClient-CacheRefreshExecutor-0] Reading to [org.springframework.cloud.netflix.eureka.http.EurekaApplications]
2025-04-17 19:54:13,809 DEBUG o.s.c.l.CompositeLog [DiscoveryClient-HeartbeatExecutor-0] HTTP PUT http://localhost:8761/eureka/apps/USER-MANAGEMENT/192.168.1.4:user-management:8888?status=UP&lastDirtyTimestamp=1744897969423
2025-04-17 19:54:13,809 DEBUG o.s.c.l.CompositeLog [DiscoveryClient-HeartbeatExecutor-0] Accept=[application/json, application/*+json]
2025-04-17 19:54:13,825 DEBUG o.s.c.l.CompositeLog [DiscoveryClient-CacheRefreshExecutor-0] HTTP GET http://localhost:8761/eureka/apps/delta
2025-04-17 19:54:13,825 DEBUG o.s.c.l.CompositeLog [DiscoveryClient-CacheRefreshExecutor-0] Accept=[application/json, application/*+json]
2025-04-17 19:54:13,826 DEBUG o.s.c.l.CompositeLog [DiscoveryClient-HeartbeatExecutor-0] Response 200 OK
2025-04-17 19:54:13,842 DEBUG o.s.c.l.CompositeLog [DiscoveryClient-CacheRefreshExecutor-0] Response 200 OK
2025-04-17 19:54:13,842 DEBUG o.s.c.l.CompositeLog [DiscoveryClient-CacheRefreshExecutor-0] Reading to [org.springframework.cloud.netflix.eureka.http.EurekaApplications]
2025-04-17 19:54:43,829 DEBUG o.s.c.l.CompositeLog [DiscoveryClient-HeartbeatExecutor-0] HTTP PUT http://localhost:8761/eureka/apps/USER-MANAGEMENT/192.168.1.4:user-management:8888?status=UP&lastDirtyTimestamp=1744897969423
2025-04-17 19:54:43,830 DEBUG o.s.c.l.CompositeLog [DiscoveryClient-HeartbeatExecutor-0] Accept=[application/json, application/*+json]
2025-04-17 19:54:43,844 DEBUG o.s.c.l.CompositeLog [DiscoveryClient-CacheRefreshExecutor-0] HTTP GET http://localhost:8761/eureka/apps/delta
2025-04-17 19:54:43,844 DEBUG o.s.c.l.CompositeLog [DiscoveryClient-CacheRefreshExecutor-0] Accept=[application/json, application/*+json]
2025-04-17 19:54:43,845 DEBUG o.s.c.l.CompositeLog [DiscoveryClient-HeartbeatExecutor-0] Response 200 OK
2025-04-17 19:54:43,861 DEBUG o.s.c.l.CompositeLog [DiscoveryClient-CacheRefreshExecutor-0] Response 200 OK
2025-04-17 19:54:43,861 DEBUG o.s.c.l.CompositeLog [DiscoveryClient-CacheRefreshExecutor-0] Reading to [org.springframework.cloud.netflix.eureka.http.EurekaApplications]
2025-04-17 19:55:13,847 DEBUG o.s.c.l.CompositeLog [DiscoveryClient-HeartbeatExecutor-0] HTTP PUT http://localhost:8761/eureka/apps/USER-MANAGEMENT/192.168.1.4:user-management:8888?status=UP&lastDirtyTimestamp=1744897969423
2025-04-17 19:55:13,848 DEBUG o.s.c.l.CompositeLog [DiscoveryClient-HeartbeatExecutor-0] Accept=[application/json, application/*+json]
2025-04-17 19:55:13,863 DEBUG o.s.c.l.CompositeLog [DiscoveryClient-CacheRefreshExecutor-0] HTTP GET http://localhost:8761/eureka/apps/delta
2025-04-17 19:55:13,863 DEBUG o.s.c.l.CompositeLog [DiscoveryClient-CacheRefreshExecutor-0] Accept=[application/json, application/*+json]
2025-04-17 19:55:13,864 DEBUG o.s.c.l.CompositeLog [DiscoveryClient-HeartbeatExecutor-0] Response 200 OK
2025-04-17 19:55:13,880 DEBUG o.s.c.l.CompositeLog [DiscoveryClient-CacheRefreshExecutor-0] Response 200 OK
2025-04-17 19:55:13,881 DEBUG o.s.c.l.CompositeLog [DiscoveryClient-CacheRefreshExecutor-0] Reading to [org.springframework.cloud.netflix.eureka.http.EurekaApplications]
2025-04-17 19:55:43,879 DEBUG o.s.c.l.CompositeLog [DiscoveryClient-HeartbeatExecutor-0] HTTP PUT http://localhost:8761/eureka/apps/USER-MANAGEMENT/192.168.1.4:user-management:8888?status=UP&lastDirtyTimestamp=1744897969423
2025-04-17 19:55:43,880 DEBUG o.s.c.l.CompositeLog [DiscoveryClient-HeartbeatExecutor-0] Accept=[application/json, application/*+json]
2025-04-17 19:55:43,895 DEBUG o.s.c.l.CompositeLog [DiscoveryClient-CacheRefreshExecutor-0] HTTP GET http://localhost:8761/eureka/apps/delta
2025-04-17 19:55:43,895 DEBUG o.s.c.l.CompositeLog [DiscoveryClient-CacheRefreshExecutor-0] Accept=[application/json, application/*+json]
2025-04-17 19:55:43,896 DEBUG o.s.c.l.CompositeLog [DiscoveryClient-HeartbeatExecutor-0] Response 200 OK
2025-04-17 19:55:43,911 DEBUG o.s.c.l.CompositeLog [DiscoveryClient-CacheRefreshExecutor-0] Response 200 OK
2025-04-17 19:55:43,912 DEBUG o.s.c.l.CompositeLog [DiscoveryClient-CacheRefreshExecutor-0] Reading to [org.springframework.cloud.netflix.eureka.http.EurekaApplications]
2025-04-17 19:56:13,905 DEBUG o.s.c.l.CompositeLog [DiscoveryClient-HeartbeatExecutor-0] HTTP PUT http://localhost:8761/eureka/apps/USER-MANAGEMENT/192.168.1.4:user-management:8888?status=UP&lastDirtyTimestamp=1744897969423
2025-04-17 19:56:13,905 DEBUG o.s.c.l.CompositeLog [DiscoveryClient-HeartbeatExecutor-0] Accept=[application/json, application/*+json]
2025-04-17 19:56:13,920 DEBUG o.s.c.l.CompositeLog [DiscoveryClient-CacheRefreshExecutor-0] HTTP GET http://localhost:8761/eureka/apps/delta
2025-04-17 19:56:13,920 DEBUG o.s.c.l.CompositeLog [DiscoveryClient-CacheRefreshExecutor-0] Accept=[application/json, application/*+json]
2025-04-17 19:56:13,922 DEBUG o.s.c.l.CompositeLog [DiscoveryClient-HeartbeatExecutor-0] Response 200 OK
2025-04-17 19:56:13,938 DEBUG o.s.c.l.CompositeLog [DiscoveryClient-CacheRefreshExecutor-0] Response 200 OK
2025-04-17 19:56:13,938 DEBUG o.s.c.l.CompositeLog [DiscoveryClient-CacheRefreshExecutor-0] Reading to [org.springframework.cloud.netflix.eureka.http.EurekaApplications]
2025-04-17 19:56:32,015 INFO c.n.d.s.r.a.ConfigClusterResolver [AsyncResolver-bootstrap-executor-0] Resolving eureka endpoints via configuration
2025-04-17 19:56:43,932 DEBUG o.s.c.l.CompositeLog [DiscoveryClient-HeartbeatExecutor-0] HTTP PUT http://localhost:8761/eureka/apps/USER-MANAGEMENT/192.168.1.4:user-management:8888?status=UP&lastDirtyTimestamp=1744897969423
2025-04-17 19:56:43,932 DEBUG o.s.c.l.CompositeLog [DiscoveryClient-HeartbeatExecutor-0] Accept=[application/json, application/*+json]
2025-04-17 19:56:43,948 DEBUG o.s.c.l.CompositeLog [DiscoveryClient-CacheRefreshExecutor-0] HTTP GET http://localhost:8761/eureka/apps/delta
2025-04-17 19:56:43,948 DEBUG o.s.c.l.CompositeLog [DiscoveryClient-CacheRefreshExecutor-0] Accept=[application/json, application/*+json]
2025-04-17 19:56:43,949 DEBUG o.s.c.l.CompositeLog [DiscoveryClient-HeartbeatExecutor-0] Response 200 OK
2025-04-17 19:56:43,965 DEBUG o.s.c.l.CompositeLog [DiscoveryClient-CacheRefreshExecutor-0] Response 200 OK
2025-04-17 19:56:43,965 DEBUG o.s.c.l.CompositeLog [DiscoveryClient-CacheRefreshExecutor-0] Reading to [org.springframework.cloud.netflix.eureka.http.EurekaApplications]
2025-04-17 19:57:13,959 DEBUG o.s.c.l.CompositeLog [DiscoveryClient-HeartbeatExecutor-0] HTTP PUT http://localhost:8761/eureka/apps/USER-MANAGEMENT/192.168.1.4:user-management:8888?status=UP&lastDirtyTimestamp=1744897969423
2025-04-17 19:57:13,959 DEBUG o.s.c.l.CompositeLog [DiscoveryClient-HeartbeatExecutor-0] Accept=[application/json, application/*+json]
2025-04-17 19:57:13,975 DEBUG o.s.c.l.CompositeLog [DiscoveryClient-CacheRefreshExecutor-0] HTTP GET http://localhost:8761/eureka/apps/delta
2025-04-17 19:57:13,975 DEBUG o.s.c.l.CompositeLog [DiscoveryClient-CacheRefreshExecutor-0] Accept=[application/json, application/*+json]
2025-04-17 19:57:13,976 DEBUG o.s.c.l.CompositeLog [DiscoveryClient-HeartbeatExecutor-0] Response 200 OK
2025-04-17 19:57:13,992 DEBUG o.s.c.l.CompositeLog [DiscoveryClient-CacheRefreshExecutor-0] Response 200 OK
2025-04-17 19:57:13,992 DEBUG o.s.c.l.CompositeLog [DiscoveryClient-CacheRefreshExecutor-0] Reading to [org.springframework.cloud.netflix.eureka.http.EurekaApplications]
2025-04-17 19:57:43,986 DEBUG o.s.c.l.CompositeLog [DiscoveryClient-HeartbeatExecutor-0] HTTP PUT http://localhost:8761/eureka/apps/USER-MANAGEMENT/192.168.1.4:user-management:8888?status=UP&lastDirtyTimestamp=1744897969423
2025-04-17 19:57:43,986 DEBUG o.s.c.l.CompositeLog [DiscoveryClient-HeartbeatExecutor-0] Accept=[application/json, application/*+json]
2025-04-17 19:57:44,001 DEBUG o.s.c.l.CompositeLog [DiscoveryClient-CacheRefreshExecutor-0] HTTP GET http://localhost:8761/eureka/apps/delta
2025-04-17 19:57:44,001 DEBUG o.s.c.l.CompositeLog [DiscoveryClient-CacheRefreshExecutor-0] Accept=[application/json, application/*+json]
2025-04-17 19:57:44,002 DEBUG o.s.c.l.CompositeLog [DiscoveryClient-HeartbeatExecutor-0] Response 200 OK
2025-04-17 19:57:44,017 DEBUG o.s.c.l.CompositeLog [DiscoveryClient-CacheRefreshExecutor-0] Response 200 OK
2025-04-17 19:57:44,018 DEBUG o.s.c.l.CompositeLog [DiscoveryClient-CacheRefreshExecutor-0] Reading to [org.springframework.cloud.netflix.eureka.http.EurekaApplications]
2025-04-17 19:58:14,013 DEBUG o.s.c.l.CompositeLog [DiscoveryClient-HeartbeatExecutor-0] HTTP PUT http://localhost:8761/eureka/apps/USER-MANAGEMENT/192.168.1.4:user-management:8888?status=UP&lastDirtyTimestamp=1744897969423
2025-04-17 19:58:14,014 DEBUG o.s.c.l.CompositeLog [DiscoveryClient-HeartbeatExecutor-0] Accept=[application/json, application/*+json]
2025-04-17 19:58:14,029 DEBUG o.s.c.l.CompositeLog [DiscoveryClient-CacheRefreshExecutor-0] HTTP GET http://localhost:8761/eureka/apps/delta
2025-04-17 19:58:14,030 DEBUG o.s.c.l.CompositeLog [DiscoveryClient-CacheRefreshExecutor-0] Accept=[application/json, application/*+json]
2025-04-17 19:58:14,032 DEBUG o.s.c.l.CompositeLog [DiscoveryClient-HeartbeatExecutor-0] Response 200 OK
2025-04-17 19:58:14,046 DEBUG o.s.c.l.CompositeLog [DiscoveryClient-CacheRefreshExecutor-0] Response 200 OK
2025-04-17 19:58:14,046 DEBUG o.s.c.l.CompositeLog [DiscoveryClient-CacheRefreshExecutor-0] Reading to [org.springframework.cloud.netflix.eureka.http.EurekaApplications]
2025-04-17 19:58:44,039 DEBUG o.s.c.l.CompositeLog [DiscoveryClient-HeartbeatExecutor-0] HTTP PUT http://localhost:8761/eureka/apps/USER-MANAGEMENT/192.168.1.4:user-management:8888?status=UP&lastDirtyTimestamp=1744897969423
2025-04-17 19:58:44,039 DEBUG o.s.c.l.CompositeLog [DiscoveryClient-HeartbeatExecutor-0] Accept=[application/json, application/*+json]
2025-04-17 19:58:44,055 DEBUG o.s.c.l.CompositeLog [DiscoveryClient-CacheRefreshExecutor-0] HTTP GET http://localhost:8761/eureka/apps/delta
2025-04-17 19:58:44,055 DEBUG o.s.c.l.CompositeLog [DiscoveryClient-CacheRefreshExecutor-0] Accept=[application/json, application/*+json]
2025-04-17 19:58:44,056 DEBUG o.s.c.l.CompositeLog [DiscoveryClient-HeartbeatExecutor-0] Response 200 OK
2025-04-17 19:58:44,071 DEBUG o.s.c.l.CompositeLog [DiscoveryClient-CacheRefreshExecutor-0] Response 200 OK
2025-04-17 19:58:44,071 DEBUG o.s.c.l.CompositeLog [DiscoveryClient-CacheRefreshExecutor-0] Reading to [org.springframework.cloud.netflix.eureka.http.EurekaApplications]
2025-04-17 19:59:14,062 DEBUG o.s.c.l.CompositeLog [DiscoveryClient-HeartbeatExecutor-0] HTTP PUT http://localhost:8761/eureka/apps/USER-MANAGEMENT/192.168.1.4:user-management:8888?status=UP&lastDirtyTimestamp=1744897969423
2025-04-17 19:59:14,062 DEBUG o.s.c.l.CompositeLog [DiscoveryClient-HeartbeatExecutor-0] Accept=[application/json, application/*+json]
2025-04-17 19:59:14,078 DEBUG o.s.c.l.CompositeLog [DiscoveryClient-CacheRefreshExecutor-0] HTTP GET http://localhost:8761/eureka/apps/delta
2025-04-17 19:59:14,078 DEBUG o.s.c.l.CompositeLog [DiscoveryClient-CacheRefreshExecutor-0] Accept=[application/json, application/*+json]
2025-04-17 19:59:14,079 DEBUG o.s.c.l.CompositeLog [DiscoveryClient-HeartbeatExecutor-0] Response 200 OK
2025-04-17 19:59:14,094 DEBUG o.s.c.l.CompositeLog [DiscoveryClient-CacheRefreshExecutor-0] Response 200 OK
2025-04-17 19:59:14,094 DEBUG o.s.c.l.CompositeLog [DiscoveryClient-CacheRefreshExecutor-0] Reading to [org.springframework.cloud.netflix.eureka.http.EurekaApplications]
2025-04-17 19:59:44,081 DEBUG o.s.c.l.CompositeLog [DiscoveryClient-HeartbeatExecutor-0] HTTP PUT http://localhost:8761/eureka/apps/USER-MANAGEMENT/192.168.1.4:user-management:8888?status=UP&lastDirtyTimestamp=1744897969423
2025-04-17 19:59:44,081 DEBUG o.s.c.l.CompositeLog [DiscoveryClient-HeartbeatExecutor-0] Accept=[application/json, application/*+json]
2025-04-17 19:59:44,096 DEBUG o.s.c.l.CompositeLog [DiscoveryClient-CacheRefreshExecutor-0] HTTP GET http://localhost:8761/eureka/apps/delta
2025-04-17 19:59:44,096 DEBUG o.s.c.l.CompositeLog [DiscoveryClient-CacheRefreshExecutor-0] Accept=[application/json, application/*+json]
2025-04-17 19:59:44,097 DEBUG o.s.c.l.CompositeLog [DiscoveryClient-HeartbeatExecutor-0] Response 200 OK
2025-04-17 19:59:44,112 DEBUG o.s.c.l.CompositeLog [DiscoveryClient-CacheRefreshExecutor-0] Response 200 OK
2025-04-17 19:59:44,112 DEBUG o.s.c.l.CompositeLog [DiscoveryClient-CacheRefreshExecutor-0] Reading to [org.springframework.cloud.netflix.eureka.http.EurekaApplications]
2025-04-17 20:00:14,100 DEBUG o.s.c.l.CompositeLog [DiscoveryClient-HeartbeatExecutor-0] HTTP PUT http://localhost:8761/eureka/apps/USER-MANAGEMENT/192.168.1.4:user-management:8888?status=UP&lastDirtyTimestamp=1744897969423
2025-04-17 20:00:14,100 DEBUG o.s.c.l.CompositeLog [DiscoveryClient-HeartbeatExecutor-0] Accept=[application/json, application/*+json]
2025-04-17 20:00:14,114 DEBUG o.s.c.l.CompositeLog [DiscoveryClient-CacheRefreshExecutor-0] HTTP GET http://localhost:8761/eureka/apps/delta
2025-04-17 20:00:14,114 DEBUG o.s.c.l.CompositeLog [DiscoveryClient-CacheRefreshExecutor-0] Accept=[application/json, application/*+json]
2025-04-17 20:00:14,115 DEBUG o.s.c.l.CompositeLog [DiscoveryClient-HeartbeatExecutor-0] Response 200 OK
2025-04-17 20:00:14,131 DEBUG o.s.c.l.CompositeLog [DiscoveryClient-CacheRefreshExecutor-0] Response 200 OK
2025-04-17 20:00:14,131 DEBUG o.s.c.l.CompositeLog [DiscoveryClient-CacheRefreshExecutor-0] Reading to [org.springframework.cloud.netflix.eureka.http.EurekaApplications]
2025-04-17 20:00:44,125 DEBUG o.s.c.l.CompositeLog [DiscoveryClient-HeartbeatExecutor-0] HTTP PUT http://localhost:8761/eureka/apps/USER-MANAGEMENT/192.168.1.4:user-management:8888?status=UP&lastDirtyTimestamp=1744897969423
2025-04-17 20:00:44,125 DEBUG o.s.c.l.CompositeLog [DiscoveryClient-HeartbeatExecutor-0] Accept=[application/json, application/*+json]
2025-04-17 20:00:44,141 DEBUG o.s.c.l.CompositeLog [DiscoveryClient-CacheRefreshExecutor-0] HTTP GET http://localhost:8761/eureka/apps/delta
2025-04-17 20:00:44,141 DEBUG o.s.c.l.CompositeLog [DiscoveryClient-CacheRefreshExecutor-0] Accept=[application/json, application/*+json]
2025-04-17 20:00:44,141 DEBUG o.s.c.l.CompositeLog [DiscoveryClient-HeartbeatExecutor-0] Response 200 OK
2025-04-17 20:00:44,157 DEBUG o.s.c.l.CompositeLog [DiscoveryClient-CacheRefreshExecutor-0] Response 200 OK
2025-04-17 20:00:44,157 DEBUG o.s.c.l.CompositeLog [DiscoveryClient-CacheRefreshExecutor-0] Reading to [org.springframework.cloud.netflix.eureka.http.EurekaApplications]
2025-04-17 20:01:14,153 DEBUG o.s.c.l.CompositeLog [DiscoveryClient-HeartbeatExecutor-0] HTTP PUT http://localhost:8761/eureka/apps/USER-MANAGEMENT/192.168.1.4:user-management:8888?status=UP&lastDirtyTimestamp=1744897969423
2025-04-17 20:01:14,153 DEBUG o.s.c.l.CompositeLog [DiscoveryClient-HeartbeatExecutor-0] Accept=[application/json, application/*+json]
2025-04-17 20:01:14,170 DEBUG o.s.c.l.CompositeLog [DiscoveryClient-CacheRefreshExecutor-0] HTTP GET http://localhost:8761/eureka/apps/delta
2025-04-17 20:01:14,170 DEBUG o.s.c.l.CompositeLog [DiscoveryClient-CacheRefreshExecutor-0] Accept=[application/json, application/*+json]
2025-04-17 20:01:14,170 DEBUG o.s.c.l.CompositeLog [DiscoveryClient-HeartbeatExecutor-0] Response 200 OK
2025-04-17 20:01:14,187 DEBUG o.s.c.l.CompositeLog [DiscoveryClient-CacheRefreshExecutor-0] Response 200 OK
2025-04-17 20:01:14,187 DEBUG o.s.c.l.CompositeLog [DiscoveryClient-CacheRefreshExecutor-0] Reading to [org.springframework.cloud.netflix.eureka.http.EurekaApplications]
2025-04-17 20:01:32,017 INFO c.n.d.s.r.a.ConfigClusterResolver [AsyncResolver-bootstrap-executor-0] Resolving eureka endpoints via configuration
2025-04-17 20:01:44,174 DEBUG o.s.c.l.CompositeLog [DiscoveryClient-HeartbeatExecutor-0] HTTP PUT http://localhost:8761/eureka/apps/USER-MANAGEMENT/192.168.1.4:user-management:8888?status=UP&lastDirtyTimestamp=1744897969423
2025-04-17 20:01:44,174 DEBUG o.s.c.l.CompositeLog [DiscoveryClient-HeartbeatExecutor-0] Accept=[application/json, application/*+json]
2025-04-17 20:01:44,190 DEBUG o.s.c.l.CompositeLog [DiscoveryClient-CacheRefreshExecutor-0] HTTP GET http://localhost:8761/eureka/apps/delta
2025-04-17 20:01:44,190 DEBUG o.s.c.l.CompositeLog [DiscoveryClient-CacheRefreshExecutor-0] Accept=[application/json, application/*+json]
2025-04-17 20:01:44,191 DEBUG o.s.c.l.CompositeLog [DiscoveryClient-HeartbeatExecutor-0] Response 200 OK
2025-04-17 20:01:44,206 DEBUG o.s.c.l.CompositeLog [DiscoveryClient-CacheRefreshExecutor-0] Response 200 OK
2025-04-17 20:01:44,206 DEBUG o.s.c.l.CompositeLog [DiscoveryClient-CacheRefreshExecutor-0] Reading to [org.springframework.cloud.netflix.eureka.http.EurekaApplications]
2025-04-17 20:02:14,205 DEBUG o.s.c.l.CompositeLog [DiscoveryClient-HeartbeatExecutor-0] HTTP PUT http://localhost:8761/eureka/apps/USER-MANAGEMENT/192.168.1.4:user-management:8888?status=UP&lastDirtyTimestamp=1744897969423
2025-04-17 20:02:14,206 DEBUG o.s.c.l.CompositeLog [DiscoveryClient-HeartbeatExecutor-0] Accept=[application/json, application/*+json]
2025-04-17 20:02:14,221 DEBUG o.s.c.l.CompositeLog [DiscoveryClient-CacheRefreshExecutor-0] HTTP GET http://localhost:8761/eureka/apps/delta
2025-04-17 20:02:14,221 DEBUG o.s.c.l.CompositeLog [DiscoveryClient-CacheRefreshExecutor-0] Accept=[application/json, application/*+json]
2025-04-17 20:02:14,222 DEBUG o.s.c.l.CompositeLog [DiscoveryClient-HeartbeatExecutor-0] Response 200 OK
2025-04-17 20:02:14,238 DEBUG o.s.c.l.CompositeLog [DiscoveryClient-CacheRefreshExecutor-0] Response 200 OK
2025-04-17 20:02:14,238 DEBUG o.s.c.l.CompositeLog [DiscoveryClient-CacheRefreshExecutor-0] Reading to [org.springframework.cloud.netflix.eureka.http.EurekaApplications]
2025-04-17 20:02:44,225 DEBUG o.s.c.l.CompositeLog [DiscoveryClient-HeartbeatExecutor-0] HTTP PUT http://localhost:8761/eureka/apps/USER-MANAGEMENT/192.168.1.4:user-management:8888?status=UP&lastDirtyTimestamp=1744897969423
2025-04-17 20:02:44,225 DEBUG o.s.c.l.CompositeLog [DiscoveryClient-HeartbeatExecutor-0] Accept=[application/json, application/*+json]
2025-04-17 20:02:44,240 DEBUG o.s.c.l.CompositeLog [DiscoveryClient-CacheRefreshExecutor-0] HTTP GET http://localhost:8761/eureka/apps/delta
2025-04-17 20:02:44,240 DEBUG o.s.c.l.CompositeLog [DiscoveryClient-CacheRefreshExecutor-0] Accept=[application/json, application/*+json]
2025-04-17 20:02:44,241 DEBUG o.s.c.l.CompositeLog [DiscoveryClient-HeartbeatExecutor-0] Response 200 OK
2025-04-17 20:02:44,256 DEBUG o.s.c.l.CompositeLog [DiscoveryClient-CacheRefreshExecutor-0] Response 200 OK
2025-04-17 20:02:44,256 DEBUG o.s.c.l.CompositeLog [DiscoveryClient-CacheRefreshExecutor-0] Reading to [org.springframework.cloud.netflix.eureka.http.EurekaApplications]
2025-04-17 20:03:14,249 DEBUG o.s.c.l.CompositeLog [DiscoveryClient-HeartbeatExecutor-0] HTTP PUT http://localhost:8761/eureka/apps/USER-MANAGEMENT/192.168.1.4:user-management:8888?status=UP&lastDirtyTimestamp=1744897969423
2025-04-17 20:03:14,250 DEBUG o.s.c.l.CompositeLog [DiscoveryClient-HeartbeatExecutor-0] Accept=[application/json, application/*+json]
2025-04-17 20:03:14,264 DEBUG o.s.c.l.CompositeLog [DiscoveryClient-CacheRefreshExecutor-0] HTTP GET http://localhost:8761/eureka/apps/delta
2025-04-17 20:03:14,264 DEBUG o.s.c.l.CompositeLog [DiscoveryClient-CacheRefreshExecutor-0] Accept=[application/json, application/*+json]
2025-04-17 20:03:14,265 DEBUG o.s.c.l.CompositeLog [DiscoveryClient-HeartbeatExecutor-0] Response 200 OK
2025-04-17 20:03:14,281 DEBUG o.s.c.l.CompositeLog [DiscoveryClient-CacheRefreshExecutor-0] Response 200 OK
2025-04-17 20:03:14,281 DEBUG o.s.c.l.CompositeLog [DiscoveryClient-CacheRefreshExecutor-0] Reading to [org.springframework.cloud.netflix.eureka.http.EurekaApplications]
2025-04-17 20:03:44,268 DEBUG o.s.c.l.CompositeLog [DiscoveryClient-HeartbeatExecutor-0] HTTP PUT http://localhost:8761/eureka/apps/USER-MANAGEMENT/192.168.1.4:user-management:8888?status=UP&lastDirtyTimestamp=1744897969423
2025-04-17 20:03:44,268 DEBUG o.s.c.l.CompositeLog [DiscoveryClient-HeartbeatExecutor-0] Accept=[application/json, application/*+json]
2025-04-17 20:03:44,271 DEBUG o.s.c.l.CompositeLog [DiscoveryClient-HeartbeatExecutor-0] Response 200 OK
2025-04-17 20:03:44,282 DEBUG o.s.c.l.CompositeLog [DiscoveryClient-CacheRefreshExecutor-0] HTTP GET http://localhost:8761/eureka/apps/delta
2025-04-17 20:03:44,282 DEBUG o.s.c.l.CompositeLog [DiscoveryClient-CacheRefreshExecutor-0] Accept=[application/json, application/*+json]
2025-04-17 20:03:44,300 DEBUG o.s.c.l.CompositeLog [DiscoveryClient-CacheRefreshExecutor-0] Response 200 OK
2025-04-17 20:03:44,300 DEBUG o.s.c.l.CompositeLog [DiscoveryClient-CacheRefreshExecutor-0] Reading to [org.springframework.cloud.netflix.eureka.http.EurekaApplications]
2025-04-17 20:04:14,286 DEBUG o.s.c.l.CompositeLog [DiscoveryClient-HeartbeatExecutor-0] HTTP PUT http://localhost:8761/eureka/apps/USER-MANAGEMENT/192.168.1.4:user-management:8888?status=UP&lastDirtyTimestamp=1744897969423
2025-04-17 20:04:14,287 DEBUG o.s.c.l.CompositeLog [DiscoveryClient-HeartbeatExecutor-0] Accept=[application/json, application/*+json]
2025-04-17 20:04:14,302 DEBUG o.s.c.l.CompositeLog [DiscoveryClient-CacheRefreshExecutor-0] HTTP GET http://localhost:8761/eureka/apps/delta
2025-04-17 20:04:14,303 DEBUG o.s.c.l.CompositeLog [DiscoveryClient-CacheRefreshExecutor-0] Accept=[application/json, application/*+json]
2025-04-17 20:04:14,304 DEBUG o.s.c.l.CompositeLog [DiscoveryClient-HeartbeatExecutor-0] Response 200 OK
2025-04-17 20:04:14,318 DEBUG o.s.c.l.CompositeLog [DiscoveryClient-CacheRefreshExecutor-0] Response 200 OK
2025-04-17 20:04:14,319 DEBUG o.s.c.l.CompositeLog [DiscoveryClient-CacheRefreshExecutor-0] Reading to [org.springframework.cloud.netflix.eureka.http.EurekaApplications]
2025-04-17 20:04:44,309 DEBUG o.s.c.l.CompositeLog [DiscoveryClient-HeartbeatExecutor-0] HTTP PUT http://localhost:8761/eureka/apps/USER-MANAGEMENT/192.168.1.4:user-management:8888?status=UP&lastDirtyTimestamp=1744897969423
2025-04-17 20:04:44,310 DEBUG o.s.c.l.CompositeLog [DiscoveryClient-HeartbeatExecutor-0] Accept=[application/json, application/*+json]
2025-04-17 20:04:44,324 DEBUG o.s.c.l.CompositeLog [DiscoveryClient-CacheRefreshExecutor-0] HTTP GET http://localhost:8761/eureka/apps/delta
2025-04-17 20:04:44,324 DEBUG o.s.c.l.CompositeLog [DiscoveryClient-CacheRefreshExecutor-0] Accept=[application/json, application/*+json]
2025-04-17 20:04:44,325 DEBUG o.s.c.l.CompositeLog [DiscoveryClient-HeartbeatExecutor-0] Response 200 OK
2025-04-17 20:04:44,340 DEBUG o.s.c.l.CompositeLog [DiscoveryClient-CacheRefreshExecutor-0] Response 200 OK
2025-04-17 20:04:44,340 DEBUG o.s.c.l.CompositeLog [DiscoveryClient-CacheRefreshExecutor-0] Reading to [org.springframework.cloud.netflix.eureka.http.EurekaApplications]
2025-04-17 20:05:14,341 DEBUG o.s.c.l.CompositeLog [DiscoveryClient-HeartbeatExecutor-0] HTTP PUT http://localhost:8761/eureka/apps/USER-MANAGEMENT/192.168.1.4:user-management:8888?status=UP&lastDirtyTimestamp=1744897969423
2025-04-17 20:05:14,341 DEBUG o.s.c.l.CompositeLog [DiscoveryClient-HeartbeatExecutor-0] Accept=[application/json, application/*+json]
2025-04-17 20:05:14,356 DEBUG o.s.c.l.CompositeLog [DiscoveryClient-CacheRefreshExecutor-0] HTTP GET http://localhost:8761/eureka/apps/delta
2025-04-17 20:05:14,356 DEBUG o.s.c.l.CompositeLog [DiscoveryClient-CacheRefreshExecutor-0] Accept=[application/json, application/*+json]
2025-04-17 20:05:14,357 DEBUG o.s.c.l.CompositeLog [DiscoveryClient-HeartbeatExecutor-0] Response 200 OK
2025-04-17 20:05:14,373 DEBUG o.s.c.l.CompositeLog [DiscoveryClient-CacheRefreshExecutor-0] Response 200 OK
2025-04-17 20:05:14,373 DEBUG o.s.c.l.CompositeLog [DiscoveryClient-CacheRefreshExecutor-0] Reading to [org.springframework.cloud.netflix.eureka.http.EurekaApplications]
2025-04-17 20:05:44,361 DEBUG o.s.c.l.CompositeLog [DiscoveryClient-HeartbeatExecutor-0] HTTP PUT http://localhost:8761/eureka/apps/USER-MANAGEMENT/192.168.1.4:user-management:8888?status=UP&lastDirtyTimestamp=1744897969423
2025-04-17 20:05:44,361 DEBUG o.s.c.l.CompositeLog [DiscoveryClient-HeartbeatExecutor-0] Accept=[application/json, application/*+json]
2025-04-17 20:05:44,378 DEBUG o.s.c.l.CompositeLog [DiscoveryClient-HeartbeatExecutor-0] Response 200 OK
2025-04-17 20:05:44,392 DEBUG o.s.c.l.CompositeLog [DiscoveryClient-CacheRefreshExecutor-0] HTTP GET http://localhost:8761/eureka/apps/delta
2025-04-17 20:05:44,392 DEBUG o.s.c.l.CompositeLog [DiscoveryClient-CacheRefreshExecutor-0] Accept=[application/json, application/*+json]
2025-04-17 20:05:44,408 DEBUG o.s.c.l.CompositeLog [DiscoveryClient-CacheRefreshExecutor-0] Response 200 OK
2025-04-17 20:05:44,408 DEBUG o.s.c.l.CompositeLog [DiscoveryClient-CacheRefreshExecutor-0] Reading to [org.springframework.cloud.netflix.eureka.http.EurekaApplications]
2025-04-17 20:06:14,382 DEBUG o.s.c.l.CompositeLog [DiscoveryClient-HeartbeatExecutor-0] HTTP PUT http://localhost:8761/eureka/apps/USER-MANAGEMENT/192.168.1.4:user-management:8888?status=UP&lastDirtyTimestamp=1744897969423
2025-04-17 20:06:14,382 DEBUG o.s.c.l.CompositeLog [DiscoveryClient-HeartbeatExecutor-0] Accept=[application/json, application/*+json]
2025-04-17 20:06:14,399 DEBUG o.s.c.l.CompositeLog [DiscoveryClient-HeartbeatExecutor-0] Response 200 OK
2025-04-17 20:06:14,413 DEBUG o.s.c.l.CompositeLog [DiscoveryClient-CacheRefreshExecutor-0] HTTP GET http://localhost:8761/eureka/apps/delta
2025-04-17 20:06:14,413 DEBUG o.s.c.l.CompositeLog [DiscoveryClient-CacheRefreshExecutor-0] Accept=[application/json, application/*+json]
2025-04-17 20:06:14,430 DEBUG o.s.c.l.CompositeLog [DiscoveryClient-CacheRefreshExecutor-0] Response 200 OK
2025-04-17 20:06:14,431 DEBUG o.s.c.l.CompositeLog [DiscoveryClient-CacheRefreshExecutor-0] Reading to [org.springframework.cloud.netflix.eureka.http.EurekaApplications]
2025-04-17 20:06:32,024 INFO c.n.d.s.r.a.ConfigClusterResolver [AsyncResolver-bootstrap-executor-0] Resolving eureka endpoints via configuration
2025-04-17 20:06:44,403 DEBUG o.s.c.l.CompositeLog [DiscoveryClient-HeartbeatExecutor-0] HTTP PUT http://localhost:8761/eureka/apps/USER-MANAGEMENT/192.168.1.4:user-management:8888?status=UP&lastDirtyTimestamp=1744897969423
2025-04-17 20:06:44,403 DEBUG o.s.c.l.CompositeLog [DiscoveryClient-HeartbeatExecutor-0] Accept=[application/json, application/*+json]
2025-04-17 20:06:44,420 DEBUG o.s.c.l.CompositeLog [DiscoveryClient-HeartbeatExecutor-0] Response 200 OK
2025-04-17 20:06:44,435 DEBUG o.s.c.l.CompositeLog [DiscoveryClient-CacheRefreshExecutor-0] HTTP GET http://localhost:8761/eureka/apps/delta
2025-04-17 20:06:44,436 DEBUG o.s.c.l.CompositeLog [DiscoveryClient-CacheRefreshExecutor-0] Accept=[application/json, application/*+json]
2025-04-17 20:06:44,452 DEBUG o.s.c.l.CompositeLog [DiscoveryClient-CacheRefreshExecutor-0] Response 200 OK
2025-04-17 20:06:44,452 DEBUG o.s.c.l.CompositeLog [DiscoveryClient-CacheRefreshExecutor-0] Reading to [org.springframework.cloud.netflix.eureka.http.EurekaApplications]
2025-04-17 20:07:14,427 DEBUG o.s.c.l.CompositeLog [DiscoveryClient-HeartbeatExecutor-0] HTTP PUT http://localhost:8761/eureka/apps/USER-MANAGEMENT/192.168.1.4:user-management:8888?status=UP&lastDirtyTimestamp=1744897969423
2025-04-17 20:07:14,431 DEBUG o.s.c.l.CompositeLog [DiscoveryClient-HeartbeatExecutor-0] Accept=[application/json, application/*+json]
2025-04-17 20:07:14,434 DEBUG o.s.c.l.CompositeLog [DiscoveryClient-HeartbeatExecutor-0] Response 200 OK
2025-04-17 20:07:14,456 DEBUG o.s.c.l.CompositeLog [DiscoveryClient-CacheRefreshExecutor-0] HTTP GET http://localhost:8761/eureka/apps/delta
2025-04-17 20:07:14,456 DEBUG o.s.c.l.CompositeLog [DiscoveryClient-CacheRefreshExecutor-0] Accept=[application/json, application/*+json]
2025-04-17 20:07:14,473 DEBUG o.s.c.l.CompositeLog [DiscoveryClient-CacheRefreshExecutor-0] Response 200 OK
2025-04-17 20:07:14,473 DEBUG o.s.c.l.CompositeLog [DiscoveryClient-CacheRefreshExecutor-0] Reading to [org.springframework.cloud.netflix.eureka.http.EurekaApplications]
2025-04-17 20:07:44,434 DEBUG o.s.c.l.CompositeLog [DiscoveryClient-HeartbeatExecutor-0] HTTP PUT http://localhost:8761/eureka/apps/USER-MANAGEMENT/192.168.1.4:user-management:8888?status=UP&lastDirtyTimestamp=1744897969423
2025-04-17 20:07:44,435 DEBUG o.s.c.l.CompositeLog [DiscoveryClient-HeartbeatExecutor-0] Accept=[application/json, application/*+json]
2025-04-17 20:07:44,451 DEBUG o.s.c.l.CompositeLog [DiscoveryClient-HeartbeatExecutor-0] Response 200 OK
2025-04-17 20:07:44,481 DEBUG o.s.c.l.CompositeLog [DiscoveryClient-CacheRefreshExecutor-0] HTTP GET http://localhost:8761/eureka/apps/delta
2025-04-17 20:07:44,482 DEBUG o.s.c.l.CompositeLog [DiscoveryClient-CacheRefreshExecutor-0] Accept=[application/json, application/*+json]
2025-04-17 20:07:44,499 DEBUG o.s.c.l.CompositeLog [DiscoveryClient-CacheRefreshExecutor-0] Response 200 OK
2025-04-17 20:07:44,499 DEBUG o.s.c.l.CompositeLog [DiscoveryClient-CacheRefreshExecutor-0] Reading to [org.springframework.cloud.netflix.eureka.http.EurekaApplications]
2025-04-17 20:08:14,460 DEBUG o.s.c.l.CompositeLog [DiscoveryClient-HeartbeatExecutor-0] HTTP PUT http://localhost:8761/eureka/apps/USER-MANAGEMENT/192.168.1.4:user-management:8888?status=UP&lastDirtyTimestamp=1744897969423
2025-04-17 20:08:14,460 DEBUG o.s.c.l.CompositeLog [DiscoveryClient-HeartbeatExecutor-0] Accept=[application/json, application/*+json]
2025-04-17 20:08:14,476 DEBUG o.s.c.l.CompositeLog [DiscoveryClient-HeartbeatExecutor-0] Response 200 OK
2025-04-17 20:08:14,506 DEBUG o.s.c.l.CompositeLog [DiscoveryClient-CacheRefreshExecutor-0] HTTP GET http://localhost:8761/eureka/apps/delta
2025-04-17 20:08:14,507 DEBUG o.s.c.l.CompositeLog [DiscoveryClient-CacheRefreshExecutor-0] Accept=[application/json, application/*+json]
2025-04-17 20:08:14,522 DEBUG o.s.c.l.CompositeLog [DiscoveryClient-CacheRefreshExecutor-0] Response 200 OK
2025-04-17 20:08:14,523 DEBUG o.s.c.l.CompositeLog [DiscoveryClient-CacheRefreshExecutor-0] Reading to [org.springframework.cloud.netflix.eureka.http.EurekaApplications]
2025-04-17 20:08:44,479 DEBUG o.s.c.l.CompositeLog [DiscoveryClient-HeartbeatExecutor-0] HTTP PUT http://localhost:8761/eureka/apps/USER-MANAGEMENT/192.168.1.4:user-management:8888?status=UP&lastDirtyTimestamp=1744897969423
2025-04-17 20:08:44,479 DEBUG o.s.c.l.CompositeLog [DiscoveryClient-HeartbeatExecutor-0] Accept=[application/json, application/*+json]
2025-04-17 20:08:44,495 DEBUG o.s.c.l.CompositeLog [DiscoveryClient-HeartbeatExecutor-0] Response 200 OK
2025-04-17 20:08:44,526 DEBUG o.s.c.l.CompositeLog [DiscoveryClient-CacheRefreshExecutor-0] HTTP GET http://localhost:8761/eureka/apps/delta
2025-04-17 20:08:44,526 DEBUG o.s.c.l.CompositeLog [DiscoveryClient-CacheRefreshExecutor-0] Accept=[application/json, application/*+json]
2025-04-17 20:08:44,542 DEBUG o.s.c.l.CompositeLog [DiscoveryClient-CacheRefreshExecutor-0] Response 200 OK
2025-04-17 20:08:44,542 DEBUG o.s.c.l.CompositeLog [DiscoveryClient-CacheRefreshExecutor-0] Reading to [org.springframework.cloud.netflix.eureka.http.EurekaApplications]
2025-04-17 20:09:14,498 DEBUG o.s.c.l.CompositeLog [DiscoveryClient-HeartbeatExecutor-0] HTTP PUT http://localhost:8761/eureka/apps/USER-MANAGEMENT/192.168.1.4:user-management:8888?status=UP&lastDirtyTimestamp=1744897969423
2025-04-17 20:09:14,499 DEBUG o.s.c.l.CompositeLog [DiscoveryClient-HeartbeatExecutor-0] Accept=[application/json, application/*+json]
2025-04-17 20:09:14,514 DEBUG o.s.c.l.CompositeLog [DiscoveryClient-HeartbeatExecutor-0] Response 200 OK
2025-04-17 20:09:14,558 DEBUG o.s.c.l.CompositeLog [DiscoveryClient-CacheRefreshExecutor-0] HTTP GET http://localhost:8761/eureka/apps/delta
2025-04-17 20:09:14,558 DEBUG o.s.c.l.CompositeLog [DiscoveryClient-CacheRefreshExecutor-0] Accept=[application/json, application/*+json]
2025-04-17 20:09:14,574 DEBUG o.s.c.l.CompositeLog [DiscoveryClient-CacheRefreshExecutor-0] Response 200 OK
2025-04-17 20:09:14,575 DEBUG o.s.c.l.CompositeLog [DiscoveryClient-CacheRefreshExecutor-0] Reading to [org.springframework.cloud.netflix.eureka.http.EurekaApplications]
2025-04-17 20:09:44,517 DEBUG o.s.c.l.CompositeLog [DiscoveryClient-HeartbeatExecutor-0] HTTP PUT http://localhost:8761/eureka/apps/USER-MANAGEMENT/192.168.1.4:user-management:8888?status=UP&lastDirtyTimestamp=1744897969423
2025-04-17 20:09:44,518 DEBUG o.s.c.l.CompositeLog [DiscoveryClient-HeartbeatExecutor-0] Accept=[application/json, application/*+json]
2025-04-17 20:09:44,534 DEBUG o.s.c.l.CompositeLog [DiscoveryClient-HeartbeatExecutor-0] Response 200 OK
2025-04-17 20:09:44,579 DEBUG o.s.c.l.CompositeLog [DiscoveryClient-CacheRefreshExecutor-0] HTTP GET http://localhost:8761/eureka/apps/delta
2025-04-17 20:09:44,579 DEBUG o.s.c.l.CompositeLog [DiscoveryClient-CacheRefreshExecutor-0] Accept=[application/json, application/*+json]
2025-04-17 20:09:44,596 DEBUG o.s.c.l.CompositeLog [DiscoveryClient-CacheRefreshExecutor-0] Response 200 OK
2025-04-17 20:09:44,596 DEBUG o.s.c.l.CompositeLog [DiscoveryClient-CacheRefreshExecutor-0] Reading to [org.springframework.cloud.netflix.eureka.http.EurekaApplications]
2025-04-17 20:10:14,549 DEBUG o.s.c.l.CompositeLog [DiscoveryClient-HeartbeatExecutor-0] HTTP PUT http://localhost:8761/eureka/apps/USER-MANAGEMENT/192.168.1.4:user-management:8888?status=UP&lastDirtyTimestamp=1744897969423
2025-04-17 20:10:14,550 DEBUG o.s.c.l.CompositeLog [DiscoveryClient-HeartbeatExecutor-0] Accept=[application/json, application/*+json]
2025-04-17 20:10:14,567 DEBUG o.s.c.l.CompositeLog [DiscoveryClient-HeartbeatExecutor-0] Response 200 OK
2025-04-17 20:10:14,611 DEBUG o.s.c.l.CompositeLog [DiscoveryClient-CacheRefreshExecutor-0] HTTP GET http://localhost:8761/eureka/apps/delta
2025-04-17 20:10:14,611 DEBUG o.s.c.l.CompositeLog [DiscoveryClient-CacheRefreshExecutor-0] Accept=[application/json, application/*+json]
2025-04-17 20:10:14,628 DEBUG o.s.c.l.CompositeLog [DiscoveryClient-CacheRefreshExecutor-0] Response 200 OK
2025-04-17 20:10:14,629 DEBUG o.s.c.l.CompositeLog [DiscoveryClient-CacheRefreshExecutor-0] Reading to [org.springframework.cloud.netflix.eureka.http.EurekaApplications]
2025-04-17 20:10:44,575 DEBUG o.s.c.l.CompositeLog [DiscoveryClient-HeartbeatExecutor-0] HTTP PUT http://localhost:8761/eureka/apps/USER-MANAGEMENT/192.168.1.4:user-management:8888?status=UP&lastDirtyTimestamp=1744897969423
2025-04-17 20:10:44,576 DEBUG o.s.c.l.CompositeLog [DiscoveryClient-HeartbeatExecutor-0] Accept=[application/json, application/*+json]
2025-04-17 20:10:44,591 DEBUG o.s.c.l.CompositeLog [DiscoveryClient-HeartbeatExecutor-0] Response 200 OK
2025-04-17 20:10:44,637 DEBUG o.s.c.l.CompositeLog [DiscoveryClient-CacheRefreshExecutor-0] HTTP GET http://localhost:8761/eureka/apps/delta
2025-04-17 20:10:44,637 DEBUG o.s.c.l.CompositeLog [DiscoveryClient-CacheRefreshExecutor-0] Accept=[application/json, application/*+json]
2025-04-17 20:10:44,653 DEBUG o.s.c.l.CompositeLog [DiscoveryClient-CacheRefreshExecutor-0] Response 200 OK
2025-04-17 20:10:44,653 DEBUG o.s.c.l.CompositeLog [DiscoveryClient-CacheRefreshExecutor-0] Reading to [org.springframework.cloud.netflix.eureka.http.EurekaApplications]
2025-04-17 20:11:14,603 DEBUG o.s.c.l.CompositeLog [DiscoveryClient-HeartbeatExecutor-0] HTTP PUT http://localhost:8761/eureka/apps/USER-MANAGEMENT/192.168.1.4:user-management:8888?status=UP&lastDirtyTimestamp=1744897969423
2025-04-17 20:11:14,603 DEBUG o.s.c.l.CompositeLog [DiscoveryClient-HeartbeatExecutor-0] Accept=[application/json, application/*+json]
2025-04-17 20:11:14,620 DEBUG o.s.c.l.CompositeLog [DiscoveryClient-HeartbeatExecutor-0] Response 200 OK
2025-04-17 20:11:14,670 DEBUG o.s.c.l.CompositeLog [DiscoveryClient-CacheRefreshExecutor-0] HTTP GET http://localhost:8761/eureka/apps/delta
2025-04-17 20:11:14,671 DEBUG o.s.c.l.CompositeLog [DiscoveryClient-CacheRefreshExecutor-0] Accept=[application/json, application/*+json]
2025-04-17 20:11:14,683 DEBUG o.s.c.l.CompositeLog [DiscoveryClient-CacheRefreshExecutor-0] Response 200 OK
2025-04-17 20:11:14,683 DEBUG o.s.c.l.CompositeLog [DiscoveryClient-CacheRefreshExecutor-0] Reading to [org.springframework.cloud.netflix.eureka.http.EurekaApplications]
2025-04-17 20:11:32,034 INFO c.n.d.s.r.a.ConfigClusterResolver [AsyncResolver-bootstrap-executor-0] Resolving eureka endpoints via configuration
2025-04-17 20:11:44,635 DEBUG o.s.c.l.CompositeLog [DiscoveryClient-HeartbeatExecutor-0] HTTP PUT http://localhost:8761/eureka/apps/USER-MANAGEMENT/192.168.1.4:user-management:8888?status=UP&lastDirtyTimestamp=1744897969423
2025-04-17 20:11:44,635 DEBUG o.s.c.l.CompositeLog [DiscoveryClient-HeartbeatExecutor-0] Accept=[application/json, application/*+json]
2025-04-17 20:11:44,652 DEBUG o.s.c.l.CompositeLog [DiscoveryClient-HeartbeatExecutor-0] Response 200 OK
2025-04-17 20:11:44,697 DEBUG o.s.c.l.CompositeLog [DiscoveryClient-CacheRefreshExecutor-0] HTTP GET http://localhost:8761/eureka/apps/delta
2025-04-17 20:11:44,698 DEBUG o.s.c.l.CompositeLog [DiscoveryClient-CacheRefreshExecutor-0] Accept=[application/json, application/*+json]
2025-04-17 20:11:44,714 DEBUG o.s.c.l.CompositeLog [DiscoveryClient-CacheRefreshExecutor-0] Response 200 OK
2025-04-17 20:11:44,716 DEBUG o.s.c.l.CompositeLog [DiscoveryClient-CacheRefreshExecutor-0] Reading to [org.springframework.cloud.netflix.eureka.http.EurekaApplications]
2025-04-17 20:12:14,664 DEBUG o.s.c.l.CompositeLog [DiscoveryClient-HeartbeatExecutor-0] HTTP PUT http://localhost:8761/eureka/apps/USER-MANAGEMENT/192.168.1.4:user-management:8888?status=UP&lastDirtyTimestamp=1744897969423
2025-04-17 20:12:14,664 DEBUG o.s.c.l.CompositeLog [DiscoveryClient-HeartbeatExecutor-0] Accept=[application/json, application/*+json]
2025-04-17 20:12:14,681 DEBUG o.s.c.l.CompositeLog [DiscoveryClient-HeartbeatExecutor-0] Response 200 OK
2025-04-17 20:12:14,726 DEBUG o.s.c.l.CompositeLog [DiscoveryClient-CacheRefreshExecutor-0] HTTP GET http://localhost:8761/eureka/apps/delta
2025-04-17 20:12:14,727 DEBUG o.s.c.l.CompositeLog [DiscoveryClient-CacheRefreshExecutor-0] Accept=[application/json, application/*+json]
2025-04-17 20:12:14,744 DEBUG o.s.c.l.CompositeLog [DiscoveryClient-CacheRefreshExecutor-0] Response 200 OK
2025-04-17 20:12:14,744 DEBUG o.s.c.l.CompositeLog [DiscoveryClient-CacheRefreshExecutor-0] Reading to [org.springframework.cloud.netflix.eureka.http.EurekaApplications]
2025-04-17 20:12:44,694 DEBUG o.s.c.l.CompositeLog [DiscoveryClient-HeartbeatExecutor-0] HTTP PUT http://localhost:8761/eureka/apps/USER-MANAGEMENT/192.168.1.4:user-management:8888?status=UP&lastDirtyTimestamp=1744897969423
2025-04-17 20:12:44,694 DEBUG o.s.c.l.CompositeLog [DiscoveryClient-HeartbeatExecutor-0] Accept=[application/json, application/*+json]
2025-04-17 20:12:44,711 DEBUG o.s.c.l.CompositeLog [DiscoveryClient-HeartbeatExecutor-0] Response 200 OK
2025-04-17 20:12:44,757 DEBUG o.s.c.l.CompositeLog [DiscoveryClient-CacheRefreshExecutor-0] HTTP GET http://localhost:8761/eureka/apps/delta
2025-04-17 20:12:44,757 DEBUG o.s.c.l.CompositeLog [DiscoveryClient-CacheRefreshExecutor-0] Accept=[application/json, application/*+json]
2025-04-17 20:12:44,774 DEBUG o.s.c.l.CompositeLog [DiscoveryClient-CacheRefreshExecutor-0] Response 200 OK
2025-04-17 20:12:44,774 DEBUG o.s.c.l.CompositeLog [DiscoveryClient-CacheRefreshExecutor-0] Reading to [org.springframework.cloud.netflix.eureka.http.EurekaApplications]
2025-04-17 20:13:14,712 DEBUG o.s.c.l.CompositeLog [DiscoveryClient-HeartbeatExecutor-0] HTTP PUT http://localhost:8761/eureka/apps/USER-MANAGEMENT/192.168.1.4:user-management:8888?status=UP&lastDirtyTimestamp=1744897969423
2025-04-17 20:13:14,713 DEBUG o.s.c.l.CompositeLog [DiscoveryClient-HeartbeatExecutor-0] Accept=[application/json, application/*+json]
2025-04-17 20:13:14,728 DEBUG o.s.c.l.CompositeLog [DiscoveryClient-HeartbeatExecutor-0] Response 200 OK
2025-04-17 20:13:14,790 DEBUG o.s.c.l.CompositeLog [DiscoveryClient-CacheRefreshExecutor-0] HTTP GET http://localhost:8761/eureka/apps/delta
2025-04-17 20:13:14,790 DEBUG o.s.c.l.CompositeLog [DiscoveryClient-CacheRefreshExecutor-0] Accept=[application/json, application/*+json]
2025-04-17 20:13:14,806 DEBUG o.s.c.l.CompositeLog [DiscoveryClient-CacheRefreshExecutor-0] Response 200 OK
2025-04-17 20:13:14,806 DEBUG o.s.c.l.CompositeLog [DiscoveryClient-CacheRefreshExecutor-0] Reading to [org.springframework.cloud.netflix.eureka.http.EurekaApplications]
2025-04-17 20:13:44,737 DEBUG o.s.c.l.CompositeLog [DiscoveryClient-HeartbeatExecutor-0] HTTP PUT http://localhost:8761/eureka/apps/USER-MANAGEMENT/192.168.1.4:user-management:8888?status=UP&lastDirtyTimestamp=1744897969423
2025-04-17 20:13:44,738 DEBUG o.s.c.l.CompositeLog [DiscoveryClient-HeartbeatExecutor-0] Accept=[application/json, application/*+json]
2025-04-17 20:13:44,753 DEBUG o.s.c.l.CompositeLog [DiscoveryClient-HeartbeatExecutor-0] Response 200 OK
2025-04-17 20:13:44,815 DEBUG o.s.c.l.CompositeLog [DiscoveryClient-CacheRefreshExecutor-0] HTTP GET http://localhost:8761/eureka/apps/delta
2025-04-17 20:13:44,816 DEBUG o.s.c.l.CompositeLog [DiscoveryClient-CacheRefreshExecutor-0] Accept=[application/json, application/*+json]
2025-04-17 20:13:44,832 DEBUG o.s.c.l.CompositeLog [DiscoveryClient-CacheRefreshExecutor-0] Response 200 OK
2025-04-17 20:13:44,832 DEBUG o.s.c.l.CompositeLog [DiscoveryClient-CacheRefreshExecutor-0] Reading to [org.springframework.cloud.netflix.eureka.http.EurekaApplications]
2025-04-17 20:14:14,766 DEBUG o.s.c.l.CompositeLog [DiscoveryClient-HeartbeatExecutor-0] HTTP PUT http://localhost:8761/eureka/apps/USER-MANAGEMENT/192.168.1.4:user-management:8888?status=UP&lastDirtyTimestamp=1744897969423
2025-04-17 20:14:14,766 DEBUG o.s.c.l.CompositeLog [DiscoveryClient-HeartbeatExecutor-0] Accept=[application/json, application/*+json]
2025-04-17 20:14:14,783 DEBUG o.s.c.l.CompositeLog [DiscoveryClient-HeartbeatExecutor-0] Response 200 OK
2025-04-17 20:14:14,844 DEBUG o.s.c.l.CompositeLog [DiscoveryClient-CacheRefreshExecutor-0] HTTP GET http://localhost:8761/eureka/apps/delta
2025-04-17 20:14:14,844 DEBUG o.s.c.l.CompositeLog [DiscoveryClient-CacheRefreshExecutor-0] Accept=[application/json, application/*+json]
2025-04-17 20:14:14,860 DEBUG o.s.c.l.CompositeLog [DiscoveryClient-CacheRefreshExecutor-0] Response 200 OK
2025-04-17 20:14:14,861 DEBUG o.s.c.l.CompositeLog [DiscoveryClient-CacheRefreshExecutor-0] Reading to [org.springframework.cloud.netflix.eureka.http.EurekaApplications]
2025-04-17 20:14:44,797 DEBUG o.s.c.l.CompositeLog [DiscoveryClient-HeartbeatExecutor-0] HTTP PUT http://localhost:8761/eureka/apps/USER-MANAGEMENT/192.168.1.4:user-management:8888?status=UP&lastDirtyTimestamp=1744897969423
2025-04-17 20:14:44,798 DEBUG o.s.c.l.CompositeLog [DiscoveryClient-HeartbeatExecutor-0] Accept=[application/json, application/*+json]
2025-04-17 20:14:44,813 DEBUG o.s.c.l.CompositeLog [DiscoveryClient-HeartbeatExecutor-0] Response 200 OK
2025-04-17 20:14:44,876 DEBUG o.s.c.l.CompositeLog [DiscoveryClient-CacheRefreshExecutor-0] HTTP GET http://localhost:8761/eureka/apps/delta
2025-04-17 20:14:44,876 DEBUG o.s.c.l.CompositeLog [DiscoveryClient-CacheRefreshExecutor-0] Accept=[application/json, application/*+json]
2025-04-17 20:14:44,892 DEBUG o.s.c.l.CompositeLog [DiscoveryClient-CacheRefreshExecutor-0] Response 200 OK
2025-04-17 20:14:44,893 DEBUG o.s.c.l.CompositeLog [DiscoveryClient-CacheRefreshExecutor-0] Reading to [org.springframework.cloud.netflix.eureka.http.EurekaApplications]
2025-04-17 20:15:14,816 DEBUG o.s.c.l.CompositeLog [DiscoveryClient-HeartbeatExecutor-0] HTTP PUT http://localhost:8761/eureka/apps/USER-MANAGEMENT/192.168.1.4:user-management:8888?status=UP&lastDirtyTimestamp=1744897969423
2025-04-17 20:15:14,816 DEBUG o.s.c.l.CompositeLog [DiscoveryClient-HeartbeatExecutor-0] Accept=[application/json, application/*+json]
2025-04-17 20:15:14,833 DEBUG o.s.c.l.CompositeLog [DiscoveryClient-HeartbeatExecutor-0] Response 200 OK
2025-04-17 20:15:14,909 DEBUG o.s.c.l.CompositeLog [DiscoveryClient-CacheRefreshExecutor-0] HTTP GET http://localhost:8761/eureka/apps/delta
2025-04-17 20:15:14,909 DEBUG o.s.c.l.CompositeLog [DiscoveryClient-CacheRefreshExecutor-0] Accept=[application/json, application/*+json]
2025-04-17 20:15:14,925 DEBUG o.s.c.l.CompositeLog [DiscoveryClient-CacheRefreshExecutor-0] Response 200 OK
2025-04-17 20:15:14,925 DEBUG o.s.c.l.CompositeLog [DiscoveryClient-CacheRefreshExecutor-0] Reading to [org.springframework.cloud.netflix.eureka.http.EurekaApplications]
2025-04-17 20:15:44,840 DEBUG o.s.c.l.CompositeLog [DiscoveryClient-HeartbeatExecutor-0] HTTP PUT http://localhost:8761/eureka/apps/USER-MANAGEMENT/192.168.1.4:user-management:8888?status=UP&lastDirtyTimestamp=1744897969423
2025-04-17 20:15:44,840 DEBUG o.s.c.l.CompositeLog [DiscoveryClient-HeartbeatExecutor-0] Accept=[application/json, application/*+json]
2025-04-17 20:15:44,855 DEBUG o.s.c.l.CompositeLog [DiscoveryClient-HeartbeatExecutor-0] Response 200 OK
2025-04-17 20:15:44,931 DEBUG o.s.c.l.CompositeLog [DiscoveryClient-CacheRefreshExecutor-0] HTTP GET http://localhost:8761/eureka/apps/delta
2025-04-17 20:15:44,931 DEBUG o.s.c.l.CompositeLog [DiscoveryClient-CacheRefreshExecutor-0] Accept=[application/json, application/*+json]
2025-04-17 20:15:44,948 DEBUG o.s.c.l.CompositeLog [DiscoveryClient-CacheRefreshExecutor-0] Response 200 OK
2025-04-17 20:15:44,948 DEBUG o.s.c.l.CompositeLog [DiscoveryClient-CacheRefreshExecutor-0] Reading to [org.springframework.cloud.netflix.eureka.http.EurekaApplications]
2025-04-17 20:16:14,861 DEBUG o.s.c.l.CompositeLog [DiscoveryClient-HeartbeatExecutor-0] HTTP PUT http://localhost:8761/eureka/apps/USER-MANAGEMENT/192.168.1.4:user-management:8888?status=UP&lastDirtyTimestamp=1744897969423
2025-04-17 20:16:14,861 DEBUG o.s.c.l.CompositeLog [DiscoveryClient-HeartbeatExecutor-0] Accept=[application/json, application/*+json]
2025-04-17 20:16:14,877 DEBUG o.s.c.l.CompositeLog [DiscoveryClient-HeartbeatExecutor-0] Response 200 OK
2025-04-17 20:16:14,954 DEBUG o.s.c.l.CompositeLog [DiscoveryClient-CacheRefreshExecutor-0] HTTP GET http://localhost:8761/eureka/apps/delta
2025-04-17 20:16:14,954 DEBUG o.s.c.l.CompositeLog [DiscoveryClient-CacheRefreshExecutor-0] Accept=[application/json, application/*+json]
2025-04-17 20:16:14,971 DEBUG o.s.c.l.CompositeLog [DiscoveryClient-CacheRefreshExecutor-0] Response 200 OK
2025-04-17 20:16:14,971 DEBUG o.s.c.l.CompositeLog [DiscoveryClient-CacheRefreshExecutor-0] Reading to [org.springframework.cloud.netflix.eureka.http.EurekaApplications]
2025-04-17 20:16:32,040 INFO c.n.d.s.r.a.ConfigClusterResolver [AsyncResolver-bootstrap-executor-0] Resolving eureka endpoints via configuration
2025-04-17 20:16:44,884 DEBUG o.s.c.l.CompositeLog [DiscoveryClient-HeartbeatExecutor-0] HTTP PUT http://localhost:8761/eureka/apps/USER-MANAGEMENT/192.168.1.4:user-management:8888?status=UP&lastDirtyTimestamp=1744897969423
2025-04-17 20:16:44,885 DEBUG o.s.c.l.CompositeLog [DiscoveryClient-HeartbeatExecutor-0] Accept=[application/json, application/*+json]
2025-04-17 20:16:44,901 DEBUG o.s.c.l.CompositeLog [DiscoveryClient-HeartbeatExecutor-0] Response 200 OK
2025-04-17 20:16:44,977 DEBUG o.s.c.l.CompositeLog [DiscoveryClient-CacheRefreshExecutor-0] HTTP GET http://localhost:8761/eureka/apps/delta
2025-04-17 20:16:44,977 DEBUG o.s.c.l.CompositeLog [DiscoveryClient-CacheRefreshExecutor-0] Accept=[application/json, application/*+json]
2025-04-17 20:16:44,994 DEBUG o.s.c.l.CompositeLog [DiscoveryClient-CacheRefreshExecutor-0] Response 200 OK
2025-04-17 20:16:44,994 DEBUG o.s.c.l.CompositeLog [DiscoveryClient-CacheRefreshExecutor-0] Reading to [org.springframework.cloud.netflix.eureka.http.EurekaApplications]
2025-04-17 20:17:14,902 DEBUG o.s.c.l.CompositeLog [DiscoveryClient-HeartbeatExecutor-0] HTTP PUT http://localhost:8761/eureka/apps/USER-MANAGEMENT/192.168.1.4:user-management:8888?status=UP&lastDirtyTimestamp=1744897969423
2025-04-17 20:17:14,902 DEBUG o.s.c.l.CompositeLog [DiscoveryClient-HeartbeatExecutor-0] Accept=[application/json, application/*+json]
2025-04-17 20:17:14,918 DEBUG o.s.c.l.CompositeLog [DiscoveryClient-HeartbeatExecutor-0] Response 200 OK
2025-04-17 20:17:14,995 DEBUG o.s.c.l.CompositeLog [DiscoveryClient-CacheRefreshExecutor-0] HTTP GET http://localhost:8761/eureka/apps/delta
2025-04-17 20:17:14,996 DEBUG o.s.c.l.CompositeLog [DiscoveryClient-CacheRefreshExecutor-0] Accept=[application/json, application/*+json]
2025-04-17 20:17:15,013 DEBUG o.s.c.l.CompositeLog [DiscoveryClient-CacheRefreshExecutor-0] Response 200 OK
2025-04-17 20:17:15,014 DEBUG o.s.c.l.CompositeLog [DiscoveryClient-CacheRefreshExecutor-0] Reading to [org.springframework.cloud.netflix.eureka.http.EurekaApplications]
2025-04-17 20:17:44,927 DEBUG o.s.c.l.CompositeLog [DiscoveryClient-HeartbeatExecutor-0] HTTP PUT http://localhost:8761/eureka/apps/USER-MANAGEMENT/192.168.1.4:user-management:8888?status=UP&lastDirtyTimestamp=1744897969423
2025-04-17 20:17:44,927 DEBUG o.s.c.l.CompositeLog [DiscoveryClient-HeartbeatExecutor-0] Accept=[application/json, application/*+json]
2025-04-17 20:17:44,943 DEBUG o.s.c.l.CompositeLog [DiscoveryClient-HeartbeatExecutor-0] Response 200 OK
2025-04-17 20:17:45,020 DEBUG o.s.c.l.CompositeLog [DiscoveryClient-CacheRefreshExecutor-0] HTTP GET http://localhost:8761/eureka/apps/delta
2025-04-17 20:17:45,020 DEBUG o.s.c.l.CompositeLog [DiscoveryClient-CacheRefreshExecutor-0] Accept=[application/json, application/*+json]
2025-04-17 20:17:45,037 DEBUG o.s.c.l.CompositeLog [DiscoveryClient-CacheRefreshExecutor-0] Response 200 OK
2025-04-17 20:17:45,037 DEBUG o.s.c.l.CompositeLog [DiscoveryClient-CacheRefreshExecutor-0] Reading to [org.springframework.cloud.netflix.eureka.http.EurekaApplications]
2025-04-17 20:18:14,950 DEBUG o.s.c.l.CompositeLog [DiscoveryClient-HeartbeatExecutor-0] HTTP PUT http://localhost:8761/eureka/apps/USER-MANAGEMENT/192.168.1.4:user-management:8888?status=UP&lastDirtyTimestamp=1744897969423
2025-04-17 20:18:14,951 DEBUG o.s.c.l.CompositeLog [DiscoveryClient-HeartbeatExecutor-0] Accept=[application/json, application/*+json]
2025-04-17 20:18:14,966 DEBUG o.s.c.l.CompositeLog [DiscoveryClient-HeartbeatExecutor-0] Response 200 OK
2025-04-17 20:18:15,043 DEBUG o.s.c.l.CompositeLog [DiscoveryClient-CacheRefreshExecutor-0] HTTP GET http://localhost:8761/eureka/apps/delta
2025-04-17 20:18:15,043 DEBUG o.s.c.l.CompositeLog [DiscoveryClient-CacheRefreshExecutor-0] Accept=[application/json, application/*+json]
2025-04-17 20:18:15,059 DEBUG o.s.c.l.CompositeLog [DiscoveryClient-CacheRefreshExecutor-0] Response 200 OK
2025-04-17 20:18:15,059 DEBUG o.s.c.l.CompositeLog [DiscoveryClient-CacheRefreshExecutor-0] Reading to [org.springframework.cloud.netflix.eureka.http.EurekaApplications]
2025-04-17 20:18:44,973 DEBUG o.s.c.l.CompositeLog [DiscoveryClient-HeartbeatExecutor-0] HTTP PUT http://localhost:8761/eureka/apps/USER-MANAGEMENT/192.168.1.4:user-management:8888?status=UP&lastDirtyTimestamp=1744897969423
2025-04-17 20:18:44,973 DEBUG o.s.c.l.CompositeLog [DiscoveryClient-HeartbeatExecutor-0] Accept=[application/json, application/*+json]
2025-04-17 20:18:44,989 DEBUG o.s.c.l.CompositeLog [DiscoveryClient-HeartbeatExecutor-0] Response 200 OK
2025-04-17 20:18:45,065 DEBUG o.s.c.l.CompositeLog [DiscoveryClient-CacheRefreshExecutor-0] HTTP GET http://localhost:8761/eureka/apps/delta
2025-04-17 20:18:45,065 DEBUG o.s.c.l.CompositeLog [DiscoveryClient-CacheRefreshExecutor-0] Accept=[application/json, application/*+json]
2025-04-17 20:18:45,082 DEBUG o.s.c.l.CompositeLog [DiscoveryClient-CacheRefreshExecutor-0] Response 200 OK
2025-04-17 20:18:45,082 DEBUG o.s.c.l.CompositeLog [DiscoveryClient-CacheRefreshExecutor-0] Reading to [org.springframework.cloud.netflix.eureka.http.EurekaApplications]
2025-04-17 20:19:14,998 DEBUG o.s.c.l.CompositeLog [DiscoveryClient-HeartbeatExecutor-0] HTTP PUT http://localhost:8761/eureka/apps/USER-MANAGEMENT/192.168.1.4:user-management:8888?status=UP&lastDirtyTimestamp=1744897969423
2025-04-17 20:19:14,999 DEBUG o.s.c.l.CompositeLog [DiscoveryClient-HeartbeatExecutor-0] Accept=[application/json, application/*+json]
2025-04-17 20:19:15,015 DEBUG o.s.c.l.CompositeLog [DiscoveryClient-HeartbeatExecutor-0] Response 200 OK
2025-04-17 20:19:15,089 DEBUG o.s.c.l.CompositeLog [DiscoveryClient-CacheRefreshExecutor-0] HTTP GET http://localhost:8761/eureka/apps/delta
2025-04-17 20:19:15,090 DEBUG o.s.c.l.CompositeLog [DiscoveryClient-CacheRefreshExecutor-0] Accept=[application/json, application/*+json]
2025-04-17 20:19:15,105 DEBUG o.s.c.l.CompositeLog [DiscoveryClient-CacheRefreshExecutor-0] Response 200 OK
2025-04-17 20:19:15,106 DEBUG o.s.c.l.CompositeLog [DiscoveryClient-CacheRefreshExecutor-0] Reading to [org.springframework.cloud.netflix.eureka.http.EurekaApplications]
2025-04-17 20:19:45,029 DEBUG o.s.c.l.CompositeLog [DiscoveryClient-HeartbeatExecutor-0] HTTP PUT http://localhost:8761/eureka/apps/USER-MANAGEMENT/192.168.1.4:user-management:8888?status=UP&lastDirtyTimestamp=1744897969423
2025-04-17 20:19:45,029 DEBUG o.s.c.l.CompositeLog [DiscoveryClient-HeartbeatExecutor-0] Accept=[application/json, application/*+json]
2025-04-17 20:19:45,046 DEBUG o.s.c.l.CompositeLog [DiscoveryClient-HeartbeatExecutor-0] Response 200 OK
2025-04-17 20:19:45,119 DEBUG o.s.c.l.CompositeLog [DiscoveryClient-CacheRefreshExecutor-0] HTTP GET http://localhost:8761/eureka/apps/delta
2025-04-17 20:19:45,119 DEBUG o.s.c.l.CompositeLog [DiscoveryClient-CacheRefreshExecutor-0] Accept=[application/json, application/*+json]
2025-04-17 20:19:45,135 DEBUG o.s.c.l.CompositeLog [DiscoveryClient-CacheRefreshExecutor-0] Response 200 OK
2025-04-17 20:19:45,136 DEBUG o.s.c.l.CompositeLog [DiscoveryClient-CacheRefreshExecutor-0] Reading to [org.springframework.cloud.netflix.eureka.http.EurekaApplications]
2025-04-17 20:20:15,051 DEBUG o.s.c.l.CompositeLog [DiscoveryClient-HeartbeatExecutor-0] HTTP PUT http://localhost:8761/eureka/apps/USER-MANAGEMENT/192.168.1.4:user-management:8888?status=UP&lastDirtyTimestamp=1744897969423
2025-04-17 20:20:15,051 DEBUG o.s.c.l.CompositeLog [DiscoveryClient-HeartbeatExecutor-0] Accept=[application/json, application/*+json]
2025-04-17 20:20:15,067 DEBUG o.s.c.l.CompositeLog [DiscoveryClient-HeartbeatExecutor-0] Response 200 OK
2025-04-17 20:20:15,141 DEBUG o.s.c.l.CompositeLog [DiscoveryClient-CacheRefreshExecutor-0] HTTP GET http://localhost:8761/eureka/apps/delta
2025-04-17 20:20:15,141 DEBUG o.s.c.l.CompositeLog [DiscoveryClient-CacheRefreshExecutor-0] Accept=[application/json, application/*+json]
2025-04-17 20:20:15,157 DEBUG o.s.c.l.CompositeLog [DiscoveryClient-CacheRefreshExecutor-0] Response 200 OK
2025-04-17 20:20:15,157 DEBUG o.s.c.l.CompositeLog [DiscoveryClient-CacheRefreshExecutor-0] Reading to [org.springframework.cloud.netflix.eureka.http.EurekaApplications]
2025-04-17 20:20:45,076 DEBUG o.s.c.l.CompositeLog [DiscoveryClient-HeartbeatExecutor-0] HTTP PUT http://localhost:8761/eureka/apps/USER-MANAGEMENT/192.168.1.4:user-management:8888?status=UP&lastDirtyTimestamp=1744897969423
2025-04-17 20:20:45,077 DEBUG o.s.c.l.CompositeLog [DiscoveryClient-HeartbeatExecutor-0] Accept=[application/json, application/*+json]
2025-04-17 20:20:45,094 DEBUG o.s.c.l.CompositeLog [DiscoveryClient-HeartbeatExecutor-0] Response 200 OK
2025-04-17 20:20:45,169 DEBUG o.s.c.l.CompositeLog [DiscoveryClient-CacheRefreshExecutor-0] HTTP GET http://localhost:8761/eureka/apps/delta
2025-04-17 20:20:45,170 DEBUG o.s.c.l.CompositeLog [DiscoveryClient-CacheRefreshExecutor-0] Accept=[application/json, application/*+json]
2025-04-17 20:20:45,185 DEBUG o.s.c.l.CompositeLog [DiscoveryClient-CacheRefreshExecutor-0] Response 200 OK
2025-04-17 20:20:45,186 DEBUG o.s.c.l.CompositeLog [DiscoveryClient-CacheRefreshExecutor-0] Reading to [org.springframework.cloud.netflix.eureka.http.EurekaApplications]
2025-04-17 20:21:15,110 DEBUG o.s.c.l.CompositeLog [DiscoveryClient-HeartbeatExecutor-0] HTTP PUT http://localhost:8761/eureka/apps/USER-MANAGEMENT/192.168.1.4:user-management:8888?status=UP&lastDirtyTimestamp=1744897969423
2025-04-17 20:21:15,111 DEBUG o.s.c.l.CompositeLog [DiscoveryClient-HeartbeatExecutor-0] Accept=[application/json, application/*+json]
2025-04-17 20:21:15,127 DEBUG o.s.c.l.CompositeLog [DiscoveryClient-HeartbeatExecutor-0] Response 200 OK
2025-04-17 20:21:15,191 DEBUG o.s.c.l.CompositeLog [DiscoveryClient-CacheRefreshExecutor-0] HTTP GET http://localhost:8761/eureka/apps/delta
2025-04-17 20:21:15,198 DEBUG o.s.c.l.CompositeLog [DiscoveryClient-CacheRefreshExecutor-0] Accept=[application/json, application/*+json]
2025-04-17 20:21:15,200 DEBUG o.s.c.l.CompositeLog [DiscoveryClient-CacheRefreshExecutor-0] Response 200 OK
2025-04-17 20:21:15,201 DEBUG o.s.c.l.CompositeLog [DiscoveryClient-CacheRefreshExecutor-0] Reading to [org.springframework.cloud.netflix.eureka.http.EurekaApplications]
2025-04-17 20:21:32,055 INFO c.n.d.s.r.a.ConfigClusterResolver [AsyncResolver-bootstrap-executor-0] Resolving eureka endpoints via configuration
2025-04-17 20:21:45,137 DEBUG o.s.c.l.CompositeLog [DiscoveryClient-HeartbeatExecutor-0] HTTP PUT http://localhost:8761/eureka/apps/USER-MANAGEMENT/192.168.1.4:user-management:8888?status=UP&lastDirtyTimestamp=1744897969423
2025-04-17 20:21:45,137 DEBUG o.s.c.l.CompositeLog [DiscoveryClient-HeartbeatExecutor-0] Accept=[application/json, application/*+json]
2025-04-17 20:21:45,154 DEBUG o.s.c.l.CompositeLog [DiscoveryClient-HeartbeatExecutor-0] Response 200 OK
2025-04-17 20:21:45,214 DEBUG o.s.c.l.CompositeLog [DiscoveryClient-CacheRefreshExecutor-0] HTTP GET http://localhost:8761/eureka/apps/delta
2025-04-17 20:21:45,214 DEBUG o.s.c.l.CompositeLog [DiscoveryClient-CacheRefreshExecutor-0] Accept=[application/json, application/*+json]
2025-04-17 20:21:45,231 DEBUG o.s.c.l.CompositeLog [DiscoveryClient-CacheRefreshExecutor-0] Response 200 OK
2025-04-17 20:21:45,231 DEBUG o.s.c.l.CompositeLog [DiscoveryClient-CacheRefreshExecutor-0] Reading to [org.springframework.cloud.netflix.eureka.http.EurekaApplications]
2025-04-17 20:22:15,166 DEBUG o.s.c.l.CompositeLog [DiscoveryClient-HeartbeatExecutor-0] HTTP PUT http://localhost:8761/eureka/apps/USER-MANAGEMENT/192.168.1.4:user-management:8888?status=UP&lastDirtyTimestamp=1744897969423
2025-04-17 20:22:15,167 DEBUG o.s.c.l.CompositeLog [DiscoveryClient-HeartbeatExecutor-0] Accept=[application/json, application/*+json]
2025-04-17 20:22:15,183 DEBUG o.s.c.l.CompositeLog [DiscoveryClient-HeartbeatExecutor-0] Response 200 OK
2025-04-17 20:22:15,243 DEBUG o.s.c.l.CompositeLog [DiscoveryClient-CacheRefreshExecutor-0] HTTP GET http://localhost:8761/eureka/apps/delta
2025-04-17 20:22:15,244 DEBUG o.s.c.l.CompositeLog [DiscoveryClient-CacheRefreshExecutor-0] Accept=[application/json, application/*+json]
2025-04-17 20:22:15,259 DEBUG o.s.c.l.CompositeLog [DiscoveryClient-CacheRefreshExecutor-0] Response 200 OK
2025-04-17 20:22:15,260 DEBUG o.s.c.l.CompositeLog [DiscoveryClient-CacheRefreshExecutor-0] Reading to [org.springframework.cloud.netflix.eureka.http.EurekaApplications]
2025-04-17 20:22:45,192 DEBUG o.s.c.l.CompositeLog [DiscoveryClient-HeartbeatExecutor-0] HTTP PUT http://localhost:8761/eureka/apps/USER-MANAGEMENT/192.168.1.4:user-management:8888?status=UP&lastDirtyTimestamp=1744897969423
2025-04-17 20:22:45,192 DEBUG o.s.c.l.CompositeLog [DiscoveryClient-HeartbeatExecutor-0] Accept=[application/json, application/*+json]
2025-04-17 20:22:45,208 DEBUG o.s.c.l.CompositeLog [DiscoveryClient-HeartbeatExecutor-0] Response 200 OK
2025-04-17 20:22:45,269 DEBUG o.s.c.l.CompositeLog [DiscoveryClient-CacheRefreshExecutor-0] HTTP GET http://localhost:8761/eureka/apps/delta
2025-04-17 20:22:45,269 DEBUG o.s.c.l.CompositeLog [DiscoveryClient-CacheRefreshExecutor-0] Accept=[application/json, application/*+json]
2025-04-17 20:22:45,285 DEBUG o.s.c.l.CompositeLog [DiscoveryClient-CacheRefreshExecutor-0] Response 200 OK
2025-04-17 20:22:45,285 DEBUG o.s.c.l.CompositeLog [DiscoveryClient-CacheRefreshExecutor-0] Reading to [org.springframework.cloud.netflix.eureka.http.EurekaApplications]
2025-04-17 20:23:15,211 DEBUG o.s.c.l.CompositeLog [DiscoveryClient-HeartbeatExecutor-0] HTTP PUT http://localhost:8761/eureka/apps/USER-MANAGEMENT/192.168.1.4:user-management:8888?status=UP&lastDirtyTimestamp=1744897969423
2025-04-17 20:23:15,212 DEBUG o.s.c.l.CompositeLog [DiscoveryClient-HeartbeatExecutor-0] Accept=[application/json, application/*+json]
2025-04-17 20:23:15,227 DEBUG o.s.c.l.CompositeLog [DiscoveryClient-HeartbeatExecutor-0] Response 200 OK
2025-04-17 20:23:15,289 DEBUG o.s.c.l.CompositeLog [DiscoveryClient-CacheRefreshExecutor-0] HTTP GET http://localhost:8761/eureka/apps/delta
2025-04-17 20:23:15,289 DEBUG o.s.c.l.CompositeLog [DiscoveryClient-CacheRefreshExecutor-0] Accept=[application/json, application/*+json]
2025-04-17 20:23:15,306 DEBUG o.s.c.l.CompositeLog [DiscoveryClient-CacheRefreshExecutor-0] Response 200 OK
2025-04-17 20:23:15,306 DEBUG o.s.c.l.CompositeLog [DiscoveryClient-CacheRefreshExecutor-0] Reading to [org.springframework.cloud.netflix.eureka.http.EurekaApplications]
2025-04-17 20:23:45,243 DEBUG o.s.c.l.CompositeLog [DiscoveryClient-HeartbeatExecutor-0] HTTP PUT http://localhost:8761/eureka/apps/USER-MANAGEMENT/192.168.1.4:user-management:8888?status=UP&lastDirtyTimestamp=1744897969423
2025-04-17 20:23:45,243 DEBUG o.s.c.l.CompositeLog [DiscoveryClient-HeartbeatExecutor-0] Accept=[application/json, application/*+json]
2025-04-17 20:23:45,260 DEBUG o.s.c.l.CompositeLog [DiscoveryClient-HeartbeatExecutor-0] Response 200 OK
2025-04-17 20:23:45,321 DEBUG o.s.c.l.CompositeLog [DiscoveryClient-CacheRefreshExecutor-0] HTTP GET http://localhost:8761/eureka/apps/delta
2025-04-17 20:23:45,321 DEBUG o.s.c.l.CompositeLog [DiscoveryClient-CacheRefreshExecutor-0] Accept=[application/json, application/*+json]
2025-04-17 20:23:45,337 DEBUG o.s.c.l.CompositeLog [DiscoveryClient-CacheRefreshExecutor-0] Response 200 OK
2025-04-17 20:23:45,338 DEBUG o.s.c.l.CompositeLog [DiscoveryClient-CacheRefreshExecutor-0] Reading to [org.springframework.cloud.netflix.eureka.http.EurekaApplications]
2025-04-17 20:24:15,262 DEBUG o.s.c.l.CompositeLog [DiscoveryClient-HeartbeatExecutor-0] HTTP PUT http://localhost:8761/eureka/apps/USER-MANAGEMENT/192.168.1.4:user-management:8888?status=UP&lastDirtyTimestamp=1744897969423
2025-04-17 20:24:15,262 DEBUG o.s.c.l.CompositeLog [DiscoveryClient-HeartbeatExecutor-0] Accept=[application/json, application/*+json]
2025-04-17 20:24:15,278 DEBUG o.s.c.l.CompositeLog [DiscoveryClient-HeartbeatExecutor-0] Response 200 OK
2025-04-17 20:24:15,339 DEBUG o.s.c.l.CompositeLog [DiscoveryClient-CacheRefreshExecutor-0] HTTP GET http://localhost:8761/eureka/apps/delta
2025-04-17 20:24:15,339 DEBUG o.s.c.l.CompositeLog [DiscoveryClient-CacheRefreshExecutor-0] Accept=[application/json, application/*+json]
2025-04-17 20:24:15,355 DEBUG o.s.c.l.CompositeLog [DiscoveryClient-CacheRefreshExecutor-0] Response 200 OK
2025-04-17 20:24:15,355 DEBUG o.s.c.l.CompositeLog [DiscoveryClient-CacheRefreshExecutor-0] Reading to [org.springframework.cloud.netflix.eureka.http.EurekaApplications]
2025-04-17 20:24:45,282 DEBUG o.s.c.l.CompositeLog [DiscoveryClient-HeartbeatExecutor-0] HTTP PUT http://localhost:8761/eureka/apps/USER-MANAGEMENT/192.168.1.4:user-management:8888?status=UP&lastDirtyTimestamp=1744897969423
2025-04-17 20:24:45,282 DEBUG o.s.c.l.CompositeLog [DiscoveryClient-HeartbeatExecutor-0] Accept=[application/json, application/*+json]
2025-04-17 20:24:45,298 DEBUG o.s.c.l.CompositeLog [DiscoveryClient-HeartbeatExecutor-0] Response 200 OK
2025-04-17 20:24:45,358 DEBUG o.s.c.l.CompositeLog [DiscoveryClient-CacheRefreshExecutor-0] HTTP GET http://localhost:8761/eureka/apps/delta
2025-04-17 20:24:45,358 DEBUG o.s.c.l.CompositeLog [DiscoveryClient-CacheRefreshExecutor-0] Accept=[application/json, application/*+json]
2025-04-17 20:24:45,374 DEBUG o.s.c.l.CompositeLog [DiscoveryClient-CacheRefreshExecutor-0] Response 200 OK
2025-04-17 20:24:45,374 DEBUG o.s.c.l.CompositeLog [DiscoveryClient-CacheRefreshExecutor-0] Reading to [org.springframework.cloud.netflix.eureka.http.EurekaApplications]
2025-04-17 20:25:15,305 DEBUG o.s.c.l.CompositeLog [DiscoveryClient-HeartbeatExecutor-0] HTTP PUT http://localhost:8761/eureka/apps/USER-MANAGEMENT/192.168.1.4:user-management:8888?status=UP&lastDirtyTimestamp=1744897969423
2025-04-17 20:25:15,305 DEBUG o.s.c.l.CompositeLog [DiscoveryClient-HeartbeatExecutor-0] Accept=[application/json, application/*+json]
2025-04-17 20:25:15,322 DEBUG o.s.c.l.CompositeLog [DiscoveryClient-HeartbeatExecutor-0] Response 200 OK
2025-04-17 20:25:15,384 DEBUG o.s.c.l.CompositeLog [DiscoveryClient-CacheRefreshExecutor-0] HTTP GET http://localhost:8761/eureka/apps/delta
2025-04-17 20:25:15,384 DEBUG o.s.c.l.CompositeLog [DiscoveryClient-CacheRefreshExecutor-0] Accept=[application/json, application/*+json]
2025-04-17 20:25:15,400 DEBUG o.s.c.l.CompositeLog [DiscoveryClient-CacheRefreshExecutor-0] Response 200 OK
2025-04-17 20:25:15,401 DEBUG o.s.c.l.CompositeLog [DiscoveryClient-CacheRefreshExecutor-0] Reading to [org.springframework.cloud.netflix.eureka.http.EurekaApplications]
2025-04-17 20:25:45,332 DEBUG o.s.c.l.CompositeLog [DiscoveryClient-HeartbeatExecutor-0] HTTP PUT http://localhost:8761/eureka/apps/USER-MANAGEMENT/192.168.1.4:user-management:8888?status=UP&lastDirtyTimestamp=1744897969423
2025-04-17 20:25:45,332 DEBUG o.s.c.l.CompositeLog [DiscoveryClient-HeartbeatExecutor-0] Accept=[application/json, application/*+json]
2025-04-17 20:25:45,348 DEBUG o.s.c.l.CompositeLog [DiscoveryClient-HeartbeatExecutor-0] Response 200 OK
2025-04-17 20:25:45,408 DEBUG o.s.c.l.CompositeLog [DiscoveryClient-CacheRefreshExecutor-0] HTTP GET http://localhost:8761/eureka/apps/delta
2025-04-17 20:25:45,409 DEBUG o.s.c.l.CompositeLog [DiscoveryClient-CacheRefreshExecutor-0] Accept=[application/json, application/*+json]
2025-04-17 20:25:45,425 DEBUG o.s.c.l.CompositeLog [DiscoveryClient-CacheRefreshExecutor-0] Response 200 OK
2025-04-17 20:25:45,425 DEBUG o.s.c.l.CompositeLog [DiscoveryClient-CacheRefreshExecutor-0] Reading to [org.springframework.cloud.netflix.eureka.http.EurekaApplications]
2025-04-17 20:26:15,352 DEBUG o.s.c.l.CompositeLog [DiscoveryClient-HeartbeatExecutor-0] HTTP PUT http://localhost:8761/eureka/apps/USER-MANAGEMENT/192.168.1.4:user-management:8888?status=UP&lastDirtyTimestamp=1744897969423
2025-04-17 20:26:15,352 DEBUG o.s.c.l.CompositeLog [DiscoveryClient-HeartbeatExecutor-0] Accept=[application/json, application/*+json]
2025-04-17 20:26:15,369 DEBUG o.s.c.l.CompositeLog [DiscoveryClient-HeartbeatExecutor-0] Response 200 OK
2025-04-17 20:26:15,430 DEBUG o.s.c.l.CompositeLog [DiscoveryClient-CacheRefreshExecutor-0] HTTP GET http://localhost:8761/eureka/apps/delta
2025-04-17 20:26:15,430 DEBUG o.s.c.l.CompositeLog [DiscoveryClient-CacheRefreshExecutor-0] Accept=[application/json, application/*+json]
2025-04-17 20:26:15,447 DEBUG o.s.c.l.CompositeLog [DiscoveryClient-CacheRefreshExecutor-0] Response 200 OK
2025-04-17 20:26:15,447 DEBUG o.s.c.l.CompositeLog [DiscoveryClient-CacheRefreshExecutor-0] Reading to [org.springframework.cloud.netflix.eureka.http.EurekaApplications]
2025-04-17 20:26:32,059 INFO c.n.d.s.r.a.ConfigClusterResolver [AsyncResolver-bootstrap-executor-0] Resolving eureka endpoints via configuration
2025-04-17 20:26:45,378 DEBUG o.s.c.l.CompositeLog [DiscoveryClient-HeartbeatExecutor-0] HTTP PUT http://localhost:8761/eureka/apps/USER-MANAGEMENT/192.168.1.4:user-management:8888?status=UP&lastDirtyTimestamp=1744897969423
2025-04-17 20:26:45,379 DEBUG o.s.c.l.CompositeLog [DiscoveryClient-HeartbeatExecutor-0] Accept=[application/json, application/*+json]
2025-04-17 20:26:45,394 DEBUG o.s.c.l.CompositeLog [DiscoveryClient-HeartbeatExecutor-0] Response 200 OK
2025-04-17 20:26:45,455 DEBUG o.s.c.l.CompositeLog [DiscoveryClient-CacheRefreshExecutor-0] HTTP GET http://localhost:8761/eureka/apps/delta
2025-04-17 20:26:45,456 DEBUG o.s.c.l.CompositeLog [DiscoveryClient-CacheRefreshExecutor-0] Accept=[application/json, application/*+json]
2025-04-17 20:26:45,471 DEBUG o.s.c.l.CompositeLog [DiscoveryClient-CacheRefreshExecutor-0] Response 200 OK
2025-04-17 20:26:45,471 DEBUG o.s.c.l.CompositeLog [DiscoveryClient-CacheRefreshExecutor-0] Reading to [org.springframework.cloud.netflix.eureka.http.EurekaApplications]
2025-04-17 20:27:15,404 DEBUG o.s.c.l.CompositeLog [DiscoveryClient-HeartbeatExecutor-0] HTTP PUT http://localhost:8761/eureka/apps/USER-MANAGEMENT/192.168.1.4:user-management:8888?status=UP&lastDirtyTimestamp=1744897969423
2025-04-17 20:27:15,408 DEBUG o.s.c.l.CompositeLog [DiscoveryClient-HeartbeatExecutor-0] Accept=[application/json, application/*+json]
2025-04-17 20:27:15,412 DEBUG o.s.c.l.CompositeLog [DiscoveryClient-HeartbeatExecutor-0] Response 200 OK
2025-04-17 20:27:15,476 DEBUG o.s.c.l.CompositeLog [DiscoveryClient-CacheRefreshExecutor-0] HTTP GET http://localhost:8761/eureka/apps/delta
2025-04-17 20:27:15,477 DEBUG o.s.c.l.CompositeLog [DiscoveryClient-CacheRefreshExecutor-0] Accept=[application/json, application/*+json]
2025-04-17 20:27:15,493 DEBUG o.s.c.l.CompositeLog [DiscoveryClient-CacheRefreshExecutor-0] Response 200 OK
2025-04-17 20:27:15,493 DEBUG o.s.c.l.CompositeLog [DiscoveryClient-CacheRefreshExecutor-0] Reading to [org.springframework.cloud.netflix.eureka.http.EurekaApplications]
2025-04-17 20:27:45,419 DEBUG o.s.c.l.CompositeLog [DiscoveryClient-HeartbeatExecutor-0] HTTP PUT http://localhost:8761/eureka/apps/USER-MANAGEMENT/192.168.1.4:user-management:8888?status=UP&lastDirtyTimestamp=1744897969423
2025-04-17 20:27:45,420 DEBUG o.s.c.l.CompositeLog [DiscoveryClient-HeartbeatExecutor-0] Accept=[application/json, application/*+json]
2025-04-17 20:27:45,436 DEBUG o.s.c.l.CompositeLog [DiscoveryClient-HeartbeatExecutor-0] Response 200 OK
2025-04-17 20:27:45,496 DEBUG o.s.c.l.CompositeLog [DiscoveryClient-CacheRefreshExecutor-0] HTTP GET http://localhost:8761/eureka/apps/delta
2025-04-17 20:27:45,497 DEBUG o.s.c.l.CompositeLog [DiscoveryClient-CacheRefreshExecutor-0] Accept=[application/json, application/*+json]
2025-04-17 20:27:45,513 DEBUG o.s.c.l.CompositeLog [DiscoveryClient-CacheRefreshExecutor-0] Response 200 OK
2025-04-17 20:27:45,513 DEBUG o.s.c.l.CompositeLog [DiscoveryClient-CacheRefreshExecutor-0] Reading to [org.springframework.cloud.netflix.eureka.http.EurekaApplications]
2025-04-17 20:28:15,440 DEBUG o.s.c.l.CompositeLog [DiscoveryClient-HeartbeatExecutor-0] HTTP PUT http://localhost:8761/eureka/apps/USER-MANAGEMENT/192.168.1.4:user-management:8888?status=UP&lastDirtyTimestamp=1744897969423
2025-04-17 20:28:15,440 DEBUG o.s.c.l.CompositeLog [DiscoveryClient-HeartbeatExecutor-0] Accept=[application/json, application/*+json]
2025-04-17 20:28:15,457 DEBUG o.s.c.l.CompositeLog [DiscoveryClient-HeartbeatExecutor-0] Response 200 OK
2025-04-17 20:28:15,518 DEBUG o.s.c.l.CompositeLog [DiscoveryClient-CacheRefreshExecutor-0] HTTP GET http://localhost:8761/eureka/apps/delta
2025-04-17 20:28:15,518 DEBUG o.s.c.l.CompositeLog [DiscoveryClient-CacheRefreshExecutor-0] Accept=[application/json, application/*+json]
2025-04-17 20:28:15,535 DEBUG o.s.c.l.CompositeLog [DiscoveryClient-CacheRefreshExecutor-0] Response 200 OK
2025-04-17 20:28:15,535 DEBUG o.s.c.l.CompositeLog [DiscoveryClient-CacheRefreshExecutor-0] Reading to [org.springframework.cloud.netflix.eureka.http.EurekaApplications]
2025-04-17 20:28:45,461 DEBUG o.s.c.l.CompositeLog [DiscoveryClient-HeartbeatExecutor-0] HTTP PUT http://localhost:8761/eureka/apps/USER-MANAGEMENT/192.168.1.4:user-management:8888?status=UP&lastDirtyTimestamp=1744897969423
2025-04-17 20:28:45,462 DEBUG o.s.c.l.CompositeLog [DiscoveryClient-HeartbeatExecutor-0] Accept=[application/json, application/*+json]
2025-04-17 20:28:45,477 DEBUG o.s.c.l.CompositeLog [DiscoveryClient-HeartbeatExecutor-0] Response 200 OK
2025-04-17 20:28:45,540 DEBUG o.s.c.l.CompositeLog [DiscoveryClient-CacheRefreshExecutor-0] HTTP GET http://localhost:8761/eureka/apps/delta
2025-04-17 20:28:45,540 DEBUG o.s.c.l.CompositeLog [DiscoveryClient-CacheRefreshExecutor-0] Accept=[application/json, application/*+json]
2025-04-17 20:28:45,556 DEBUG o.s.c.l.CompositeLog [DiscoveryClient-CacheRefreshExecutor-0] Response 200 OK
2025-04-17 20:28:45,556 DEBUG o.s.c.l.CompositeLog [DiscoveryClient-CacheRefreshExecutor-0] Reading to [org.springframework.cloud.netflix.eureka.http.EurekaApplications]
2025-04-17 20:29:15,483 DEBUG o.s.c.l.CompositeLog [DiscoveryClient-HeartbeatExecutor-0] HTTP PUT http://localhost:8761/eureka/apps/USER-MANAGEMENT/192.168.1.4:user-management:8888?status=UP&lastDirtyTimestamp=1744897969423
2025-04-17 20:29:15,484 DEBUG o.s.c.l.CompositeLog [DiscoveryClient-HeartbeatExecutor-0] Accept=[application/json, application/*+json]
2025-04-17 20:29:15,500 DEBUG o.s.c.l.CompositeLog [DiscoveryClient-HeartbeatExecutor-0] Response 200 OK
2025-04-17 20:29:15,560 DEBUG o.s.c.l.CompositeLog [DiscoveryClient-CacheRefreshExecutor-0] HTTP GET http://localhost:8761/eureka/apps/delta
2025-04-17 20:29:15,560 DEBUG o.s.c.l.CompositeLog [DiscoveryClient-CacheRefreshExecutor-0] Accept=[application/json, application/*+json]
2025-04-17 20:29:15,576 DEBUG o.s.c.l.CompositeLog [DiscoveryClient-CacheRefreshExecutor-0] Response 200 OK
2025-04-17 20:29:15,576 DEBUG o.s.c.l.CompositeLog [DiscoveryClient-CacheRefreshExecutor-0] Reading to [org.springframework.cloud.netflix.eureka.http.EurekaApplications]
2025-04-17 20:29:45,512 DEBUG o.s.c.l.CompositeLog [DiscoveryClient-HeartbeatExecutor-0] HTTP PUT http://localhost:8761/eureka/apps/USER-MANAGEMENT/192.168.1.4:user-management:8888?status=UP&lastDirtyTimestamp=1744897969423
2025-04-17 20:29:45,513 DEBUG o.s.c.l.CompositeLog [DiscoveryClient-HeartbeatExecutor-0] Accept=[application/json, application/*+json]
2025-04-17 20:29:45,528 DEBUG o.s.c.l.CompositeLog [DiscoveryClient-HeartbeatExecutor-0] Response 200 OK
2025-04-17 20:29:45,589 DEBUG o.s.c.l.CompositeLog [DiscoveryClient-CacheRefreshExecutor-0] HTTP GET http://localhost:8761/eureka/apps/delta
2025-04-17 20:29:45,589 DEBUG o.s.c.l.CompositeLog [DiscoveryClient-CacheRefreshExecutor-0] Accept=[application/json, application/*+json]
2025-04-17 20:29:45,606 DEBUG o.s.c.l.CompositeLog [DiscoveryClient-CacheRefreshExecutor-0] Response 200 OK
2025-04-17 20:29:45,606 DEBUG o.s.c.l.CompositeLog [DiscoveryClient-CacheRefreshExecutor-0] Reading to [org.springframework.cloud.netflix.eureka.http.EurekaApplications]
2025-04-17 20:30:15,541 DEBUG o.s.c.l.CompositeLog [DiscoveryClient-HeartbeatExecutor-0] HTTP PUT http://localhost:8761/eureka/apps/USER-MANAGEMENT/192.168.1.4:user-management:8888?status=UP&lastDirtyTimestamp=1744897969423
2025-04-17 20:30:15,541 DEBUG o.s.c.l.CompositeLog [DiscoveryClient-HeartbeatExecutor-0] Accept=[application/json, application/*+json]
2025-04-17 20:30:15,557 DEBUG o.s.c.l.CompositeLog [DiscoveryClient-HeartbeatExecutor-0] Response 200 OK
2025-04-17 20:30:15,617 DEBUG o.s.c.l.CompositeLog [DiscoveryClient-CacheRefreshExecutor-0] HTTP GET http://localhost:8761/eureka/apps/delta
2025-04-17 20:30:15,617 DEBUG o.s.c.l.CompositeLog [DiscoveryClient-CacheRefreshExecutor-0] Accept=[application/json, application/*+json]
2025-04-17 20:30:15,633 DEBUG o.s.c.l.CompositeLog [DiscoveryClient-CacheRefreshExecutor-0] Response 200 OK
2025-04-17 20:30:15,634 DEBUG o.s.c.l.CompositeLog [DiscoveryClient-CacheRefreshExecutor-0] Reading to [org.springframework.cloud.netflix.eureka.http.EurekaApplications]
2025-04-17 20:30:45,566 DEBUG o.s.c.l.CompositeLog [DiscoveryClient-HeartbeatExecutor-0] HTTP PUT http://localhost:8761/eureka/apps/USER-MANAGEMENT/192.168.1.4:user-management:8888?status=UP&lastDirtyTimestamp=1744897969423
2025-04-17 20:30:45,567 DEBUG o.s.c.l.CompositeLog [DiscoveryClient-HeartbeatExecutor-0] Accept=[application/json, application/*+json]
2025-04-17 20:30:45,583 DEBUG o.s.c.l.CompositeLog [DiscoveryClient-HeartbeatExecutor-0] Response 200 OK
2025-04-17 20:30:45,645 DEBUG o.s.c.l.CompositeLog [DiscoveryClient-CacheRefreshExecutor-0] HTTP GET http://localhost:8761/eureka/apps/delta
2025-04-17 20:30:45,645 DEBUG o.s.c.l.CompositeLog [DiscoveryClient-CacheRefreshExecutor-0] Accept=[application/json, application/*+json]
2025-04-17 20:30:45,661 DEBUG o.s.c.l.CompositeLog [DiscoveryClient-CacheRefreshExecutor-0] Response 200 OK
2025-04-17 20:30:45,662 DEBUG o.s.c.l.CompositeLog [DiscoveryClient-CacheRefreshExecutor-0] Reading to [org.springframework.cloud.netflix.eureka.http.EurekaApplications]
2025-04-17 20:31:15,595 DEBUG o.s.c.l.CompositeLog [DiscoveryClient-HeartbeatExecutor-0] HTTP PUT http://localhost:8761/eureka/apps/USER-MANAGEMENT/192.168.1.4:user-management:8888?status=UP&lastDirtyTimestamp=1744897969423
2025-04-17 20:31:15,595 DEBUG o.s.c.l.CompositeLog [DiscoveryClient-HeartbeatExecutor-0] Accept=[application/json, application/*+json]
2025-04-17 20:31:15,611 DEBUG o.s.c.l.CompositeLog [DiscoveryClient-HeartbeatExecutor-0] Response 200 OK
2025-04-17 20:31:15,672 DEBUG o.s.c.l.CompositeLog [DiscoveryClient-CacheRefreshExecutor-0] HTTP GET http://localhost:8761/eureka/apps/delta
2025-04-17 20:31:15,673 DEBUG o.s.c.l.CompositeLog [DiscoveryClient-CacheRefreshExecutor-0] Accept=[application/json, application/*+json]
2025-04-17 20:31:15,688 DEBUG o.s.c.l.CompositeLog [DiscoveryClient-CacheRefreshExecutor-0] Response 200 OK
2025-04-17 20:31:15,688 DEBUG o.s.c.l.CompositeLog [DiscoveryClient-CacheRefreshExecutor-0] Reading to [org.springframework.cloud.netflix.eureka.http.EurekaApplications]
2025-04-17 20:31:32,073 INFO c.n.d.s.r.a.ConfigClusterResolver [AsyncResolver-bootstrap-executor-0] Resolving eureka endpoints via configuration
2025-04-17 20:31:45,624 DEBUG o.s.c.l.CompositeLog [DiscoveryClient-HeartbeatExecutor-0] HTTP PUT http://localhost:8761/eureka/apps/USER-MANAGEMENT/192.168.1.4:user-management:8888?status=UP&lastDirtyTimestamp=1744897969423
2025-04-17 20:31:45,625 DEBUG o.s.c.l.CompositeLog [DiscoveryClient-HeartbeatExecutor-0] Accept=[application/json, application/*+json]
2025-04-17 20:31:45,641 DEBUG o.s.c.l.CompositeLog [DiscoveryClient-HeartbeatExecutor-0] Response 200 OK
2025-04-17 20:31:45,701 DEBUG o.s.c.l.CompositeLog [DiscoveryClient-CacheRefreshExecutor-0] HTTP GET http://localhost:8761/eureka/apps/delta
2025-04-17 20:31:45,701 DEBUG o.s.c.l.CompositeLog [DiscoveryClient-CacheRefreshExecutor-0] Accept=[application/json, application/*+json]
2025-04-17 20:31:45,717 DEBUG o.s.c.l.CompositeLog [DiscoveryClient-CacheRefreshExecutor-0] Response 200 OK
2025-04-17 20:31:45,717 DEBUG o.s.c.l.CompositeLog [DiscoveryClient-CacheRefreshExecutor-0] Reading to [org.springframework.cloud.netflix.eureka.http.EurekaApplications]
2025-04-17 20:32:15,642 DEBUG o.s.c.l.CompositeLog [DiscoveryClient-HeartbeatExecutor-0] HTTP PUT http://localhost:8761/eureka/apps/USER-MANAGEMENT/192.168.1.4:user-management:8888?status=UP&lastDirtyTimestamp=1744897969423
2025-04-17 20:32:15,642 DEBUG o.s.c.l.CompositeLog [DiscoveryClient-HeartbeatExecutor-0] Accept=[application/json, application/*+json]
2025-04-17 20:32:15,659 DEBUG o.s.c.l.CompositeLog [DiscoveryClient-HeartbeatExecutor-0] Response 200 OK
2025-04-17 20:32:15,719 DEBUG o.s.c.l.CompositeLog [DiscoveryClient-CacheRefreshExecutor-0] HTTP GET http://localhost:8761/eureka/apps/delta
2025-04-17 20:32:15,719 DEBUG o.s.c.l.CompositeLog [DiscoveryClient-CacheRefreshExecutor-0] Accept=[application/json, application/*+json]
2025-04-17 20:32:15,734 DEBUG o.s.c.l.CompositeLog [DiscoveryClient-CacheRefreshExecutor-0] Response 200 OK
2025-04-17 20:32:15,736 DEBUG o.s.c.l.CompositeLog [DiscoveryClient-CacheRefreshExecutor-0] Reading to [org.springframework.cloud.netflix.eureka.http.EurekaApplications]
2025-04-17 20:32:45,669 DEBUG o.s.c.l.CompositeLog [DiscoveryClient-HeartbeatExecutor-0] HTTP PUT http://localhost:8761/eureka/apps/USER-MANAGEMENT/192.168.1.4:user-management:8888?status=UP&lastDirtyTimestamp=1744897969423
2025-04-17 20:32:45,670 DEBUG o.s.c.l.CompositeLog [DiscoveryClient-HeartbeatExecutor-0] Accept=[application/json, application/*+json]
2025-04-17 20:32:45,686 DEBUG o.s.c.l.CompositeLog [DiscoveryClient-HeartbeatExecutor-0] Response 200 OK
2025-04-17 20:32:45,747 DEBUG o.s.c.l.CompositeLog [DiscoveryClient-CacheRefreshExecutor-0] HTTP GET http://localhost:8761/eureka/apps/delta
2025-04-17 20:32:45,747 DEBUG o.s.c.l.CompositeLog [DiscoveryClient-CacheRefreshExecutor-0] Accept=[application/json, application/*+json]
2025-04-17 20:32:45,763 DEBUG o.s.c.l.CompositeLog [DiscoveryClient-CacheRefreshExecutor-0] Response 200 OK
2025-04-17 20:32:45,763 DEBUG o.s.c.l.CompositeLog [DiscoveryClient-CacheRefreshExecutor-0] Reading to [org.springframework.cloud.netflix.eureka.http.EurekaApplications]
2025-04-17 20:33:15,688 DEBUG o.s.c.l.CompositeLog [DiscoveryClient-HeartbeatExecutor-0] HTTP PUT http://localhost:8761/eureka/apps/USER-MANAGEMENT/192.168.1.4:user-management:8888?status=UP&lastDirtyTimestamp=1744897969423
2025-04-17 20:33:15,688 DEBUG o.s.c.l.CompositeLog [DiscoveryClient-HeartbeatExecutor-0] Accept=[application/json, application/*+json]
2025-04-17 20:33:15,703 DEBUG o.s.c.l.CompositeLog [DiscoveryClient-HeartbeatExecutor-0] Response 200 OK
2025-04-17 20:33:15,768 DEBUG o.s.c.l.CompositeLog [DiscoveryClient-CacheRefreshExecutor-0] HTTP GET http://localhost:8761/eureka/apps/delta
2025-04-17 20:33:15,775 DEBUG o.s.c.l.CompositeLog [DiscoveryClient-CacheRefreshExecutor-0] Accept=[application/json, application/*+json]
2025-04-17 20:33:15,778 DEBUG o.s.c.l.CompositeLog [DiscoveryClient-CacheRefreshExecutor-0] Response 200 OK
2025-04-17 20:33:15,778 DEBUG o.s.c.l.CompositeLog [DiscoveryClient-CacheRefreshExecutor-0] Reading to [org.springframework.cloud.netflix.eureka.http.EurekaApplications]
2025-04-17 20:33:45,715 DEBUG o.s.c.l.CompositeLog [DiscoveryClient-HeartbeatExecutor-0] HTTP PUT http://localhost:8761/eureka/apps/USER-MANAGEMENT/192.168.1.4:user-management:8888?status=UP&lastDirtyTimestamp=1744897969423
2025-04-17 20:33:45,716 DEBUG o.s.c.l.CompositeLog [DiscoveryClient-HeartbeatExecutor-0] Accept=[application/json, application/*+json]
2025-04-17 20:33:45,732 DEBUG o.s.c.l.CompositeLog [DiscoveryClient-HeartbeatExecutor-0] Response 200 OK
2025-04-17 20:33:45,792 DEBUG o.s.c.l.CompositeLog [DiscoveryClient-CacheRefreshExecutor-0] HTTP GET http://localhost:8761/eureka/apps/delta
2025-04-17 20:33:45,793 DEBUG o.s.c.l.CompositeLog [DiscoveryClient-CacheRefreshExecutor-0] Accept=[application/json, application/*+json]
2025-04-17 20:33:45,809 DEBUG o.s.c.l.CompositeLog [DiscoveryClient-CacheRefreshExecutor-0] Response 200 OK
2025-04-17 20:33:45,809 DEBUG o.s.c.l.CompositeLog [DiscoveryClient-CacheRefreshExecutor-0] Reading to [org.springframework.cloud.netflix.eureka.http.EurekaApplications]
2025-04-17 20:34:15,738 DEBUG o.s.c.l.CompositeLog [DiscoveryClient-HeartbeatExecutor-0] HTTP PUT http://localhost:8761/eureka/apps/USER-MANAGEMENT/192.168.1.4:user-management:8888?status=UP&lastDirtyTimestamp=1744897969423
2025-04-17 20:34:15,739 DEBUG o.s.c.l.CompositeLog [DiscoveryClient-HeartbeatExecutor-0] Accept=[application/json, application/*+json]
2025-04-17 20:34:15,754 DEBUG o.s.c.l.CompositeLog [DiscoveryClient-HeartbeatExecutor-0] Response 200 OK
2025-04-17 20:34:15,815 DEBUG o.s.c.l.CompositeLog [DiscoveryClient-CacheRefreshExecutor-0] HTTP GET http://localhost:8761/eureka/apps/delta
2025-04-17 20:34:15,815 DEBUG o.s.c.l.CompositeLog [DiscoveryClient-CacheRefreshExecutor-0] Accept=[application/json, application/*+json]
2025-04-17 20:34:15,831 DEBUG o.s.c.l.CompositeLog [DiscoveryClient-CacheRefreshExecutor-0] Response 200 OK
2025-04-17 20:34:15,831 DEBUG o.s.c.l.CompositeLog [DiscoveryClient-CacheRefreshExecutor-0] Reading to [org.springframework.cloud.netflix.eureka.http.EurekaApplications]
2025-04-17 20:34:45,767 DEBUG o.s.c.l.CompositeLog [DiscoveryClient-HeartbeatExecutor-0] HTTP PUT http://localhost:8761/eureka/apps/USER-MANAGEMENT/192.168.1.4:user-management:8888?status=UP&lastDirtyTimestamp=1744897969423
2025-04-17 20:34:45,768 DEBUG o.s.c.l.CompositeLog [DiscoveryClient-HeartbeatExecutor-0] Accept=[application/json, application/*+json]
2025-04-17 20:34:45,783 DEBUG o.s.c.l.CompositeLog [DiscoveryClient-HeartbeatExecutor-0] Response 200 OK
2025-04-17 20:34:45,843 DEBUG o.s.c.l.CompositeLog [DiscoveryClient-CacheRefreshExecutor-0] HTTP GET http://localhost:8761/eureka/apps/delta
2025-04-17 20:34:45,843 DEBUG o.s.c.l.CompositeLog [DiscoveryClient-CacheRefreshExecutor-0] Accept=[application/json, application/*+json]
2025-04-17 20:34:45,859 DEBUG o.s.c.l.CompositeLog [DiscoveryClient-CacheRefreshExecutor-0] Response 200 OK
2025-04-17 20:34:45,859 DEBUG o.s.c.l.CompositeLog [DiscoveryClient-CacheRefreshExecutor-0] Reading to [org.springframework.cloud.netflix.eureka.http.EurekaApplications]
2025-04-17 20:35:15,784 DEBUG o.s.c.l.CompositeLog [DiscoveryClient-HeartbeatExecutor-0] HTTP PUT http://localhost:8761/eureka/apps/USER-MANAGEMENT/192.168.1.4:user-management:8888?status=UP&lastDirtyTimestamp=1744897969423
2025-04-17 20:35:15,784 DEBUG o.s.c.l.CompositeLog [DiscoveryClient-HeartbeatExecutor-0] Accept=[application/json, application/*+json]
2025-04-17 20:35:15,801 DEBUG o.s.c.l.CompositeLog [DiscoveryClient-HeartbeatExecutor-0] Response 200 OK
2025-04-17 20:35:15,862 DEBUG o.s.c.l.CompositeLog [DiscoveryClient-CacheRefreshExecutor-0] HTTP GET http://localhost:8761/eureka/apps/delta
2025-04-17 20:35:15,863 DEBUG o.s.c.l.CompositeLog [DiscoveryClient-CacheRefreshExecutor-0] Accept=[application/json, application/*+json]
2025-04-17 20:35:15,880 DEBUG o.s.c.l.CompositeLog [DiscoveryClient-CacheRefreshExecutor-0] Response 200 OK
2025-04-17 20:35:15,880 DEBUG o.s.c.l.CompositeLog [DiscoveryClient-CacheRefreshExecutor-0] Reading to [org.springframework.cloud.netflix.eureka.http.EurekaApplications]
2025-04-17 20:35:45,816 DEBUG o.s.c.l.CompositeLog [DiscoveryClient-HeartbeatExecutor-0] HTTP PUT http://localhost:8761/eureka/apps/USER-MANAGEMENT/192.168.1.4:user-management:8888?status=UP&lastDirtyTimestamp=1744897969423
2025-04-17 20:35:45,817 DEBUG o.s.c.l.CompositeLog [DiscoveryClient-HeartbeatExecutor-0] Accept=[application/json, application/*+json]
2025-04-17 20:35:45,834 DEBUG o.s.c.l.CompositeLog [DiscoveryClient-HeartbeatExecutor-0] Response 200 OK
2025-04-17 20:35:45,895 DEBUG o.s.c.l.CompositeLog [DiscoveryClient-CacheRefreshExecutor-0] HTTP GET http://localhost:8761/eureka/apps/delta
2025-04-17 20:35:45,895 DEBUG o.s.c.l.CompositeLog [DiscoveryClient-CacheRefreshExecutor-0] Accept=[application/json, application/*+json]
2025-04-17 20:35:45,911 DEBUG o.s.c.l.CompositeLog [DiscoveryClient-CacheRefreshExecutor-0] Response 200 OK
2025-04-17 20:35:45,911 DEBUG o.s.c.l.CompositeLog [DiscoveryClient-CacheRefreshExecutor-0] Reading to [org.springframework.cloud.netflix.eureka.http.EurekaApplications]
2025-04-17 20:36:15,842 DEBUG o.s.c.l.CompositeLog [DiscoveryClient-HeartbeatExecutor-0] HTTP PUT http://localhost:8761/eureka/apps/USER-MANAGEMENT/192.168.1.4:user-management:8888?status=UP&lastDirtyTimestamp=1744897969423
2025-04-17 20:36:15,842 DEBUG o.s.c.l.CompositeLog [DiscoveryClient-HeartbeatExecutor-0] Accept=[application/json, application/*+json]
2025-04-17 20:36:15,859 DEBUG o.s.c.l.CompositeLog [DiscoveryClient-HeartbeatExecutor-0] Response 200 OK
2025-04-17 20:36:15,920 DEBUG o.s.c.l.CompositeLog [DiscoveryClient-CacheRefreshExecutor-0] HTTP GET http://localhost:8761/eureka/apps/delta
2025-04-17 20:36:15,920 DEBUG o.s.c.l.CompositeLog [DiscoveryClient-CacheRefreshExecutor-0] Accept=[application/json, application/*+json]
2025-04-17 20:36:15,936 DEBUG o.s.c.l.CompositeLog [DiscoveryClient-CacheRefreshExecutor-0] Response 200 OK
2025-04-17 20:36:15,936 DEBUG o.s.c.l.CompositeLog [DiscoveryClient-CacheRefreshExecutor-0] Reading to [org.springframework.cloud.netflix.eureka.http.EurekaApplications]
2025-04-17 20:36:32,085 INFO c.n.d.s.r.a.ConfigClusterResolver [AsyncResolver-bootstrap-executor-0] Resolving eureka endpoints via configuration
2025-04-17 20:36:45,868 DEBUG o.s.c.l.CompositeLog [DiscoveryClient-HeartbeatExecutor-0] HTTP PUT http://localhost:8761/eureka/apps/USER-MANAGEMENT/192.168.1.4:user-management:8888?status=UP&lastDirtyTimestamp=1744897969423
2025-04-17 20:36:45,868 DEBUG o.s.c.l.CompositeLog [DiscoveryClient-HeartbeatExecutor-0] Accept=[application/json, application/*+json]
2025-04-17 20:36:45,884 DEBUG o.s.c.l.CompositeLog [DiscoveryClient-HeartbeatExecutor-0] Response 200 OK
2025-04-17 20:36:45,945 DEBUG o.s.c.l.CompositeLog [DiscoveryClient-CacheRefreshExecutor-0] HTTP GET http://localhost:8761/eureka/apps/delta
2025-04-17 20:36:45,945 DEBUG o.s.c.l.CompositeLog [DiscoveryClient-CacheRefreshExecutor-0] Accept=[application/json, application/*+json]
2025-04-17 20:36:45,963 DEBUG o.s.c.l.CompositeLog [DiscoveryClient-CacheRefreshExecutor-0] Response 200 OK
2025-04-17 20:36:45,963 DEBUG o.s.c.l.CompositeLog [DiscoveryClient-CacheRefreshExecutor-0] Reading to [org.springframework.cloud.netflix.eureka.http.EurekaApplications]
2025-04-17 20:37:15,893 DEBUG o.s.c.l.CompositeLog [DiscoveryClient-HeartbeatExecutor-0] HTTP PUT http://localhost:8761/eureka/apps/USER-MANAGEMENT/192.168.1.4:user-management:8888?status=UP&lastDirtyTimestamp=1744897969423
2025-04-17 20:37:15,893 DEBUG o.s.c.l.CompositeLog [DiscoveryClient-HeartbeatExecutor-0] Accept=[application/json, application/*+json]
2025-04-17 20:37:15,909 DEBUG o.s.c.l.CompositeLog [DiscoveryClient-HeartbeatExecutor-0] Response 200 OK
2025-04-17 20:37:15,970 DEBUG o.s.c.l.CompositeLog [DiscoveryClient-CacheRefreshExecutor-0] HTTP GET http://localhost:8761/eureka/apps/delta
2025-04-17 20:37:15,971 DEBUG o.s.c.l.CompositeLog [DiscoveryClient-CacheRefreshExecutor-0] Accept=[application/json, application/*+json]
2025-04-17 20:37:15,986 DEBUG o.s.c.l.CompositeLog [DiscoveryClient-CacheRefreshExecutor-0] Response 200 OK
2025-04-17 20:37:15,986 DEBUG o.s.c.l.CompositeLog [DiscoveryClient-CacheRefreshExecutor-0] Reading to [org.springframework.cloud.netflix.eureka.http.EurekaApplications]
2025-04-17 20:37:45,919 DEBUG o.s.c.l.CompositeLog [DiscoveryClient-HeartbeatExecutor-0] HTTP PUT http://localhost:8761/eureka/apps/USER-MANAGEMENT/192.168.1.4:user-management:8888?status=UP&lastDirtyTimestamp=1744897969423
2025-04-17 20:37:45,920 DEBUG o.s.c.l.CompositeLog [DiscoveryClient-HeartbeatExecutor-0] Accept=[application/json, application/*+json]
2025-04-17 20:37:45,936 DEBUG o.s.c.l.CompositeLog [DiscoveryClient-HeartbeatExecutor-0] Response 200 OK
2025-04-17 20:37:45,998 DEBUG o.s.c.l.CompositeLog [DiscoveryClient-CacheRefreshExecutor-0] HTTP GET http://localhost:8761/eureka/apps/delta
2025-04-17 20:37:45,998 DEBUG o.s.c.l.CompositeLog [DiscoveryClient-CacheRefreshExecutor-0] Accept=[application/json, application/*+json]
2025-04-17 20:37:46,015 DEBUG o.s.c.l.CompositeLog [DiscoveryClient-CacheRefreshExecutor-0] Response 200 OK
2025-04-17 20:37:46,015 DEBUG o.s.c.l.CompositeLog [DiscoveryClient-CacheRefreshExecutor-0] Reading to [org.springframework.cloud.netflix.eureka.http.EurekaApplications]
2025-04-17 20:38:15,951 DEBUG o.s.c.l.CompositeLog [DiscoveryClient-HeartbeatExecutor-0] HTTP PUT http://localhost:8761/eureka/apps/USER-MANAGEMENT/192.168.1.4:user-management:8888?status=UP&lastDirtyTimestamp=1744897969423
2025-04-17 20:38:15,951 DEBUG o.s.c.l.CompositeLog [DiscoveryClient-HeartbeatExecutor-0] Accept=[application/json, application/*+json]
2025-04-17 20:38:15,968 DEBUG o.s.c.l.CompositeLog [DiscoveryClient-HeartbeatExecutor-0] Response 200 OK
2025-04-17 20:38:16,031 DEBUG o.s.c.l.CompositeLog [DiscoveryClient-CacheRefreshExecutor-0] HTTP GET http://localhost:8761/eureka/apps/delta
2025-04-17 20:38:16,031 DEBUG o.s.c.l.CompositeLog [DiscoveryClient-CacheRefreshExecutor-0] Accept=[application/json, application/*+json]
2025-04-17 20:38:16,045 DEBUG o.s.c.l.CompositeLog [DiscoveryClient-CacheRefreshExecutor-0] Response 200 OK
2025-04-17 20:38:16,045 DEBUG o.s.c.l.CompositeLog [DiscoveryClient-CacheRefreshExecutor-0] Reading to [org.springframework.cloud.netflix.eureka.http.EurekaApplications]
2025-04-17 20:38:45,978 DEBUG o.s.c.l.CompositeLog [DiscoveryClient-HeartbeatExecutor-0] HTTP PUT http://localhost:8761/eureka/apps/USER-MANAGEMENT/192.168.1.4:user-management:8888?status=UP&lastDirtyTimestamp=1744897969423
2025-04-17 20:38:45,978 DEBUG o.s.c.l.CompositeLog [DiscoveryClient-HeartbeatExecutor-0] Accept=[application/json, application/*+json]
2025-04-17 20:38:45,994 DEBUG o.s.c.l.CompositeLog [DiscoveryClient-HeartbeatExecutor-0] Response 200 OK
2025-04-17 20:38:46,055 DEBUG o.s.c.l.CompositeLog [DiscoveryClient-CacheRefreshExecutor-0] HTTP GET http://localhost:8761/eureka/apps/delta
2025-04-17 20:38:46,056 DEBUG o.s.c.l.CompositeLog [DiscoveryClient-CacheRefreshExecutor-0] Accept=[application/json, application/*+json]
2025-04-17 20:38:46,072 DEBUG o.s.c.l.CompositeLog [DiscoveryClient-CacheRefreshExecutor-0] Response 200 OK
2025-04-17 20:38:46,072 DEBUG o.s.c.l.CompositeLog [DiscoveryClient-CacheRefreshExecutor-0] Reading to [org.springframework.cloud.netflix.eureka.http.EurekaApplications]
2025-04-17 20:39:16,006 DEBUG o.s.c.l.CompositeLog [DiscoveryClient-HeartbeatExecutor-0] HTTP PUT http://localhost:8761/eureka/apps/USER-MANAGEMENT/192.168.1.4:user-management:8888?status=UP&lastDirtyTimestamp=1744897969423
2025-04-17 20:39:16,006 DEBUG o.s.c.l.CompositeLog [DiscoveryClient-HeartbeatExecutor-0] Accept=[application/json, application/*+json]
2025-04-17 20:39:16,023 DEBUG o.s.c.l.CompositeLog [DiscoveryClient-HeartbeatExecutor-0] Response 200 OK
2025-04-17 20:39:16,084 DEBUG o.s.c.l.CompositeLog [DiscoveryClient-CacheRefreshExecutor-0] HTTP GET http://localhost:8761/eureka/apps/delta
2025-04-17 20:39:16,084 DEBUG o.s.c.l.CompositeLog [DiscoveryClient-CacheRefreshExecutor-0] Accept=[application/json, application/*+json]
2025-04-17 20:39:16,100 DEBUG o.s.c.l.CompositeLog [DiscoveryClient-CacheRefreshExecutor-0] Response 200 OK
2025-04-17 20:39:16,100 DEBUG o.s.c.l.CompositeLog [DiscoveryClient-CacheRefreshExecutor-0] Reading to [org.springframework.cloud.netflix.eureka.http.EurekaApplications]
2025-04-17 20:39:46,034 DEBUG o.s.c.l.CompositeLog [DiscoveryClient-HeartbeatExecutor-0] HTTP PUT http://localhost:8761/eureka/apps/USER-MANAGEMENT/192.168.1.4:user-management:8888?status=UP&lastDirtyTimestamp=1744897969423
2025-04-17 20:39:46,035 DEBUG o.s.c.l.CompositeLog [DiscoveryClient-HeartbeatExecutor-0] Accept=[application/json, application/*+json]
2025-04-17 20:39:46,051 DEBUG o.s.c.l.CompositeLog [DiscoveryClient-HeartbeatExecutor-0] Response 200 OK
2025-04-17 20:39:46,111 DEBUG o.s.c.l.CompositeLog [DiscoveryClient-CacheRefreshExecutor-0] HTTP GET http://localhost:8761/eureka/apps/delta
2025-04-17 20:39:46,111 DEBUG o.s.c.l.CompositeLog [DiscoveryClient-CacheRefreshExecutor-0] Accept=[application/json, application/*+json]
2025-04-17 20:39:46,128 DEBUG o.s.c.l.CompositeLog [DiscoveryClient-CacheRefreshExecutor-0] Response 200 OK
2025-04-17 20:39:46,128 DEBUG o.s.c.l.CompositeLog [DiscoveryClient-CacheRefreshExecutor-0] Reading to [org.springframework.cloud.netflix.eureka.http.EurekaApplications]
2025-04-17 20:40:16,064 DEBUG o.s.c.l.CompositeLog [DiscoveryClient-HeartbeatExecutor-0] HTTP PUT http://localhost:8761/eureka/apps/USER-MANAGEMENT/192.168.1.4:user-management:8888?status=UP&lastDirtyTimestamp=1744897969423
2025-04-17 20:40:16,064 DEBUG o.s.c.l.CompositeLog [DiscoveryClient-HeartbeatExecutor-0] Accept=[application/json, application/*+json]
2025-04-17 20:40:16,081 DEBUG o.s.c.l.CompositeLog [DiscoveryClient-HeartbeatExecutor-0] Response 200 OK
2025-04-17 20:40:16,141 DEBUG o.s.c.l.CompositeLog [DiscoveryClient-CacheRefreshExecutor-0] HTTP GET http://localhost:8761/eureka/apps/delta
2025-04-17 20:40:16,141 DEBUG o.s.c.l.CompositeLog [DiscoveryClient-CacheRefreshExecutor-0] Accept=[application/json, application/*+json]
2025-04-17 20:40:16,156 DEBUG o.s.c.l.CompositeLog [DiscoveryClient-CacheRefreshExecutor-0] Response 200 OK
2025-04-17 20:40:16,156 DEBUG o.s.c.l.CompositeLog [DiscoveryClient-CacheRefreshExecutor-0] Reading to [org.springframework.cloud.netflix.eureka.http.EurekaApplications]
2025-04-17 20:40:46,082 DEBUG o.s.c.l.CompositeLog [DiscoveryClient-HeartbeatExecutor-0] HTTP PUT http://localhost:8761/eureka/apps/USER-MANAGEMENT/192.168.1.4:user-management:8888?status=UP&lastDirtyTimestamp=1744897969423
2025-04-17 20:40:46,082 DEBUG o.s.c.l.CompositeLog [DiscoveryClient-HeartbeatExecutor-0] Accept=[application/json, application/*+json]
2025-04-17 20:40:46,098 DEBUG o.s.c.l.CompositeLog [DiscoveryClient-HeartbeatExecutor-0] Response 200 OK
2025-04-17 20:40:46,158 DEBUG o.s.c.l.CompositeLog [DiscoveryClient-CacheRefreshExecutor-0] HTTP GET http://localhost:8761/eureka/apps/delta
2025-04-17 20:40:46,158 DEBUG o.s.c.l.CompositeLog [DiscoveryClient-CacheRefreshExecutor-0] Accept=[application/json, application/*+json]
2025-04-17 20:40:46,175 DEBUG o.s.c.l.CompositeLog [DiscoveryClient-CacheRefreshExecutor-0] Response 200 OK
2025-04-17 20:40:46,175 DEBUG o.s.c.l.CompositeLog [DiscoveryClient-CacheRefreshExecutor-0] Reading to [org.springframework.cloud.netflix.eureka.http.EurekaApplications]
2025-04-17 20:41:16,108 DEBUG o.s.c.l.CompositeLog [DiscoveryClient-HeartbeatExecutor-0] HTTP PUT http://localhost:8761/eureka/apps/USER-MANAGEMENT/192.168.1.4:user-management:8888?status=UP&lastDirtyTimestamp=1744897969423
2025-04-17 20:41:16,108 DEBUG o.s.c.l.CompositeLog [DiscoveryClient-HeartbeatExecutor-0] Accept=[application/json, application/*+json]
2025-04-17 20:41:16,124 DEBUG o.s.c.l.CompositeLog [DiscoveryClient-HeartbeatExecutor-0] Response 200 OK
2025-04-17 20:41:16,186 DEBUG o.s.c.l.CompositeLog [DiscoveryClient-CacheRefreshExecutor-0] HTTP GET http://localhost:8761/eureka/apps/delta
2025-04-17 20:41:16,186 DEBUG o.s.c.l.CompositeLog [DiscoveryClient-CacheRefreshExecutor-0] Accept=[application/json, application/*+json]
2025-04-17 20:41:16,202 DEBUG o.s.c.l.CompositeLog [DiscoveryClient-CacheRefreshExecutor-0] Response 200 OK
2025-04-17 20:41:16,202 DEBUG o.s.c.l.CompositeLog [DiscoveryClient-CacheRefreshExecutor-0] Reading to [org.springframework.cloud.netflix.eureka.http.EurekaApplications]
2025-04-17 20:41:32,090 INFO c.n.d.s.r.a.ConfigClusterResolver [AsyncResolver-bootstrap-executor-0] Resolving eureka endpoints via configuration
2025-04-17 20:41:46,133 DEBUG o.s.c.l.CompositeLog [DiscoveryClient-HeartbeatExecutor-0] HTTP PUT http://localhost:8761/eureka/apps/USER-MANAGEMENT/192.168.1.4:user-management:8888?status=UP&lastDirtyTimestamp=1744897969423
2025-04-17 20:41:46,134 DEBUG o.s.c.l.CompositeLog [DiscoveryClient-HeartbeatExecutor-0] Accept=[application/json, application/*+json]
2025-04-17 20:41:46,149 DEBUG o.s.c.l.CompositeLog [DiscoveryClient-HeartbeatExecutor-0] Response 200 OK
2025-04-17 20:41:46,211 DEBUG o.s.c.l.CompositeLog [DiscoveryClient-CacheRefreshExecutor-0] HTTP GET http://localhost:8761/eureka/apps/delta
2025-04-17 20:41:46,212 DEBUG o.s.c.l.CompositeLog [DiscoveryClient-CacheRefreshExecutor-0] Accept=[application/json, application/*+json]
2025-04-17 20:41:46,228 DEBUG o.s.c.l.CompositeLog [DiscoveryClient-CacheRefreshExecutor-0] Response 200 OK
2025-04-17 20:41:46,228 DEBUG o.s.c.l.CompositeLog [DiscoveryClient-CacheRefreshExecutor-0] Reading to [org.springframework.cloud.netflix.eureka.http.EurekaApplications]
2025-04-17 20:42:16,154 DEBUG o.s.c.l.CompositeLog [DiscoveryClient-HeartbeatExecutor-0] HTTP PUT http://localhost:8761/eureka/apps/USER-MANAGEMENT/192.168.1.4:user-management:8888?status=UP&lastDirtyTimestamp=1744897969423
2025-04-17 20:42:16,154 DEBUG o.s.c.l.CompositeLog [DiscoveryClient-HeartbeatExecutor-0] Accept=[application/json, application/*+json]
2025-04-17 20:42:16,170 DEBUG o.s.c.l.CompositeLog [DiscoveryClient-HeartbeatExecutor-0] Response 200 OK
2025-04-17 20:42:16,230 DEBUG o.s.c.l.CompositeLog [DiscoveryClient-CacheRefreshExecutor-0] HTTP GET http://localhost:8761/eureka/apps/delta
2025-04-17 20:42:16,231 DEBUG o.s.c.l.CompositeLog [DiscoveryClient-CacheRefreshExecutor-0] Accept=[application/json, application/*+json]
2025-04-17 20:42:16,247 DEBUG o.s.c.l.CompositeLog [DiscoveryClient-CacheRefreshExecutor-0] Response 200 OK
2025-04-17 20:42:16,247 DEBUG o.s.c.l.CompositeLog [DiscoveryClient-CacheRefreshExecutor-0] Reading to [org.springframework.cloud.netflix.eureka.http.EurekaApplications]
2025-04-17 20:42:46,185 DEBUG o.s.c.l.CompositeLog [DiscoveryClient-HeartbeatExecutor-0] HTTP PUT http://localhost:8761/eureka/apps/USER-MANAGEMENT/192.168.1.4:user-management:8888?status=UP&lastDirtyTimestamp=1744897969423
2025-04-17 20:42:46,185 DEBUG o.s.c.l.CompositeLog [DiscoveryClient-HeartbeatExecutor-0] Accept=[application/json, application/*+json]
2025-04-17 20:42:46,203 DEBUG o.s.c.l.CompositeLog [DiscoveryClient-HeartbeatExecutor-0] Response 200 OK
2025-04-17 20:42:46,263 DEBUG o.s.c.l.CompositeLog [DiscoveryClient-CacheRefreshExecutor-0] HTTP GET http://localhost:8761/eureka/apps/delta
2025-04-17 20:42:46,263 DEBUG o.s.c.l.CompositeLog [DiscoveryClient-CacheRefreshExecutor-0] Accept=[application/json, application/*+json]
2025-04-17 20:42:46,280 DEBUG o.s.c.l.CompositeLog [DiscoveryClient-CacheRefreshExecutor-0] Response 200 OK
2025-04-17 20:42:46,280 DEBUG o.s.c.l.CompositeLog [DiscoveryClient-CacheRefreshExecutor-0] Reading to [org.springframework.cloud.netflix.eureka.http.EurekaApplications]
2025-04-17 20:43:16,212 DEBUG o.s.c.l.CompositeLog [DiscoveryClient-HeartbeatExecutor-0] HTTP PUT http://localhost:8761/eureka/apps/USER-MANAGEMENT/192.168.1.4:user-management:8888?status=UP&lastDirtyTimestamp=1744897969423
2025-04-17 20:43:16,213 DEBUG o.s.c.l.CompositeLog [DiscoveryClient-HeartbeatExecutor-0] Accept=[application/json, application/*+json]
2025-04-17 20:43:16,229 DEBUG o.s.c.l.CompositeLog [DiscoveryClient-HeartbeatExecutor-0] Response 200 OK
2025-04-17 20:43:16,288 DEBUG o.s.c.l.CompositeLog [DiscoveryClient-CacheRefreshExecutor-0] HTTP GET http://localhost:8761/eureka/apps/delta
2025-04-17 20:43:16,288 DEBUG o.s.c.l.CompositeLog [DiscoveryClient-CacheRefreshExecutor-0] Accept=[application/json, application/*+json]
2025-04-17 20:43:16,305 DEBUG o.s.c.l.CompositeLog [DiscoveryClient-CacheRefreshExecutor-0] Response 200 OK
2025-04-17 20:43:16,306 DEBUG o.s.c.l.CompositeLog [DiscoveryClient-CacheRefreshExecutor-0] Reading to [org.springframework.cloud.netflix.eureka.http.EurekaApplications]
2025-04-17 20:43:46,246 DEBUG o.s.c.l.CompositeLog [DiscoveryClient-HeartbeatExecutor-0] HTTP PUT http://localhost:8761/eureka/apps/USER-MANAGEMENT/192.168.1.4:user-management:8888?status=UP&lastDirtyTimestamp=1744897969423
2025-04-17 20:43:46,247 DEBUG o.s.c.l.CompositeLog [DiscoveryClient-HeartbeatExecutor-0] Accept=[application/json, application/*+json]
2025-04-17 20:43:46,261 DEBUG o.s.c.l.CompositeLog [DiscoveryClient-HeartbeatExecutor-0] Response 200 OK
2025-04-17 20:43:46,307 DEBUG o.s.c.l.CompositeLog [DiscoveryClient-CacheRefreshExecutor-0] HTTP GET http://localhost:8761/eureka/apps/delta
2025-04-17 20:43:46,307 DEBUG o.s.c.l.CompositeLog [DiscoveryClient-CacheRefreshExecutor-0] Accept=[application/json, application/*+json]
2025-04-17 20:43:46,323 DEBUG o.s.c.l.CompositeLog [DiscoveryClient-CacheRefreshExecutor-0] Response 200 OK
2025-04-17 20:43:46,323 DEBUG o.s.c.l.CompositeLog [DiscoveryClient-CacheRefreshExecutor-0] Reading to [org.springframework.cloud.netflix.eureka.http.EurekaApplications]
2025-04-17 20:44:16,265 DEBUG o.s.c.l.CompositeLog [DiscoveryClient-HeartbeatExecutor-0] HTTP PUT http://localhost:8761/eureka/apps/USER-MANAGEMENT/192.168.1.4:user-management:8888?status=UP&lastDirtyTimestamp=1744897969423
2025-04-17 20:44:16,265 DEBUG o.s.c.l.CompositeLog [DiscoveryClient-HeartbeatExecutor-0] Accept=[application/json, application/*+json]
2025-04-17 20:44:16,281 DEBUG o.s.c.l.CompositeLog [DiscoveryClient-HeartbeatExecutor-0] Response 200 OK
2025-04-17 20:44:16,326 DEBUG o.s.c.l.CompositeLog [DiscoveryClient-CacheRefreshExecutor-0] HTTP GET http://localhost:8761/eureka/apps/delta
2025-04-17 20:44:16,326 DEBUG o.s.c.l.CompositeLog [DiscoveryClient-CacheRefreshExecutor-0] Accept=[application/json, application/*+json]
2025-04-17 20:44:16,342 DEBUG o.s.c.l.CompositeLog [DiscoveryClient-CacheRefreshExecutor-0] Response 200 OK
2025-04-17 20:44:16,342 DEBUG o.s.c.l.CompositeLog [DiscoveryClient-CacheRefreshExecutor-0] Reading to [org.springframework.cloud.netflix.eureka.http.EurekaApplications]
2025-04-17 20:44:46,284 DEBUG o.s.c.l.CompositeLog [DiscoveryClient-HeartbeatExecutor-0] HTTP PUT http://localhost:8761/eureka/apps/USER-MANAGEMENT/192.168.1.4:user-management:8888?status=UP&lastDirtyTimestamp=1744897969423
2025-04-17 20:44:46,285 DEBUG o.s.c.l.CompositeLog [DiscoveryClient-HeartbeatExecutor-0] Accept=[application/json, application/*+json]
2025-04-17 20:44:46,301 DEBUG o.s.c.l.CompositeLog [DiscoveryClient-HeartbeatExecutor-0] Response 200 OK
2025-04-17 20:44:46,346 DEBUG o.s.c.l.CompositeLog [DiscoveryClient-CacheRefreshExecutor-0] HTTP GET http://localhost:8761/eureka/apps/delta
2025-04-17 20:44:46,346 DEBUG o.s.c.l.CompositeLog [DiscoveryClient-CacheRefreshExecutor-0] Accept=[application/json, application/*+json]
2025-04-17 20:44:46,362 DEBUG o.s.c.l.CompositeLog [DiscoveryClient-CacheRefreshExecutor-0] Response 200 OK
2025-04-17 20:44:46,363 DEBUG o.s.c.l.CompositeLog [DiscoveryClient-CacheRefreshExecutor-0] Reading to [org.springframework.cloud.netflix.eureka.http.EurekaApplications]
2025-04-17 20:45:16,317 DEBUG o.s.c.l.CompositeLog [DiscoveryClient-HeartbeatExecutor-0] HTTP PUT http://localhost:8761/eureka/apps/USER-MANAGEMENT/192.168.1.4:user-management:8888?status=UP&lastDirtyTimestamp=1744897969423
2025-04-17 20:45:16,317 DEBUG o.s.c.l.CompositeLog [DiscoveryClient-HeartbeatExecutor-0] Accept=[application/json, application/*+json]
2025-04-17 20:45:16,332 DEBUG o.s.c.l.CompositeLog [DiscoveryClient-HeartbeatExecutor-0] Response 200 OK
2025-04-17 20:45:16,378 DEBUG o.s.c.l.CompositeLog [DiscoveryClient-CacheRefreshExecutor-0] HTTP GET http://localhost:8761/eureka/apps/delta
2025-04-17 20:45:16,379 DEBUG o.s.c.l.CompositeLog [DiscoveryClient-CacheRefreshExecutor-0] Accept=[application/json, application/*+json]
2025-04-17 20:45:16,395 DEBUG o.s.c.l.CompositeLog [DiscoveryClient-CacheRefreshExecutor-0] Response 200 OK
2025-04-17 20:45:16,395 DEBUG o.s.c.l.CompositeLog [DiscoveryClient-CacheRefreshExecutor-0] Reading to [org.springframework.cloud.netflix.eureka.http.EurekaApplications]
2025-04-17 20:45:46,338 DEBUG o.s.c.l.CompositeLog [DiscoveryClient-HeartbeatExecutor-0] HTTP PUT http://localhost:8761/eureka/apps/USER-MANAGEMENT/192.168.1.4:user-management:8888?status=UP&lastDirtyTimestamp=1744897969423
2025-04-17 20:45:46,339 DEBUG o.s.c.l.CompositeLog [DiscoveryClient-HeartbeatExecutor-0] Accept=[application/json, application/*+json]
2025-04-17 20:45:46,355 DEBUG o.s.c.l.CompositeLog [DiscoveryClient-HeartbeatExecutor-0] Response 200 OK
2025-04-17 20:45:46,400 DEBUG o.s.c.l.CompositeLog [DiscoveryClient-CacheRefreshExecutor-0] HTTP GET http://localhost:8761/eureka/apps/delta
2025-04-17 20:45:46,400 DEBUG o.s.c.l.CompositeLog [DiscoveryClient-CacheRefreshExecutor-0] Accept=[application/json, application/*+json]
2025-04-17 20:45:46,417 DEBUG o.s.c.l.CompositeLog [DiscoveryClient-CacheRefreshExecutor-0] Response 200 OK
2025-04-17 20:45:46,418 DEBUG o.s.c.l.CompositeLog [DiscoveryClient-CacheRefreshExecutor-0] Reading to [org.springframework.cloud.netflix.eureka.http.EurekaApplications]
2025-04-17 20:46:16,360 DEBUG o.s.c.l.CompositeLog [DiscoveryClient-HeartbeatExecutor-0] HTTP PUT http://localhost:8761/eureka/apps/USER-MANAGEMENT/192.168.1.4:user-management:8888?status=UP&lastDirtyTimestamp=1744897969423
2025-04-17 20:46:16,361 DEBUG o.s.c.l.CompositeLog [DiscoveryClient-HeartbeatExecutor-0] Accept=[application/json, application/*+json]
2025-04-17 20:46:16,377 DEBUG o.s.c.l.CompositeLog [DiscoveryClient-HeartbeatExecutor-0] Response 200 OK
2025-04-17 20:46:16,422 DEBUG o.s.c.l.CompositeLog [DiscoveryClient-CacheRefreshExecutor-0] HTTP GET http://localhost:8761/eureka/apps/delta
2025-04-17 20:46:16,422 DEBUG o.s.c.l.CompositeLog [DiscoveryClient-CacheRefreshExecutor-0] Accept=[application/json, application/*+json]
2025-04-17 20:46:16,439 DEBUG o.s.c.l.CompositeLog [DiscoveryClient-CacheRefreshExecutor-0] Response 200 OK
2025-04-17 20:46:16,439 DEBUG o.s.c.l.CompositeLog [DiscoveryClient-CacheRefreshExecutor-0] Reading to [org.springframework.cloud.netflix.eureka.http.EurekaApplications]
2025-04-17 20:46:32,092 INFO c.n.d.s.r.a.ConfigClusterResolver [AsyncResolver-bootstrap-executor-0] Resolving eureka endpoints via configuration
2025-04-17 20:46:46,386 DEBUG o.s.c.l.CompositeLog [DiscoveryClient-HeartbeatExecutor-0] HTTP PUT http://localhost:8761/eureka/apps/USER-MANAGEMENT/192.168.1.4:user-management:8888?status=UP&lastDirtyTimestamp=1744897969423
2025-04-17 20:46:46,386 DEBUG o.s.c.l.CompositeLog [DiscoveryClient-HeartbeatExecutor-0] Accept=[application/json, application/*+json]
2025-04-17 20:46:46,403 DEBUG o.s.c.l.CompositeLog [DiscoveryClient-HeartbeatExecutor-0] Response 200 OK
2025-04-17 20:46:46,449 DEBUG o.s.c.l.CompositeLog [DiscoveryClient-CacheRefreshExecutor-0] HTTP GET http://localhost:8761/eureka/apps/delta
2025-04-17 20:46:46,449 DEBUG o.s.c.l.CompositeLog [DiscoveryClient-CacheRefreshExecutor-0] Accept=[application/json, application/*+json]
2025-04-17 20:46:46,467 DEBUG o.s.c.l.CompositeLog [DiscoveryClient-CacheRefreshExecutor-0] Response 200 OK
2025-04-17 20:46:46,467 DEBUG o.s.c.l.CompositeLog [DiscoveryClient-CacheRefreshExecutor-0] Reading to [org.springframework.cloud.netflix.eureka.http.EurekaApplications]
2025-04-17 20:47:16,406 DEBUG o.s.c.l.CompositeLog [DiscoveryClient-HeartbeatExecutor-0] HTTP PUT http://localhost:8761/eureka/apps/USER-MANAGEMENT/192.168.1.4:user-management:8888?status=UP&lastDirtyTimestamp=1744897969423
2025-04-17 20:47:16,407 DEBUG o.s.c.l.CompositeLog [DiscoveryClient-HeartbeatExecutor-0] Accept=[application/json, application/*+json]
2025-04-17 20:47:16,423 DEBUG o.s.c.l.CompositeLog [DiscoveryClient-HeartbeatExecutor-0] Response 200 OK
2025-04-17 20:47:16,469 DEBUG o.s.c.l.CompositeLog [DiscoveryClient-CacheRefreshExecutor-0] HTTP GET http://localhost:8761/eureka/apps/delta
2025-04-17 20:47:16,469 DEBUG o.s.c.l.CompositeLog [DiscoveryClient-CacheRefreshExecutor-0] Accept=[application/json, application/*+json]
2025-04-17 20:47:16,485 DEBUG o.s.c.l.CompositeLog [DiscoveryClient-CacheRefreshExecutor-0] Response 200 OK
2025-04-17 20:47:16,485 DEBUG o.s.c.l.CompositeLog [DiscoveryClient-CacheRefreshExecutor-0] Reading to [org.springframework.cloud.netflix.eureka.http.EurekaApplications]
2025-04-17 20:47:46,440 DEBUG o.s.c.l.CompositeLog [DiscoveryClient-HeartbeatExecutor-0] HTTP PUT http://localhost:8761/eureka/apps/USER-MANAGEMENT/192.168.1.4:user-management:8888?status=UP&lastDirtyTimestamp=1744897969423
2025-04-17 20:47:46,443 DEBUG o.s.c.l.CompositeLog [DiscoveryClient-HeartbeatExecutor-0] Accept=[application/json, application/*+json]
2025-04-17 20:47:46,446 DEBUG o.s.c.l.CompositeLog [DiscoveryClient-HeartbeatExecutor-0] Response 200 OK
2025-04-17 20:47:46,498 DEBUG o.s.c.l.CompositeLog [DiscoveryClient-CacheRefreshExecutor-0] HTTP GET http://localhost:8761/eureka/apps/delta
2025-04-17 20:47:46,498 DEBUG o.s.c.l.CompositeLog [DiscoveryClient-CacheRefreshExecutor-0] Accept=[application/json, application/*+json]
2025-04-17 20:47:46,515 DEBUG o.s.c.l.CompositeLog [DiscoveryClient-CacheRefreshExecutor-0] Response 200 OK
2025-04-17 20:47:46,515 DEBUG o.s.c.l.CompositeLog [DiscoveryClient-CacheRefreshExecutor-0] Reading to [org.springframework.cloud.netflix.eureka.http.EurekaApplications]
2025-04-17 20:48:16,460 DEBUG o.s.c.l.CompositeLog [DiscoveryClient-HeartbeatExecutor-0] HTTP PUT http://localhost:8761/eureka/apps/USER-MANAGEMENT/192.168.1.4:user-management:8888?status=UP&lastDirtyTimestamp=1744897969423
2025-04-17 20:48:16,461 DEBUG o.s.c.l.CompositeLog [DiscoveryClient-HeartbeatExecutor-0] Accept=[application/json, application/*+json]
2025-04-17 20:48:16,477 DEBUG o.s.c.l.CompositeLog [DiscoveryClient-HeartbeatExecutor-0] Response 200 OK
2025-04-17 20:48:16,523 DEBUG o.s.c.l.CompositeLog [DiscoveryClient-CacheRefreshExecutor-0] HTTP GET http://localhost:8761/eureka/apps/delta
2025-04-17 20:48:16,523 DEBUG o.s.c.l.CompositeLog [DiscoveryClient-CacheRefreshExecutor-0] Accept=[application/json, application/*+json]
2025-04-17 20:48:16,540 DEBUG o.s.c.l.CompositeLog [DiscoveryClient-CacheRefreshExecutor-0] Response 200 OK
2025-04-17 20:48:16,540 DEBUG o.s.c.l.CompositeLog [DiscoveryClient-CacheRefreshExecutor-0] Reading to [org.springframework.cloud.netflix.eureka.http.EurekaApplications]
2025-04-17 20:48:46,490 DEBUG o.s.c.l.CompositeLog [DiscoveryClient-HeartbeatExecutor-0] HTTP PUT http://localhost:8761/eureka/apps/USER-MANAGEMENT/192.168.1.4:user-management:8888?status=UP&lastDirtyTimestamp=1744897969423
2025-04-17 20:48:46,491 DEBUG o.s.c.l.CompositeLog [DiscoveryClient-HeartbeatExecutor-0] Accept=[application/json, application/*+json]
2025-04-17 20:48:46,506 DEBUG o.s.c.l.CompositeLog [DiscoveryClient-HeartbeatExecutor-0] Response 200 OK
2025-04-17 20:48:46,552 DEBUG o.s.c.l.CompositeLog [DiscoveryClient-CacheRefreshExecutor-0] HTTP GET http://localhost:8761/eureka/apps/delta
2025-04-17 20:48:46,552 DEBUG o.s.c.l.CompositeLog [DiscoveryClient-CacheRefreshExecutor-0] Accept=[application/json, application/*+json]
2025-04-17 20:48:46,568 DEBUG o.s.c.l.CompositeLog [DiscoveryClient-CacheRefreshExecutor-0] Response 200 OK
2025-04-17 20:48:46,568 DEBUG o.s.c.l.CompositeLog [DiscoveryClient-CacheRefreshExecutor-0] Reading to [org.springframework.cloud.netflix.eureka.http.EurekaApplications]
2025-04-17 20:49:16,514 DEBUG o.s.c.l.CompositeLog [DiscoveryClient-HeartbeatExecutor-0] HTTP PUT http://localhost:8761/eureka/apps/USER-MANAGEMENT/192.168.1.4:user-management:8888?status=UP&lastDirtyTimestamp=1744897969423
2025-04-17 20:49:16,514 DEBUG o.s.c.l.CompositeLog [DiscoveryClient-HeartbeatExecutor-0] Accept=[application/json, application/*+json]
2025-04-17 20:49:16,531 DEBUG o.s.c.l.CompositeLog [DiscoveryClient-HeartbeatExecutor-0] Response 200 OK
2025-04-17 20:49:16,576 DEBUG o.s.c.l.CompositeLog [DiscoveryClient-CacheRefreshExecutor-0] HTTP GET http://localhost:8761/eureka/apps/delta
2025-04-17 20:49:16,576 DEBUG o.s.c.l.CompositeLog [DiscoveryClient-CacheRefreshExecutor-0] Accept=[application/json, application/*+json]
2025-04-17 20:49:16,592 DEBUG o.s.c.l.CompositeLog [DiscoveryClient-CacheRefreshExecutor-0] Response 200 OK
2025-04-17 20:49:16,592 DEBUG o.s.c.l.CompositeLog [DiscoveryClient-CacheRefreshExecutor-0] Reading to [org.springframework.cloud.netflix.eureka.http.EurekaApplications]
2025-04-17 20:49:46,547 DEBUG o.s.c.l.CompositeLog [DiscoveryClient-HeartbeatExecutor-0] HTTP PUT http://localhost:8761/eureka/apps/USER-MANAGEMENT/192.168.1.4:user-management:8888?status=UP&lastDirtyTimestamp=1744897969423
2025-04-17 20:49:46,548 DEBUG o.s.c.l.CompositeLog [DiscoveryClient-HeartbeatExecutor-0] Accept=[application/json, application/*+json]
2025-04-17 20:49:46,564 DEBUG o.s.c.l.CompositeLog [DiscoveryClient-HeartbeatExecutor-0] Response 200 OK
2025-04-17 20:49:46,594 DEBUG o.s.c.l.CompositeLog [DiscoveryClient-CacheRefreshExecutor-0] HTTP GET http://localhost:8761/eureka/apps/delta
2025-04-17 20:49:46,594 DEBUG o.s.c.l.CompositeLog [DiscoveryClient-CacheRefreshExecutor-0] Accept=[application/json, application/*+json]
2025-04-17 20:49:46,611 DEBUG o.s.c.l.CompositeLog [DiscoveryClient-CacheRefreshExecutor-0] Response 200 OK
2025-04-17 20:49:46,611 DEBUG o.s.c.l.CompositeLog [DiscoveryClient-CacheRefreshExecutor-0] Reading to [org.springframework.cloud.netflix.eureka.http.EurekaApplications]
2025-04-17 20:50:16,578 DEBUG o.s.c.l.CompositeLog [DiscoveryClient-HeartbeatExecutor-0] HTTP PUT http://localhost:8761/eureka/apps/USER-MANAGEMENT/192.168.1.4:user-management:8888?status=UP&lastDirtyTimestamp=1744897969423
2025-04-17 20:50:16,578 DEBUG o.s.c.l.CompositeLog [DiscoveryClient-HeartbeatExecutor-0] Accept=[application/json, application/*+json]
2025-04-17 20:50:16,594 DEBUG o.s.c.l.CompositeLog [DiscoveryClient-HeartbeatExecutor-0] Response 200 OK
2025-04-17 20:50:16,624 DEBUG o.s.c.l.CompositeLog [DiscoveryClient-CacheRefreshExecutor-0] HTTP GET http://localhost:8761/eureka/apps/delta
2025-04-17 20:50:16,624 DEBUG o.s.c.l.CompositeLog [DiscoveryClient-CacheRefreshExecutor-0] Accept=[application/json, application/*+json]
2025-04-17 20:50:16,640 DEBUG o.s.c.l.CompositeLog [DiscoveryClient-CacheRefreshExecutor-0] Response 200 OK
2025-04-17 20:50:16,641 DEBUG o.s.c.l.CompositeLog [DiscoveryClient-CacheRefreshExecutor-0] Reading to [org.springframework.cloud.netflix.eureka.http.EurekaApplications]
2025-04-17 20:50:46,597 DEBUG o.s.c.l.CompositeLog [DiscoveryClient-HeartbeatExecutor-0] HTTP PUT http://localhost:8761/eureka/apps/USER-MANAGEMENT/192.168.1.4:user-management:8888?status=UP&lastDirtyTimestamp=1744897969423
2025-04-17 20:50:46,597 DEBUG o.s.c.l.CompositeLog [DiscoveryClient-HeartbeatExecutor-0] Accept=[application/json, application/*+json]
2025-04-17 20:50:46,613 DEBUG o.s.c.l.CompositeLog [DiscoveryClient-HeartbeatExecutor-0] Response 200 OK
2025-04-17 20:50:46,643 DEBUG o.s.c.l.CompositeLog [DiscoveryClient-CacheRefreshExecutor-0] HTTP GET http://localhost:8761/eureka/apps/delta
2025-04-17 20:50:46,643 DEBUG o.s.c.l.CompositeLog [DiscoveryClient-CacheRefreshExecutor-0] Accept=[application/json, application/*+json]
2025-04-17 20:50:46,660 DEBUG o.s.c.l.CompositeLog [DiscoveryClient-CacheRefreshExecutor-0] Response 200 OK
2025-04-17 20:50:46,661 DEBUG o.s.c.l.CompositeLog [DiscoveryClient-CacheRefreshExecutor-0] Reading to [org.springframework.cloud.netflix.eureka.http.EurekaApplications]
2025-04-17 20:51:16,615 DEBUG o.s.c.l.CompositeLog [DiscoveryClient-HeartbeatExecutor-0] HTTP PUT http://localhost:8761/eureka/apps/USER-MANAGEMENT/192.168.1.4:user-management:8888?status=UP&lastDirtyTimestamp=1744897969423
2025-04-17 20:51:16,616 DEBUG o.s.c.l.CompositeLog [DiscoveryClient-HeartbeatExecutor-0] Accept=[application/json, application/*+json]
2025-04-17 20:51:16,632 DEBUG o.s.c.l.CompositeLog [DiscoveryClient-HeartbeatExecutor-0] Response 200 OK
2025-04-17 20:51:16,662 DEBUG o.s.c.l.CompositeLog [DiscoveryClient-CacheRefreshExecutor-0] HTTP GET http://localhost:8761/eureka/apps/delta
2025-04-17 20:51:16,663 DEBUG o.s.c.l.CompositeLog [DiscoveryClient-CacheRefreshExecutor-0] Accept=[application/json, application/*+json]
2025-04-17 20:51:16,680 DEBUG o.s.c.l.CompositeLog [DiscoveryClient-CacheRefreshExecutor-0] Response 200 OK
2025-04-17 20:51:16,680 DEBUG o.s.c.l.CompositeLog [DiscoveryClient-CacheRefreshExecutor-0] Reading to [org.springframework.cloud.netflix.eureka.http.EurekaApplications]
2025-04-17 20:51:32,104 INFO c.n.d.s.r.a.ConfigClusterResolver [AsyncResolver-bootstrap-executor-0] Resolving eureka endpoints via configuration
2025-04-17 20:51:46,634 DEBUG o.s.c.l.CompositeLog [DiscoveryClient-HeartbeatExecutor-0] HTTP PUT http://localhost:8761/eureka/apps/USER-MANAGEMENT/192.168.1.4:user-management:8888?status=UP&lastDirtyTimestamp=1744897969423
2025-04-17 20:51:46,634 DEBUG o.s.c.l.CompositeLog [DiscoveryClient-HeartbeatExecutor-0] Accept=[application/json, application/*+json]
2025-04-17 20:51:46,652 DEBUG o.s.c.l.CompositeLog [DiscoveryClient-HeartbeatExecutor-0] Response 200 OK
2025-04-17 20:51:46,697 DEBUG o.s.c.l.CompositeLog [DiscoveryClient-CacheRefreshExecutor-0] HTTP GET http://localhost:8761/eureka/apps/delta
2025-04-17 20:51:46,697 DEBUG o.s.c.l.CompositeLog [DiscoveryClient-CacheRefreshExecutor-0] Accept=[application/json, application/*+json]
2025-04-17 20:51:46,730 DEBUG o.s.c.l.CompositeLog [DiscoveryClient-CacheRefreshExecutor-0] Response 200 OK
2025-04-17 20:51:46,731 DEBUG o.s.c.l.CompositeLog [DiscoveryClient-CacheRefreshExecutor-0] Reading to [org.springframework.cloud.netflix.eureka.http.EurekaApplications]
2025-04-17 20:52:16,661 DEBUG o.s.c.l.CompositeLog [DiscoveryClient-HeartbeatExecutor-0] HTTP PUT http://localhost:8761/eureka/apps/USER-MANAGEMENT/192.168.1.4:user-management:8888?status=UP&lastDirtyTimestamp=1744897969423
2025-04-17 20:52:16,661 DEBUG o.s.c.l.CompositeLog [DiscoveryClient-HeartbeatExecutor-0] Accept=[application/json, application/*+json]
2025-04-17 20:52:16,678 DEBUG o.s.c.l.CompositeLog [DiscoveryClient-HeartbeatExecutor-0] Response 200 OK
2025-04-17 20:52:16,740 DEBUG o.s.c.l.CompositeLog [DiscoveryClient-CacheRefreshExecutor-0] HTTP GET http://localhost:8761/eureka/apps/delta
2025-04-17 20:52:16,740 DEBUG o.s.c.l.CompositeLog [DiscoveryClient-CacheRefreshExecutor-0] Accept=[application/json, application/*+json]
2025-04-17 20:52:16,755 DEBUG o.s.c.l.CompositeLog [DiscoveryClient-CacheRefreshExecutor-0] Response 200 OK
2025-04-17 20:52:16,756 DEBUG o.s.c.l.CompositeLog [DiscoveryClient-CacheRefreshExecutor-0] Reading to [org.springframework.cloud.netflix.eureka.http.EurekaApplications]
2025-04-17 20:52:46,693 DEBUG o.s.c.l.CompositeLog [DiscoveryClient-HeartbeatExecutor-0] HTTP PUT http://localhost:8761/eureka/apps/USER-MANAGEMENT/192.168.1.4:user-management:8888?status=UP&lastDirtyTimestamp=1744897969423
2025-04-17 20:52:46,693 DEBUG o.s.c.l.CompositeLog [DiscoveryClient-HeartbeatExecutor-0] Accept=[application/json, application/*+json]
2025-04-17 20:52:46,709 DEBUG o.s.c.l.CompositeLog [DiscoveryClient-HeartbeatExecutor-0] Response 200 OK
2025-04-17 20:52:46,771 DEBUG o.s.c.l.CompositeLog [DiscoveryClient-CacheRefreshExecutor-0] HTTP GET http://localhost:8761/eureka/apps/delta
2025-04-17 20:52:46,771 DEBUG o.s.c.l.CompositeLog [DiscoveryClient-CacheRefreshExecutor-0] Accept=[application/json, application/*+json]
2025-04-17 20:52:46,787 DEBUG o.s.c.l.CompositeLog [DiscoveryClient-CacheRefreshExecutor-0] Response 200 OK
2025-04-17 20:52:46,787 DEBUG o.s.c.l.CompositeLog [DiscoveryClient-CacheRefreshExecutor-0] Reading to [org.springframework.cloud.netflix.eureka.http.EurekaApplications]
2025-04-17 20:53:16,713 DEBUG o.s.c.l.CompositeLog [DiscoveryClient-HeartbeatExecutor-0] HTTP PUT http://localhost:8761/eureka/apps/USER-MANAGEMENT/192.168.1.4:user-management:8888?status=UP&lastDirtyTimestamp=1744897969423
2025-04-17 20:53:16,713 DEBUG o.s.c.l.CompositeLog [DiscoveryClient-HeartbeatExecutor-0] Accept=[application/json, application/*+json]
2025-04-17 20:53:16,729 DEBUG o.s.c.l.CompositeLog [DiscoveryClient-HeartbeatExecutor-0] Response 200 OK
2025-04-17 20:53:16,789 DEBUG o.s.c.l.CompositeLog [DiscoveryClient-CacheRefreshExecutor-0] HTTP GET http://localhost:8761/eureka/apps/delta
2025-04-17 20:53:16,789 DEBUG o.s.c.l.CompositeLog [DiscoveryClient-CacheRefreshExecutor-0] Accept=[application/json, application/*+json]
2025-04-17 20:53:16,807 DEBUG o.s.c.l.CompositeLog [DiscoveryClient-CacheRefreshExecutor-0] Response 200 OK
2025-04-17 20:53:16,807 DEBUG o.s.c.l.CompositeLog [DiscoveryClient-CacheRefreshExecutor-0] Reading to [org.springframework.cloud.netflix.eureka.http.EurekaApplications]
2025-04-17 20:53:46,739 DEBUG o.s.c.l.CompositeLog [DiscoveryClient-HeartbeatExecutor-0] HTTP PUT http://localhost:8761/eureka/apps/USER-MANAGEMENT/192.168.1.4:user-management:8888?status=UP&lastDirtyTimestamp=1744897969423
2025-04-17 20:53:46,740 DEBUG o.s.c.l.CompositeLog [DiscoveryClient-HeartbeatExecutor-0] Accept=[application/json, application/*+json]
2025-04-17 20:53:46,756 DEBUG o.s.c.l.CompositeLog [DiscoveryClient-HeartbeatExecutor-0] Response 200 OK
2025-04-17 20:53:46,817 DEBUG o.s.c.l.CompositeLog [DiscoveryClient-CacheRefreshExecutor-0] HTTP GET http://localhost:8761/eureka/apps/delta
2025-04-17 20:53:46,817 DEBUG o.s.c.l.CompositeLog [DiscoveryClient-CacheRefreshExecutor-0] Accept=[application/json, application/*+json]
2025-04-17 20:53:46,834 DEBUG o.s.c.l.CompositeLog [DiscoveryClient-CacheRefreshExecutor-0] Response 200 OK
2025-04-17 20:53:46,834 DEBUG o.s.c.l.CompositeLog [DiscoveryClient-CacheRefreshExecutor-0] Reading to [org.springframework.cloud.netflix.eureka.http.EurekaApplications]
2025-04-17 20:54:16,769 DEBUG o.s.c.l.CompositeLog [DiscoveryClient-HeartbeatExecutor-0] HTTP PUT http://localhost:8761/eureka/apps/USER-MANAGEMENT/192.168.1.4:user-management:8888?status=UP&lastDirtyTimestamp=1744897969423
2025-04-17 20:54:16,769 DEBUG o.s.c.l.CompositeLog [DiscoveryClient-HeartbeatExecutor-0] Accept=[application/json, application/*+json]
2025-04-17 20:54:16,786 DEBUG o.s.c.l.CompositeLog [DiscoveryClient-HeartbeatExecutor-0] Response 200 OK
2025-04-17 20:54:16,847 DEBUG o.s.c.l.CompositeLog [DiscoveryClient-CacheRefreshExecutor-0] HTTP GET http://localhost:8761/eureka/apps/delta
2025-04-17 20:54:16,847 DEBUG o.s.c.l.CompositeLog [DiscoveryClient-CacheRefreshExecutor-0] Accept=[application/json, application/*+json]
2025-04-17 20:54:16,863 DEBUG o.s.c.l.CompositeLog [DiscoveryClient-CacheRefreshExecutor-0] Response 200 OK
2025-04-17 20:54:16,863 DEBUG o.s.c.l.CompositeLog [DiscoveryClient-CacheRefreshExecutor-0] Reading to [org.springframework.cloud.netflix.eureka.http.EurekaApplications]
2025-04-17 20:54:46,797 DEBUG o.s.c.l.CompositeLog [DiscoveryClient-HeartbeatExecutor-0] HTTP PUT http://localhost:8761/eureka/apps/USER-MANAGEMENT/192.168.1.4:user-management:8888?status=UP&lastDirtyTimestamp=1744897969423
2025-04-17 20:54:46,797 DEBUG o.s.c.l.CompositeLog [DiscoveryClient-HeartbeatExecutor-0] Accept=[application/json, application/*+json]
2025-04-17 20:54:46,814 DEBUG o.s.c.l.CompositeLog [DiscoveryClient-HeartbeatExecutor-0] Response 200 OK
2025-04-17 20:54:46,875 DEBUG o.s.c.l.CompositeLog [DiscoveryClient-CacheRefreshExecutor-0] HTTP GET http://localhost:8761/eureka/apps/delta
2025-04-17 20:54:46,875 DEBUG o.s.c.l.CompositeLog [DiscoveryClient-CacheRefreshExecutor-0] Accept=[application/json, application/*+json]
2025-04-17 20:54:46,892 DEBUG o.s.c.l.CompositeLog [DiscoveryClient-CacheRefreshExecutor-0] Response 200 OK
2025-04-17 20:54:46,892 DEBUG o.s.c.l.CompositeLog [DiscoveryClient-CacheRefreshExecutor-0] Reading to [org.springframework.cloud.netflix.eureka.http.EurekaApplications]
2025-04-17 20:55:16,823 DEBUG o.s.c.l.CompositeLog [DiscoveryClient-HeartbeatExecutor-0] HTTP PUT http://localhost:8761/eureka/apps/USER-MANAGEMENT/192.168.1.4:user-management:8888?status=UP&lastDirtyTimestamp=1744897969423
2025-04-17 20:55:16,824 DEBUG o.s.c.l.CompositeLog [DiscoveryClient-HeartbeatExecutor-0] Accept=[application/json, application/*+json]
2025-04-17 20:55:16,840 DEBUG o.s.c.l.CompositeLog [DiscoveryClient-HeartbeatExecutor-0] Response 200 OK
2025-04-17 20:55:16,901 DEBUG o.s.c.l.CompositeLog [DiscoveryClient-CacheRefreshExecutor-0] HTTP GET http://localhost:8761/eureka/apps/delta
2025-04-17 20:55:16,901 DEBUG o.s.c.l.CompositeLog [DiscoveryClient-CacheRefreshExecutor-0] Accept=[application/json, application/*+json]
2025-04-17 20:55:16,917 DEBUG o.s.c.l.CompositeLog [DiscoveryClient-CacheRefreshExecutor-0] Response 200 OK
2025-04-17 20:55:16,918 DEBUG o.s.c.l.CompositeLog [DiscoveryClient-CacheRefreshExecutor-0] Reading to [org.springframework.cloud.netflix.eureka.http.EurekaApplications]
2025-04-17 20:55:46,850 DEBUG o.s.c.l.CompositeLog [DiscoveryClient-HeartbeatExecutor-0] HTTP PUT http://localhost:8761/eureka/apps/USER-MANAGEMENT/192.168.1.4:user-management:8888?status=UP&lastDirtyTimestamp=1744897969423
2025-04-17 20:55:46,850 DEBUG o.s.c.l.CompositeLog [DiscoveryClient-HeartbeatExecutor-0] Accept=[application/json, application/*+json]
2025-04-17 20:55:46,867 DEBUG o.s.c.l.CompositeLog [DiscoveryClient-HeartbeatExecutor-0] Response 200 OK
2025-04-17 20:55:46,929 DEBUG o.s.c.l.CompositeLog [DiscoveryClient-CacheRefreshExecutor-0] HTTP GET http://localhost:8761/eureka/apps/delta
2025-04-17 20:55:46,929 DEBUG o.s.c.l.CompositeLog [DiscoveryClient-CacheRefreshExecutor-0] Accept=[application/json, application/*+json]
2025-04-17 20:55:46,945 DEBUG o.s.c.l.CompositeLog [DiscoveryClient-CacheRefreshExecutor-0] Response 200 OK
2025-04-17 20:55:46,945 DEBUG o.s.c.l.CompositeLog [DiscoveryClient-CacheRefreshExecutor-0] Reading to [org.springframework.cloud.netflix.eureka.http.EurekaApplications]
2025-04-17 20:56:16,876 DEBUG o.s.c.l.CompositeLog [DiscoveryClient-HeartbeatExecutor-0] HTTP PUT http://localhost:8761/eureka/apps/USER-MANAGEMENT/192.168.1.4:user-management:8888?status=UP&lastDirtyTimestamp=1744897969423
2025-04-17 20:56:16,877 DEBUG o.s.c.l.CompositeLog [DiscoveryClient-HeartbeatExecutor-0] Accept=[application/json, application/*+json]
2025-04-17 20:56:16,893 DEBUG o.s.c.l.CompositeLog [DiscoveryClient-HeartbeatExecutor-0] Response 200 OK
2025-04-17 20:56:16,954 DEBUG o.s.c.l.CompositeLog [DiscoveryClient-CacheRefreshExecutor-0] HTTP GET http://localhost:8761/eureka/apps/delta
2025-04-17 20:56:16,954 DEBUG o.s.c.l.CompositeLog [DiscoveryClient-CacheRefreshExecutor-0] Accept=[application/json, application/*+json]
2025-04-17 20:56:16,971 DEBUG o.s.c.l.CompositeLog [DiscoveryClient-CacheRefreshExecutor-0] Response 200 OK
2025-04-17 20:56:16,971 DEBUG o.s.c.l.CompositeLog [DiscoveryClient-CacheRefreshExecutor-0] Reading to [org.springframework.cloud.netflix.eureka.http.EurekaApplications]
2025-04-17 20:56:24,771 DEBUG o.s.c.l.LogFormatUtils [http-nio-8888-exec-5] POST "/auth/login", parameters={}
2025-04-17 20:56:24,772 DEBUG o.s.w.s.h.AbstractHandlerMapping [http-nio-8888-exec-5] Mapped to com.user_organization_management.controller.AuthController#login(AuthRequest)
2025-04-17 20:56:24,778 DEBUG o.s.c.l.LogFormatUtils [http-nio-8888-exec-5] Read "application/json;charset=UTF-8" to [com.user_organization_management.model.AuthRequest@3cff6200]
2025-04-17 20:56:24,780 INFO c.u.a.LoggingAspect [http-nio-8888-exec-5] =================> Method Name is >> login 
2025-04-17 20:56:24,781 INFO c.u.a.LoggingAspect [http-nio-8888-exec-5] ====> argument >> com.user_organization_management.model.AuthRequest@3cff6200
2025-04-17 20:56:24,781 INFO c.u.a.LoggingAspect [http-nio-8888-exec-5] =================> Method Name is >> login 
2025-04-17 20:56:24,781 INFO c.u.a.LoggingAspect [http-nio-8888-exec-5] ====> argument >> com.user_organization_management.model.AuthRequest@3cff6200
2025-04-17 20:56:24,781 INFO c.u.a.LoggingAspect [http-nio-8888-exec-5] =================> Method Name is >> disableLogin 
2025-04-17 20:56:24,782 INFO c.u.a.LoggingAspect [http-nio-8888-exec-5] ====> argument >> testttttttttt1@gmail.com
2025-04-17 20:56:24,782 INFO c.u.a.LoggingAspect [http-nio-8888-exec-5] =================> Method Name is >> findByEmail 
2025-04-17 20:56:24,782 INFO c.u.a.LoggingAspect [http-nio-8888-exec-5] ====> argument >> testttttttttt1@gmail.com
2025-04-17 20:56:24,792 DEBUG o.h.e.j.s.SqlStatementLogger [http-nio-8888-exec-5] 
    select
        ue1_0.id,
        ue1_0.created_by,
        ue1_0.created_date,
        ue1_0.email,
        ue1_0.failed_count,
        ue1_0.last_modified_by,
        ue1_0.last_modified_date,
        ue1_0.locked,
        ue1_0.mobile,
        ue1_0.name,
        ue1_0.organization_id,
        ue1_0.password,
        ue1_0.role_id 
    from
        users ue1_0 
    where
        ue1_0.email=?
2025-04-17 20:56:24,811 DEBUG o.h.e.j.s.SqlStatementLogger [http-nio-8888-exec-5] 
    select
        oe1_0.id,
        oe1_0.created_by,
        oe1_0.created_date,
        oe1_0.last_modified_by,
        oe1_0.last_modified_date,
        oe1_0.name 
    from
        organizations oe1_0 
    where
        oe1_0.id=?
2025-04-17 20:56:24,816 DEBUG o.h.e.j.s.SqlStatementLogger [http-nio-8888-exec-5] 
    select
        re1_0.id,
        re1_0.created_by,
        re1_0.created_date,
        re1_0.last_modified_by,
        re1_0.last_modified_date,
        re1_0.name 
    from
        roles re1_0 
    where
        re1_0.id=?
2025-04-17 20:56:24,821 INFO c.u.a.MeasurementAspect [http-nio-8888-exec-5] KPI[method-execution]	for: void com.user_organization_management.service.UserService.disableLogin(String)	withArgs: [testttttttttt1@gmail.com]	took: 39 ms. 
2025-04-17 20:56:24,822 INFO c.u.a.LoggingAspect [http-nio-8888-exec-5] =================> Method Name is >> getUserByEmail 
2025-04-17 20:56:24,822 INFO c.u.a.LoggingAspect [http-nio-8888-exec-5] ====> argument >> testttttttttt1@gmail.com
2025-04-17 20:56:24,822 INFO c.u.a.LoggingAspect [http-nio-8888-exec-5] =================> Method Name is >> findByEmail 
2025-04-17 20:56:24,822 INFO c.u.a.LoggingAspect [http-nio-8888-exec-5] ====> argument >> testttttttttt1@gmail.com
2025-04-17 20:56:24,823 DEBUG o.h.e.j.s.SqlStatementLogger [http-nio-8888-exec-5] 
    select
        ue1_0.id,
        ue1_0.created_by,
        ue1_0.created_date,
        ue1_0.email,
        ue1_0.failed_count,
        ue1_0.last_modified_by,
        ue1_0.last_modified_date,
        ue1_0.locked,
        ue1_0.mobile,
        ue1_0.name,
        ue1_0.organization_id,
        ue1_0.password,
        ue1_0.role_id 
    from
        users ue1_0 
    where
        ue1_0.email=?
2025-04-17 20:56:24,826 INFO c.u.a.MeasurementAspect [http-nio-8888-exec-5] KPI[method-execution]	for: UserDTO com.user_organization_management.service.UserService.getUserByEmail(String)	withArgs: [testttttttttt1@gmail.com]	took: 4 ms. 
2025-04-17 20:56:24,826 INFO c.u.s.CustomUserDetailsService [http-nio-8888-exec-5] User testttttttttt1@gmail.com has role ROLE_USER
2025-04-17 20:56:24,900 INFO c.u.a.LoggingAspect [http-nio-8888-exec-5] =================> Method Name is >> resetFailedLoginAttempts 
2025-04-17 20:56:24,900 INFO c.u.a.LoggingAspect [http-nio-8888-exec-5] ====> argument >> testttttttttt1@gmail.com
2025-04-17 20:56:24,900 INFO c.u.a.LoggingAspect [http-nio-8888-exec-5] =================> Method Name is >> findByEmail 
2025-04-17 20:56:24,900 INFO c.u.a.LoggingAspect [http-nio-8888-exec-5] ====> argument >> testttttttttt1@gmail.com
2025-04-17 20:56:24,901 DEBUG o.h.e.j.s.SqlStatementLogger [http-nio-8888-exec-5] 
    select
        ue1_0.id,
        ue1_0.created_by,
        ue1_0.created_date,
        ue1_0.email,
        ue1_0.failed_count,
        ue1_0.last_modified_by,
        ue1_0.last_modified_date,
        ue1_0.locked,
        ue1_0.mobile,
        ue1_0.name,
        ue1_0.organization_id,
        ue1_0.password,
        ue1_0.role_id 
    from
        users ue1_0 
    where
        ue1_0.email=?
2025-04-17 20:56:24,905 INFO c.u.a.MeasurementAspect [http-nio-8888-exec-5] KPI[method-execution]	for: void com.user_organization_management.service.UserService.resetFailedLoginAttempts(String)	withArgs: [testttttttttt1@gmail.com]	took: 5 ms. 
2025-04-17 20:56:24,906 INFO c.u.a.LoggingAspect [http-nio-8888-exec-5] =================> Method Name is >> getUserByEmail 
2025-04-17 20:56:24,906 INFO c.u.a.LoggingAspect [http-nio-8888-exec-5] ====> argument >> testttttttttt1@gmail.com
2025-04-17 20:56:24,906 INFO c.u.a.LoggingAspect [http-nio-8888-exec-5] =================> Method Name is >> findByEmail 
2025-04-17 20:56:24,906 INFO c.u.a.LoggingAspect [http-nio-8888-exec-5] ====> argument >> testttttttttt1@gmail.com
2025-04-17 20:56:24,907 DEBUG o.h.e.j.s.SqlStatementLogger [http-nio-8888-exec-5] 
    select
        ue1_0.id,
        ue1_0.created_by,
        ue1_0.created_date,
        ue1_0.email,
        ue1_0.failed_count,
        ue1_0.last_modified_by,
        ue1_0.last_modified_date,
        ue1_0.locked,
        ue1_0.mobile,
        ue1_0.name,
        ue1_0.organization_id,
        ue1_0.password,
        ue1_0.role_id 
    from
        users ue1_0 
    where
        ue1_0.email=?
2025-04-17 20:56:24,910 INFO c.u.a.MeasurementAspect [http-nio-8888-exec-5] KPI[method-execution]	for: UserDTO com.user_organization_management.service.UserService.getUserByEmail(String)	withArgs: [testttttttttt1@gmail.com]	took: 4 ms. 
2025-04-17 20:56:24,910 INFO c.u.s.CustomUserDetailsService [http-nio-8888-exec-5] User testttttttttt1@gmail.com has role ROLE_USER
2025-04-17 20:56:24,913 INFO c.u.a.MeasurementAspect [http-nio-8888-exec-5] KPI[method-execution]	for: Map com.user_organization_management.service.AuthService.login(AuthRequest)	withArgs: [com.user_organization_management.model.AuthRequest@3cff6200]	took: 132 ms. 
2025-04-17 20:56:24,914 DEBUG o.s.w.s.m.m.a.AbstractMessageConverterMethodProcessor [http-nio-8888-exec-5] Using 'application/json', given [application/json, text/plain, */*] and supported [application/json, application/*+json]
2025-04-17 20:56:24,915 DEBUG o.s.c.l.LogFormatUtils [http-nio-8888-exec-5] Writing [{token=eyJhbGciOiJIUzI1NiJ9.eyJzdWIiOiJ0ZXN0dHR0dHR0dHR0MUBnbWFpbC5jb20iLCJpYXQiOjE3NDQ5MTYxODQsImV4 (truncated)...]
2025-04-17 20:56:24,917 DEBUG o.s.w.s.FrameworkServlet [http-nio-8888-exec-5] Completed 200 OK
2025-04-17 20:56:32,116 INFO c.n.d.s.r.a.ConfigClusterResolver [AsyncResolver-bootstrap-executor-0] Resolving eureka endpoints via configuration
2025-04-17 20:56:46,907 DEBUG o.s.c.l.CompositeLog [DiscoveryClient-HeartbeatExecutor-0] HTTP PUT http://localhost:8761/eureka/apps/USER-MANAGEMENT/192.168.1.4:user-management:8888?status=UP&lastDirtyTimestamp=1744897969423
2025-04-17 20:56:46,907 DEBUG o.s.c.l.CompositeLog [DiscoveryClient-HeartbeatExecutor-0] Accept=[application/json, application/*+json]
2025-04-17 20:56:46,924 DEBUG o.s.c.l.CompositeLog [DiscoveryClient-HeartbeatExecutor-0] Response 200 OK
2025-04-17 20:56:46,985 DEBUG o.s.c.l.CompositeLog [DiscoveryClient-CacheRefreshExecutor-0] HTTP GET http://localhost:8761/eureka/apps/delta
2025-04-17 20:56:46,985 DEBUG o.s.c.l.CompositeLog [DiscoveryClient-CacheRefreshExecutor-0] Accept=[application/json, application/*+json]
2025-04-17 20:56:47,001 DEBUG o.s.c.l.CompositeLog [DiscoveryClient-CacheRefreshExecutor-0] Response 200 OK
2025-04-17 20:56:47,001 DEBUG o.s.c.l.CompositeLog [DiscoveryClient-CacheRefreshExecutor-0] Reading to [org.springframework.cloud.netflix.eureka.http.EurekaApplications]
2025-04-17 20:57:16,930 DEBUG o.s.c.l.CompositeLog [DiscoveryClient-HeartbeatExecutor-0] HTTP PUT http://localhost:8761/eureka/apps/USER-MANAGEMENT/192.168.1.4:user-management:8888?status=UP&lastDirtyTimestamp=1744897969423
2025-04-17 20:57:16,931 DEBUG o.s.c.l.CompositeLog [DiscoveryClient-HeartbeatExecutor-0] Accept=[application/json, application/*+json]
2025-04-17 20:57:16,947 DEBUG o.s.c.l.CompositeLog [DiscoveryClient-HeartbeatExecutor-0] Response 200 OK
2025-04-17 20:57:17,009 DEBUG o.s.c.l.CompositeLog [DiscoveryClient-CacheRefreshExecutor-0] HTTP GET http://localhost:8761/eureka/apps/delta
2025-04-17 20:57:17,009 DEBUG o.s.c.l.CompositeLog [DiscoveryClient-CacheRefreshExecutor-0] Accept=[application/json, application/*+json]
2025-04-17 20:57:17,025 DEBUG o.s.c.l.CompositeLog [DiscoveryClient-CacheRefreshExecutor-0] Response 200 OK
2025-04-17 20:57:17,025 DEBUG o.s.c.l.CompositeLog [DiscoveryClient-CacheRefreshExecutor-0] Reading to [org.springframework.cloud.netflix.eureka.http.EurekaApplications]
2025-04-17 20:57:46,952 DEBUG o.s.c.l.CompositeLog [DiscoveryClient-HeartbeatExecutor-0] HTTP PUT http://localhost:8761/eureka/apps/USER-MANAGEMENT/192.168.1.4:user-management:8888?status=UP&lastDirtyTimestamp=1744897969423
2025-04-17 20:57:46,953 DEBUG o.s.c.l.CompositeLog [DiscoveryClient-HeartbeatExecutor-0] Accept=[application/json, application/*+json]
2025-04-17 20:57:46,967 DEBUG o.s.c.l.CompositeLog [DiscoveryClient-HeartbeatExecutor-0] Response 200 OK
2025-04-17 20:57:47,028 DEBUG o.s.c.l.CompositeLog [DiscoveryClient-CacheRefreshExecutor-0] HTTP GET http://localhost:8761/eureka/apps/delta
2025-04-17 20:57:47,029 DEBUG o.s.c.l.CompositeLog [DiscoveryClient-CacheRefreshExecutor-0] Accept=[application/json, application/*+json]
2025-04-17 20:57:47,044 DEBUG o.s.c.l.CompositeLog [DiscoveryClient-CacheRefreshExecutor-0] Response 200 OK
2025-04-17 20:57:47,044 DEBUG o.s.c.l.CompositeLog [DiscoveryClient-CacheRefreshExecutor-0] Reading to [org.springframework.cloud.netflix.eureka.http.EurekaApplications]
2025-04-17 20:58:16,971 DEBUG o.s.c.l.CompositeLog [DiscoveryClient-HeartbeatExecutor-0] HTTP PUT http://localhost:8761/eureka/apps/USER-MANAGEMENT/192.168.1.4:user-management:8888?status=UP&lastDirtyTimestamp=1744897969423
2025-04-17 20:58:16,971 DEBUG o.s.c.l.CompositeLog [DiscoveryClient-HeartbeatExecutor-0] Accept=[application/json, application/*+json]
2025-04-17 20:58:16,987 DEBUG o.s.c.l.CompositeLog [DiscoveryClient-HeartbeatExecutor-0] Response 200 OK
2025-04-17 20:58:17,053 DEBUG o.s.c.l.CompositeLog [DiscoveryClient-CacheRefreshExecutor-0] HTTP GET http://localhost:8761/eureka/apps/delta
2025-04-17 20:58:17,058 DEBUG o.s.c.l.CompositeLog [DiscoveryClient-CacheRefreshExecutor-0] Accept=[application/json, application/*+json]
2025-04-17 20:58:17,062 DEBUG o.s.c.l.CompositeLog [DiscoveryClient-CacheRefreshExecutor-0] Response 200 OK
2025-04-17 20:58:17,062 DEBUG o.s.c.l.CompositeLog [DiscoveryClient-CacheRefreshExecutor-0] Reading to [org.springframework.cloud.netflix.eureka.http.EurekaApplications]
2025-04-17 20:58:46,998 DEBUG o.s.c.l.CompositeLog [DiscoveryClient-HeartbeatExecutor-0] HTTP PUT http://localhost:8761/eureka/apps/USER-MANAGEMENT/192.168.1.4:user-management:8888?status=UP&lastDirtyTimestamp=1744897969423
2025-04-17 20:58:46,998 DEBUG o.s.c.l.CompositeLog [DiscoveryClient-HeartbeatExecutor-0] Accept=[application/json, application/*+json]
2025-04-17 20:58:47,015 DEBUG o.s.c.l.CompositeLog [DiscoveryClient-HeartbeatExecutor-0] Response 200 OK
2025-04-17 20:58:47,075 DEBUG o.s.c.l.CompositeLog [DiscoveryClient-CacheRefreshExecutor-0] HTTP GET http://localhost:8761/eureka/apps/delta
2025-04-17 20:58:47,075 DEBUG o.s.c.l.CompositeLog [DiscoveryClient-CacheRefreshExecutor-0] Accept=[application/json, application/*+json]
2025-04-17 20:58:47,092 DEBUG o.s.c.l.CompositeLog [DiscoveryClient-CacheRefreshExecutor-0] Response 200 OK
2025-04-17 20:58:47,092 DEBUG o.s.c.l.CompositeLog [DiscoveryClient-CacheRefreshExecutor-0] Reading to [org.springframework.cloud.netflix.eureka.http.EurekaApplications]
2025-04-17 20:59:17,028 DEBUG o.s.c.l.CompositeLog [DiscoveryClient-HeartbeatExecutor-0] HTTP PUT http://localhost:8761/eureka/apps/USER-MANAGEMENT/192.168.1.4:user-management:8888?status=UP&lastDirtyTimestamp=1744897969423
2025-04-17 20:59:17,029 DEBUG o.s.c.l.CompositeLog [DiscoveryClient-HeartbeatExecutor-0] Accept=[application/json, application/*+json]
2025-04-17 20:59:17,045 DEBUG o.s.c.l.CompositeLog [DiscoveryClient-HeartbeatExecutor-0] Response 200 OK
2025-04-17 20:59:17,106 DEBUG o.s.c.l.CompositeLog [DiscoveryClient-CacheRefreshExecutor-0] HTTP GET http://localhost:8761/eureka/apps/delta
2025-04-17 20:59:17,106 DEBUG o.s.c.l.CompositeLog [DiscoveryClient-CacheRefreshExecutor-0] Accept=[application/json, application/*+json]
2025-04-17 20:59:17,123 DEBUG o.s.c.l.CompositeLog [DiscoveryClient-CacheRefreshExecutor-0] Response 200 OK
2025-04-17 20:59:17,123 DEBUG o.s.c.l.CompositeLog [DiscoveryClient-CacheRefreshExecutor-0] Reading to [org.springframework.cloud.netflix.eureka.http.EurekaApplications]
2025-04-17 20:59:47,050 DEBUG o.s.c.l.CompositeLog [DiscoveryClient-HeartbeatExecutor-0] HTTP PUT http://localhost:8761/eureka/apps/USER-MANAGEMENT/192.168.1.4:user-management:8888?status=UP&lastDirtyTimestamp=1744897969423
2025-04-17 20:59:47,051 DEBUG o.s.c.l.CompositeLog [DiscoveryClient-HeartbeatExecutor-0] Accept=[application/json, application/*+json]
2025-04-17 20:59:47,067 DEBUG o.s.c.l.CompositeLog [DiscoveryClient-HeartbeatExecutor-0] Response 200 OK
2025-04-17 20:59:47,127 DEBUG o.s.c.l.CompositeLog [DiscoveryClient-CacheRefreshExecutor-0] HTTP GET http://localhost:8761/eureka/apps/delta
2025-04-17 20:59:47,127 DEBUG o.s.c.l.CompositeLog [DiscoveryClient-CacheRefreshExecutor-0] Accept=[application/json, application/*+json]
2025-04-17 20:59:47,145 DEBUG o.s.c.l.CompositeLog [DiscoveryClient-CacheRefreshExecutor-0] Response 200 OK
2025-04-17 20:59:47,145 DEBUG o.s.c.l.CompositeLog [DiscoveryClient-CacheRefreshExecutor-0] Reading to [org.springframework.cloud.netflix.eureka.http.EurekaApplications]
2025-04-17 21:00:17,081 DEBUG o.s.c.l.CompositeLog [DiscoveryClient-HeartbeatExecutor-0] HTTP PUT http://localhost:8761/eureka/apps/USER-MANAGEMENT/192.168.1.4:user-management:8888?status=UP&lastDirtyTimestamp=1744897969423
2025-04-17 21:00:17,081 DEBUG o.s.c.l.CompositeLog [DiscoveryClient-HeartbeatExecutor-0] Accept=[application/json, application/*+json]
2025-04-17 21:00:17,097 DEBUG o.s.c.l.CompositeLog [DiscoveryClient-HeartbeatExecutor-0] Response 200 OK
2025-04-17 21:00:17,158 DEBUG o.s.c.l.CompositeLog [DiscoveryClient-CacheRefreshExecutor-0] HTTP GET http://localhost:8761/eureka/apps/delta
2025-04-17 21:00:17,158 DEBUG o.s.c.l.CompositeLog [DiscoveryClient-CacheRefreshExecutor-0] Accept=[application/json, application/*+json]
2025-04-17 21:00:17,173 DEBUG o.s.c.l.CompositeLog [DiscoveryClient-CacheRefreshExecutor-0] Response 200 OK
2025-04-17 21:00:17,174 DEBUG o.s.c.l.CompositeLog [DiscoveryClient-CacheRefreshExecutor-0] Reading to [org.springframework.cloud.netflix.eureka.http.EurekaApplications]
2025-04-17 21:00:47,103 DEBUG o.s.c.l.CompositeLog [DiscoveryClient-HeartbeatExecutor-0] HTTP PUT http://localhost:8761/eureka/apps/USER-MANAGEMENT/192.168.1.4:user-management:8888?status=UP&lastDirtyTimestamp=1744897969423
2025-04-17 21:00:47,103 DEBUG o.s.c.l.CompositeLog [DiscoveryClient-HeartbeatExecutor-0] Accept=[application/json, application/*+json]
2025-04-17 21:00:47,119 DEBUG o.s.c.l.CompositeLog [DiscoveryClient-HeartbeatExecutor-0] Response 200 OK
2025-04-17 21:00:47,180 DEBUG o.s.c.l.CompositeLog [DiscoveryClient-CacheRefreshExecutor-0] HTTP GET http://localhost:8761/eureka/apps/delta
2025-04-17 21:00:47,180 DEBUG o.s.c.l.CompositeLog [DiscoveryClient-CacheRefreshExecutor-0] Accept=[application/json, application/*+json]
2025-04-17 21:00:47,197 DEBUG o.s.c.l.CompositeLog [DiscoveryClient-CacheRefreshExecutor-0] Response 200 OK
2025-04-17 21:00:47,197 DEBUG o.s.c.l.CompositeLog [DiscoveryClient-CacheRefreshExecutor-0] Reading to [org.springframework.cloud.netflix.eureka.http.EurekaApplications]
2025-04-17 21:01:17,126 DEBUG o.s.c.l.CompositeLog [DiscoveryClient-HeartbeatExecutor-0] HTTP PUT http://localhost:8761/eureka/apps/USER-MANAGEMENT/192.168.1.4:user-management:8888?status=UP&lastDirtyTimestamp=1744897969423
2025-04-17 21:01:17,127 DEBUG o.s.c.l.CompositeLog [DiscoveryClient-HeartbeatExecutor-0] Accept=[application/json, application/*+json]
2025-04-17 21:01:17,142 DEBUG o.s.c.l.CompositeLog [DiscoveryClient-HeartbeatExecutor-0] Response 200 OK
2025-04-17 21:01:17,204 DEBUG o.s.c.l.CompositeLog [DiscoveryClient-CacheRefreshExecutor-0] HTTP GET http://localhost:8761/eureka/apps/delta
2025-04-17 21:01:17,204 DEBUG o.s.c.l.CompositeLog [DiscoveryClient-CacheRefreshExecutor-0] Accept=[application/json, application/*+json]
2025-04-17 21:01:17,221 DEBUG o.s.c.l.CompositeLog [DiscoveryClient-CacheRefreshExecutor-0] Response 200 OK
2025-04-17 21:01:17,221 DEBUG o.s.c.l.CompositeLog [DiscoveryClient-CacheRefreshExecutor-0] Reading to [org.springframework.cloud.netflix.eureka.http.EurekaApplications]
2025-04-17 21:01:32,119 INFO c.n.d.s.r.a.ConfigClusterResolver [AsyncResolver-bootstrap-executor-0] Resolving eureka endpoints via configuration
2025-04-17 21:01:47,152 DEBUG o.s.c.l.CompositeLog [DiscoveryClient-HeartbeatExecutor-0] HTTP PUT http://localhost:8761/eureka/apps/USER-MANAGEMENT/192.168.1.4:user-management:8888?status=UP&lastDirtyTimestamp=1744897969423
2025-04-17 21:01:47,152 DEBUG o.s.c.l.CompositeLog [DiscoveryClient-HeartbeatExecutor-0] Accept=[application/json, application/*+json]
2025-04-17 21:01:47,168 DEBUG o.s.c.l.CompositeLog [DiscoveryClient-HeartbeatExecutor-0] Response 200 OK
2025-04-17 21:01:47,229 DEBUG o.s.c.l.CompositeLog [DiscoveryClient-CacheRefreshExecutor-0] HTTP GET http://localhost:8761/eureka/apps/delta
2025-04-17 21:01:47,229 DEBUG o.s.c.l.CompositeLog [DiscoveryClient-CacheRefreshExecutor-0] Accept=[application/json, application/*+json]
2025-04-17 21:01:47,245 DEBUG o.s.c.l.CompositeLog [DiscoveryClient-CacheRefreshExecutor-0] Response 200 OK
2025-04-17 21:01:47,245 DEBUG o.s.c.l.CompositeLog [DiscoveryClient-CacheRefreshExecutor-0] Reading to [org.springframework.cloud.netflix.eureka.http.EurekaApplications]
2025-04-17 21:02:17,184 DEBUG o.s.c.l.CompositeLog [DiscoveryClient-HeartbeatExecutor-0] HTTP PUT http://localhost:8761/eureka/apps/USER-MANAGEMENT/192.168.1.4:user-management:8888?status=UP&lastDirtyTimestamp=1744897969423
2025-04-17 21:02:17,184 DEBUG o.s.c.l.CompositeLog [DiscoveryClient-HeartbeatExecutor-0] Accept=[application/json, application/*+json]
2025-04-17 21:02:17,200 DEBUG o.s.c.l.CompositeLog [DiscoveryClient-HeartbeatExecutor-0] Response 200 OK
2025-04-17 21:02:17,262 DEBUG o.s.c.l.CompositeLog [DiscoveryClient-CacheRefreshExecutor-0] HTTP GET http://localhost:8761/eureka/apps/delta
2025-04-17 21:02:17,262 DEBUG o.s.c.l.CompositeLog [DiscoveryClient-CacheRefreshExecutor-0] Accept=[application/json, application/*+json]
2025-04-17 21:02:17,278 DEBUG o.s.c.l.CompositeLog [DiscoveryClient-CacheRefreshExecutor-0] Response 200 OK
2025-04-17 21:02:17,279 DEBUG o.s.c.l.CompositeLog [DiscoveryClient-CacheRefreshExecutor-0] Reading to [org.springframework.cloud.netflix.eureka.http.EurekaApplications]
2025-04-17 21:02:47,213 DEBUG o.s.c.l.CompositeLog [DiscoveryClient-HeartbeatExecutor-0] HTTP PUT http://localhost:8761/eureka/apps/USER-MANAGEMENT/192.168.1.4:user-management:8888?status=UP&lastDirtyTimestamp=1744897969423
2025-04-17 21:02:47,213 DEBUG o.s.c.l.CompositeLog [DiscoveryClient-HeartbeatExecutor-0] Accept=[application/json, application/*+json]
2025-04-17 21:02:47,229 DEBUG o.s.c.l.CompositeLog [DiscoveryClient-HeartbeatExecutor-0] Response 200 OK
2025-04-17 21:02:47,290 DEBUG o.s.c.l.CompositeLog [DiscoveryClient-CacheRefreshExecutor-0] HTTP GET http://localhost:8761/eureka/apps/delta
2025-04-17 21:02:47,290 DEBUG o.s.c.l.CompositeLog [DiscoveryClient-CacheRefreshExecutor-0] Accept=[application/json, application/*+json]
2025-04-17 21:02:47,306 DEBUG o.s.c.l.CompositeLog [DiscoveryClient-CacheRefreshExecutor-0] Response 200 OK
2025-04-17 21:02:47,306 DEBUG o.s.c.l.CompositeLog [DiscoveryClient-CacheRefreshExecutor-0] Reading to [org.springframework.cloud.netflix.eureka.http.EurekaApplications]
2025-04-17 21:03:17,234 DEBUG o.s.c.l.CompositeLog [DiscoveryClient-HeartbeatExecutor-0] HTTP PUT http://localhost:8761/eureka/apps/USER-MANAGEMENT/192.168.1.4:user-management:8888?status=UP&lastDirtyTimestamp=1744897969423
2025-04-17 21:03:17,235 DEBUG o.s.c.l.CompositeLog [DiscoveryClient-HeartbeatExecutor-0] Accept=[application/json, application/*+json]
2025-04-17 21:03:17,252 DEBUG o.s.c.l.CompositeLog [DiscoveryClient-HeartbeatExecutor-0] Response 200 OK
2025-04-17 21:03:17,312 DEBUG o.s.c.l.CompositeLog [DiscoveryClient-CacheRefreshExecutor-0] HTTP GET http://localhost:8761/eureka/apps/delta
2025-04-17 21:03:17,312 DEBUG o.s.c.l.CompositeLog [DiscoveryClient-CacheRefreshExecutor-0] Accept=[application/json, application/*+json]
2025-04-17 21:03:17,328 DEBUG o.s.c.l.CompositeLog [DiscoveryClient-CacheRefreshExecutor-0] Response 200 OK
2025-04-17 21:03:17,328 DEBUG o.s.c.l.CompositeLog [DiscoveryClient-CacheRefreshExecutor-0] Reading to [org.springframework.cloud.netflix.eureka.http.EurekaApplications]
2025-04-17 21:03:47,258 DEBUG o.s.c.l.CompositeLog [DiscoveryClient-HeartbeatExecutor-0] HTTP PUT http://localhost:8761/eureka/apps/USER-MANAGEMENT/192.168.1.4:user-management:8888?status=UP&lastDirtyTimestamp=1744897969423
2025-04-17 21:03:47,258 DEBUG o.s.c.l.CompositeLog [DiscoveryClient-HeartbeatExecutor-0] Accept=[application/json, application/*+json]
2025-04-17 21:03:47,275 DEBUG o.s.c.l.CompositeLog [DiscoveryClient-HeartbeatExecutor-0] Response 200 OK
2025-04-17 21:03:47,335 DEBUG o.s.c.l.CompositeLog [DiscoveryClient-CacheRefreshExecutor-0] HTTP GET http://localhost:8761/eureka/apps/delta
2025-04-17 21:03:47,335 DEBUG o.s.c.l.CompositeLog [DiscoveryClient-CacheRefreshExecutor-0] Accept=[application/json, application/*+json]
2025-04-17 21:03:47,351 DEBUG o.s.c.l.CompositeLog [DiscoveryClient-CacheRefreshExecutor-0] Response 200 OK
2025-04-17 21:03:47,351 DEBUG o.s.c.l.CompositeLog [DiscoveryClient-CacheRefreshExecutor-0] Reading to [org.springframework.cloud.netflix.eureka.http.EurekaApplications]
2025-04-17 21:04:17,292 DEBUG o.s.c.l.CompositeLog [DiscoveryClient-HeartbeatExecutor-0] HTTP PUT http://localhost:8761/eureka/apps/USER-MANAGEMENT/192.168.1.4:user-management:8888?status=UP&lastDirtyTimestamp=1744897969423
2025-04-17 21:04:17,292 DEBUG o.s.c.l.CompositeLog [DiscoveryClient-HeartbeatExecutor-0] Accept=[application/json, application/*+json]
2025-04-17 21:04:17,308 DEBUG o.s.c.l.CompositeLog [DiscoveryClient-HeartbeatExecutor-0] Response 200 OK
2025-04-17 21:04:17,367 DEBUG o.s.c.l.CompositeLog [DiscoveryClient-CacheRefreshExecutor-0] HTTP GET http://localhost:8761/eureka/apps/delta
2025-04-17 21:04:17,367 DEBUG o.s.c.l.CompositeLog [DiscoveryClient-CacheRefreshExecutor-0] Accept=[application/json, application/*+json]
2025-04-17 21:04:17,384 DEBUG o.s.c.l.CompositeLog [DiscoveryClient-CacheRefreshExecutor-0] Response 200 OK
2025-04-17 21:04:17,384 DEBUG o.s.c.l.CompositeLog [DiscoveryClient-CacheRefreshExecutor-0] Reading to [org.springframework.cloud.netflix.eureka.http.EurekaApplications]
2025-04-17 21:04:47,321 DEBUG o.s.c.l.CompositeLog [DiscoveryClient-HeartbeatExecutor-0] HTTP PUT http://localhost:8761/eureka/apps/USER-MANAGEMENT/192.168.1.4:user-management:8888?status=UP&lastDirtyTimestamp=1744897969423
2025-04-17 21:04:47,322 DEBUG o.s.c.l.CompositeLog [DiscoveryClient-HeartbeatExecutor-0] Accept=[application/json, application/*+json]
2025-04-17 21:04:47,338 DEBUG o.s.c.l.CompositeLog [DiscoveryClient-HeartbeatExecutor-0] Response 200 OK
2025-04-17 21:04:47,399 DEBUG o.s.c.l.CompositeLog [DiscoveryClient-CacheRefreshExecutor-0] HTTP GET http://localhost:8761/eureka/apps/delta
2025-04-17 21:04:47,399 DEBUG o.s.c.l.CompositeLog [DiscoveryClient-CacheRefreshExecutor-0] Accept=[application/json, application/*+json]
2025-04-17 21:04:47,416 DEBUG o.s.c.l.CompositeLog [DiscoveryClient-CacheRefreshExecutor-0] Response 200 OK
2025-04-17 21:04:47,416 DEBUG o.s.c.l.CompositeLog [DiscoveryClient-CacheRefreshExecutor-0] Reading to [org.springframework.cloud.netflix.eureka.http.EurekaApplications]
2025-04-17 21:05:17,339 DEBUG o.s.c.l.CompositeLog [DiscoveryClient-HeartbeatExecutor-0] HTTP PUT http://localhost:8761/eureka/apps/USER-MANAGEMENT/192.168.1.4:user-management:8888?status=UP&lastDirtyTimestamp=1744897969423
2025-04-17 21:05:17,340 DEBUG o.s.c.l.CompositeLog [DiscoveryClient-HeartbeatExecutor-0] Accept=[application/json, application/*+json]
2025-04-17 21:05:17,356 DEBUG o.s.c.l.CompositeLog [DiscoveryClient-HeartbeatExecutor-0] Response 200 OK
2025-04-17 21:05:17,432 DEBUG o.s.c.l.CompositeLog [DiscoveryClient-CacheRefreshExecutor-0] HTTP GET http://localhost:8761/eureka/apps/delta
2025-04-17 21:05:17,432 DEBUG o.s.c.l.CompositeLog [DiscoveryClient-CacheRefreshExecutor-0] Accept=[application/json, application/*+json]
2025-04-17 21:05:17,450 DEBUG o.s.c.l.CompositeLog [DiscoveryClient-CacheRefreshExecutor-0] Response 200 OK
2025-04-17 21:05:17,450 DEBUG o.s.c.l.CompositeLog [DiscoveryClient-CacheRefreshExecutor-0] Reading to [org.springframework.cloud.netflix.eureka.http.EurekaApplications]
2025-04-17 21:05:47,367 DEBUG o.s.c.l.CompositeLog [DiscoveryClient-HeartbeatExecutor-0] HTTP PUT http://localhost:8761/eureka/apps/USER-MANAGEMENT/192.168.1.4:user-management:8888?status=UP&lastDirtyTimestamp=1744897969423
2025-04-17 21:05:47,368 DEBUG o.s.c.l.CompositeLog [DiscoveryClient-HeartbeatExecutor-0] Accept=[application/json, application/*+json]
2025-04-17 21:05:47,383 DEBUG o.s.c.l.CompositeLog [DiscoveryClient-HeartbeatExecutor-0] Response 200 OK
2025-04-17 21:05:47,459 DEBUG o.s.c.l.CompositeLog [DiscoveryClient-CacheRefreshExecutor-0] HTTP GET http://localhost:8761/eureka/apps/delta
2025-04-17 21:05:47,459 DEBUG o.s.c.l.CompositeLog [DiscoveryClient-CacheRefreshExecutor-0] Accept=[application/json, application/*+json]
2025-04-17 21:05:47,475 DEBUG o.s.c.l.CompositeLog [DiscoveryClient-CacheRefreshExecutor-0] Response 200 OK
2025-04-17 21:05:47,475 DEBUG o.s.c.l.CompositeLog [DiscoveryClient-CacheRefreshExecutor-0] Reading to [org.springframework.cloud.netflix.eureka.http.EurekaApplications]
2025-04-17 21:06:17,388 DEBUG o.s.c.l.CompositeLog [DiscoveryClient-HeartbeatExecutor-0] HTTP PUT http://localhost:8761/eureka/apps/USER-MANAGEMENT/192.168.1.4:user-management:8888?status=UP&lastDirtyTimestamp=1744897969423
2025-04-17 21:06:17,388 DEBUG o.s.c.l.CompositeLog [DiscoveryClient-HeartbeatExecutor-0] Accept=[application/json, application/*+json]
2025-04-17 21:06:17,404 DEBUG o.s.c.l.CompositeLog [DiscoveryClient-HeartbeatExecutor-0] Response 200 OK
2025-04-17 21:06:17,480 DEBUG o.s.c.l.CompositeLog [DiscoveryClient-CacheRefreshExecutor-0] HTTP GET http://localhost:8761/eureka/apps/delta
2025-04-17 21:06:17,481 DEBUG o.s.c.l.CompositeLog [DiscoveryClient-CacheRefreshExecutor-0] Accept=[application/json, application/*+json]
2025-04-17 21:06:17,497 DEBUG o.s.c.l.CompositeLog [DiscoveryClient-CacheRefreshExecutor-0] Response 200 OK
2025-04-17 21:06:17,497 DEBUG o.s.c.l.CompositeLog [DiscoveryClient-CacheRefreshExecutor-0] Reading to [org.springframework.cloud.netflix.eureka.http.EurekaApplications]
2025-04-17 21:06:32,129 INFO c.n.d.s.r.a.ConfigClusterResolver [AsyncResolver-bootstrap-executor-0] Resolving eureka endpoints via configuration
2025-04-17 21:06:47,414 DEBUG o.s.c.l.CompositeLog [DiscoveryClient-HeartbeatExecutor-0] HTTP PUT http://localhost:8761/eureka/apps/USER-MANAGEMENT/192.168.1.4:user-management:8888?status=UP&lastDirtyTimestamp=1744897969423
2025-04-17 21:06:47,414 DEBUG o.s.c.l.CompositeLog [DiscoveryClient-HeartbeatExecutor-0] Accept=[application/json, application/*+json]
2025-04-17 21:06:47,430 DEBUG o.s.c.l.CompositeLog [DiscoveryClient-HeartbeatExecutor-0] Response 200 OK
2025-04-17 21:06:47,508 DEBUG o.s.c.l.CompositeLog [DiscoveryClient-CacheRefreshExecutor-0] HTTP GET http://localhost:8761/eureka/apps/delta
2025-04-17 21:06:47,509 DEBUG o.s.c.l.CompositeLog [DiscoveryClient-CacheRefreshExecutor-0] Accept=[application/json, application/*+json]
2025-04-17 21:06:47,525 DEBUG o.s.c.l.CompositeLog [DiscoveryClient-CacheRefreshExecutor-0] Response 200 OK
2025-04-17 21:06:47,525 DEBUG o.s.c.l.CompositeLog [DiscoveryClient-CacheRefreshExecutor-0] Reading to [org.springframework.cloud.netflix.eureka.http.EurekaApplications]
2025-04-17 21:07:17,443 DEBUG o.s.c.l.CompositeLog [DiscoveryClient-HeartbeatExecutor-0] HTTP PUT http://localhost:8761/eureka/apps/USER-MANAGEMENT/192.168.1.4:user-management:8888?status=UP&lastDirtyTimestamp=1744897969423
2025-04-17 21:07:17,444 DEBUG o.s.c.l.CompositeLog [DiscoveryClient-HeartbeatExecutor-0] Accept=[application/json, application/*+json]
2025-04-17 21:07:17,459 DEBUG o.s.c.l.CompositeLog [DiscoveryClient-HeartbeatExecutor-0] Response 200 OK
2025-04-17 21:07:17,536 DEBUG o.s.c.l.CompositeLog [DiscoveryClient-CacheRefreshExecutor-0] HTTP GET http://localhost:8761/eureka/apps/delta
2025-04-17 21:07:17,537 DEBUG o.s.c.l.CompositeLog [DiscoveryClient-CacheRefreshExecutor-0] Accept=[application/json, application/*+json]
2025-04-17 21:07:17,553 DEBUG o.s.c.l.CompositeLog [DiscoveryClient-CacheRefreshExecutor-0] Response 200 OK
2025-04-17 21:07:17,553 DEBUG o.s.c.l.CompositeLog [DiscoveryClient-CacheRefreshExecutor-0] Reading to [org.springframework.cloud.netflix.eureka.http.EurekaApplications]
2025-04-17 21:07:47,472 DEBUG o.s.c.l.CompositeLog [DiscoveryClient-HeartbeatExecutor-0] HTTP PUT http://localhost:8761/eureka/apps/USER-MANAGEMENT/192.168.1.4:user-management:8888?status=UP&lastDirtyTimestamp=1744897969423
2025-04-17 21:07:47,472 DEBUG o.s.c.l.CompositeLog [DiscoveryClient-HeartbeatExecutor-0] Accept=[application/json, application/*+json]
2025-04-17 21:07:47,489 DEBUG o.s.c.l.CompositeLog [DiscoveryClient-HeartbeatExecutor-0] Response 200 OK
2025-04-17 21:07:47,565 DEBUG o.s.c.l.CompositeLog [DiscoveryClient-CacheRefreshExecutor-0] HTTP GET http://localhost:8761/eureka/apps/delta
2025-04-17 21:07:47,566 DEBUG o.s.c.l.CompositeLog [DiscoveryClient-CacheRefreshExecutor-0] Accept=[application/json, application/*+json]
2025-04-17 21:07:47,581 DEBUG o.s.c.l.CompositeLog [DiscoveryClient-CacheRefreshExecutor-0] Response 200 OK
2025-04-17 21:07:47,581 DEBUG o.s.c.l.CompositeLog [DiscoveryClient-CacheRefreshExecutor-0] Reading to [org.springframework.cloud.netflix.eureka.http.EurekaApplications]
2025-04-17 21:08:17,499 DEBUG o.s.c.l.CompositeLog [DiscoveryClient-HeartbeatExecutor-0] HTTP PUT http://localhost:8761/eureka/apps/USER-MANAGEMENT/192.168.1.4:user-management:8888?status=UP&lastDirtyTimestamp=1744897969423
2025-04-17 21:08:17,500 DEBUG o.s.c.l.CompositeLog [DiscoveryClient-HeartbeatExecutor-0] Accept=[application/json, application/*+json]
2025-04-17 21:08:17,516 DEBUG o.s.c.l.CompositeLog [DiscoveryClient-HeartbeatExecutor-0] Response 200 OK
2025-04-17 21:08:17,591 DEBUG o.s.c.l.CompositeLog [DiscoveryClient-CacheRefreshExecutor-0] HTTP GET http://localhost:8761/eureka/apps/delta
2025-04-17 21:08:17,591 DEBUG o.s.c.l.CompositeLog [DiscoveryClient-CacheRefreshExecutor-0] Accept=[application/json, application/*+json]
2025-04-17 21:08:17,608 DEBUG o.s.c.l.CompositeLog [DiscoveryClient-CacheRefreshExecutor-0] Response 200 OK
2025-04-17 21:08:17,609 DEBUG o.s.c.l.CompositeLog [DiscoveryClient-CacheRefreshExecutor-0] Reading to [org.springframework.cloud.netflix.eureka.http.EurekaApplications]
2025-04-17 21:08:47,525 DEBUG o.s.c.l.CompositeLog [DiscoveryClient-HeartbeatExecutor-0] HTTP PUT http://localhost:8761/eureka/apps/USER-MANAGEMENT/192.168.1.4:user-management:8888?status=UP&lastDirtyTimestamp=1744897969423
2025-04-17 21:08:47,525 DEBUG o.s.c.l.CompositeLog [DiscoveryClient-HeartbeatExecutor-0] Accept=[application/json, application/*+json]
2025-04-17 21:08:47,543 DEBUG o.s.c.l.CompositeLog [DiscoveryClient-HeartbeatExecutor-0] Response 200 OK
2025-04-17 21:08:47,618 DEBUG o.s.c.l.CompositeLog [DiscoveryClient-CacheRefreshExecutor-0] HTTP GET http://localhost:8761/eureka/apps/delta
2025-04-17 21:08:47,618 DEBUG o.s.c.l.CompositeLog [DiscoveryClient-CacheRefreshExecutor-0] Accept=[application/json, application/*+json]
2025-04-17 21:08:47,634 DEBUG o.s.c.l.CompositeLog [DiscoveryClient-CacheRefreshExecutor-0] Response 200 OK
2025-04-17 21:08:47,634 DEBUG o.s.c.l.CompositeLog [DiscoveryClient-CacheRefreshExecutor-0] Reading to [org.springframework.cloud.netflix.eureka.http.EurekaApplications]
2025-04-17 21:09:17,553 DEBUG o.s.c.l.CompositeLog [DiscoveryClient-HeartbeatExecutor-0] HTTP PUT http://localhost:8761/eureka/apps/USER-MANAGEMENT/192.168.1.4:user-management:8888?status=UP&lastDirtyTimestamp=1744897969423
2025-04-17 21:09:17,554 DEBUG o.s.c.l.CompositeLog [DiscoveryClient-HeartbeatExecutor-0] Accept=[application/json, application/*+json]
2025-04-17 21:09:17,570 DEBUG o.s.c.l.CompositeLog [DiscoveryClient-HeartbeatExecutor-0] Response 200 OK
2025-04-17 21:09:17,647 DEBUG o.s.c.l.CompositeLog [DiscoveryClient-CacheRefreshExecutor-0] HTTP GET http://localhost:8761/eureka/apps/delta
2025-04-17 21:09:17,647 DEBUG o.s.c.l.CompositeLog [DiscoveryClient-CacheRefreshExecutor-0] Accept=[application/json, application/*+json]
2025-04-17 21:09:17,663 DEBUG o.s.c.l.CompositeLog [DiscoveryClient-CacheRefreshExecutor-0] Response 200 OK
2025-04-17 21:09:17,663 DEBUG o.s.c.l.CompositeLog [DiscoveryClient-CacheRefreshExecutor-0] Reading to [org.springframework.cloud.netflix.eureka.http.EurekaApplications]
2025-04-17 21:09:47,584 DEBUG o.s.c.l.CompositeLog [DiscoveryClient-HeartbeatExecutor-0] HTTP PUT http://localhost:8761/eureka/apps/USER-MANAGEMENT/192.168.1.4:user-management:8888?status=UP&lastDirtyTimestamp=1744897969423
2025-04-17 21:09:47,584 DEBUG o.s.c.l.CompositeLog [DiscoveryClient-HeartbeatExecutor-0] Accept=[application/json, application/*+json]
2025-04-17 21:09:47,600 DEBUG o.s.c.l.CompositeLog [DiscoveryClient-HeartbeatExecutor-0] Response 200 OK
2025-04-17 21:09:47,677 DEBUG o.s.c.l.CompositeLog [DiscoveryClient-CacheRefreshExecutor-0] HTTP GET http://localhost:8761/eureka/apps/delta
2025-04-17 21:09:47,678 DEBUG o.s.c.l.CompositeLog [DiscoveryClient-CacheRefreshExecutor-0] Accept=[application/json, application/*+json]
2025-04-17 21:09:47,694 DEBUG o.s.c.l.CompositeLog [DiscoveryClient-CacheRefreshExecutor-0] Response 200 OK
2025-04-17 21:09:47,694 DEBUG o.s.c.l.CompositeLog [DiscoveryClient-CacheRefreshExecutor-0] Reading to [org.springframework.cloud.netflix.eureka.http.EurekaApplications]
2025-04-17 21:10:17,612 DEBUG o.s.c.l.CompositeLog [DiscoveryClient-HeartbeatExecutor-0] HTTP PUT http://localhost:8761/eureka/apps/USER-MANAGEMENT/192.168.1.4:user-management:8888?status=UP&lastDirtyTimestamp=1744897969423
2025-04-17 21:10:17,618 DEBUG o.s.c.l.CompositeLog [DiscoveryClient-HeartbeatExecutor-0] Accept=[application/json, application/*+json]
2025-04-17 21:10:17,624 DEBUG o.s.c.l.CompositeLog [DiscoveryClient-HeartbeatExecutor-0] Response 200 OK
2025-04-17 21:10:17,696 DEBUG o.s.c.l.CompositeLog [DiscoveryClient-CacheRefreshExecutor-0] HTTP GET http://localhost:8761/eureka/apps/delta
2025-04-17 21:10:17,696 DEBUG o.s.c.l.CompositeLog [DiscoveryClient-CacheRefreshExecutor-0] Accept=[application/json, application/*+json]
2025-04-17 21:10:17,713 DEBUG o.s.c.l.CompositeLog [DiscoveryClient-CacheRefreshExecutor-0] Response 200 OK
2025-04-17 21:10:17,713 DEBUG o.s.c.l.CompositeLog [DiscoveryClient-CacheRefreshExecutor-0] Reading to [org.springframework.cloud.netflix.eureka.http.EurekaApplications]
2025-04-17 21:10:47,629 DEBUG o.s.c.l.CompositeLog [DiscoveryClient-HeartbeatExecutor-0] HTTP PUT http://localhost:8761/eureka/apps/USER-MANAGEMENT/192.168.1.4:user-management:8888?status=UP&lastDirtyTimestamp=1744897969423
2025-04-17 21:10:47,629 DEBUG o.s.c.l.CompositeLog [DiscoveryClient-HeartbeatExecutor-0] Accept=[application/json, application/*+json]
2025-04-17 21:10:47,646 DEBUG o.s.c.l.CompositeLog [DiscoveryClient-HeartbeatExecutor-0] Response 200 OK
2025-04-17 21:10:47,723 DEBUG o.s.c.l.CompositeLog [DiscoveryClient-CacheRefreshExecutor-0] HTTP GET http://localhost:8761/eureka/apps/delta
2025-04-17 21:10:47,723 DEBUG o.s.c.l.CompositeLog [DiscoveryClient-CacheRefreshExecutor-0] Accept=[application/json, application/*+json]
2025-04-17 21:10:47,739 DEBUG o.s.c.l.CompositeLog [DiscoveryClient-CacheRefreshExecutor-0] Response 200 OK
2025-04-17 21:10:47,739 DEBUG o.s.c.l.CompositeLog [DiscoveryClient-CacheRefreshExecutor-0] Reading to [org.springframework.cloud.netflix.eureka.http.EurekaApplications]
2025-04-17 21:11:17,650 DEBUG o.s.c.l.CompositeLog [DiscoveryClient-HeartbeatExecutor-0] HTTP PUT http://localhost:8761/eureka/apps/USER-MANAGEMENT/192.168.1.4:user-management:8888?status=UP&lastDirtyTimestamp=1744897969423
2025-04-17 21:11:17,650 DEBUG o.s.c.l.CompositeLog [DiscoveryClient-HeartbeatExecutor-0] Accept=[application/json, application/*+json]
2025-04-17 21:11:17,667 DEBUG o.s.c.l.CompositeLog [DiscoveryClient-HeartbeatExecutor-0] Response 200 OK
2025-04-17 21:11:17,744 DEBUG o.s.c.l.CompositeLog [DiscoveryClient-CacheRefreshExecutor-0] HTTP GET http://localhost:8761/eureka/apps/delta
2025-04-17 21:11:17,744 DEBUG o.s.c.l.CompositeLog [DiscoveryClient-CacheRefreshExecutor-0] Accept=[application/json, application/*+json]
2025-04-17 21:11:17,760 DEBUG o.s.c.l.CompositeLog [DiscoveryClient-CacheRefreshExecutor-0] Response 200 OK
2025-04-17 21:11:17,760 DEBUG o.s.c.l.CompositeLog [DiscoveryClient-CacheRefreshExecutor-0] Reading to [org.springframework.cloud.netflix.eureka.http.EurekaApplications]
2025-04-17 21:11:32,138 INFO c.n.d.s.r.a.ConfigClusterResolver [AsyncResolver-bootstrap-executor-0] Resolving eureka endpoints via configuration
2025-04-17 21:11:47,679 DEBUG o.s.c.l.CompositeLog [DiscoveryClient-HeartbeatExecutor-0] HTTP PUT http://localhost:8761/eureka/apps/USER-MANAGEMENT/192.168.1.4:user-management:8888?status=UP&lastDirtyTimestamp=1744897969423
2025-04-17 21:11:47,679 DEBUG o.s.c.l.CompositeLog [DiscoveryClient-HeartbeatExecutor-0] Accept=[application/json, application/*+json]
2025-04-17 21:11:47,695 DEBUG o.s.c.l.CompositeLog [DiscoveryClient-HeartbeatExecutor-0] Response 200 OK
2025-04-17 21:11:47,771 DEBUG o.s.c.l.CompositeLog [DiscoveryClient-CacheRefreshExecutor-0] HTTP GET http://localhost:8761/eureka/apps/delta
2025-04-17 21:11:47,771 DEBUG o.s.c.l.CompositeLog [DiscoveryClient-CacheRefreshExecutor-0] Accept=[application/json, application/*+json]
2025-04-17 21:11:47,788 DEBUG o.s.c.l.CompositeLog [DiscoveryClient-CacheRefreshExecutor-0] Response 200 OK
2025-04-17 21:11:47,789 DEBUG o.s.c.l.CompositeLog [DiscoveryClient-CacheRefreshExecutor-0] Reading to [org.springframework.cloud.netflix.eureka.http.EurekaApplications]
2025-04-17 21:12:17,699 DEBUG o.s.c.l.CompositeLog [DiscoveryClient-HeartbeatExecutor-0] HTTP PUT http://localhost:8761/eureka/apps/USER-MANAGEMENT/192.168.1.4:user-management:8888?status=UP&lastDirtyTimestamp=1744897969423
2025-04-17 21:12:17,699 DEBUG o.s.c.l.CompositeLog [DiscoveryClient-HeartbeatExecutor-0] Accept=[application/json, application/*+json]
2025-04-17 21:12:17,715 DEBUG o.s.c.l.CompositeLog [DiscoveryClient-HeartbeatExecutor-0] Response 200 OK
2025-04-17 21:12:17,793 DEBUG o.s.c.l.CompositeLog [DiscoveryClient-CacheRefreshExecutor-0] HTTP GET http://localhost:8761/eureka/apps/delta
2025-04-17 21:12:17,793 DEBUG o.s.c.l.CompositeLog [DiscoveryClient-CacheRefreshExecutor-0] Accept=[application/json, application/*+json]
2025-04-17 21:12:17,809 DEBUG o.s.c.l.CompositeLog [DiscoveryClient-CacheRefreshExecutor-0] Response 200 OK
2025-04-17 21:12:17,809 DEBUG o.s.c.l.CompositeLog [DiscoveryClient-CacheRefreshExecutor-0] Reading to [org.springframework.cloud.netflix.eureka.http.EurekaApplications]
2025-04-17 21:12:47,720 DEBUG o.s.c.l.CompositeLog [DiscoveryClient-HeartbeatExecutor-0] HTTP PUT http://localhost:8761/eureka/apps/USER-MANAGEMENT/192.168.1.4:user-management:8888?status=UP&lastDirtyTimestamp=1744897969423
2025-04-17 21:12:47,720 DEBUG o.s.c.l.CompositeLog [DiscoveryClient-HeartbeatExecutor-0] Accept=[application/json, application/*+json]
2025-04-17 21:12:47,736 DEBUG o.s.c.l.CompositeLog [DiscoveryClient-HeartbeatExecutor-0] Response 200 OK
2025-04-17 21:12:47,812 DEBUG o.s.c.l.CompositeLog [DiscoveryClient-CacheRefreshExecutor-0] HTTP GET http://localhost:8761/eureka/apps/delta
2025-04-17 21:12:47,813 DEBUG o.s.c.l.CompositeLog [DiscoveryClient-CacheRefreshExecutor-0] Accept=[application/json, application/*+json]
2025-04-17 21:12:47,828 DEBUG o.s.c.l.CompositeLog [DiscoveryClient-CacheRefreshExecutor-0] Response 200 OK
2025-04-17 21:12:47,828 DEBUG o.s.c.l.CompositeLog [DiscoveryClient-CacheRefreshExecutor-0] Reading to [org.springframework.cloud.netflix.eureka.http.EurekaApplications]
2025-04-17 21:13:17,751 DEBUG o.s.c.l.CompositeLog [DiscoveryClient-HeartbeatExecutor-0] HTTP PUT http://localhost:8761/eureka/apps/USER-MANAGEMENT/192.168.1.4:user-management:8888?status=UP&lastDirtyTimestamp=1744897969423
2025-04-17 21:13:17,751 DEBUG o.s.c.l.CompositeLog [DiscoveryClient-HeartbeatExecutor-0] Accept=[application/json, application/*+json]
2025-04-17 21:13:17,767 DEBUG o.s.c.l.CompositeLog [DiscoveryClient-HeartbeatExecutor-0] Response 200 OK
2025-04-17 21:13:17,843 DEBUG o.s.c.l.CompositeLog [DiscoveryClient-CacheRefreshExecutor-0] HTTP GET http://localhost:8761/eureka/apps/delta
2025-04-17 21:13:17,843 DEBUG o.s.c.l.CompositeLog [DiscoveryClient-CacheRefreshExecutor-0] Accept=[application/json, application/*+json]
2025-04-17 21:13:17,860 DEBUG o.s.c.l.CompositeLog [DiscoveryClient-CacheRefreshExecutor-0] Response 200 OK
2025-04-17 21:13:17,860 DEBUG o.s.c.l.CompositeLog [DiscoveryClient-CacheRefreshExecutor-0] Reading to [org.springframework.cloud.netflix.eureka.http.EurekaApplications]
2025-04-17 21:13:47,783 DEBUG o.s.c.l.CompositeLog [DiscoveryClient-HeartbeatExecutor-0] HTTP PUT http://localhost:8761/eureka/apps/USER-MANAGEMENT/192.168.1.4:user-management:8888?status=UP&lastDirtyTimestamp=1744897969423
2025-04-17 21:13:47,783 DEBUG o.s.c.l.CompositeLog [DiscoveryClient-HeartbeatExecutor-0] Accept=[application/json, application/*+json]
2025-04-17 21:13:47,799 DEBUG o.s.c.l.CompositeLog [DiscoveryClient-HeartbeatExecutor-0] Response 200 OK
2025-04-17 21:13:47,875 DEBUG o.s.c.l.CompositeLog [DiscoveryClient-CacheRefreshExecutor-0] HTTP GET http://localhost:8761/eureka/apps/delta
2025-04-17 21:13:47,875 DEBUG o.s.c.l.CompositeLog [DiscoveryClient-CacheRefreshExecutor-0] Accept=[application/json, application/*+json]
2025-04-17 21:13:47,892 DEBUG o.s.c.l.CompositeLog [DiscoveryClient-CacheRefreshExecutor-0] Response 200 OK
2025-04-17 21:13:47,892 DEBUG o.s.c.l.CompositeLog [DiscoveryClient-CacheRefreshExecutor-0] Reading to [org.springframework.cloud.netflix.eureka.http.EurekaApplications]
2025-04-17 21:14:17,801 DEBUG o.s.c.l.CompositeLog [DiscoveryClient-HeartbeatExecutor-0] HTTP PUT http://localhost:8761/eureka/apps/USER-MANAGEMENT/192.168.1.4:user-management:8888?status=UP&lastDirtyTimestamp=1744897969423
2025-04-17 21:14:17,801 DEBUG o.s.c.l.CompositeLog [DiscoveryClient-HeartbeatExecutor-0] Accept=[application/json, application/*+json]
2025-04-17 21:14:17,817 DEBUG o.s.c.l.CompositeLog [DiscoveryClient-HeartbeatExecutor-0] Response 200 OK
2025-04-17 21:14:17,894 DEBUG o.s.c.l.CompositeLog [DiscoveryClient-CacheRefreshExecutor-0] HTTP GET http://localhost:8761/eureka/apps/delta
2025-04-17 21:14:17,894 DEBUG o.s.c.l.CompositeLog [DiscoveryClient-CacheRefreshExecutor-0] Accept=[application/json, application/*+json]
2025-04-17 21:14:17,910 DEBUG o.s.c.l.CompositeLog [DiscoveryClient-CacheRefreshExecutor-0] Response 200 OK
2025-04-17 21:14:17,910 DEBUG o.s.c.l.CompositeLog [DiscoveryClient-CacheRefreshExecutor-0] Reading to [org.springframework.cloud.netflix.eureka.http.EurekaApplications]
2025-04-17 21:14:47,822 DEBUG o.s.c.l.CompositeLog [DiscoveryClient-HeartbeatExecutor-0] HTTP PUT http://localhost:8761/eureka/apps/USER-MANAGEMENT/192.168.1.4:user-management:8888?status=UP&lastDirtyTimestamp=1744897969423
2025-04-17 21:14:47,823 DEBUG o.s.c.l.CompositeLog [DiscoveryClient-HeartbeatExecutor-0] Accept=[application/json, application/*+json]
2025-04-17 21:14:47,839 DEBUG o.s.c.l.CompositeLog [DiscoveryClient-HeartbeatExecutor-0] Response 200 OK
2025-04-17 21:14:47,915 DEBUG o.s.c.l.CompositeLog [DiscoveryClient-CacheRefreshExecutor-0] HTTP GET http://localhost:8761/eureka/apps/delta
2025-04-17 21:14:47,915 DEBUG o.s.c.l.CompositeLog [DiscoveryClient-CacheRefreshExecutor-0] Accept=[application/json, application/*+json]
2025-04-17 21:14:47,932 DEBUG o.s.c.l.CompositeLog [DiscoveryClient-CacheRefreshExecutor-0] Response 200 OK
2025-04-17 21:14:47,932 DEBUG o.s.c.l.CompositeLog [DiscoveryClient-CacheRefreshExecutor-0] Reading to [org.springframework.cloud.netflix.eureka.http.EurekaApplications]
2025-04-17 21:15:17,843 DEBUG o.s.c.l.CompositeLog [DiscoveryClient-HeartbeatExecutor-0] HTTP PUT http://localhost:8761/eureka/apps/USER-MANAGEMENT/192.168.1.4:user-management:8888?status=UP&lastDirtyTimestamp=1744897969423
2025-04-17 21:15:17,843 DEBUG o.s.c.l.CompositeLog [DiscoveryClient-HeartbeatExecutor-0] Accept=[application/json, application/*+json]
2025-04-17 21:15:17,859 DEBUG o.s.c.l.CompositeLog [DiscoveryClient-HeartbeatExecutor-0] Response 200 OK
2025-04-17 21:15:17,936 DEBUG o.s.c.l.CompositeLog [DiscoveryClient-CacheRefreshExecutor-0] HTTP GET http://localhost:8761/eureka/apps/delta
2025-04-17 21:15:17,936 DEBUG o.s.c.l.CompositeLog [DiscoveryClient-CacheRefreshExecutor-0] Accept=[application/json, application/*+json]
2025-04-17 21:15:17,953 DEBUG o.s.c.l.CompositeLog [DiscoveryClient-CacheRefreshExecutor-0] Response 200 OK
2025-04-17 21:15:17,953 DEBUG o.s.c.l.CompositeLog [DiscoveryClient-CacheRefreshExecutor-0] Reading to [org.springframework.cloud.netflix.eureka.http.EurekaApplications]
2025-04-17 21:15:47,868 DEBUG o.s.c.l.CompositeLog [DiscoveryClient-HeartbeatExecutor-0] HTTP PUT http://localhost:8761/eureka/apps/USER-MANAGEMENT/192.168.1.4:user-management:8888?status=UP&lastDirtyTimestamp=1744897969423
2025-04-17 21:15:47,869 DEBUG o.s.c.l.CompositeLog [DiscoveryClient-HeartbeatExecutor-0] Accept=[application/json, application/*+json]
2025-04-17 21:15:47,884 DEBUG o.s.c.l.CompositeLog [DiscoveryClient-HeartbeatExecutor-0] Response 200 OK
2025-04-17 21:15:47,961 DEBUG o.s.c.l.CompositeLog [DiscoveryClient-CacheRefreshExecutor-0] HTTP GET http://localhost:8761/eureka/apps/delta
2025-04-17 21:15:47,962 DEBUG o.s.c.l.CompositeLog [DiscoveryClient-CacheRefreshExecutor-0] Accept=[application/json, application/*+json]
2025-04-17 21:15:47,977 DEBUG o.s.c.l.CompositeLog [DiscoveryClient-CacheRefreshExecutor-0] Response 200 OK
2025-04-17 21:15:47,977 DEBUG o.s.c.l.CompositeLog [DiscoveryClient-CacheRefreshExecutor-0] Reading to [org.springframework.cloud.netflix.eureka.http.EurekaApplications]
2025-04-17 21:16:17,891 DEBUG o.s.c.l.CompositeLog [DiscoveryClient-HeartbeatExecutor-0] HTTP PUT http://localhost:8761/eureka/apps/USER-MANAGEMENT/192.168.1.4:user-management:8888?status=UP&lastDirtyTimestamp=1744897969423
2025-04-17 21:16:17,891 DEBUG o.s.c.l.CompositeLog [DiscoveryClient-HeartbeatExecutor-0] Accept=[application/json, application/*+json]
2025-04-17 21:16:17,908 DEBUG o.s.c.l.CompositeLog [DiscoveryClient-HeartbeatExecutor-0] Response 200 OK
2025-04-17 21:16:17,984 DEBUG o.s.c.l.CompositeLog [DiscoveryClient-CacheRefreshExecutor-0] HTTP GET http://localhost:8761/eureka/apps/delta
2025-04-17 21:16:17,985 DEBUG o.s.c.l.CompositeLog [DiscoveryClient-CacheRefreshExecutor-0] Accept=[application/json, application/*+json]
2025-04-17 21:16:18,000 DEBUG o.s.c.l.CompositeLog [DiscoveryClient-CacheRefreshExecutor-0] Response 200 OK
2025-04-17 21:16:18,000 DEBUG o.s.c.l.CompositeLog [DiscoveryClient-CacheRefreshExecutor-0] Reading to [org.springframework.cloud.netflix.eureka.http.EurekaApplications]
2025-04-17 21:16:32,143 INFO c.n.d.s.r.a.ConfigClusterResolver [AsyncResolver-bootstrap-executor-0] Resolving eureka endpoints via configuration
2025-04-17 21:16:47,920 DEBUG o.s.c.l.CompositeLog [DiscoveryClient-HeartbeatExecutor-0] HTTP PUT http://localhost:8761/eureka/apps/USER-MANAGEMENT/192.168.1.4:user-management:8888?status=UP&lastDirtyTimestamp=1744897969423
2025-04-17 21:16:47,921 DEBUG o.s.c.l.CompositeLog [DiscoveryClient-HeartbeatExecutor-0] Accept=[application/json, application/*+json]
2025-04-17 21:16:47,937 DEBUG o.s.c.l.CompositeLog [DiscoveryClient-HeartbeatExecutor-0] Response 200 OK
2025-04-17 21:16:48,013 DEBUG o.s.c.l.CompositeLog [DiscoveryClient-CacheRefreshExecutor-0] HTTP GET http://localhost:8761/eureka/apps/delta
2025-04-17 21:16:48,013 DEBUG o.s.c.l.CompositeLog [DiscoveryClient-CacheRefreshExecutor-0] Accept=[application/json, application/*+json]
2025-04-17 21:16:48,029 DEBUG o.s.c.l.CompositeLog [DiscoveryClient-CacheRefreshExecutor-0] Response 200 OK
2025-04-17 21:16:48,029 DEBUG o.s.c.l.CompositeLog [DiscoveryClient-CacheRefreshExecutor-0] Reading to [org.springframework.cloud.netflix.eureka.http.EurekaApplications]
2025-04-17 21:17:17,950 DEBUG o.s.c.l.CompositeLog [DiscoveryClient-HeartbeatExecutor-0] HTTP PUT http://localhost:8761/eureka/apps/USER-MANAGEMENT/192.168.1.4:user-management:8888?status=UP&lastDirtyTimestamp=1744897969423
2025-04-17 21:17:17,951 DEBUG o.s.c.l.CompositeLog [DiscoveryClient-HeartbeatExecutor-0] Accept=[application/json, application/*+json]
2025-04-17 21:17:17,967 DEBUG o.s.c.l.CompositeLog [DiscoveryClient-HeartbeatExecutor-0] Response 200 OK
2025-04-17 21:17:18,043 DEBUG o.s.c.l.CompositeLog [DiscoveryClient-CacheRefreshExecutor-0] HTTP GET http://localhost:8761/eureka/apps/delta
2025-04-17 21:17:18,043 DEBUG o.s.c.l.CompositeLog [DiscoveryClient-CacheRefreshExecutor-0] Accept=[application/json, application/*+json]
2025-04-17 21:17:18,060 DEBUG o.s.c.l.CompositeLog [DiscoveryClient-CacheRefreshExecutor-0] Response 200 OK
2025-04-17 21:17:18,060 DEBUG o.s.c.l.CompositeLog [DiscoveryClient-CacheRefreshExecutor-0] Reading to [org.springframework.cloud.netflix.eureka.http.EurekaApplications]
2025-04-17 21:17:47,972 DEBUG o.s.c.l.CompositeLog [DiscoveryClient-HeartbeatExecutor-0] HTTP PUT http://localhost:8761/eureka/apps/USER-MANAGEMENT/192.168.1.4:user-management:8888?status=UP&lastDirtyTimestamp=1744897969423
2025-04-17 21:17:47,972 DEBUG o.s.c.l.CompositeLog [DiscoveryClient-HeartbeatExecutor-0] Accept=[application/json, application/*+json]
2025-04-17 21:17:47,988 DEBUG o.s.c.l.CompositeLog [DiscoveryClient-HeartbeatExecutor-0] Response 200 OK
2025-04-17 21:17:48,064 DEBUG o.s.c.l.CompositeLog [DiscoveryClient-CacheRefreshExecutor-0] HTTP GET http://localhost:8761/eureka/apps/delta
2025-04-17 21:17:48,064 DEBUG o.s.c.l.CompositeLog [DiscoveryClient-CacheRefreshExecutor-0] Accept=[application/json, application/*+json]
2025-04-17 21:17:48,080 DEBUG o.s.c.l.CompositeLog [DiscoveryClient-CacheRefreshExecutor-0] Response 200 OK
2025-04-17 21:17:48,080 DEBUG o.s.c.l.CompositeLog [DiscoveryClient-CacheRefreshExecutor-0] Reading to [org.springframework.cloud.netflix.eureka.http.EurekaApplications]
2025-04-17 21:18:18,002 DEBUG o.s.c.l.CompositeLog [DiscoveryClient-HeartbeatExecutor-0] HTTP PUT http://localhost:8761/eureka/apps/USER-MANAGEMENT/192.168.1.4:user-management:8888?status=UP&lastDirtyTimestamp=1744897969423
2025-04-17 21:18:18,002 DEBUG o.s.c.l.CompositeLog [DiscoveryClient-HeartbeatExecutor-0] Accept=[application/json, application/*+json]
2025-04-17 21:18:18,018 DEBUG o.s.c.l.CompositeLog [DiscoveryClient-HeartbeatExecutor-0] Response 200 OK
2025-04-17 21:18:18,094 DEBUG o.s.c.l.CompositeLog [DiscoveryClient-CacheRefreshExecutor-0] HTTP GET http://localhost:8761/eureka/apps/delta
2025-04-17 21:18:18,094 DEBUG o.s.c.l.CompositeLog [DiscoveryClient-CacheRefreshExecutor-0] Accept=[application/json, application/*+json]
2025-04-17 21:18:18,111 DEBUG o.s.c.l.CompositeLog [DiscoveryClient-CacheRefreshExecutor-0] Response 200 OK
2025-04-17 21:18:18,111 DEBUG o.s.c.l.CompositeLog [DiscoveryClient-CacheRefreshExecutor-0] Reading to [org.springframework.cloud.netflix.eureka.http.EurekaApplications]
2025-04-17 21:18:48,024 DEBUG o.s.c.l.CompositeLog [DiscoveryClient-HeartbeatExecutor-0] HTTP PUT http://localhost:8761/eureka/apps/USER-MANAGEMENT/192.168.1.4:user-management:8888?status=UP&lastDirtyTimestamp=1744897969423
2025-04-17 21:18:48,024 DEBUG o.s.c.l.CompositeLog [DiscoveryClient-HeartbeatExecutor-0] Accept=[application/json, application/*+json]
2025-04-17 21:18:48,041 DEBUG o.s.c.l.CompositeLog [DiscoveryClient-HeartbeatExecutor-0] Response 200 OK
2025-04-17 21:18:48,117 DEBUG o.s.c.l.CompositeLog [DiscoveryClient-CacheRefreshExecutor-0] HTTP GET http://localhost:8761/eureka/apps/delta
2025-04-17 21:18:48,117 DEBUG o.s.c.l.CompositeLog [DiscoveryClient-CacheRefreshExecutor-0] Accept=[application/json, application/*+json]
2025-04-17 21:18:48,133 DEBUG o.s.c.l.CompositeLog [DiscoveryClient-CacheRefreshExecutor-0] Response 200 OK
2025-04-17 21:18:48,133 DEBUG o.s.c.l.CompositeLog [DiscoveryClient-CacheRefreshExecutor-0] Reading to [org.springframework.cloud.netflix.eureka.http.EurekaApplications]
2025-04-17 21:19:18,055 DEBUG o.s.c.l.CompositeLog [DiscoveryClient-HeartbeatExecutor-0] HTTP PUT http://localhost:8761/eureka/apps/USER-MANAGEMENT/192.168.1.4:user-management:8888?status=UP&lastDirtyTimestamp=1744897969423
2025-04-17 21:19:18,056 DEBUG o.s.c.l.CompositeLog [DiscoveryClient-HeartbeatExecutor-0] Accept=[application/json, application/*+json]
2025-04-17 21:19:18,071 DEBUG o.s.c.l.CompositeLog [DiscoveryClient-HeartbeatExecutor-0] Response 200 OK
2025-04-17 21:19:18,149 DEBUG o.s.c.l.CompositeLog [DiscoveryClient-CacheRefreshExecutor-0] HTTP GET http://localhost:8761/eureka/apps/delta
2025-04-17 21:19:18,149 DEBUG o.s.c.l.CompositeLog [DiscoveryClient-CacheRefreshExecutor-0] Accept=[application/json, application/*+json]
2025-04-17 21:19:18,165 DEBUG o.s.c.l.CompositeLog [DiscoveryClient-CacheRefreshExecutor-0] Response 200 OK
2025-04-17 21:19:18,166 DEBUG o.s.c.l.CompositeLog [DiscoveryClient-CacheRefreshExecutor-0] Reading to [org.springframework.cloud.netflix.eureka.http.EurekaApplications]
2025-04-17 21:19:48,080 DEBUG o.s.c.l.CompositeLog [DiscoveryClient-HeartbeatExecutor-0] HTTP PUT http://localhost:8761/eureka/apps/USER-MANAGEMENT/192.168.1.4:user-management:8888?status=UP&lastDirtyTimestamp=1744897969423
2025-04-17 21:19:48,080 DEBUG o.s.c.l.CompositeLog [DiscoveryClient-HeartbeatExecutor-0] Accept=[application/json, application/*+json]
2025-04-17 21:19:48,097 DEBUG o.s.c.l.CompositeLog [DiscoveryClient-HeartbeatExecutor-0] Response 200 OK
2025-04-17 21:19:48,173 DEBUG o.s.c.l.CompositeLog [DiscoveryClient-CacheRefreshExecutor-0] HTTP GET http://localhost:8761/eureka/apps/delta
2025-04-17 21:19:48,173 DEBUG o.s.c.l.CompositeLog [DiscoveryClient-CacheRefreshExecutor-0] Accept=[application/json, application/*+json]
2025-04-17 21:19:48,190 DEBUG o.s.c.l.CompositeLog [DiscoveryClient-CacheRefreshExecutor-0] Response 200 OK
2025-04-17 21:19:48,190 DEBUG o.s.c.l.CompositeLog [DiscoveryClient-CacheRefreshExecutor-0] Reading to [org.springframework.cloud.netflix.eureka.http.EurekaApplications]
2025-04-17 21:20:18,104 DEBUG o.s.c.l.CompositeLog [DiscoveryClient-HeartbeatExecutor-0] HTTP PUT http://localhost:8761/eureka/apps/USER-MANAGEMENT/192.168.1.4:user-management:8888?status=UP&lastDirtyTimestamp=1744897969423
2025-04-17 21:20:18,105 DEBUG o.s.c.l.CompositeLog [DiscoveryClient-HeartbeatExecutor-0] Accept=[application/json, application/*+json]
2025-04-17 21:20:18,121 DEBUG o.s.c.l.CompositeLog [DiscoveryClient-HeartbeatExecutor-0] Response 200 OK
2025-04-17 21:20:18,196 DEBUG o.s.c.l.CompositeLog [DiscoveryClient-CacheRefreshExecutor-0] HTTP GET http://localhost:8761/eureka/apps/delta
2025-04-17 21:20:18,197 DEBUG o.s.c.l.CompositeLog [DiscoveryClient-CacheRefreshExecutor-0] Accept=[application/json, application/*+json]
2025-04-17 21:20:18,212 DEBUG o.s.c.l.CompositeLog [DiscoveryClient-CacheRefreshExecutor-0] Response 200 OK
2025-04-17 21:20:18,212 DEBUG o.s.c.l.CompositeLog [DiscoveryClient-CacheRefreshExecutor-0] Reading to [org.springframework.cloud.netflix.eureka.http.EurekaApplications]
2025-04-17 21:20:48,123 DEBUG o.s.c.l.CompositeLog [DiscoveryClient-HeartbeatExecutor-0] HTTP PUT http://localhost:8761/eureka/apps/USER-MANAGEMENT/192.168.1.4:user-management:8888?status=UP&lastDirtyTimestamp=1744897969423
2025-04-17 21:20:48,124 DEBUG o.s.c.l.CompositeLog [DiscoveryClient-HeartbeatExecutor-0] Accept=[application/json, application/*+json]
2025-04-17 21:20:48,140 DEBUG o.s.c.l.CompositeLog [DiscoveryClient-HeartbeatExecutor-0] Response 200 OK
2025-04-17 21:20:48,221 DEBUG o.s.c.l.CompositeLog [DiscoveryClient-CacheRefreshExecutor-0] HTTP GET http://localhost:8761/eureka/apps/delta
2025-04-17 21:20:48,226 DEBUG o.s.c.l.CompositeLog [DiscoveryClient-CacheRefreshExecutor-0] Accept=[application/json, application/*+json]
2025-04-17 21:20:48,230 DEBUG o.s.c.l.CompositeLog [DiscoveryClient-CacheRefreshExecutor-0] Response 200 OK
2025-04-17 21:20:48,230 DEBUG o.s.c.l.CompositeLog [DiscoveryClient-CacheRefreshExecutor-0] Reading to [org.springframework.cloud.netflix.eureka.http.EurekaApplications]
2025-04-17 21:21:18,155 DEBUG o.s.c.l.CompositeLog [DiscoveryClient-HeartbeatExecutor-0] HTTP PUT http://localhost:8761/eureka/apps/USER-MANAGEMENT/192.168.1.4:user-management:8888?status=UP&lastDirtyTimestamp=1744897969423
2025-04-17 21:21:18,155 DEBUG o.s.c.l.CompositeLog [DiscoveryClient-HeartbeatExecutor-0] Accept=[application/json, application/*+json]
2025-04-17 21:21:18,172 DEBUG o.s.c.l.CompositeLog [DiscoveryClient-HeartbeatExecutor-0] Response 200 OK
2025-04-17 21:21:18,233 DEBUG o.s.c.l.CompositeLog [DiscoveryClient-CacheRefreshExecutor-0] HTTP GET http://localhost:8761/eureka/apps/delta
2025-04-17 21:21:18,233 DEBUG o.s.c.l.CompositeLog [DiscoveryClient-CacheRefreshExecutor-0] Accept=[application/json, application/*+json]
2025-04-17 21:21:18,249 DEBUG o.s.c.l.CompositeLog [DiscoveryClient-CacheRefreshExecutor-0] Response 200 OK
2025-04-17 21:21:18,249 DEBUG o.s.c.l.CompositeLog [DiscoveryClient-CacheRefreshExecutor-0] Reading to [org.springframework.cloud.netflix.eureka.http.EurekaApplications]
2025-04-17 21:21:32,153 INFO c.n.d.s.r.a.ConfigClusterResolver [AsyncResolver-bootstrap-executor-0] Resolving eureka endpoints via configuration
2025-04-17 21:21:48,183 DEBUG o.s.c.l.CompositeLog [DiscoveryClient-HeartbeatExecutor-0] HTTP PUT http://localhost:8761/eureka/apps/USER-MANAGEMENT/192.168.1.4:user-management:8888?status=UP&lastDirtyTimestamp=1744897969423
2025-04-17 21:21:48,183 DEBUG o.s.c.l.CompositeLog [DiscoveryClient-HeartbeatExecutor-0] Accept=[application/json, application/*+json]
2025-04-17 21:21:48,200 DEBUG o.s.c.l.CompositeLog [DiscoveryClient-HeartbeatExecutor-0] Response 200 OK
2025-04-17 21:21:48,262 DEBUG o.s.c.l.CompositeLog [DiscoveryClient-CacheRefreshExecutor-0] HTTP GET http://localhost:8761/eureka/apps/delta
2025-04-17 21:21:48,262 DEBUG o.s.c.l.CompositeLog [DiscoveryClient-CacheRefreshExecutor-0] Accept=[application/json, application/*+json]
2025-04-17 21:21:48,278 DEBUG o.s.c.l.CompositeLog [DiscoveryClient-CacheRefreshExecutor-0] Response 200 OK
2025-04-17 21:21:48,278 DEBUG o.s.c.l.CompositeLog [DiscoveryClient-CacheRefreshExecutor-0] Reading to [org.springframework.cloud.netflix.eureka.http.EurekaApplications]
2025-04-17 21:22:18,205 DEBUG o.s.c.l.CompositeLog [DiscoveryClient-HeartbeatExecutor-0] HTTP PUT http://localhost:8761/eureka/apps/USER-MANAGEMENT/192.168.1.4:user-management:8888?status=UP&lastDirtyTimestamp=1744897969423
2025-04-17 21:22:18,205 DEBUG o.s.c.l.CompositeLog [DiscoveryClient-HeartbeatExecutor-0] Accept=[application/json, application/*+json]
2025-04-17 21:22:18,222 DEBUG o.s.c.l.CompositeLog [DiscoveryClient-HeartbeatExecutor-0] Response 200 OK
2025-04-17 21:22:18,283 DEBUG o.s.c.l.CompositeLog [DiscoveryClient-CacheRefreshExecutor-0] HTTP GET http://localhost:8761/eureka/apps/delta
2025-04-17 21:22:18,283 DEBUG o.s.c.l.CompositeLog [DiscoveryClient-CacheRefreshExecutor-0] Accept=[application/json, application/*+json]
2025-04-17 21:22:18,299 DEBUG o.s.c.l.CompositeLog [DiscoveryClient-CacheRefreshExecutor-0] Response 200 OK
2025-04-17 21:22:18,300 DEBUG o.s.c.l.CompositeLog [DiscoveryClient-CacheRefreshExecutor-0] Reading to [org.springframework.cloud.netflix.eureka.http.EurekaApplications]
2025-04-17 21:22:48,223 DEBUG o.s.c.l.CompositeLog [DiscoveryClient-HeartbeatExecutor-0] HTTP PUT http://localhost:8761/eureka/apps/USER-MANAGEMENT/192.168.1.4:user-management:8888?status=UP&lastDirtyTimestamp=1744897969423
2025-04-17 21:22:48,223 DEBUG o.s.c.l.CompositeLog [DiscoveryClient-HeartbeatExecutor-0] Accept=[application/json, application/*+json]
2025-04-17 21:22:48,238 DEBUG o.s.c.l.CompositeLog [DiscoveryClient-HeartbeatExecutor-0] Response 200 OK
2025-04-17 21:22:48,327 DEBUG o.s.c.l.CompositeLog [DiscoveryClient-CacheRefreshExecutor-0] HTTP GET http://localhost:8761/eureka/apps/delta
2025-04-17 21:22:48,327 DEBUG o.s.c.l.CompositeLog [DiscoveryClient-CacheRefreshExecutor-0] Accept=[application/json, application/*+json]
2025-04-17 21:22:48,330 DEBUG o.s.c.l.CompositeLog [DiscoveryClient-CacheRefreshExecutor-0] Response 200 OK
2025-04-17 21:22:48,330 DEBUG o.s.c.l.CompositeLog [DiscoveryClient-CacheRefreshExecutor-0] Reading to [org.springframework.cloud.netflix.eureka.http.EurekaApplications]
2025-04-17 21:23:18,244 DEBUG o.s.c.l.CompositeLog [DiscoveryClient-HeartbeatExecutor-0] HTTP PUT http://localhost:8761/eureka/apps/USER-MANAGEMENT/192.168.1.4:user-management:8888?status=UP&lastDirtyTimestamp=1744897969423
2025-04-17 21:23:18,244 DEBUG o.s.c.l.CompositeLog [DiscoveryClient-HeartbeatExecutor-0] Accept=[application/json, application/*+json]
2025-04-17 21:23:18,262 DEBUG o.s.c.l.CompositeLog [DiscoveryClient-HeartbeatExecutor-0] Response 200 OK
2025-04-17 21:23:18,339 DEBUG o.s.c.l.CompositeLog [DiscoveryClient-CacheRefreshExecutor-0] HTTP GET http://localhost:8761/eureka/apps/delta
2025-04-17 21:23:18,339 DEBUG o.s.c.l.CompositeLog [DiscoveryClient-CacheRefreshExecutor-0] Accept=[application/json, application/*+json]
2025-04-17 21:23:18,355 DEBUG o.s.c.l.CompositeLog [DiscoveryClient-CacheRefreshExecutor-0] Response 200 OK
2025-04-17 21:23:18,355 DEBUG o.s.c.l.CompositeLog [DiscoveryClient-CacheRefreshExecutor-0] Reading to [org.springframework.cloud.netflix.eureka.http.EurekaApplications]
2025-04-17 21:23:48,263 DEBUG o.s.c.l.CompositeLog [DiscoveryClient-HeartbeatExecutor-0] HTTP PUT http://localhost:8761/eureka/apps/USER-MANAGEMENT/192.168.1.4:user-management:8888?status=UP&lastDirtyTimestamp=1744897969423
2025-04-17 21:23:48,263 DEBUG o.s.c.l.CompositeLog [DiscoveryClient-HeartbeatExecutor-0] Accept=[application/json, application/*+json]
2025-04-17 21:23:48,279 DEBUG o.s.c.l.CompositeLog [DiscoveryClient-HeartbeatExecutor-0] Response 200 OK
2025-04-17 21:23:48,372 DEBUG o.s.c.l.CompositeLog [DiscoveryClient-CacheRefreshExecutor-0] HTTP GET http://localhost:8761/eureka/apps/delta
2025-04-17 21:23:48,373 DEBUG o.s.c.l.CompositeLog [DiscoveryClient-CacheRefreshExecutor-0] Accept=[application/json, application/*+json]
2025-04-17 21:23:48,388 DEBUG o.s.c.l.CompositeLog [DiscoveryClient-CacheRefreshExecutor-0] Response 200 OK
2025-04-17 21:23:48,388 DEBUG o.s.c.l.CompositeLog [DiscoveryClient-CacheRefreshExecutor-0] Reading to [org.springframework.cloud.netflix.eureka.http.EurekaApplications]
2025-04-17 21:24:18,285 DEBUG o.s.c.l.CompositeLog [DiscoveryClient-HeartbeatExecutor-0] HTTP PUT http://localhost:8761/eureka/apps/USER-MANAGEMENT/192.168.1.4:user-management:8888?status=UP&lastDirtyTimestamp=1744897969423
2025-04-17 21:24:18,285 DEBUG o.s.c.l.CompositeLog [DiscoveryClient-HeartbeatExecutor-0] Accept=[application/json, application/*+json]
2025-04-17 21:24:18,302 DEBUG o.s.c.l.CompositeLog [DiscoveryClient-HeartbeatExecutor-0] Response 200 OK
2025-04-17 21:24:18,393 DEBUG o.s.c.l.CompositeLog [DiscoveryClient-CacheRefreshExecutor-0] HTTP GET http://localhost:8761/eureka/apps/delta
2025-04-17 21:24:18,393 DEBUG o.s.c.l.CompositeLog [DiscoveryClient-CacheRefreshExecutor-0] Accept=[application/json, application/*+json]
2025-04-17 21:24:18,409 DEBUG o.s.c.l.CompositeLog [DiscoveryClient-CacheRefreshExecutor-0] Response 200 OK
2025-04-17 21:24:18,410 DEBUG o.s.c.l.CompositeLog [DiscoveryClient-CacheRefreshExecutor-0] Reading to [org.springframework.cloud.netflix.eureka.http.EurekaApplications]
2025-04-17 21:24:48,315 DEBUG o.s.c.l.CompositeLog [DiscoveryClient-HeartbeatExecutor-0] HTTP PUT http://localhost:8761/eureka/apps/USER-MANAGEMENT/192.168.1.4:user-management:8888?status=UP&lastDirtyTimestamp=1744897969423
2025-04-17 21:24:48,315 DEBUG o.s.c.l.CompositeLog [DiscoveryClient-HeartbeatExecutor-0] Accept=[application/json, application/*+json]
2025-04-17 21:24:48,332 DEBUG o.s.c.l.CompositeLog [DiscoveryClient-HeartbeatExecutor-0] Response 200 OK
2025-04-17 21:24:48,424 DEBUG o.s.c.l.CompositeLog [DiscoveryClient-CacheRefreshExecutor-0] HTTP GET http://localhost:8761/eureka/apps/delta
2025-04-17 21:24:48,424 DEBUG o.s.c.l.CompositeLog [DiscoveryClient-CacheRefreshExecutor-0] Accept=[application/json, application/*+json]
2025-04-17 21:24:48,440 DEBUG o.s.c.l.CompositeLog [DiscoveryClient-CacheRefreshExecutor-0] Response 200 OK
2025-04-17 21:24:48,440 DEBUG o.s.c.l.CompositeLog [DiscoveryClient-CacheRefreshExecutor-0] Reading to [org.springframework.cloud.netflix.eureka.http.EurekaApplications]
2025-04-17 21:25:18,335 DEBUG o.s.c.l.CompositeLog [DiscoveryClient-HeartbeatExecutor-0] HTTP PUT http://localhost:8761/eureka/apps/USER-MANAGEMENT/192.168.1.4:user-management:8888?status=UP&lastDirtyTimestamp=1744897969423
2025-04-17 21:25:18,335 DEBUG o.s.c.l.CompositeLog [DiscoveryClient-HeartbeatExecutor-0] Accept=[application/json, application/*+json]
2025-04-17 21:25:18,352 DEBUG o.s.c.l.CompositeLog [DiscoveryClient-HeartbeatExecutor-0] Response 200 OK
2025-04-17 21:25:18,444 DEBUG o.s.c.l.CompositeLog [DiscoveryClient-CacheRefreshExecutor-0] HTTP GET http://localhost:8761/eureka/apps/delta
2025-04-17 21:25:18,444 DEBUG o.s.c.l.CompositeLog [DiscoveryClient-CacheRefreshExecutor-0] Accept=[application/json, application/*+json]
2025-04-17 21:25:18,462 DEBUG o.s.c.l.CompositeLog [DiscoveryClient-CacheRefreshExecutor-0] Response 200 OK
2025-04-17 21:25:18,462 DEBUG o.s.c.l.CompositeLog [DiscoveryClient-CacheRefreshExecutor-0] Reading to [org.springframework.cloud.netflix.eureka.http.EurekaApplications]
2025-04-17 21:25:48,361 DEBUG o.s.c.l.CompositeLog [DiscoveryClient-HeartbeatExecutor-0] HTTP PUT http://localhost:8761/eureka/apps/USER-MANAGEMENT/192.168.1.4:user-management:8888?status=UP&lastDirtyTimestamp=1744897969423
2025-04-17 21:25:48,362 DEBUG o.s.c.l.CompositeLog [DiscoveryClient-HeartbeatExecutor-0] Accept=[application/json, application/*+json]
2025-04-17 21:25:48,378 DEBUG o.s.c.l.CompositeLog [DiscoveryClient-HeartbeatExecutor-0] Response 200 OK
2025-04-17 21:25:48,469 DEBUG o.s.c.l.CompositeLog [DiscoveryClient-CacheRefreshExecutor-0] HTTP GET http://localhost:8761/eureka/apps/delta
2025-04-17 21:25:48,471 DEBUG o.s.c.l.CompositeLog [DiscoveryClient-CacheRefreshExecutor-0] Accept=[application/json, application/*+json]
2025-04-17 21:25:48,488 DEBUG o.s.c.l.CompositeLog [DiscoveryClient-CacheRefreshExecutor-0] Response 200 OK
2025-04-17 21:25:48,488 DEBUG o.s.c.l.CompositeLog [DiscoveryClient-CacheRefreshExecutor-0] Reading to [org.springframework.cloud.netflix.eureka.http.EurekaApplications]
2025-04-17 21:26:18,381 DEBUG o.s.c.l.CompositeLog [DiscoveryClient-HeartbeatExecutor-0] HTTP PUT http://localhost:8761/eureka/apps/USER-MANAGEMENT/192.168.1.4:user-management:8888?status=UP&lastDirtyTimestamp=1744897969423
2025-04-17 21:26:18,382 DEBUG o.s.c.l.CompositeLog [DiscoveryClient-HeartbeatExecutor-0] Accept=[application/json, application/*+json]
2025-04-17 21:26:18,398 DEBUG o.s.c.l.CompositeLog [DiscoveryClient-HeartbeatExecutor-0] Response 200 OK
2025-04-17 21:26:18,490 DEBUG o.s.c.l.CompositeLog [DiscoveryClient-CacheRefreshExecutor-0] HTTP GET http://localhost:8761/eureka/apps/delta
2025-04-17 21:26:18,490 DEBUG o.s.c.l.CompositeLog [DiscoveryClient-CacheRefreshExecutor-0] Accept=[application/json, application/*+json]
2025-04-17 21:26:18,506 DEBUG o.s.c.l.CompositeLog [DiscoveryClient-CacheRefreshExecutor-0] Response 200 OK
2025-04-17 21:26:18,506 DEBUG o.s.c.l.CompositeLog [DiscoveryClient-CacheRefreshExecutor-0] Reading to [org.springframework.cloud.netflix.eureka.http.EurekaApplications]
2025-04-17 21:26:32,153 INFO c.n.d.s.r.a.ConfigClusterResolver [AsyncResolver-bootstrap-executor-0] Resolving eureka endpoints via configuration
2025-04-17 21:26:48,406 DEBUG o.s.c.l.CompositeLog [DiscoveryClient-HeartbeatExecutor-0] HTTP PUT http://localhost:8761/eureka/apps/USER-MANAGEMENT/192.168.1.4:user-management:8888?status=UP&lastDirtyTimestamp=1744897969423
2025-04-17 21:26:48,406 DEBUG o.s.c.l.CompositeLog [DiscoveryClient-HeartbeatExecutor-0] Accept=[application/json, application/*+json]
2025-04-17 21:26:48,423 DEBUG o.s.c.l.CompositeLog [DiscoveryClient-HeartbeatExecutor-0] Response 200 OK
2025-04-17 21:26:48,515 DEBUG o.s.c.l.CompositeLog [DiscoveryClient-CacheRefreshExecutor-0] HTTP GET http://localhost:8761/eureka/apps/delta
2025-04-17 21:26:48,515 DEBUG o.s.c.l.CompositeLog [DiscoveryClient-CacheRefreshExecutor-0] Accept=[application/json, application/*+json]
2025-04-17 21:26:48,533 DEBUG o.s.c.l.CompositeLog [DiscoveryClient-CacheRefreshExecutor-0] Response 200 OK
2025-04-17 21:26:48,533 DEBUG o.s.c.l.CompositeLog [DiscoveryClient-CacheRefreshExecutor-0] Reading to [org.springframework.cloud.netflix.eureka.http.EurekaApplications]
2025-04-17 21:27:18,424 DEBUG o.s.c.l.CompositeLog [DiscoveryClient-HeartbeatExecutor-0] HTTP PUT http://localhost:8761/eureka/apps/USER-MANAGEMENT/192.168.1.4:user-management:8888?status=UP&lastDirtyTimestamp=1744897969423
2025-04-17 21:27:18,424 DEBUG o.s.c.l.CompositeLog [DiscoveryClient-HeartbeatExecutor-0] Accept=[application/json, application/*+json]
2025-04-17 21:27:18,440 DEBUG o.s.c.l.CompositeLog [DiscoveryClient-HeartbeatExecutor-0] Response 200 OK
2025-04-17 21:27:18,549 DEBUG o.s.c.l.CompositeLog [DiscoveryClient-CacheRefreshExecutor-0] HTTP GET http://localhost:8761/eureka/apps/delta
2025-04-17 21:27:18,549 DEBUG o.s.c.l.CompositeLog [DiscoveryClient-CacheRefreshExecutor-0] Accept=[application/json, application/*+json]
2025-04-17 21:27:18,565 DEBUG o.s.c.l.CompositeLog [DiscoveryClient-CacheRefreshExecutor-0] Response 200 OK
2025-04-17 21:27:18,565 DEBUG o.s.c.l.CompositeLog [DiscoveryClient-CacheRefreshExecutor-0] Reading to [org.springframework.cloud.netflix.eureka.http.EurekaApplications]
2025-04-17 21:27:48,456 DEBUG o.s.c.l.CompositeLog [DiscoveryClient-HeartbeatExecutor-0] HTTP PUT http://localhost:8761/eureka/apps/USER-MANAGEMENT/192.168.1.4:user-management:8888?status=UP&lastDirtyTimestamp=1744897969423
2025-04-17 21:27:48,457 DEBUG o.s.c.l.CompositeLog [DiscoveryClient-HeartbeatExecutor-0] Accept=[application/json, application/*+json]
2025-04-17 21:27:48,473 DEBUG o.s.c.l.CompositeLog [DiscoveryClient-HeartbeatExecutor-0] Response 200 OK
2025-04-17 21:27:48,581 DEBUG o.s.c.l.CompositeLog [DiscoveryClient-CacheRefreshExecutor-0] HTTP GET http://localhost:8761/eureka/apps/delta
2025-04-17 21:27:48,582 DEBUG o.s.c.l.CompositeLog [DiscoveryClient-CacheRefreshExecutor-0] Accept=[application/json, application/*+json]
2025-04-17 21:27:48,598 DEBUG o.s.c.l.CompositeLog [DiscoveryClient-CacheRefreshExecutor-0] Response 200 OK
2025-04-17 21:27:48,598 DEBUG o.s.c.l.CompositeLog [DiscoveryClient-CacheRefreshExecutor-0] Reading to [org.springframework.cloud.netflix.eureka.http.EurekaApplications]
2025-04-17 21:28:18,481 DEBUG o.s.c.l.CompositeLog [DiscoveryClient-HeartbeatExecutor-0] HTTP PUT http://localhost:8761/eureka/apps/USER-MANAGEMENT/192.168.1.4:user-management:8888?status=UP&lastDirtyTimestamp=1744897969423
2025-04-17 21:28:18,482 DEBUG o.s.c.l.CompositeLog [DiscoveryClient-HeartbeatExecutor-0] Accept=[application/json, application/*+json]
2025-04-17 21:28:18,497 DEBUG o.s.c.l.CompositeLog [DiscoveryClient-HeartbeatExecutor-0] Response 200 OK
2025-04-17 21:28:18,605 DEBUG o.s.c.l.CompositeLog [DiscoveryClient-CacheRefreshExecutor-0] HTTP GET http://localhost:8761/eureka/apps/delta
2025-04-17 21:28:18,605 DEBUG o.s.c.l.CompositeLog [DiscoveryClient-CacheRefreshExecutor-0] Accept=[application/json, application/*+json]
2025-04-17 21:28:18,622 DEBUG o.s.c.l.CompositeLog [DiscoveryClient-CacheRefreshExecutor-0] Response 200 OK
2025-04-17 21:28:18,622 DEBUG o.s.c.l.CompositeLog [DiscoveryClient-CacheRefreshExecutor-0] Reading to [org.springframework.cloud.netflix.eureka.http.EurekaApplications]
2025-04-17 21:28:48,505 DEBUG o.s.c.l.CompositeLog [DiscoveryClient-HeartbeatExecutor-0] HTTP PUT http://localhost:8761/eureka/apps/USER-MANAGEMENT/192.168.1.4:user-management:8888?status=UP&lastDirtyTimestamp=1744897969423
2025-04-17 21:28:48,505 DEBUG o.s.c.l.CompositeLog [DiscoveryClient-HeartbeatExecutor-0] Accept=[application/json, application/*+json]
2025-04-17 21:28:48,523 DEBUG o.s.c.l.CompositeLog [DiscoveryClient-HeartbeatExecutor-0] Response 200 OK
2025-04-17 21:28:48,628 DEBUG o.s.c.l.CompositeLog [DiscoveryClient-CacheRefreshExecutor-0] HTTP GET http://localhost:8761/eureka/apps/delta
2025-04-17 21:28:48,628 DEBUG o.s.c.l.CompositeLog [DiscoveryClient-CacheRefreshExecutor-0] Accept=[application/json, application/*+json]
2025-04-17 21:28:48,644 DEBUG o.s.c.l.CompositeLog [DiscoveryClient-CacheRefreshExecutor-0] Response 200 OK
2025-04-17 21:28:48,645 DEBUG o.s.c.l.CompositeLog [DiscoveryClient-CacheRefreshExecutor-0] Reading to [org.springframework.cloud.netflix.eureka.http.EurekaApplications]
2025-04-17 21:29:18,538 DEBUG o.s.c.l.CompositeLog [DiscoveryClient-HeartbeatExecutor-0] HTTP PUT http://localhost:8761/eureka/apps/USER-MANAGEMENT/192.168.1.4:user-management:8888?status=UP&lastDirtyTimestamp=1744897969423
2025-04-17 21:29:18,538 DEBUG o.s.c.l.CompositeLog [DiscoveryClient-HeartbeatExecutor-0] Accept=[application/json, application/*+json]
2025-04-17 21:29:18,554 DEBUG o.s.c.l.CompositeLog [DiscoveryClient-HeartbeatExecutor-0] Response 200 OK
2025-04-17 21:29:18,646 DEBUG o.s.c.l.CompositeLog [DiscoveryClient-CacheRefreshExecutor-0] HTTP GET http://localhost:8761/eureka/apps/delta
2025-04-17 21:29:18,646 DEBUG o.s.c.l.CompositeLog [DiscoveryClient-CacheRefreshExecutor-0] Accept=[application/json, application/*+json]
2025-04-17 21:29:18,662 DEBUG o.s.c.l.CompositeLog [DiscoveryClient-CacheRefreshExecutor-0] Response 200 OK
2025-04-17 21:29:18,662 DEBUG o.s.c.l.CompositeLog [DiscoveryClient-CacheRefreshExecutor-0] Reading to [org.springframework.cloud.netflix.eureka.http.EurekaApplications]
2025-04-17 21:29:48,556 DEBUG o.s.c.l.CompositeLog [DiscoveryClient-HeartbeatExecutor-0] HTTP PUT http://localhost:8761/eureka/apps/USER-MANAGEMENT/192.168.1.4:user-management:8888?status=UP&lastDirtyTimestamp=1744897969423
2025-04-17 21:29:48,557 DEBUG o.s.c.l.CompositeLog [DiscoveryClient-HeartbeatExecutor-0] Accept=[application/json, application/*+json]
2025-04-17 21:29:48,572 DEBUG o.s.c.l.CompositeLog [DiscoveryClient-HeartbeatExecutor-0] Response 200 OK
2025-04-17 21:29:48,664 DEBUG o.s.c.l.CompositeLog [DiscoveryClient-CacheRefreshExecutor-0] HTTP GET http://localhost:8761/eureka/apps/delta
2025-04-17 21:29:48,664 DEBUG o.s.c.l.CompositeLog [DiscoveryClient-CacheRefreshExecutor-0] Accept=[application/json, application/*+json]
2025-04-17 21:29:48,680 DEBUG o.s.c.l.CompositeLog [DiscoveryClient-CacheRefreshExecutor-0] Response 200 OK
2025-04-17 21:29:48,681 DEBUG o.s.c.l.CompositeLog [DiscoveryClient-CacheRefreshExecutor-0] Reading to [org.springframework.cloud.netflix.eureka.http.EurekaApplications]
2025-04-17 21:30:18,581 DEBUG o.s.c.l.CompositeLog [DiscoveryClient-HeartbeatExecutor-0] HTTP PUT http://localhost:8761/eureka/apps/USER-MANAGEMENT/192.168.1.4:user-management:8888?status=UP&lastDirtyTimestamp=1744897969423
2025-04-17 21:30:18,582 DEBUG o.s.c.l.CompositeLog [DiscoveryClient-HeartbeatExecutor-0] Accept=[application/json, application/*+json]
2025-04-17 21:30:18,598 DEBUG o.s.c.l.CompositeLog [DiscoveryClient-HeartbeatExecutor-0] Response 200 OK
2025-04-17 21:30:18,689 DEBUG o.s.c.l.CompositeLog [DiscoveryClient-CacheRefreshExecutor-0] HTTP GET http://localhost:8761/eureka/apps/delta
2025-04-17 21:30:18,689 DEBUG o.s.c.l.CompositeLog [DiscoveryClient-CacheRefreshExecutor-0] Accept=[application/json, application/*+json]
2025-04-17 21:30:18,706 DEBUG o.s.c.l.CompositeLog [DiscoveryClient-CacheRefreshExecutor-0] Response 200 OK
2025-04-17 21:30:18,706 DEBUG o.s.c.l.CompositeLog [DiscoveryClient-CacheRefreshExecutor-0] Reading to [org.springframework.cloud.netflix.eureka.http.EurekaApplications]
2025-04-17 21:30:48,613 DEBUG o.s.c.l.CompositeLog [DiscoveryClient-HeartbeatExecutor-0] HTTP PUT http://localhost:8761/eureka/apps/USER-MANAGEMENT/192.168.1.4:user-management:8888?status=UP&lastDirtyTimestamp=1744897969423
2025-04-17 21:30:48,614 DEBUG o.s.c.l.CompositeLog [DiscoveryClient-HeartbeatExecutor-0] Accept=[application/json, application/*+json]
2025-04-17 21:30:48,629 DEBUG o.s.c.l.CompositeLog [DiscoveryClient-HeartbeatExecutor-0] Response 200 OK
2025-04-17 21:30:48,707 DEBUG o.s.c.l.CompositeLog [DiscoveryClient-CacheRefreshExecutor-0] HTTP GET http://localhost:8761/eureka/apps/delta
2025-04-17 21:30:48,707 DEBUG o.s.c.l.CompositeLog [DiscoveryClient-CacheRefreshExecutor-0] Accept=[application/json, application/*+json]
2025-04-17 21:30:48,723 DEBUG o.s.c.l.CompositeLog [DiscoveryClient-CacheRefreshExecutor-0] Response 200 OK
2025-04-17 21:30:48,723 DEBUG o.s.c.l.CompositeLog [DiscoveryClient-CacheRefreshExecutor-0] Reading to [org.springframework.cloud.netflix.eureka.http.EurekaApplications]
2025-04-17 21:31:18,644 DEBUG o.s.c.l.CompositeLog [DiscoveryClient-HeartbeatExecutor-0] HTTP PUT http://localhost:8761/eureka/apps/USER-MANAGEMENT/192.168.1.4:user-management:8888?status=UP&lastDirtyTimestamp=1744897969423
2025-04-17 21:31:18,644 DEBUG o.s.c.l.CompositeLog [DiscoveryClient-HeartbeatExecutor-0] Accept=[application/json, application/*+json]
2025-04-17 21:31:18,661 DEBUG o.s.c.l.CompositeLog [DiscoveryClient-HeartbeatExecutor-0] Response 200 OK
2025-04-17 21:31:18,737 DEBUG o.s.c.l.CompositeLog [DiscoveryClient-CacheRefreshExecutor-0] HTTP GET http://localhost:8761/eureka/apps/delta
2025-04-17 21:31:18,738 DEBUG o.s.c.l.CompositeLog [DiscoveryClient-CacheRefreshExecutor-0] Accept=[application/json, application/*+json]
2025-04-17 21:31:18,753 DEBUG o.s.c.l.CompositeLog [DiscoveryClient-CacheRefreshExecutor-0] Response 200 OK
2025-04-17 21:31:18,753 DEBUG o.s.c.l.CompositeLog [DiscoveryClient-CacheRefreshExecutor-0] Reading to [org.springframework.cloud.netflix.eureka.http.EurekaApplications]
2025-04-17 21:31:32,156 INFO c.n.d.s.r.a.ConfigClusterResolver [AsyncResolver-bootstrap-executor-0] Resolving eureka endpoints via configuration
2025-04-17 21:31:48,669 DEBUG o.s.c.l.CompositeLog [DiscoveryClient-HeartbeatExecutor-0] HTTP PUT http://localhost:8761/eureka/apps/USER-MANAGEMENT/192.168.1.4:user-management:8888?status=UP&lastDirtyTimestamp=1744897969423
2025-04-17 21:31:48,669 DEBUG o.s.c.l.CompositeLog [DiscoveryClient-HeartbeatExecutor-0] Accept=[application/json, application/*+json]
2025-04-17 21:31:48,685 DEBUG o.s.c.l.CompositeLog [DiscoveryClient-HeartbeatExecutor-0] Response 200 OK
2025-04-17 21:31:48,760 DEBUG o.s.c.l.CompositeLog [DiscoveryClient-CacheRefreshExecutor-0] HTTP GET http://localhost:8761/eureka/apps/delta
2025-04-17 21:31:48,760 DEBUG o.s.c.l.CompositeLog [DiscoveryClient-CacheRefreshExecutor-0] Accept=[application/json, application/*+json]
2025-04-17 21:31:48,777 DEBUG o.s.c.l.CompositeLog [DiscoveryClient-CacheRefreshExecutor-0] Response 200 OK
2025-04-17 21:31:48,777 DEBUG o.s.c.l.CompositeLog [DiscoveryClient-CacheRefreshExecutor-0] Reading to [org.springframework.cloud.netflix.eureka.http.EurekaApplications]
2025-04-17 21:32:18,688 DEBUG o.s.c.l.CompositeLog [DiscoveryClient-HeartbeatExecutor-0] HTTP PUT http://localhost:8761/eureka/apps/USER-MANAGEMENT/192.168.1.4:user-management:8888?status=UP&lastDirtyTimestamp=1744897969423
2025-04-17 21:32:18,688 DEBUG o.s.c.l.CompositeLog [DiscoveryClient-HeartbeatExecutor-0] Accept=[application/json, application/*+json]
2025-04-17 21:32:18,704 DEBUG o.s.c.l.CompositeLog [DiscoveryClient-HeartbeatExecutor-0] Response 200 OK
2025-04-17 21:32:18,781 DEBUG o.s.c.l.CompositeLog [DiscoveryClient-CacheRefreshExecutor-0] HTTP GET http://localhost:8761/eureka/apps/delta
2025-04-17 21:32:18,782 DEBUG o.s.c.l.CompositeLog [DiscoveryClient-CacheRefreshExecutor-0] Accept=[application/json, application/*+json]
2025-04-17 21:32:18,797 DEBUG o.s.c.l.CompositeLog [DiscoveryClient-CacheRefreshExecutor-0] Response 200 OK
2025-04-17 21:32:18,797 DEBUG o.s.c.l.CompositeLog [DiscoveryClient-CacheRefreshExecutor-0] Reading to [org.springframework.cloud.netflix.eureka.http.EurekaApplications]
2025-04-17 21:32:48,711 DEBUG o.s.c.l.CompositeLog [DiscoveryClient-HeartbeatExecutor-0] HTTP PUT http://localhost:8761/eureka/apps/USER-MANAGEMENT/192.168.1.4:user-management:8888?status=UP&lastDirtyTimestamp=1744897969423
2025-04-17 21:32:48,711 DEBUG o.s.c.l.CompositeLog [DiscoveryClient-HeartbeatExecutor-0] Accept=[application/json, application/*+json]
2025-04-17 21:32:48,726 DEBUG o.s.c.l.CompositeLog [DiscoveryClient-HeartbeatExecutor-0] Response 200 OK
2025-04-17 21:32:48,803 DEBUG o.s.c.l.CompositeLog [DiscoveryClient-CacheRefreshExecutor-0] HTTP GET http://localhost:8761/eureka/apps/delta
2025-04-17 21:32:48,803 DEBUG o.s.c.l.CompositeLog [DiscoveryClient-CacheRefreshExecutor-0] Accept=[application/json, application/*+json]
2025-04-17 21:32:48,819 DEBUG o.s.c.l.CompositeLog [DiscoveryClient-CacheRefreshExecutor-0] Response 200 OK
2025-04-17 21:32:48,820 DEBUG o.s.c.l.CompositeLog [DiscoveryClient-CacheRefreshExecutor-0] Reading to [org.springframework.cloud.netflix.eureka.http.EurekaApplications]
2025-04-17 21:33:18,736 DEBUG o.s.c.l.CompositeLog [DiscoveryClient-HeartbeatExecutor-0] HTTP PUT http://localhost:8761/eureka/apps/USER-MANAGEMENT/192.168.1.4:user-management:8888?status=UP&lastDirtyTimestamp=1744897969423
2025-04-17 21:33:18,736 DEBUG o.s.c.l.CompositeLog [DiscoveryClient-HeartbeatExecutor-0] Accept=[application/json, application/*+json]
2025-04-17 21:33:18,751 DEBUG o.s.c.l.CompositeLog [DiscoveryClient-HeartbeatExecutor-0] Response 200 OK
2025-04-17 21:33:18,826 DEBUG o.s.c.l.CompositeLog [DiscoveryClient-CacheRefreshExecutor-0] HTTP GET http://localhost:8761/eureka/apps/delta
2025-04-17 21:33:18,826 DEBUG o.s.c.l.CompositeLog [DiscoveryClient-CacheRefreshExecutor-0] Accept=[application/json, application/*+json]
2025-04-17 21:33:18,842 DEBUG o.s.c.l.CompositeLog [DiscoveryClient-CacheRefreshExecutor-0] Response 200 OK
2025-04-17 21:33:18,843 DEBUG o.s.c.l.CompositeLog [DiscoveryClient-CacheRefreshExecutor-0] Reading to [org.springframework.cloud.netflix.eureka.http.EurekaApplications]
2025-04-17 21:33:48,758 DEBUG o.s.c.l.CompositeLog [DiscoveryClient-HeartbeatExecutor-0] HTTP PUT http://localhost:8761/eureka/apps/USER-MANAGEMENT/192.168.1.4:user-management:8888?status=UP&lastDirtyTimestamp=1744897969423
2025-04-17 21:33:48,758 DEBUG o.s.c.l.CompositeLog [DiscoveryClient-HeartbeatExecutor-0] Accept=[application/json, application/*+json]
2025-04-17 21:33:48,775 DEBUG o.s.c.l.CompositeLog [DiscoveryClient-HeartbeatExecutor-0] Response 200 OK
2025-04-17 21:33:48,852 DEBUG o.s.c.l.CompositeLog [DiscoveryClient-CacheRefreshExecutor-0] HTTP GET http://localhost:8761/eureka/apps/delta
2025-04-17 21:33:48,852 DEBUG o.s.c.l.CompositeLog [DiscoveryClient-CacheRefreshExecutor-0] Accept=[application/json, application/*+json]
2025-04-17 21:33:48,869 DEBUG o.s.c.l.CompositeLog [DiscoveryClient-CacheRefreshExecutor-0] Response 200 OK
2025-04-17 21:33:48,869 DEBUG o.s.c.l.CompositeLog [DiscoveryClient-CacheRefreshExecutor-0] Reading to [org.springframework.cloud.netflix.eureka.http.EurekaApplications]
2025-04-17 21:34:18,778 DEBUG o.s.c.l.CompositeLog [DiscoveryClient-HeartbeatExecutor-0] HTTP PUT http://localhost:8761/eureka/apps/USER-MANAGEMENT/192.168.1.4:user-management:8888?status=UP&lastDirtyTimestamp=1744897969423
2025-04-17 21:34:18,778 DEBUG o.s.c.l.CompositeLog [DiscoveryClient-HeartbeatExecutor-0] Accept=[application/json, application/*+json]
2025-04-17 21:34:18,795 DEBUG o.s.c.l.CompositeLog [DiscoveryClient-HeartbeatExecutor-0] Response 200 OK
2025-04-17 21:34:18,871 DEBUG o.s.c.l.CompositeLog [DiscoveryClient-CacheRefreshExecutor-0] HTTP GET http://localhost:8761/eureka/apps/delta
2025-04-17 21:34:18,872 DEBUG o.s.c.l.CompositeLog [DiscoveryClient-CacheRefreshExecutor-0] Accept=[application/json, application/*+json]
2025-04-17 21:34:18,887 DEBUG o.s.c.l.CompositeLog [DiscoveryClient-CacheRefreshExecutor-0] Response 200 OK
2025-04-17 21:34:18,889 DEBUG o.s.c.l.CompositeLog [DiscoveryClient-CacheRefreshExecutor-0] Reading to [org.springframework.cloud.netflix.eureka.http.EurekaApplications]
2025-04-17 21:34:48,802 DEBUG o.s.c.l.CompositeLog [DiscoveryClient-HeartbeatExecutor-0] HTTP PUT http://localhost:8761/eureka/apps/USER-MANAGEMENT/192.168.1.4:user-management:8888?status=UP&lastDirtyTimestamp=1744897969423
2025-04-17 21:34:48,803 DEBUG o.s.c.l.CompositeLog [DiscoveryClient-HeartbeatExecutor-0] Accept=[application/json, application/*+json]
2025-04-17 21:34:48,818 DEBUG o.s.c.l.CompositeLog [DiscoveryClient-HeartbeatExecutor-0] Response 200 OK
2025-04-17 21:34:48,895 DEBUG o.s.c.l.CompositeLog [DiscoveryClient-CacheRefreshExecutor-0] HTTP GET http://localhost:8761/eureka/apps/delta
2025-04-17 21:34:48,895 DEBUG o.s.c.l.CompositeLog [DiscoveryClient-CacheRefreshExecutor-0] Accept=[application/json, application/*+json]
2025-04-17 21:34:48,912 DEBUG o.s.c.l.CompositeLog [DiscoveryClient-CacheRefreshExecutor-0] Response 200 OK
2025-04-17 21:34:48,912 DEBUG o.s.c.l.CompositeLog [DiscoveryClient-CacheRefreshExecutor-0] Reading to [org.springframework.cloud.netflix.eureka.http.EurekaApplications]
2025-04-17 21:35:18,819 DEBUG o.s.c.l.CompositeLog [DiscoveryClient-HeartbeatExecutor-0] HTTP PUT http://localhost:8761/eureka/apps/USER-MANAGEMENT/192.168.1.4:user-management:8888?status=UP&lastDirtyTimestamp=1744897969423
2025-04-17 21:35:18,820 DEBUG o.s.c.l.CompositeLog [DiscoveryClient-HeartbeatExecutor-0] Accept=[application/json, application/*+json]
2025-04-17 21:35:18,836 DEBUG o.s.c.l.CompositeLog [DiscoveryClient-HeartbeatExecutor-0] Response 200 OK
2025-04-17 21:35:18,927 DEBUG o.s.c.l.CompositeLog [DiscoveryClient-CacheRefreshExecutor-0] HTTP GET http://localhost:8761/eureka/apps/delta
2025-04-17 21:35:18,927 DEBUG o.s.c.l.CompositeLog [DiscoveryClient-CacheRefreshExecutor-0] Accept=[application/json, application/*+json]
2025-04-17 21:35:18,943 DEBUG o.s.c.l.CompositeLog [DiscoveryClient-CacheRefreshExecutor-0] Response 200 OK
2025-04-17 21:35:18,943 DEBUG o.s.c.l.CompositeLog [DiscoveryClient-CacheRefreshExecutor-0] Reading to [org.springframework.cloud.netflix.eureka.http.EurekaApplications]
2025-04-17 21:35:48,837 DEBUG o.s.c.l.CompositeLog [DiscoveryClient-HeartbeatExecutor-0] HTTP PUT http://localhost:8761/eureka/apps/USER-MANAGEMENT/192.168.1.4:user-management:8888?status=UP&lastDirtyTimestamp=1744897969423
2025-04-17 21:35:48,838 DEBUG o.s.c.l.CompositeLog [DiscoveryClient-HeartbeatExecutor-0] Accept=[application/json, application/*+json]
2025-04-17 21:35:48,854 DEBUG o.s.c.l.CompositeLog [DiscoveryClient-HeartbeatExecutor-0] Response 200 OK
2025-04-17 21:35:48,947 DEBUG o.s.c.l.CompositeLog [DiscoveryClient-CacheRefreshExecutor-0] HTTP GET http://localhost:8761/eureka/apps/delta
2025-04-17 21:35:48,948 DEBUG o.s.c.l.CompositeLog [DiscoveryClient-CacheRefreshExecutor-0] Accept=[application/json, application/*+json]
2025-04-17 21:35:48,965 DEBUG o.s.c.l.CompositeLog [DiscoveryClient-CacheRefreshExecutor-0] Response 200 OK
2025-04-17 21:35:48,966 DEBUG o.s.c.l.CompositeLog [DiscoveryClient-CacheRefreshExecutor-0] Reading to [org.springframework.cloud.netflix.eureka.http.EurekaApplications]
2025-04-17 21:36:18,855 DEBUG o.s.c.l.CompositeLog [DiscoveryClient-HeartbeatExecutor-0] HTTP PUT http://localhost:8761/eureka/apps/USER-MANAGEMENT/192.168.1.4:user-management:8888?status=UP&lastDirtyTimestamp=1744897969423
2025-04-17 21:36:18,856 DEBUG o.s.c.l.CompositeLog [DiscoveryClient-HeartbeatExecutor-0] Accept=[application/json, application/*+json]
2025-04-17 21:36:18,872 DEBUG o.s.c.l.CompositeLog [DiscoveryClient-HeartbeatExecutor-0] Response 200 OK
2025-04-17 21:36:18,979 DEBUG o.s.c.l.CompositeLog [DiscoveryClient-CacheRefreshExecutor-0] HTTP GET http://localhost:8761/eureka/apps/delta
2025-04-17 21:36:18,980 DEBUG o.s.c.l.CompositeLog [DiscoveryClient-CacheRefreshExecutor-0] Accept=[application/json, application/*+json]
2025-04-17 21:36:18,995 DEBUG o.s.c.l.CompositeLog [DiscoveryClient-CacheRefreshExecutor-0] Response 200 OK
2025-04-17 21:36:18,996 DEBUG o.s.c.l.CompositeLog [DiscoveryClient-CacheRefreshExecutor-0] Reading to [org.springframework.cloud.netflix.eureka.http.EurekaApplications]
2025-04-17 21:36:32,161 INFO c.n.d.s.r.a.ConfigClusterResolver [AsyncResolver-bootstrap-executor-0] Resolving eureka endpoints via configuration
2025-04-17 21:36:48,888 DEBUG o.s.c.l.CompositeLog [DiscoveryClient-HeartbeatExecutor-0] HTTP PUT http://localhost:8761/eureka/apps/USER-MANAGEMENT/192.168.1.4:user-management:8888?status=UP&lastDirtyTimestamp=1744897969423
2025-04-17 21:36:48,893 DEBUG o.s.c.l.CompositeLog [DiscoveryClient-HeartbeatExecutor-0] Accept=[application/json, application/*+json]
2025-04-17 21:36:48,896 DEBUG o.s.c.l.CompositeLog [DiscoveryClient-HeartbeatExecutor-0] Response 200 OK
2025-04-17 21:36:49,009 DEBUG o.s.c.l.CompositeLog [DiscoveryClient-CacheRefreshExecutor-0] HTTP GET http://localhost:8761/eureka/apps/delta
2025-04-17 21:36:49,009 DEBUG o.s.c.l.CompositeLog [DiscoveryClient-CacheRefreshExecutor-0] Accept=[application/json, application/*+json]
2025-04-17 21:36:49,025 DEBUG o.s.c.l.CompositeLog [DiscoveryClient-CacheRefreshExecutor-0] Response 200 OK
2025-04-17 21:36:49,025 DEBUG o.s.c.l.CompositeLog [DiscoveryClient-CacheRefreshExecutor-0] Reading to [org.springframework.cloud.netflix.eureka.http.EurekaApplications]
2025-04-17 21:37:18,898 DEBUG o.s.c.l.CompositeLog [DiscoveryClient-HeartbeatExecutor-0] HTTP PUT http://localhost:8761/eureka/apps/USER-MANAGEMENT/192.168.1.4:user-management:8888?status=UP&lastDirtyTimestamp=1744897969423
2025-04-17 21:37:18,899 DEBUG o.s.c.l.CompositeLog [DiscoveryClient-HeartbeatExecutor-0] Accept=[application/json, application/*+json]
2025-04-17 21:37:18,914 DEBUG o.s.c.l.CompositeLog [DiscoveryClient-HeartbeatExecutor-0] Response 200 OK
2025-04-17 21:37:19,036 DEBUG o.s.c.l.CompositeLog [DiscoveryClient-CacheRefreshExecutor-0] HTTP GET http://localhost:8761/eureka/apps/delta
2025-04-17 21:37:19,036 DEBUG o.s.c.l.CompositeLog [DiscoveryClient-CacheRefreshExecutor-0] Accept=[application/json, application/*+json]
2025-04-17 21:37:19,053 DEBUG o.s.c.l.CompositeLog [DiscoveryClient-CacheRefreshExecutor-0] Response 200 OK
2025-04-17 21:37:19,054 DEBUG o.s.c.l.CompositeLog [DiscoveryClient-CacheRefreshExecutor-0] Reading to [org.springframework.cloud.netflix.eureka.http.EurekaApplications]
2025-04-17 21:37:48,926 DEBUG o.s.c.l.CompositeLog [DiscoveryClient-HeartbeatExecutor-0] HTTP PUT http://localhost:8761/eureka/apps/USER-MANAGEMENT/192.168.1.4:user-management:8888?status=UP&lastDirtyTimestamp=1744897969423
2025-04-17 21:37:48,926 DEBUG o.s.c.l.CompositeLog [DiscoveryClient-HeartbeatExecutor-0] Accept=[application/json, application/*+json]
2025-04-17 21:37:48,943 DEBUG o.s.c.l.CompositeLog [DiscoveryClient-HeartbeatExecutor-0] Response 200 OK
2025-04-17 21:37:49,066 DEBUG o.s.c.l.CompositeLog [DiscoveryClient-CacheRefreshExecutor-0] HTTP GET http://localhost:8761/eureka/apps/delta
2025-04-17 21:37:49,066 DEBUG o.s.c.l.CompositeLog [DiscoveryClient-CacheRefreshExecutor-0] Accept=[application/json, application/*+json]
2025-04-17 21:37:49,082 DEBUG o.s.c.l.CompositeLog [DiscoveryClient-CacheRefreshExecutor-0] Response 200 OK
2025-04-17 21:37:49,082 DEBUG o.s.c.l.CompositeLog [DiscoveryClient-CacheRefreshExecutor-0] Reading to [org.springframework.cloud.netflix.eureka.http.EurekaApplications]
2025-04-17 21:38:18,945 DEBUG o.s.c.l.CompositeLog [DiscoveryClient-HeartbeatExecutor-0] HTTP PUT http://localhost:8761/eureka/apps/USER-MANAGEMENT/192.168.1.4:user-management:8888?status=UP&lastDirtyTimestamp=1744897969423
2025-04-17 21:38:18,945 DEBUG o.s.c.l.CompositeLog [DiscoveryClient-HeartbeatExecutor-0] Accept=[application/json, application/*+json]
2025-04-17 21:38:18,961 DEBUG o.s.c.l.CompositeLog [DiscoveryClient-HeartbeatExecutor-0] Response 200 OK
2025-04-17 21:38:19,087 DEBUG o.s.c.l.CompositeLog [DiscoveryClient-CacheRefreshExecutor-0] HTTP GET http://localhost:8761/eureka/apps/delta
2025-04-17 21:38:19,087 DEBUG o.s.c.l.CompositeLog [DiscoveryClient-CacheRefreshExecutor-0] Accept=[application/json, application/*+json]
2025-04-17 21:38:19,103 DEBUG o.s.c.l.CompositeLog [DiscoveryClient-CacheRefreshExecutor-0] Response 200 OK
2025-04-17 21:38:19,103 DEBUG o.s.c.l.CompositeLog [DiscoveryClient-CacheRefreshExecutor-0] Reading to [org.springframework.cloud.netflix.eureka.http.EurekaApplications]
2025-04-17 21:38:48,965 DEBUG o.s.c.l.CompositeLog [DiscoveryClient-HeartbeatExecutor-0] HTTP PUT http://localhost:8761/eureka/apps/USER-MANAGEMENT/192.168.1.4:user-management:8888?status=UP&lastDirtyTimestamp=1744897969423
2025-04-17 21:38:48,966 DEBUG o.s.c.l.CompositeLog [DiscoveryClient-HeartbeatExecutor-0] Accept=[application/json, application/*+json]
2025-04-17 21:38:48,983 DEBUG o.s.c.l.CompositeLog [DiscoveryClient-HeartbeatExecutor-0] Response 200 OK
2025-04-17 21:38:49,105 DEBUG o.s.c.l.CompositeLog [DiscoveryClient-CacheRefreshExecutor-0] HTTP GET http://localhost:8761/eureka/apps/delta
2025-04-17 21:38:49,105 DEBUG o.s.c.l.CompositeLog [DiscoveryClient-CacheRefreshExecutor-0] Accept=[application/json, application/*+json]
2025-04-17 21:38:49,122 DEBUG o.s.c.l.CompositeLog [DiscoveryClient-CacheRefreshExecutor-0] Response 200 OK
2025-04-17 21:38:49,122 DEBUG o.s.c.l.CompositeLog [DiscoveryClient-CacheRefreshExecutor-0] Reading to [org.springframework.cloud.netflix.eureka.http.EurekaApplications]
2025-04-17 21:39:18,989 DEBUG o.s.c.l.CompositeLog [DiscoveryClient-HeartbeatExecutor-0] HTTP PUT http://localhost:8761/eureka/apps/USER-MANAGEMENT/192.168.1.4:user-management:8888?status=UP&lastDirtyTimestamp=1744897969423
2025-04-17 21:39:18,989 DEBUG o.s.c.l.CompositeLog [DiscoveryClient-HeartbeatExecutor-0] Accept=[application/json, application/*+json]
2025-04-17 21:39:19,006 DEBUG o.s.c.l.CompositeLog [DiscoveryClient-HeartbeatExecutor-0] Response 200 OK
2025-04-17 21:39:19,129 DEBUG o.s.c.l.CompositeLog [DiscoveryClient-CacheRefreshExecutor-0] HTTP GET http://localhost:8761/eureka/apps/delta
2025-04-17 21:39:19,129 DEBUG o.s.c.l.CompositeLog [DiscoveryClient-CacheRefreshExecutor-0] Accept=[application/json, application/*+json]
2025-04-17 21:39:19,147 DEBUG o.s.c.l.CompositeLog [DiscoveryClient-CacheRefreshExecutor-0] Response 200 OK
2025-04-17 21:39:19,147 DEBUG o.s.c.l.CompositeLog [DiscoveryClient-CacheRefreshExecutor-0] Reading to [org.springframework.cloud.netflix.eureka.http.EurekaApplications]
2025-04-17 21:39:49,013 DEBUG o.s.c.l.CompositeLog [DiscoveryClient-HeartbeatExecutor-0] HTTP PUT http://localhost:8761/eureka/apps/USER-MANAGEMENT/192.168.1.4:user-management:8888?status=UP&lastDirtyTimestamp=1744897969423
2025-04-17 21:39:49,014 DEBUG o.s.c.l.CompositeLog [DiscoveryClient-HeartbeatExecutor-0] Accept=[application/json, application/*+json]
2025-04-17 21:39:49,028 DEBUG o.s.c.l.CompositeLog [DiscoveryClient-HeartbeatExecutor-0] Response 200 OK
2025-04-17 21:39:49,152 DEBUG o.s.c.l.CompositeLog [DiscoveryClient-CacheRefreshExecutor-0] HTTP GET http://localhost:8761/eureka/apps/delta
2025-04-17 21:39:49,152 DEBUG o.s.c.l.CompositeLog [DiscoveryClient-CacheRefreshExecutor-0] Accept=[application/json, application/*+json]
2025-04-17 21:39:49,167 DEBUG o.s.c.l.CompositeLog [DiscoveryClient-CacheRefreshExecutor-0] Response 200 OK
2025-04-17 21:39:49,167 DEBUG o.s.c.l.CompositeLog [DiscoveryClient-CacheRefreshExecutor-0] Reading to [org.springframework.cloud.netflix.eureka.http.EurekaApplications]
2025-04-17 21:40:19,033 DEBUG o.s.c.l.CompositeLog [DiscoveryClient-HeartbeatExecutor-0] HTTP PUT http://localhost:8761/eureka/apps/USER-MANAGEMENT/192.168.1.4:user-management:8888?status=UP&lastDirtyTimestamp=1744897969423
2025-04-17 21:40:19,033 DEBUG o.s.c.l.CompositeLog [DiscoveryClient-HeartbeatExecutor-0] Accept=[application/json, application/*+json]
2025-04-17 21:40:19,048 DEBUG o.s.c.l.CompositeLog [DiscoveryClient-HeartbeatExecutor-0] Response 200 OK
2025-04-17 21:40:19,172 DEBUG o.s.c.l.CompositeLog [DiscoveryClient-CacheRefreshExecutor-0] HTTP GET http://localhost:8761/eureka/apps/delta
2025-04-17 21:40:19,172 DEBUG o.s.c.l.CompositeLog [DiscoveryClient-CacheRefreshExecutor-0] Accept=[application/json, application/*+json]
2025-04-17 21:40:19,189 DEBUG o.s.c.l.CompositeLog [DiscoveryClient-CacheRefreshExecutor-0] Response 200 OK
2025-04-17 21:40:19,189 DEBUG o.s.c.l.CompositeLog [DiscoveryClient-CacheRefreshExecutor-0] Reading to [org.springframework.cloud.netflix.eureka.http.EurekaApplications]
2025-04-17 21:40:49,057 DEBUG o.s.c.l.CompositeLog [DiscoveryClient-HeartbeatExecutor-0] HTTP PUT http://localhost:8761/eureka/apps/USER-MANAGEMENT/192.168.1.4:user-management:8888?status=UP&lastDirtyTimestamp=1744897969423
2025-04-17 21:40:49,057 DEBUG o.s.c.l.CompositeLog [DiscoveryClient-HeartbeatExecutor-0] Accept=[application/json, application/*+json]
2025-04-17 21:40:49,074 DEBUG o.s.c.l.CompositeLog [DiscoveryClient-HeartbeatExecutor-0] Response 200 OK
2025-04-17 21:40:49,197 DEBUG o.s.c.l.CompositeLog [DiscoveryClient-CacheRefreshExecutor-0] HTTP GET http://localhost:8761/eureka/apps/delta
2025-04-17 21:40:49,197 DEBUG o.s.c.l.CompositeLog [DiscoveryClient-CacheRefreshExecutor-0] Accept=[application/json, application/*+json]
2025-04-17 21:40:49,214 DEBUG o.s.c.l.CompositeLog [DiscoveryClient-CacheRefreshExecutor-0] Response 200 OK
2025-04-17 21:40:49,214 DEBUG o.s.c.l.CompositeLog [DiscoveryClient-CacheRefreshExecutor-0] Reading to [org.springframework.cloud.netflix.eureka.http.EurekaApplications]
2025-04-17 21:41:19,077 DEBUG o.s.c.l.CompositeLog [DiscoveryClient-HeartbeatExecutor-0] HTTP PUT http://localhost:8761/eureka/apps/USER-MANAGEMENT/192.168.1.4:user-management:8888?status=UP&lastDirtyTimestamp=1744897969423
2025-04-17 21:41:19,077 DEBUG o.s.c.l.CompositeLog [DiscoveryClient-HeartbeatExecutor-0] Accept=[application/json, application/*+json]
2025-04-17 21:41:19,093 DEBUG o.s.c.l.CompositeLog [DiscoveryClient-HeartbeatExecutor-0] Response 200 OK
2025-04-17 21:41:19,217 DEBUG o.s.c.l.CompositeLog [DiscoveryClient-CacheRefreshExecutor-0] HTTP GET http://localhost:8761/eureka/apps/delta
2025-04-17 21:41:19,217 DEBUG o.s.c.l.CompositeLog [DiscoveryClient-CacheRefreshExecutor-0] Accept=[application/json, application/*+json]
2025-04-17 21:41:19,233 DEBUG o.s.c.l.CompositeLog [DiscoveryClient-CacheRefreshExecutor-0] Response 200 OK
2025-04-17 21:41:19,233 DEBUG o.s.c.l.CompositeLog [DiscoveryClient-CacheRefreshExecutor-0] Reading to [org.springframework.cloud.netflix.eureka.http.EurekaApplications]
2025-04-17 21:41:32,175 INFO c.n.d.s.r.a.ConfigClusterResolver [AsyncResolver-bootstrap-executor-0] Resolving eureka endpoints via configuration
2025-04-17 21:41:49,108 DEBUG o.s.c.l.CompositeLog [DiscoveryClient-HeartbeatExecutor-0] HTTP PUT http://localhost:8761/eureka/apps/USER-MANAGEMENT/192.168.1.4:user-management:8888?status=UP&lastDirtyTimestamp=1744897969423
2025-04-17 21:41:49,109 DEBUG o.s.c.l.CompositeLog [DiscoveryClient-HeartbeatExecutor-0] Accept=[application/json, application/*+json]
2025-04-17 21:41:49,125 DEBUG o.s.c.l.CompositeLog [DiscoveryClient-HeartbeatExecutor-0] Response 200 OK
2025-04-17 21:41:49,234 DEBUG o.s.c.l.CompositeLog [DiscoveryClient-CacheRefreshExecutor-0] HTTP GET http://localhost:8761/eureka/apps/delta
2025-04-17 21:41:49,235 DEBUG o.s.c.l.CompositeLog [DiscoveryClient-CacheRefreshExecutor-0] Accept=[application/json, application/*+json]
2025-04-17 21:41:49,250 DEBUG o.s.c.l.CompositeLog [DiscoveryClient-CacheRefreshExecutor-0] Response 200 OK
2025-04-17 21:41:49,251 DEBUG o.s.c.l.CompositeLog [DiscoveryClient-CacheRefreshExecutor-0] Reading to [org.springframework.cloud.netflix.eureka.http.EurekaApplications]
2025-04-17 21:42:19,127 DEBUG o.s.c.l.CompositeLog [DiscoveryClient-HeartbeatExecutor-0] HTTP PUT http://localhost:8761/eureka/apps/USER-MANAGEMENT/192.168.1.4:user-management:8888?status=UP&lastDirtyTimestamp=1744897969423
2025-04-17 21:42:19,127 DEBUG o.s.c.l.CompositeLog [DiscoveryClient-HeartbeatExecutor-0] Accept=[application/json, application/*+json]
2025-04-17 21:42:19,144 DEBUG o.s.c.l.CompositeLog [DiscoveryClient-HeartbeatExecutor-0] Response 200 OK
2025-04-17 21:42:19,267 DEBUG o.s.c.l.CompositeLog [DiscoveryClient-CacheRefreshExecutor-0] HTTP GET http://localhost:8761/eureka/apps/delta
2025-04-17 21:42:19,267 DEBUG o.s.c.l.CompositeLog [DiscoveryClient-CacheRefreshExecutor-0] Accept=[application/json, application/*+json]
2025-04-17 21:42:19,283 DEBUG o.s.c.l.CompositeLog [DiscoveryClient-CacheRefreshExecutor-0] Response 200 OK
2025-04-17 21:42:19,283 DEBUG o.s.c.l.CompositeLog [DiscoveryClient-CacheRefreshExecutor-0] Reading to [org.springframework.cloud.netflix.eureka.http.EurekaApplications]
2025-04-17 21:42:49,160 DEBUG o.s.c.l.CompositeLog [DiscoveryClient-HeartbeatExecutor-0] HTTP PUT http://localhost:8761/eureka/apps/USER-MANAGEMENT/192.168.1.4:user-management:8888?status=UP&lastDirtyTimestamp=1744897969423
2025-04-17 21:42:49,161 DEBUG o.s.c.l.CompositeLog [DiscoveryClient-HeartbeatExecutor-0] Accept=[application/json, application/*+json]
2025-04-17 21:42:49,177 DEBUG o.s.c.l.CompositeLog [DiscoveryClient-HeartbeatExecutor-0] Response 200 OK
2025-04-17 21:42:49,284 DEBUG o.s.c.l.CompositeLog [DiscoveryClient-CacheRefreshExecutor-0] HTTP GET http://localhost:8761/eureka/apps/delta
2025-04-17 21:42:49,285 DEBUG o.s.c.l.CompositeLog [DiscoveryClient-CacheRefreshExecutor-0] Accept=[application/json, application/*+json]
2025-04-17 21:42:49,302 DEBUG o.s.c.l.CompositeLog [DiscoveryClient-CacheRefreshExecutor-0] Response 200 OK
2025-04-17 21:42:49,302 DEBUG o.s.c.l.CompositeLog [DiscoveryClient-CacheRefreshExecutor-0] Reading to [org.springframework.cloud.netflix.eureka.http.EurekaApplications]
2025-04-17 21:43:19,190 DEBUG o.s.c.l.CompositeLog [DiscoveryClient-HeartbeatExecutor-0] HTTP PUT http://localhost:8761/eureka/apps/USER-MANAGEMENT/192.168.1.4:user-management:8888?status=UP&lastDirtyTimestamp=1744897969423
2025-04-17 21:43:19,190 DEBUG o.s.c.l.CompositeLog [DiscoveryClient-HeartbeatExecutor-0] Accept=[application/json, application/*+json]
2025-04-17 21:43:19,207 DEBUG o.s.c.l.CompositeLog [DiscoveryClient-HeartbeatExecutor-0] Response 200 OK
2025-04-17 21:43:19,319 DEBUG o.s.c.l.CompositeLog [DiscoveryClient-CacheRefreshExecutor-0] HTTP GET http://localhost:8761/eureka/apps/delta
2025-04-17 21:43:19,319 DEBUG o.s.c.l.CompositeLog [DiscoveryClient-CacheRefreshExecutor-0] Accept=[application/json, application/*+json]
2025-04-17 21:43:19,333 DEBUG o.s.c.l.CompositeLog [DiscoveryClient-CacheRefreshExecutor-0] Response 200 OK
2025-04-17 21:43:19,333 DEBUG o.s.c.l.CompositeLog [DiscoveryClient-CacheRefreshExecutor-0] Reading to [org.springframework.cloud.netflix.eureka.http.EurekaApplications]
2025-04-17 21:43:49,218 DEBUG o.s.c.l.CompositeLog [DiscoveryClient-HeartbeatExecutor-0] HTTP PUT http://localhost:8761/eureka/apps/USER-MANAGEMENT/192.168.1.4:user-management:8888?status=UP&lastDirtyTimestamp=1744897969423
2025-04-17 21:43:49,218 DEBUG o.s.c.l.CompositeLog [DiscoveryClient-HeartbeatExecutor-0] Accept=[application/json, application/*+json]
2025-04-17 21:43:49,235 DEBUG o.s.c.l.CompositeLog [DiscoveryClient-HeartbeatExecutor-0] Response 200 OK
2025-04-17 21:43:49,342 DEBUG o.s.c.l.CompositeLog [DiscoveryClient-CacheRefreshExecutor-0] HTTP GET http://localhost:8761/eureka/apps/delta
2025-04-17 21:43:49,343 DEBUG o.s.c.l.CompositeLog [DiscoveryClient-CacheRefreshExecutor-0] Accept=[application/json, application/*+json]
2025-04-17 21:43:49,359 DEBUG o.s.c.l.CompositeLog [DiscoveryClient-CacheRefreshExecutor-0] Response 200 OK
2025-04-17 21:43:49,359 DEBUG o.s.c.l.CompositeLog [DiscoveryClient-CacheRefreshExecutor-0] Reading to [org.springframework.cloud.netflix.eureka.http.EurekaApplications]
2025-04-17 21:44:19,247 DEBUG o.s.c.l.CompositeLog [DiscoveryClient-HeartbeatExecutor-0] HTTP PUT http://localhost:8761/eureka/apps/USER-MANAGEMENT/192.168.1.4:user-management:8888?status=UP&lastDirtyTimestamp=1744897969423
2025-04-17 21:44:19,247 DEBUG o.s.c.l.CompositeLog [DiscoveryClient-HeartbeatExecutor-0] Accept=[application/json, application/*+json]
2025-04-17 21:44:19,263 DEBUG o.s.c.l.CompositeLog [DiscoveryClient-HeartbeatExecutor-0] Response 200 OK
2025-04-17 21:44:19,369 DEBUG o.s.c.l.CompositeLog [DiscoveryClient-CacheRefreshExecutor-0] HTTP GET http://localhost:8761/eureka/apps/delta
2025-04-17 21:44:19,369 DEBUG o.s.c.l.CompositeLog [DiscoveryClient-CacheRefreshExecutor-0] Accept=[application/json, application/*+json]
2025-04-17 21:44:19,386 DEBUG o.s.c.l.CompositeLog [DiscoveryClient-CacheRefreshExecutor-0] Response 200 OK
2025-04-17 21:44:19,386 DEBUG o.s.c.l.CompositeLog [DiscoveryClient-CacheRefreshExecutor-0] Reading to [org.springframework.cloud.netflix.eureka.http.EurekaApplications]
2025-04-17 21:44:49,274 DEBUG o.s.c.l.CompositeLog [DiscoveryClient-HeartbeatExecutor-0] HTTP PUT http://localhost:8761/eureka/apps/USER-MANAGEMENT/192.168.1.4:user-management:8888?status=UP&lastDirtyTimestamp=1744897969423
2025-04-17 21:44:49,275 DEBUG o.s.c.l.CompositeLog [DiscoveryClient-HeartbeatExecutor-0] Accept=[application/json, application/*+json]
2025-04-17 21:44:49,293 DEBUG o.s.c.l.CompositeLog [DiscoveryClient-HeartbeatExecutor-0] Response 200 OK
2025-04-17 21:44:49,399 DEBUG o.s.c.l.CompositeLog [DiscoveryClient-CacheRefreshExecutor-0] HTTP GET http://localhost:8761/eureka/apps/delta
2025-04-17 21:44:49,400 DEBUG o.s.c.l.CompositeLog [DiscoveryClient-CacheRefreshExecutor-0] Accept=[application/json, application/*+json]
2025-04-17 21:44:49,416 DEBUG o.s.c.l.CompositeLog [DiscoveryClient-CacheRefreshExecutor-0] Response 200 OK
2025-04-17 21:44:49,416 DEBUG o.s.c.l.CompositeLog [DiscoveryClient-CacheRefreshExecutor-0] Reading to [org.springframework.cloud.netflix.eureka.http.EurekaApplications]
2025-04-17 21:45:19,296 DEBUG o.s.c.l.CompositeLog [DiscoveryClient-HeartbeatExecutor-0] HTTP PUT http://localhost:8761/eureka/apps/USER-MANAGEMENT/192.168.1.4:user-management:8888?status=UP&lastDirtyTimestamp=1744897969423
2025-04-17 21:45:19,296 DEBUG o.s.c.l.CompositeLog [DiscoveryClient-HeartbeatExecutor-0] Accept=[application/json, application/*+json]
2025-04-17 21:45:19,312 DEBUG o.s.c.l.CompositeLog [DiscoveryClient-HeartbeatExecutor-0] Response 200 OK
2025-04-17 21:45:19,421 DEBUG o.s.c.l.CompositeLog [DiscoveryClient-CacheRefreshExecutor-0] HTTP GET http://localhost:8761/eureka/apps/delta
2025-04-17 21:45:19,422 DEBUG o.s.c.l.CompositeLog [DiscoveryClient-CacheRefreshExecutor-0] Accept=[application/json, application/*+json]
2025-04-17 21:45:19,437 DEBUG o.s.c.l.CompositeLog [DiscoveryClient-CacheRefreshExecutor-0] Response 200 OK
2025-04-17 21:45:19,437 DEBUG o.s.c.l.CompositeLog [DiscoveryClient-CacheRefreshExecutor-0] Reading to [org.springframework.cloud.netflix.eureka.http.EurekaApplications]
2025-04-17 21:45:49,316 DEBUG o.s.c.l.CompositeLog [DiscoveryClient-HeartbeatExecutor-0] HTTP PUT http://localhost:8761/eureka/apps/USER-MANAGEMENT/192.168.1.4:user-management:8888?status=UP&lastDirtyTimestamp=1744897969423
2025-04-17 21:45:49,316 DEBUG o.s.c.l.CompositeLog [DiscoveryClient-HeartbeatExecutor-0] Accept=[application/json, application/*+json]
2025-04-17 21:45:49,333 DEBUG o.s.c.l.CompositeLog [DiscoveryClient-HeartbeatExecutor-0] Response 200 OK
2025-04-17 21:45:49,440 DEBUG o.s.c.l.CompositeLog [DiscoveryClient-CacheRefreshExecutor-0] HTTP GET http://localhost:8761/eureka/apps/delta
2025-04-17 21:45:49,440 DEBUG o.s.c.l.CompositeLog [DiscoveryClient-CacheRefreshExecutor-0] Accept=[application/json, application/*+json]
2025-04-17 21:45:49,457 DEBUG o.s.c.l.CompositeLog [DiscoveryClient-CacheRefreshExecutor-0] Response 200 OK
2025-04-17 21:45:49,457 DEBUG o.s.c.l.CompositeLog [DiscoveryClient-CacheRefreshExecutor-0] Reading to [org.springframework.cloud.netflix.eureka.http.EurekaApplications]
2025-04-17 21:46:19,344 DEBUG o.s.c.l.CompositeLog [DiscoveryClient-HeartbeatExecutor-0] HTTP PUT http://localhost:8761/eureka/apps/USER-MANAGEMENT/192.168.1.4:user-management:8888?status=UP&lastDirtyTimestamp=1744897969423
2025-04-17 21:46:19,345 DEBUG o.s.c.l.CompositeLog [DiscoveryClient-HeartbeatExecutor-0] Accept=[application/json, application/*+json]
2025-04-17 21:46:19,361 DEBUG o.s.c.l.CompositeLog [DiscoveryClient-HeartbeatExecutor-0] Response 200 OK
2025-04-17 21:46:19,475 DEBUG o.s.c.l.CompositeLog [DiscoveryClient-CacheRefreshExecutor-0] HTTP GET http://localhost:8761/eureka/apps/delta
2025-04-17 21:46:19,481 DEBUG o.s.c.l.CompositeLog [DiscoveryClient-CacheRefreshExecutor-0] Accept=[application/json, application/*+json]
2025-04-17 21:46:19,485 DEBUG o.s.c.l.CompositeLog [DiscoveryClient-CacheRefreshExecutor-0] Response 200 OK
2025-04-17 21:46:19,485 DEBUG o.s.c.l.CompositeLog [DiscoveryClient-CacheRefreshExecutor-0] Reading to [org.springframework.cloud.netflix.eureka.http.EurekaApplications]
2025-04-17 21:46:32,182 INFO c.n.d.s.r.a.ConfigClusterResolver [AsyncResolver-bootstrap-executor-0] Resolving eureka endpoints via configuration
2025-04-17 21:46:49,368 DEBUG o.s.c.l.CompositeLog [DiscoveryClient-HeartbeatExecutor-0] HTTP PUT http://localhost:8761/eureka/apps/USER-MANAGEMENT/192.168.1.4:user-management:8888?status=UP&lastDirtyTimestamp=1744897969423
2025-04-17 21:46:49,368 DEBUG o.s.c.l.CompositeLog [DiscoveryClient-HeartbeatExecutor-0] Accept=[application/json, application/*+json]
2025-04-17 21:46:49,385 DEBUG o.s.c.l.CompositeLog [DiscoveryClient-HeartbeatExecutor-0] Response 200 OK
2025-04-17 21:46:49,490 DEBUG o.s.c.l.CompositeLog [DiscoveryClient-CacheRefreshExecutor-0] HTTP GET http://localhost:8761/eureka/apps/delta
2025-04-17 21:46:49,490 DEBUG o.s.c.l.CompositeLog [DiscoveryClient-CacheRefreshExecutor-0] Accept=[application/json, application/*+json]
2025-04-17 21:46:49,507 DEBUG o.s.c.l.CompositeLog [DiscoveryClient-CacheRefreshExecutor-0] Response 200 OK
2025-04-17 21:46:49,507 DEBUG o.s.c.l.CompositeLog [DiscoveryClient-CacheRefreshExecutor-0] Reading to [org.springframework.cloud.netflix.eureka.http.EurekaApplications]
2025-04-17 21:47:19,400 DEBUG o.s.c.l.CompositeLog [DiscoveryClient-HeartbeatExecutor-0] HTTP PUT http://localhost:8761/eureka/apps/USER-MANAGEMENT/192.168.1.4:user-management:8888?status=UP&lastDirtyTimestamp=1744897969423
2025-04-17 21:47:19,400 DEBUG o.s.c.l.CompositeLog [DiscoveryClient-HeartbeatExecutor-0] Accept=[application/json, application/*+json]
2025-04-17 21:47:19,416 DEBUG o.s.c.l.CompositeLog [DiscoveryClient-HeartbeatExecutor-0] Response 200 OK
2025-04-17 21:47:19,522 DEBUG o.s.c.l.CompositeLog [DiscoveryClient-CacheRefreshExecutor-0] HTTP GET http://localhost:8761/eureka/apps/delta
2025-04-17 21:47:19,522 DEBUG o.s.c.l.CompositeLog [DiscoveryClient-CacheRefreshExecutor-0] Accept=[application/json, application/*+json]
2025-04-17 21:47:19,539 DEBUG o.s.c.l.CompositeLog [DiscoveryClient-CacheRefreshExecutor-0] Response 200 OK
2025-04-17 21:47:19,539 DEBUG o.s.c.l.CompositeLog [DiscoveryClient-CacheRefreshExecutor-0] Reading to [org.springframework.cloud.netflix.eureka.http.EurekaApplications]
2025-04-17 21:47:49,419 DEBUG o.s.c.l.CompositeLog [DiscoveryClient-HeartbeatExecutor-0] HTTP PUT http://localhost:8761/eureka/apps/USER-MANAGEMENT/192.168.1.4:user-management:8888?status=UP&lastDirtyTimestamp=1744897969423
2025-04-17 21:47:49,420 DEBUG o.s.c.l.CompositeLog [DiscoveryClient-HeartbeatExecutor-0] Accept=[application/json, application/*+json]
2025-04-17 21:47:49,436 DEBUG o.s.c.l.CompositeLog [DiscoveryClient-HeartbeatExecutor-0] Response 200 OK
2025-04-17 21:47:49,543 DEBUG o.s.c.l.CompositeLog [DiscoveryClient-CacheRefreshExecutor-0] HTTP GET http://localhost:8761/eureka/apps/delta
2025-04-17 21:47:49,544 DEBUG o.s.c.l.CompositeLog [DiscoveryClient-CacheRefreshExecutor-0] Accept=[application/json, application/*+json]
2025-04-17 21:47:49,560 DEBUG o.s.c.l.CompositeLog [DiscoveryClient-CacheRefreshExecutor-0] Response 200 OK
2025-04-17 21:47:49,561 DEBUG o.s.c.l.CompositeLog [DiscoveryClient-CacheRefreshExecutor-0] Reading to [org.springframework.cloud.netflix.eureka.http.EurekaApplications]
2025-04-17 21:48:19,450 DEBUG o.s.c.l.CompositeLog [DiscoveryClient-HeartbeatExecutor-0] HTTP PUT http://localhost:8761/eureka/apps/USER-MANAGEMENT/192.168.1.4:user-management:8888?status=UP&lastDirtyTimestamp=1744897969423
2025-04-17 21:48:19,451 DEBUG o.s.c.l.CompositeLog [DiscoveryClient-HeartbeatExecutor-0] Accept=[application/json, application/*+json]
2025-04-17 21:48:19,467 DEBUG o.s.c.l.CompositeLog [DiscoveryClient-HeartbeatExecutor-0] Response 200 OK
2025-04-17 21:48:19,595 DEBUG o.s.c.l.CompositeLog [DiscoveryClient-CacheRefreshExecutor-0] HTTP GET http://localhost:8761/eureka/apps/delta
2025-04-17 21:48:19,595 DEBUG o.s.c.l.CompositeLog [DiscoveryClient-CacheRefreshExecutor-0] Accept=[application/json, application/*+json]
2025-04-17 21:48:19,603 DEBUG o.s.c.l.CompositeLog [DiscoveryClient-CacheRefreshExecutor-0] Response 200 OK
2025-04-17 21:48:19,603 DEBUG o.s.c.l.CompositeLog [DiscoveryClient-CacheRefreshExecutor-0] Reading to [org.springframework.cloud.netflix.eureka.http.EurekaApplications]
2025-04-17 21:48:49,475 DEBUG o.s.c.l.CompositeLog [DiscoveryClient-HeartbeatExecutor-0] HTTP PUT http://localhost:8761/eureka/apps/USER-MANAGEMENT/192.168.1.4:user-management:8888?status=UP&lastDirtyTimestamp=1744897969423
2025-04-17 21:48:49,476 DEBUG o.s.c.l.CompositeLog [DiscoveryClient-HeartbeatExecutor-0] Accept=[application/json, application/*+json]
2025-04-17 21:48:49,492 DEBUG o.s.c.l.CompositeLog [DiscoveryClient-HeartbeatExecutor-0] Response 200 OK
2025-04-17 21:48:49,616 DEBUG o.s.c.l.CompositeLog [DiscoveryClient-CacheRefreshExecutor-0] HTTP GET http://localhost:8761/eureka/apps/delta
2025-04-17 21:48:49,616 DEBUG o.s.c.l.CompositeLog [DiscoveryClient-CacheRefreshExecutor-0] Accept=[application/json, application/*+json]
2025-04-17 21:48:49,632 DEBUG o.s.c.l.CompositeLog [DiscoveryClient-CacheRefreshExecutor-0] Response 200 OK
2025-04-17 21:48:49,632 DEBUG o.s.c.l.CompositeLog [DiscoveryClient-CacheRefreshExecutor-0] Reading to [org.springframework.cloud.netflix.eureka.http.EurekaApplications]
2025-04-17 21:49:19,495 DEBUG o.s.c.l.CompositeLog [DiscoveryClient-HeartbeatExecutor-0] HTTP PUT http://localhost:8761/eureka/apps/USER-MANAGEMENT/192.168.1.4:user-management:8888?status=UP&lastDirtyTimestamp=1744897969423
2025-04-17 21:49:19,495 DEBUG o.s.c.l.CompositeLog [DiscoveryClient-HeartbeatExecutor-0] Accept=[application/json, application/*+json]
2025-04-17 21:49:19,512 DEBUG o.s.c.l.CompositeLog [DiscoveryClient-HeartbeatExecutor-0] Response 200 OK
2025-04-17 21:49:19,635 DEBUG o.s.c.l.CompositeLog [DiscoveryClient-CacheRefreshExecutor-0] HTTP GET http://localhost:8761/eureka/apps/delta
2025-04-17 21:49:19,636 DEBUG o.s.c.l.CompositeLog [DiscoveryClient-CacheRefreshExecutor-0] Accept=[application/json, application/*+json]
2025-04-17 21:49:19,651 DEBUG o.s.c.l.CompositeLog [DiscoveryClient-CacheRefreshExecutor-0] Response 200 OK
2025-04-17 21:49:19,651 DEBUG o.s.c.l.CompositeLog [DiscoveryClient-CacheRefreshExecutor-0] Reading to [org.springframework.cloud.netflix.eureka.http.EurekaApplications]
2025-04-17 21:49:49,514 DEBUG o.s.c.l.CompositeLog [DiscoveryClient-HeartbeatExecutor-0] HTTP PUT http://localhost:8761/eureka/apps/USER-MANAGEMENT/192.168.1.4:user-management:8888?status=UP&lastDirtyTimestamp=1744897969423
2025-04-17 21:49:49,514 DEBUG o.s.c.l.CompositeLog [DiscoveryClient-HeartbeatExecutor-0] Accept=[application/json, application/*+json]
2025-04-17 21:49:49,530 DEBUG o.s.c.l.CompositeLog [DiscoveryClient-HeartbeatExecutor-0] Response 200 OK
2025-04-17 21:49:49,652 DEBUG o.s.c.l.CompositeLog [DiscoveryClient-CacheRefreshExecutor-0] HTTP GET http://localhost:8761/eureka/apps/delta
2025-04-17 21:49:49,652 DEBUG o.s.c.l.CompositeLog [DiscoveryClient-CacheRefreshExecutor-0] Accept=[application/json, application/*+json]
2025-04-17 21:49:49,669 DEBUG o.s.c.l.CompositeLog [DiscoveryClient-CacheRefreshExecutor-0] Response 200 OK
2025-04-17 21:49:49,670 DEBUG o.s.c.l.CompositeLog [DiscoveryClient-CacheRefreshExecutor-0] Reading to [org.springframework.cloud.netflix.eureka.http.EurekaApplications]
2025-04-17 21:50:19,538 DEBUG o.s.c.l.CompositeLog [DiscoveryClient-HeartbeatExecutor-0] HTTP PUT http://localhost:8761/eureka/apps/USER-MANAGEMENT/192.168.1.4:user-management:8888?status=UP&lastDirtyTimestamp=1744897969423
2025-04-17 21:50:19,538 DEBUG o.s.c.l.CompositeLog [DiscoveryClient-HeartbeatExecutor-0] Accept=[application/json, application/*+json]
2025-04-17 21:50:19,554 DEBUG o.s.c.l.CompositeLog [DiscoveryClient-HeartbeatExecutor-0] Response 200 OK
2025-04-17 21:50:19,678 DEBUG o.s.c.l.CompositeLog [DiscoveryClient-CacheRefreshExecutor-0] HTTP GET http://localhost:8761/eureka/apps/delta
2025-04-17 21:50:19,678 DEBUG o.s.c.l.CompositeLog [DiscoveryClient-CacheRefreshExecutor-0] Accept=[application/json, application/*+json]
2025-04-17 21:50:19,694 DEBUG o.s.c.l.CompositeLog [DiscoveryClient-CacheRefreshExecutor-0] Response 200 OK
2025-04-17 21:50:19,695 DEBUG o.s.c.l.CompositeLog [DiscoveryClient-CacheRefreshExecutor-0] Reading to [org.springframework.cloud.netflix.eureka.http.EurekaApplications]
2025-04-17 21:50:49,568 DEBUG o.s.c.l.CompositeLog [DiscoveryClient-HeartbeatExecutor-0] HTTP PUT http://localhost:8761/eureka/apps/USER-MANAGEMENT/192.168.1.4:user-management:8888?status=UP&lastDirtyTimestamp=1744897969423
2025-04-17 21:50:49,568 DEBUG o.s.c.l.CompositeLog [DiscoveryClient-HeartbeatExecutor-0] Accept=[application/json, application/*+json]
2025-04-17 21:50:49,585 DEBUG o.s.c.l.CompositeLog [DiscoveryClient-HeartbeatExecutor-0] Response 200 OK
2025-04-17 21:50:49,707 DEBUG o.s.c.l.CompositeLog [DiscoveryClient-CacheRefreshExecutor-0] HTTP GET http://localhost:8761/eureka/apps/delta
2025-04-17 21:50:49,707 DEBUG o.s.c.l.CompositeLog [DiscoveryClient-CacheRefreshExecutor-0] Accept=[application/json, application/*+json]
2025-04-17 21:50:49,723 DEBUG o.s.c.l.CompositeLog [DiscoveryClient-CacheRefreshExecutor-0] Response 200 OK
2025-04-17 21:50:49,725 DEBUG o.s.c.l.CompositeLog [DiscoveryClient-CacheRefreshExecutor-0] Reading to [org.springframework.cloud.netflix.eureka.http.EurekaApplications]
2025-04-17 21:51:19,593 DEBUG o.s.c.l.CompositeLog [DiscoveryClient-HeartbeatExecutor-0] HTTP PUT http://localhost:8761/eureka/apps/USER-MANAGEMENT/192.168.1.4:user-management:8888?status=UP&lastDirtyTimestamp=1744897969423
2025-04-17 21:51:19,593 DEBUG o.s.c.l.CompositeLog [DiscoveryClient-HeartbeatExecutor-0] Accept=[application/json, application/*+json]
2025-04-17 21:51:19,609 DEBUG o.s.c.l.CompositeLog [DiscoveryClient-HeartbeatExecutor-0] Response 200 OK
2025-04-17 21:51:19,732 DEBUG o.s.c.l.CompositeLog [DiscoveryClient-CacheRefreshExecutor-0] HTTP GET http://localhost:8761/eureka/apps/delta
2025-04-17 21:51:19,732 DEBUG o.s.c.l.CompositeLog [DiscoveryClient-CacheRefreshExecutor-0] Accept=[application/json, application/*+json]
2025-04-17 21:51:19,748 DEBUG o.s.c.l.CompositeLog [DiscoveryClient-CacheRefreshExecutor-0] Response 200 OK
2025-04-17 21:51:19,748 DEBUG o.s.c.l.CompositeLog [DiscoveryClient-CacheRefreshExecutor-0] Reading to [org.springframework.cloud.netflix.eureka.http.EurekaApplications]
2025-04-17 21:51:32,190 INFO c.n.d.s.r.a.ConfigClusterResolver [AsyncResolver-bootstrap-executor-0] Resolving eureka endpoints via configuration
2025-04-17 21:51:49,622 DEBUG o.s.c.l.CompositeLog [DiscoveryClient-HeartbeatExecutor-0] HTTP PUT http://localhost:8761/eureka/apps/USER-MANAGEMENT/192.168.1.4:user-management:8888?status=UP&lastDirtyTimestamp=1744897969423
2025-04-17 21:51:49,622 DEBUG o.s.c.l.CompositeLog [DiscoveryClient-HeartbeatExecutor-0] Accept=[application/json, application/*+json]
2025-04-17 21:51:49,639 DEBUG o.s.c.l.CompositeLog [DiscoveryClient-HeartbeatExecutor-0] Response 200 OK
2025-04-17 21:51:49,762 DEBUG o.s.c.l.CompositeLog [DiscoveryClient-CacheRefreshExecutor-0] HTTP GET http://localhost:8761/eureka/apps/delta
2025-04-17 21:51:49,762 DEBUG o.s.c.l.CompositeLog [DiscoveryClient-CacheRefreshExecutor-0] Accept=[application/json, application/*+json]
2025-04-17 21:51:49,779 DEBUG o.s.c.l.CompositeLog [DiscoveryClient-CacheRefreshExecutor-0] Response 200 OK
2025-04-17 21:51:49,779 DEBUG o.s.c.l.CompositeLog [DiscoveryClient-CacheRefreshExecutor-0] Reading to [org.springframework.cloud.netflix.eureka.http.EurekaApplications]
2025-04-17 21:52:19,654 DEBUG o.s.c.l.CompositeLog [DiscoveryClient-HeartbeatExecutor-0] HTTP PUT http://localhost:8761/eureka/apps/USER-MANAGEMENT/192.168.1.4:user-management:8888?status=UP&lastDirtyTimestamp=1744897969423
2025-04-17 21:52:19,654 DEBUG o.s.c.l.CompositeLog [DiscoveryClient-HeartbeatExecutor-0] Accept=[application/json, application/*+json]
2025-04-17 21:52:19,671 DEBUG o.s.c.l.CompositeLog [DiscoveryClient-HeartbeatExecutor-0] Response 200 OK
2025-04-17 21:52:19,793 DEBUG o.s.c.l.CompositeLog [DiscoveryClient-CacheRefreshExecutor-0] HTTP GET http://localhost:8761/eureka/apps/delta
2025-04-17 21:52:19,793 DEBUG o.s.c.l.CompositeLog [DiscoveryClient-CacheRefreshExecutor-0] Accept=[application/json, application/*+json]
2025-04-17 21:52:19,810 DEBUG o.s.c.l.CompositeLog [DiscoveryClient-CacheRefreshExecutor-0] Response 200 OK
2025-04-17 21:52:19,810 DEBUG o.s.c.l.CompositeLog [DiscoveryClient-CacheRefreshExecutor-0] Reading to [org.springframework.cloud.netflix.eureka.http.EurekaApplications]
2025-04-17 21:52:49,684 DEBUG o.s.c.l.CompositeLog [DiscoveryClient-HeartbeatExecutor-0] HTTP PUT http://localhost:8761/eureka/apps/USER-MANAGEMENT/192.168.1.4:user-management:8888?status=UP&lastDirtyTimestamp=1744897969423
2025-04-17 21:52:49,685 DEBUG o.s.c.l.CompositeLog [DiscoveryClient-HeartbeatExecutor-0] Accept=[application/json, application/*+json]
2025-04-17 21:52:49,701 DEBUG o.s.c.l.CompositeLog [DiscoveryClient-HeartbeatExecutor-0] Response 200 OK
2025-04-17 21:52:49,825 DEBUG o.s.c.l.CompositeLog [DiscoveryClient-CacheRefreshExecutor-0] HTTP GET http://localhost:8761/eureka/apps/delta
2025-04-17 21:52:49,825 DEBUG o.s.c.l.CompositeLog [DiscoveryClient-CacheRefreshExecutor-0] Accept=[application/json, application/*+json]
2025-04-17 21:52:49,841 DEBUG o.s.c.l.CompositeLog [DiscoveryClient-CacheRefreshExecutor-0] Response 200 OK
2025-04-17 21:52:49,841 DEBUG o.s.c.l.CompositeLog [DiscoveryClient-CacheRefreshExecutor-0] Reading to [org.springframework.cloud.netflix.eureka.http.EurekaApplications]
2025-04-17 21:53:19,717 DEBUG o.s.c.l.CompositeLog [DiscoveryClient-HeartbeatExecutor-0] HTTP PUT http://localhost:8761/eureka/apps/USER-MANAGEMENT/192.168.1.4:user-management:8888?status=UP&lastDirtyTimestamp=1744897969423
2025-04-17 21:53:19,718 DEBUG o.s.c.l.CompositeLog [DiscoveryClient-HeartbeatExecutor-0] Accept=[application/json, application/*+json]
2025-04-17 21:53:19,736 DEBUG o.s.c.l.CompositeLog [DiscoveryClient-HeartbeatExecutor-0] Response 200 OK
2025-04-17 21:53:19,855 DEBUG o.s.c.l.CompositeLog [DiscoveryClient-CacheRefreshExecutor-0] HTTP GET http://localhost:8761/eureka/apps/delta
2025-04-17 21:53:19,855 DEBUG o.s.c.l.CompositeLog [DiscoveryClient-CacheRefreshExecutor-0] Accept=[application/json, application/*+json]
2025-04-17 21:53:19,872 DEBUG o.s.c.l.CompositeLog [DiscoveryClient-CacheRefreshExecutor-0] Response 200 OK
2025-04-17 21:53:19,872 DEBUG o.s.c.l.CompositeLog [DiscoveryClient-CacheRefreshExecutor-0] Reading to [org.springframework.cloud.netflix.eureka.http.EurekaApplications]
2025-04-17 21:53:49,738 DEBUG o.s.c.l.CompositeLog [DiscoveryClient-HeartbeatExecutor-0] HTTP PUT http://localhost:8761/eureka/apps/USER-MANAGEMENT/192.168.1.4:user-management:8888?status=UP&lastDirtyTimestamp=1744897969423
2025-04-17 21:53:49,738 DEBUG o.s.c.l.CompositeLog [DiscoveryClient-HeartbeatExecutor-0] Accept=[application/json, application/*+json]
2025-04-17 21:53:49,754 DEBUG o.s.c.l.CompositeLog [DiscoveryClient-HeartbeatExecutor-0] Response 200 OK
2025-04-17 21:53:49,876 DEBUG o.s.c.l.CompositeLog [DiscoveryClient-CacheRefreshExecutor-0] HTTP GET http://localhost:8761/eureka/apps/delta
2025-04-17 21:53:49,876 DEBUG o.s.c.l.CompositeLog [DiscoveryClient-CacheRefreshExecutor-0] Accept=[application/json, application/*+json]
2025-04-17 21:53:49,892 DEBUG o.s.c.l.CompositeLog [DiscoveryClient-CacheRefreshExecutor-0] Response 200 OK
2025-04-17 21:53:49,892 DEBUG o.s.c.l.CompositeLog [DiscoveryClient-CacheRefreshExecutor-0] Reading to [org.springframework.cloud.netflix.eureka.http.EurekaApplications]
2025-04-17 21:54:19,763 DEBUG o.s.c.l.CompositeLog [DiscoveryClient-HeartbeatExecutor-0] HTTP PUT http://localhost:8761/eureka/apps/USER-MANAGEMENT/192.168.1.4:user-management:8888?status=UP&lastDirtyTimestamp=1744897969423
2025-04-17 21:54:19,763 DEBUG o.s.c.l.CompositeLog [DiscoveryClient-HeartbeatExecutor-0] Accept=[application/json, application/*+json]
2025-04-17 21:54:19,780 DEBUG o.s.c.l.CompositeLog [DiscoveryClient-HeartbeatExecutor-0] Response 200 OK
2025-04-17 21:54:19,900 DEBUG o.s.c.l.CompositeLog [DiscoveryClient-CacheRefreshExecutor-0] HTTP GET http://localhost:8761/eureka/apps/delta
2025-04-17 21:54:19,900 DEBUG o.s.c.l.CompositeLog [DiscoveryClient-CacheRefreshExecutor-0] Accept=[application/json, application/*+json]
2025-04-17 21:54:19,916 DEBUG o.s.c.l.CompositeLog [DiscoveryClient-CacheRefreshExecutor-0] Response 200 OK
2025-04-17 21:54:19,916 DEBUG o.s.c.l.CompositeLog [DiscoveryClient-CacheRefreshExecutor-0] Reading to [org.springframework.cloud.netflix.eureka.http.EurekaApplications]
2025-04-17 21:54:49,799 DEBUG o.s.c.l.CompositeLog [DiscoveryClient-HeartbeatExecutor-0] HTTP PUT http://localhost:8761/eureka/apps/USER-MANAGEMENT/192.168.1.4:user-management:8888?status=UP&lastDirtyTimestamp=1744897969423
2025-04-17 21:54:49,799 DEBUG o.s.c.l.CompositeLog [DiscoveryClient-HeartbeatExecutor-0] Accept=[application/json, application/*+json]
2025-04-17 21:54:49,807 DEBUG o.s.c.l.CompositeLog [DiscoveryClient-HeartbeatExecutor-0] Response 200 OK
2025-04-17 21:54:49,929 DEBUG o.s.c.l.CompositeLog [DiscoveryClient-CacheRefreshExecutor-0] HTTP GET http://localhost:8761/eureka/apps/delta
2025-04-17 21:54:49,930 DEBUG o.s.c.l.CompositeLog [DiscoveryClient-CacheRefreshExecutor-0] Accept=[application/json, application/*+json]
2025-04-17 21:54:49,952 DEBUG o.s.c.l.CompositeLog [DiscoveryClient-CacheRefreshExecutor-0] Response 200 OK
2025-04-17 21:54:49,952 DEBUG o.s.c.l.CompositeLog [DiscoveryClient-CacheRefreshExecutor-0] Reading to [org.springframework.cloud.netflix.eureka.http.EurekaApplications]
2025-04-17 21:55:19,813 DEBUG o.s.c.l.CompositeLog [DiscoveryClient-HeartbeatExecutor-0] HTTP PUT http://localhost:8761/eureka/apps/USER-MANAGEMENT/192.168.1.4:user-management:8888?status=UP&lastDirtyTimestamp=1744897969423
2025-04-17 21:55:19,813 DEBUG o.s.c.l.CompositeLog [DiscoveryClient-HeartbeatExecutor-0] Accept=[application/json, application/*+json]
2025-04-17 21:55:19,830 DEBUG o.s.c.l.CompositeLog [DiscoveryClient-HeartbeatExecutor-0] Response 200 OK
2025-04-17 21:55:19,967 DEBUG o.s.c.l.CompositeLog [DiscoveryClient-CacheRefreshExecutor-0] HTTP GET http://localhost:8761/eureka/apps/delta
2025-04-17 21:55:19,968 DEBUG o.s.c.l.CompositeLog [DiscoveryClient-CacheRefreshExecutor-0] Accept=[application/json, application/*+json]
2025-04-17 21:55:19,984 DEBUG o.s.c.l.CompositeLog [DiscoveryClient-CacheRefreshExecutor-0] Response 200 OK
2025-04-17 21:55:19,984 DEBUG o.s.c.l.CompositeLog [DiscoveryClient-CacheRefreshExecutor-0] Reading to [org.springframework.cloud.netflix.eureka.http.EurekaApplications]
2025-04-17 21:55:49,832 DEBUG o.s.c.l.CompositeLog [DiscoveryClient-HeartbeatExecutor-0] HTTP PUT http://localhost:8761/eureka/apps/USER-MANAGEMENT/192.168.1.4:user-management:8888?status=UP&lastDirtyTimestamp=1744897969423
2025-04-17 21:55:49,832 DEBUG o.s.c.l.CompositeLog [DiscoveryClient-HeartbeatExecutor-0] Accept=[application/json, application/*+json]
2025-04-17 21:55:49,848 DEBUG o.s.c.l.CompositeLog [DiscoveryClient-HeartbeatExecutor-0] Response 200 OK
2025-04-17 21:55:49,987 DEBUG o.s.c.l.CompositeLog [DiscoveryClient-CacheRefreshExecutor-0] HTTP GET http://localhost:8761/eureka/apps/delta
2025-04-17 21:55:49,988 DEBUG o.s.c.l.CompositeLog [DiscoveryClient-CacheRefreshExecutor-0] Accept=[application/json, application/*+json]
2025-04-17 21:55:50,003 DEBUG o.s.c.l.CompositeLog [DiscoveryClient-CacheRefreshExecutor-0] Response 200 OK
2025-04-17 21:55:50,003 DEBUG o.s.c.l.CompositeLog [DiscoveryClient-CacheRefreshExecutor-0] Reading to [org.springframework.cloud.netflix.eureka.http.EurekaApplications]
2025-04-17 21:56:19,854 DEBUG o.s.c.l.CompositeLog [DiscoveryClient-HeartbeatExecutor-0] HTTP PUT http://localhost:8761/eureka/apps/USER-MANAGEMENT/192.168.1.4:user-management:8888?status=UP&lastDirtyTimestamp=1744897969423
2025-04-17 21:56:19,855 DEBUG o.s.c.l.CompositeLog [DiscoveryClient-HeartbeatExecutor-0] Accept=[application/json, application/*+json]
2025-04-17 21:56:19,871 DEBUG o.s.c.l.CompositeLog [DiscoveryClient-HeartbeatExecutor-0] Response 200 OK
2025-04-17 21:56:20,009 DEBUG o.s.c.l.CompositeLog [DiscoveryClient-CacheRefreshExecutor-0] HTTP GET http://localhost:8761/eureka/apps/delta
2025-04-17 21:56:20,010 DEBUG o.s.c.l.CompositeLog [DiscoveryClient-CacheRefreshExecutor-0] Accept=[application/json, application/*+json]
2025-04-17 21:56:20,026 DEBUG o.s.c.l.CompositeLog [DiscoveryClient-CacheRefreshExecutor-0] Response 200 OK
2025-04-17 21:56:20,026 DEBUG o.s.c.l.CompositeLog [DiscoveryClient-CacheRefreshExecutor-0] Reading to [org.springframework.cloud.netflix.eureka.http.EurekaApplications]
2025-04-17 21:56:32,200 INFO c.n.d.s.r.a.ConfigClusterResolver [AsyncResolver-bootstrap-executor-0] Resolving eureka endpoints via configuration
2025-04-17 21:56:49,873 DEBUG o.s.c.l.CompositeLog [DiscoveryClient-HeartbeatExecutor-0] HTTP PUT http://localhost:8761/eureka/apps/USER-MANAGEMENT/192.168.1.4:user-management:8888?status=UP&lastDirtyTimestamp=1744897969423
2025-04-17 21:56:49,873 DEBUG o.s.c.l.CompositeLog [DiscoveryClient-HeartbeatExecutor-0] Accept=[application/json, application/*+json]
2025-04-17 21:56:49,891 DEBUG o.s.c.l.CompositeLog [DiscoveryClient-HeartbeatExecutor-0] Response 200 OK
2025-04-17 21:56:50,028 DEBUG o.s.c.l.CompositeLog [DiscoveryClient-CacheRefreshExecutor-0] HTTP GET http://localhost:8761/eureka/apps/delta
2025-04-17 21:56:50,029 DEBUG o.s.c.l.CompositeLog [DiscoveryClient-CacheRefreshExecutor-0] Accept=[application/json, application/*+json]
2025-04-17 21:56:50,044 DEBUG o.s.c.l.CompositeLog [DiscoveryClient-CacheRefreshExecutor-0] Response 200 OK
2025-04-17 21:56:50,044 DEBUG o.s.c.l.CompositeLog [DiscoveryClient-CacheRefreshExecutor-0] Reading to [org.springframework.cloud.netflix.eureka.http.EurekaApplications]
2025-04-17 21:57:19,898 DEBUG o.s.c.l.CompositeLog [DiscoveryClient-HeartbeatExecutor-0] HTTP PUT http://localhost:8761/eureka/apps/USER-MANAGEMENT/192.168.1.4:user-management:8888?status=UP&lastDirtyTimestamp=1744897969423
2025-04-17 21:57:19,899 DEBUG o.s.c.l.CompositeLog [DiscoveryClient-HeartbeatExecutor-0] Accept=[application/json, application/*+json]
2025-04-17 21:57:19,916 DEBUG o.s.c.l.CompositeLog [DiscoveryClient-HeartbeatExecutor-0] Response 200 OK
2025-04-17 21:57:20,054 DEBUG o.s.c.l.CompositeLog [DiscoveryClient-CacheRefreshExecutor-0] HTTP GET http://localhost:8761/eureka/apps/delta
2025-04-17 21:57:20,054 DEBUG o.s.c.l.CompositeLog [DiscoveryClient-CacheRefreshExecutor-0] Accept=[application/json, application/*+json]
2025-04-17 21:57:20,070 DEBUG o.s.c.l.CompositeLog [DiscoveryClient-CacheRefreshExecutor-0] Response 200 OK
2025-04-17 21:57:20,070 DEBUG o.s.c.l.CompositeLog [DiscoveryClient-CacheRefreshExecutor-0] Reading to [org.springframework.cloud.netflix.eureka.http.EurekaApplications]
2025-04-17 21:57:49,932 DEBUG o.s.c.l.CompositeLog [DiscoveryClient-HeartbeatExecutor-0] HTTP PUT http://localhost:8761/eureka/apps/USER-MANAGEMENT/192.168.1.4:user-management:8888?status=UP&lastDirtyTimestamp=1744897969423
2025-04-17 21:57:49,932 DEBUG o.s.c.l.CompositeLog [DiscoveryClient-HeartbeatExecutor-0] Accept=[application/json, application/*+json]
2025-04-17 21:57:49,948 DEBUG o.s.c.l.CompositeLog [DiscoveryClient-HeartbeatExecutor-0] Response 200 OK
2025-04-17 21:57:50,086 DEBUG o.s.c.l.CompositeLog [DiscoveryClient-CacheRefreshExecutor-0] HTTP GET http://localhost:8761/eureka/apps/delta
2025-04-17 21:57:50,086 DEBUG o.s.c.l.CompositeLog [DiscoveryClient-CacheRefreshExecutor-0] Accept=[application/json, application/*+json]
2025-04-17 21:57:50,102 DEBUG o.s.c.l.CompositeLog [DiscoveryClient-CacheRefreshExecutor-0] Response 200 OK
2025-04-17 21:57:50,103 DEBUG o.s.c.l.CompositeLog [DiscoveryClient-CacheRefreshExecutor-0] Reading to [org.springframework.cloud.netflix.eureka.http.EurekaApplications]
2025-04-17 21:58:19,957 DEBUG o.s.c.l.CompositeLog [DiscoveryClient-HeartbeatExecutor-0] HTTP PUT http://localhost:8761/eureka/apps/USER-MANAGEMENT/192.168.1.4:user-management:8888?status=UP&lastDirtyTimestamp=1744897969423
2025-04-17 21:58:19,957 DEBUG o.s.c.l.CompositeLog [DiscoveryClient-HeartbeatExecutor-0] Accept=[application/json, application/*+json]
2025-04-17 21:58:19,973 DEBUG o.s.c.l.CompositeLog [DiscoveryClient-HeartbeatExecutor-0] Response 200 OK
2025-04-17 21:58:20,111 DEBUG o.s.c.l.CompositeLog [DiscoveryClient-CacheRefreshExecutor-0] HTTP GET http://localhost:8761/eureka/apps/delta
2025-04-17 21:58:20,112 DEBUG o.s.c.l.CompositeLog [DiscoveryClient-CacheRefreshExecutor-0] Accept=[application/json, application/*+json]
2025-04-17 21:58:20,128 DEBUG o.s.c.l.CompositeLog [DiscoveryClient-CacheRefreshExecutor-0] Response 200 OK
2025-04-17 21:58:20,128 DEBUG o.s.c.l.CompositeLog [DiscoveryClient-CacheRefreshExecutor-0] Reading to [org.springframework.cloud.netflix.eureka.http.EurekaApplications]
2025-04-17 21:58:49,987 DEBUG o.s.c.l.CompositeLog [DiscoveryClient-HeartbeatExecutor-0] HTTP PUT http://localhost:8761/eureka/apps/USER-MANAGEMENT/192.168.1.4:user-management:8888?status=UP&lastDirtyTimestamp=1744897969423
2025-04-17 21:58:49,987 DEBUG o.s.c.l.CompositeLog [DiscoveryClient-HeartbeatExecutor-0] Accept=[application/json, application/*+json]
2025-04-17 21:58:50,003 DEBUG o.s.c.l.CompositeLog [DiscoveryClient-HeartbeatExecutor-0] Response 200 OK
2025-04-17 21:58:50,143 DEBUG o.s.c.l.CompositeLog [DiscoveryClient-CacheRefreshExecutor-0] HTTP GET http://localhost:8761/eureka/apps/delta
2025-04-17 21:58:50,143 DEBUG o.s.c.l.CompositeLog [DiscoveryClient-CacheRefreshExecutor-0] Accept=[application/json, application/*+json]
2025-04-17 21:58:50,159 DEBUG o.s.c.l.CompositeLog [DiscoveryClient-CacheRefreshExecutor-0] Response 200 OK
2025-04-17 21:58:50,160 DEBUG o.s.c.l.CompositeLog [DiscoveryClient-CacheRefreshExecutor-0] Reading to [org.springframework.cloud.netflix.eureka.http.EurekaApplications]
2025-04-17 21:59:20,009 DEBUG o.s.c.l.CompositeLog [DiscoveryClient-HeartbeatExecutor-0] HTTP PUT http://localhost:8761/eureka/apps/USER-MANAGEMENT/192.168.1.4:user-management:8888?status=UP&lastDirtyTimestamp=1744897969423
2025-04-17 21:59:20,010 DEBUG o.s.c.l.CompositeLog [DiscoveryClient-HeartbeatExecutor-0] Accept=[application/json, application/*+json]
2025-04-17 21:59:20,026 DEBUG o.s.c.l.CompositeLog [DiscoveryClient-HeartbeatExecutor-0] Response 200 OK
2025-04-17 21:59:20,167 DEBUG o.s.c.l.CompositeLog [DiscoveryClient-CacheRefreshExecutor-0] HTTP GET http://localhost:8761/eureka/apps/delta
2025-04-17 21:59:20,167 DEBUG o.s.c.l.CompositeLog [DiscoveryClient-CacheRefreshExecutor-0] Accept=[application/json, application/*+json]
2025-04-17 21:59:20,182 DEBUG o.s.c.l.CompositeLog [DiscoveryClient-CacheRefreshExecutor-0] Response 200 OK
2025-04-17 21:59:20,182 DEBUG o.s.c.l.CompositeLog [DiscoveryClient-CacheRefreshExecutor-0] Reading to [org.springframework.cloud.netflix.eureka.http.EurekaApplications]
2025-04-17 21:59:50,041 DEBUG o.s.c.l.CompositeLog [DiscoveryClient-HeartbeatExecutor-0] HTTP PUT http://localhost:8761/eureka/apps/USER-MANAGEMENT/192.168.1.4:user-management:8888?status=UP&lastDirtyTimestamp=1744897969423
2025-04-17 21:59:50,042 DEBUG o.s.c.l.CompositeLog [DiscoveryClient-HeartbeatExecutor-0] Accept=[application/json, application/*+json]
2025-04-17 21:59:50,058 DEBUG o.s.c.l.CompositeLog [DiscoveryClient-HeartbeatExecutor-0] Response 200 OK
2025-04-17 21:59:50,197 DEBUG o.s.c.l.CompositeLog [DiscoveryClient-CacheRefreshExecutor-0] HTTP GET http://localhost:8761/eureka/apps/delta
2025-04-17 21:59:50,197 DEBUG o.s.c.l.CompositeLog [DiscoveryClient-CacheRefreshExecutor-0] Accept=[application/json, application/*+json]
2025-04-17 21:59:50,213 DEBUG o.s.c.l.CompositeLog [DiscoveryClient-CacheRefreshExecutor-0] Response 200 OK
2025-04-17 21:59:50,213 DEBUG o.s.c.l.CompositeLog [DiscoveryClient-CacheRefreshExecutor-0] Reading to [org.springframework.cloud.netflix.eureka.http.EurekaApplications]
2025-04-17 22:00:20,066 DEBUG o.s.c.l.CompositeLog [DiscoveryClient-HeartbeatExecutor-0] HTTP PUT http://localhost:8761/eureka/apps/USER-MANAGEMENT/192.168.1.4:user-management:8888?status=UP&lastDirtyTimestamp=1744897969423
2025-04-17 22:00:20,066 DEBUG o.s.c.l.CompositeLog [DiscoveryClient-HeartbeatExecutor-0] Accept=[application/json, application/*+json]
2025-04-17 22:00:20,083 DEBUG o.s.c.l.CompositeLog [DiscoveryClient-HeartbeatExecutor-0] Response 200 OK
2025-04-17 22:00:20,222 DEBUG o.s.c.l.CompositeLog [DiscoveryClient-CacheRefreshExecutor-0] HTTP GET http://localhost:8761/eureka/apps/delta
2025-04-17 22:00:20,224 DEBUG o.s.c.l.CompositeLog [DiscoveryClient-CacheRefreshExecutor-0] Accept=[application/json, application/*+json]
2025-04-17 22:00:20,239 DEBUG o.s.c.l.CompositeLog [DiscoveryClient-CacheRefreshExecutor-0] Response 200 OK
2025-04-17 22:00:20,239 DEBUG o.s.c.l.CompositeLog [DiscoveryClient-CacheRefreshExecutor-0] Reading to [org.springframework.cloud.netflix.eureka.http.EurekaApplications]
2025-04-17 22:00:50,096 DEBUG o.s.c.l.CompositeLog [DiscoveryClient-HeartbeatExecutor-0] HTTP PUT http://localhost:8761/eureka/apps/USER-MANAGEMENT/192.168.1.4:user-management:8888?status=UP&lastDirtyTimestamp=1744897969423
2025-04-17 22:00:50,096 DEBUG o.s.c.l.CompositeLog [DiscoveryClient-HeartbeatExecutor-0] Accept=[application/json, application/*+json]
2025-04-17 22:00:50,112 DEBUG o.s.c.l.CompositeLog [DiscoveryClient-HeartbeatExecutor-0] Response 200 OK
2025-04-17 22:00:50,251 DEBUG o.s.c.l.CompositeLog [DiscoveryClient-CacheRefreshExecutor-0] HTTP GET http://localhost:8761/eureka/apps/delta
2025-04-17 22:00:50,252 DEBUG o.s.c.l.CompositeLog [DiscoveryClient-CacheRefreshExecutor-0] Accept=[application/json, application/*+json]
2025-04-17 22:00:50,268 DEBUG o.s.c.l.CompositeLog [DiscoveryClient-CacheRefreshExecutor-0] Response 200 OK
2025-04-17 22:00:50,268 DEBUG o.s.c.l.CompositeLog [DiscoveryClient-CacheRefreshExecutor-0] Reading to [org.springframework.cloud.netflix.eureka.http.EurekaApplications]
2025-04-17 22:01:20,113 DEBUG o.s.c.l.CompositeLog [DiscoveryClient-HeartbeatExecutor-0] HTTP PUT http://localhost:8761/eureka/apps/USER-MANAGEMENT/192.168.1.4:user-management:8888?status=UP&lastDirtyTimestamp=1744897969423
2025-04-17 22:01:20,113 DEBUG o.s.c.l.CompositeLog [DiscoveryClient-HeartbeatExecutor-0] Accept=[application/json, application/*+json]
2025-04-17 22:01:20,129 DEBUG o.s.c.l.CompositeLog [DiscoveryClient-HeartbeatExecutor-0] Response 200 OK
2025-04-17 22:01:20,270 DEBUG o.s.c.l.CompositeLog [DiscoveryClient-CacheRefreshExecutor-0] HTTP GET http://localhost:8761/eureka/apps/delta
2025-04-17 22:01:20,270 DEBUG o.s.c.l.CompositeLog [DiscoveryClient-CacheRefreshExecutor-0] Accept=[application/json, application/*+json]
2025-04-17 22:01:20,286 DEBUG o.s.c.l.CompositeLog [DiscoveryClient-CacheRefreshExecutor-0] Response 200 OK
2025-04-17 22:01:20,286 DEBUG o.s.c.l.CompositeLog [DiscoveryClient-CacheRefreshExecutor-0] Reading to [org.springframework.cloud.netflix.eureka.http.EurekaApplications]
2025-04-17 22:01:32,201 INFO c.n.d.s.r.a.ConfigClusterResolver [AsyncResolver-bootstrap-executor-0] Resolving eureka endpoints via configuration
2025-04-17 22:01:50,144 DEBUG o.s.c.l.CompositeLog [DiscoveryClient-HeartbeatExecutor-0] HTTP PUT http://localhost:8761/eureka/apps/USER-MANAGEMENT/192.168.1.4:user-management:8888?status=UP&lastDirtyTimestamp=1744897969423
2025-04-17 22:01:50,144 DEBUG o.s.c.l.CompositeLog [DiscoveryClient-HeartbeatExecutor-0] Accept=[application/json, application/*+json]
2025-04-17 22:01:50,161 DEBUG o.s.c.l.CompositeLog [DiscoveryClient-HeartbeatExecutor-0] Response 200 OK
2025-04-17 22:01:50,301 DEBUG o.s.c.l.CompositeLog [DiscoveryClient-CacheRefreshExecutor-0] HTTP GET http://localhost:8761/eureka/apps/delta
2025-04-17 22:01:50,301 DEBUG o.s.c.l.CompositeLog [DiscoveryClient-CacheRefreshExecutor-0] Accept=[application/json, application/*+json]
2025-04-17 22:01:50,317 DEBUG o.s.c.l.CompositeLog [DiscoveryClient-CacheRefreshExecutor-0] Response 200 OK
2025-04-17 22:01:50,317 DEBUG o.s.c.l.CompositeLog [DiscoveryClient-CacheRefreshExecutor-0] Reading to [org.springframework.cloud.netflix.eureka.http.EurekaApplications]
2025-04-17 22:02:20,165 DEBUG o.s.c.l.CompositeLog [DiscoveryClient-HeartbeatExecutor-0] HTTP PUT http://localhost:8761/eureka/apps/USER-MANAGEMENT/192.168.1.4:user-management:8888?status=UP&lastDirtyTimestamp=1744897969423
2025-04-17 22:02:20,165 DEBUG o.s.c.l.CompositeLog [DiscoveryClient-HeartbeatExecutor-0] Accept=[application/json, application/*+json]
2025-04-17 22:02:20,181 DEBUG o.s.c.l.CompositeLog [DiscoveryClient-HeartbeatExecutor-0] Response 200 OK
2025-04-17 22:02:20,322 DEBUG o.s.c.l.CompositeLog [DiscoveryClient-CacheRefreshExecutor-0] HTTP GET http://localhost:8761/eureka/apps/delta
2025-04-17 22:02:20,322 DEBUG o.s.c.l.CompositeLog [DiscoveryClient-CacheRefreshExecutor-0] Accept=[application/json, application/*+json]
2025-04-17 22:02:20,338 DEBUG o.s.c.l.CompositeLog [DiscoveryClient-CacheRefreshExecutor-0] Response 200 OK
2025-04-17 22:02:20,338 DEBUG o.s.c.l.CompositeLog [DiscoveryClient-CacheRefreshExecutor-0] Reading to [org.springframework.cloud.netflix.eureka.http.EurekaApplications]
2025-04-17 22:02:50,191 DEBUG o.s.c.l.CompositeLog [DiscoveryClient-HeartbeatExecutor-0] HTTP PUT http://localhost:8761/eureka/apps/USER-MANAGEMENT/192.168.1.4:user-management:8888?status=UP&lastDirtyTimestamp=1744897969423
2025-04-17 22:02:50,191 DEBUG o.s.c.l.CompositeLog [DiscoveryClient-HeartbeatExecutor-0] Accept=[application/json, application/*+json]
2025-04-17 22:02:50,207 DEBUG o.s.c.l.CompositeLog [DiscoveryClient-HeartbeatExecutor-0] Response 200 OK
2025-04-17 22:02:50,344 DEBUG o.s.c.l.CompositeLog [DiscoveryClient-CacheRefreshExecutor-0] HTTP GET http://localhost:8761/eureka/apps/delta
2025-04-17 22:02:50,344 DEBUG o.s.c.l.CompositeLog [DiscoveryClient-CacheRefreshExecutor-0] Accept=[application/json, application/*+json]
2025-04-17 22:02:50,361 DEBUG o.s.c.l.CompositeLog [DiscoveryClient-CacheRefreshExecutor-0] Response 200 OK
2025-04-17 22:02:50,361 DEBUG o.s.c.l.CompositeLog [DiscoveryClient-CacheRefreshExecutor-0] Reading to [org.springframework.cloud.netflix.eureka.http.EurekaApplications]
2025-04-17 22:03:20,215 DEBUG o.s.c.l.CompositeLog [DiscoveryClient-HeartbeatExecutor-0] HTTP PUT http://localhost:8761/eureka/apps/USER-MANAGEMENT/192.168.1.4:user-management:8888?status=UP&lastDirtyTimestamp=1744897969423
2025-04-17 22:03:20,215 DEBUG o.s.c.l.CompositeLog [DiscoveryClient-HeartbeatExecutor-0] Accept=[application/json, application/*+json]
2025-04-17 22:03:20,233 DEBUG o.s.c.l.CompositeLog [DiscoveryClient-HeartbeatExecutor-0] Response 200 OK
2025-04-17 22:03:20,373 DEBUG o.s.c.l.CompositeLog [DiscoveryClient-CacheRefreshExecutor-0] HTTP GET http://localhost:8761/eureka/apps/delta
2025-04-17 22:03:20,373 DEBUG o.s.c.l.CompositeLog [DiscoveryClient-CacheRefreshExecutor-0] Accept=[application/json, application/*+json]
2025-04-17 22:03:20,390 DEBUG o.s.c.l.CompositeLog [DiscoveryClient-CacheRefreshExecutor-0] Response 200 OK
2025-04-17 22:03:20,390 DEBUG o.s.c.l.CompositeLog [DiscoveryClient-CacheRefreshExecutor-0] Reading to [org.springframework.cloud.netflix.eureka.http.EurekaApplications]
2025-04-17 22:03:50,235 DEBUG o.s.c.l.CompositeLog [DiscoveryClient-HeartbeatExecutor-0] HTTP PUT http://localhost:8761/eureka/apps/USER-MANAGEMENT/192.168.1.4:user-management:8888?status=UP&lastDirtyTimestamp=1744897969423
2025-04-17 22:03:50,235 DEBUG o.s.c.l.CompositeLog [DiscoveryClient-HeartbeatExecutor-0] Accept=[application/json, application/*+json]
2025-04-17 22:03:50,251 DEBUG o.s.c.l.CompositeLog [DiscoveryClient-HeartbeatExecutor-0] Response 200 OK
2025-04-17 22:03:50,405 DEBUG o.s.c.l.CompositeLog [DiscoveryClient-CacheRefreshExecutor-0] HTTP GET http://localhost:8761/eureka/apps/delta
2025-04-17 22:03:50,405 DEBUG o.s.c.l.CompositeLog [DiscoveryClient-CacheRefreshExecutor-0] Accept=[application/json, application/*+json]
2025-04-17 22:03:50,422 DEBUG o.s.c.l.CompositeLog [DiscoveryClient-CacheRefreshExecutor-0] Response 200 OK
2025-04-17 22:03:50,422 DEBUG o.s.c.l.CompositeLog [DiscoveryClient-CacheRefreshExecutor-0] Reading to [org.springframework.cloud.netflix.eureka.http.EurekaApplications]
2025-04-17 22:04:20,924 DEBUG o.s.c.l.CompositeLog [DiscoveryClient-CacheRefreshExecutor-0] HTTP GET http://localhost:8761/eureka/apps/delta
2025-04-17 22:04:20,924 DEBUG o.s.c.l.CompositeLog [DiscoveryClient-HeartbeatExecutor-0] HTTP PUT http://localhost:8761/eureka/apps/USER-MANAGEMENT/192.168.1.4:user-management:8888?status=UP&lastDirtyTimestamp=1744897969423
2025-04-17 22:04:20,924 DEBUG o.s.c.l.CompositeLog [DiscoveryClient-CacheRefreshExecutor-0] Accept=[application/json, application/*+json]
2025-04-17 22:04:20,924 DEBUG o.s.c.l.CompositeLog [DiscoveryClient-HeartbeatExecutor-0] Accept=[application/json, application/*+json]
2025-04-17 22:04:20,940 DEBUG o.s.c.l.CompositeLog [DiscoveryClient-HeartbeatExecutor-0] Response 200 OK
2025-04-17 22:04:20,940 DEBUG o.s.c.l.CompositeLog [DiscoveryClient-CacheRefreshExecutor-0] Response 200 OK
2025-04-17 22:04:20,940 DEBUG o.s.c.l.CompositeLog [DiscoveryClient-CacheRefreshExecutor-0] Reading to [org.springframework.cloud.netflix.eureka.http.EurekaApplications]
2025-04-17 22:04:50,944 DEBUG o.s.c.l.CompositeLog [DiscoveryClient-CacheRefreshExecutor-0] HTTP GET http://localhost:8761/eureka/apps/delta
2025-04-17 22:04:50,944 DEBUG o.s.c.l.CompositeLog [DiscoveryClient-HeartbeatExecutor-0] HTTP PUT http://localhost:8761/eureka/apps/USER-MANAGEMENT/192.168.1.4:user-management:8888?status=UP&lastDirtyTimestamp=1744897969423
2025-04-17 22:04:50,944 DEBUG o.s.c.l.CompositeLog [DiscoveryClient-HeartbeatExecutor-0] Accept=[application/json, application/*+json]
2025-04-17 22:04:50,944 DEBUG o.s.c.l.CompositeLog [DiscoveryClient-CacheRefreshExecutor-0] Accept=[application/json, application/*+json]
2025-04-17 22:04:50,961 DEBUG o.s.c.l.CompositeLog [DiscoveryClient-HeartbeatExecutor-0] Response 200 OK
2025-04-17 22:04:50,961 DEBUG o.s.c.l.CompositeLog [DiscoveryClient-CacheRefreshExecutor-0] Response 200 OK
2025-04-17 22:04:50,961 DEBUG o.s.c.l.CompositeLog [DiscoveryClient-CacheRefreshExecutor-0] Reading to [org.springframework.cloud.netflix.eureka.http.EurekaApplications]
2025-04-17 22:05:21,080 DEBUG o.s.c.l.CompositeLog [DiscoveryClient-CacheRefreshExecutor-0] HTTP GET http://localhost:8761/eureka/apps/delta
2025-04-17 22:05:21,080 DEBUG o.s.c.l.CompositeLog [DiscoveryClient-CacheRefreshExecutor-0] Accept=[application/json, application/*+json]
2025-04-17 22:05:21,084 DEBUG o.s.c.l.CompositeLog [DiscoveryClient-HeartbeatExecutor-0] HTTP PUT http://localhost:8761/eureka/apps/USER-MANAGEMENT/192.168.1.4:user-management:8888?status=UP&lastDirtyTimestamp=1744897969423
2025-04-17 22:05:21,088 DEBUG o.s.c.l.CompositeLog [DiscoveryClient-HeartbeatExecutor-0] Accept=[application/json, application/*+json]
2025-04-17 22:05:21,092 DEBUG o.s.c.l.CompositeLog [DiscoveryClient-HeartbeatExecutor-0] Response 200 OK
2025-04-17 22:05:21,096 DEBUG o.s.c.l.CompositeLog [DiscoveryClient-CacheRefreshExecutor-0] Response 200 OK
2025-04-17 22:05:21,096 DEBUG o.s.c.l.CompositeLog [DiscoveryClient-CacheRefreshExecutor-0] Reading to [org.springframework.cloud.netflix.eureka.http.EurekaApplications]
2025-04-17 22:05:51,105 DEBUG o.s.c.l.CompositeLog [DiscoveryClient-CacheRefreshExecutor-0] HTTP GET http://localhost:8761/eureka/apps/delta
2025-04-17 22:05:51,105 DEBUG o.s.c.l.CompositeLog [DiscoveryClient-HeartbeatExecutor-0] HTTP PUT http://localhost:8761/eureka/apps/USER-MANAGEMENT/192.168.1.4:user-management:8888?status=UP&lastDirtyTimestamp=1744897969423
2025-04-17 22:05:51,105 DEBUG o.s.c.l.CompositeLog [DiscoveryClient-CacheRefreshExecutor-0] Accept=[application/json, application/*+json]
2025-04-17 22:05:51,105 DEBUG o.s.c.l.CompositeLog [DiscoveryClient-HeartbeatExecutor-0] Accept=[application/json, application/*+json]
2025-04-17 22:05:51,122 DEBUG o.s.c.l.CompositeLog [DiscoveryClient-CacheRefreshExecutor-0] Response 200 OK
2025-04-17 22:05:51,122 DEBUG o.s.c.l.CompositeLog [DiscoveryClient-HeartbeatExecutor-0] Response 200 OK
2025-04-17 22:05:51,123 DEBUG o.s.c.l.CompositeLog [DiscoveryClient-CacheRefreshExecutor-0] Reading to [org.springframework.cloud.netflix.eureka.http.EurekaApplications]
2025-04-17 22:06:21,137 DEBUG o.s.c.l.CompositeLog [DiscoveryClient-HeartbeatExecutor-0] HTTP PUT http://localhost:8761/eureka/apps/USER-MANAGEMENT/192.168.1.4:user-management:8888?status=UP&lastDirtyTimestamp=1744897969423
2025-04-17 22:06:21,137 DEBUG o.s.c.l.CompositeLog [DiscoveryClient-CacheRefreshExecutor-0] HTTP GET http://localhost:8761/eureka/apps/delta
2025-04-17 22:06:21,137 DEBUG o.s.c.l.CompositeLog [DiscoveryClient-HeartbeatExecutor-0] Accept=[application/json, application/*+json]
2025-04-17 22:06:21,137 DEBUG o.s.c.l.CompositeLog [DiscoveryClient-CacheRefreshExecutor-0] Accept=[application/json, application/*+json]
2025-04-17 22:06:21,153 DEBUG o.s.c.l.CompositeLog [DiscoveryClient-CacheRefreshExecutor-0] Response 200 OK
2025-04-17 22:06:21,153 DEBUG o.s.c.l.CompositeLog [DiscoveryClient-HeartbeatExecutor-0] Response 200 OK
2025-04-17 22:06:21,154 DEBUG o.s.c.l.CompositeLog [DiscoveryClient-CacheRefreshExecutor-0] Reading to [org.springframework.cloud.netflix.eureka.http.EurekaApplications]
2025-04-17 22:06:32,984 INFO c.n.d.s.r.a.ConfigClusterResolver [AsyncResolver-bootstrap-executor-0] Resolving eureka endpoints via configuration
2025-04-17 22:06:51,171 DEBUG o.s.c.l.CompositeLog [DiscoveryClient-HeartbeatExecutor-0] HTTP PUT http://localhost:8761/eureka/apps/USER-MANAGEMENT/192.168.1.4:user-management:8888?status=UP&lastDirtyTimestamp=1744897969423
2025-04-17 22:06:51,171 DEBUG o.s.c.l.CompositeLog [DiscoveryClient-CacheRefreshExecutor-0] HTTP GET http://localhost:8761/eureka/apps/delta
2025-04-17 22:06:51,171 DEBUG o.s.c.l.CompositeLog [DiscoveryClient-HeartbeatExecutor-0] Accept=[application/json, application/*+json]
2025-04-17 22:06:51,171 DEBUG o.s.c.l.CompositeLog [DiscoveryClient-CacheRefreshExecutor-0] Accept=[application/json, application/*+json]
2025-04-17 22:06:51,188 DEBUG o.s.c.l.CompositeLog [DiscoveryClient-HeartbeatExecutor-0] Response 200 OK
2025-04-17 22:06:51,188 DEBUG o.s.c.l.CompositeLog [DiscoveryClient-CacheRefreshExecutor-0] Response 200 OK
2025-04-17 22:06:51,188 DEBUG o.s.c.l.CompositeLog [DiscoveryClient-CacheRefreshExecutor-0] Reading to [org.springframework.cloud.netflix.eureka.http.EurekaApplications]
2025-04-17 22:07:21,201 DEBUG o.s.c.l.CompositeLog [DiscoveryClient-HeartbeatExecutor-0] HTTP PUT http://localhost:8761/eureka/apps/USER-MANAGEMENT/192.168.1.4:user-management:8888?status=UP&lastDirtyTimestamp=1744897969423
2025-04-17 22:07:21,201 DEBUG o.s.c.l.CompositeLog [DiscoveryClient-CacheRefreshExecutor-0] HTTP GET http://localhost:8761/eureka/apps/delta
2025-04-17 22:07:21,202 DEBUG o.s.c.l.CompositeLog [DiscoveryClient-HeartbeatExecutor-0] Accept=[application/json, application/*+json]
2025-04-17 22:07:21,202 DEBUG o.s.c.l.CompositeLog [DiscoveryClient-CacheRefreshExecutor-0] Accept=[application/json, application/*+json]
2025-04-17 22:07:21,217 DEBUG o.s.c.l.CompositeLog [DiscoveryClient-HeartbeatExecutor-0] Response 200 OK
2025-04-17 22:07:21,217 DEBUG o.s.c.l.CompositeLog [DiscoveryClient-CacheRefreshExecutor-0] Response 200 OK
2025-04-17 22:07:21,217 DEBUG o.s.c.l.CompositeLog [DiscoveryClient-CacheRefreshExecutor-0] Reading to [org.springframework.cloud.netflix.eureka.http.EurekaApplications]
2025-04-17 22:07:51,227 DEBUG o.s.c.l.CompositeLog [DiscoveryClient-CacheRefreshExecutor-0] HTTP GET http://localhost:8761/eureka/apps/delta
2025-04-17 22:07:51,227 DEBUG o.s.c.l.CompositeLog [DiscoveryClient-HeartbeatExecutor-0] HTTP PUT http://localhost:8761/eureka/apps/USER-MANAGEMENT/192.168.1.4:user-management:8888?status=UP&lastDirtyTimestamp=1744897969423
2025-04-17 22:07:51,227 DEBUG o.s.c.l.CompositeLog [DiscoveryClient-HeartbeatExecutor-0] Accept=[application/json, application/*+json]
2025-04-17 22:07:51,227 DEBUG o.s.c.l.CompositeLog [DiscoveryClient-CacheRefreshExecutor-0] Accept=[application/json, application/*+json]
2025-04-17 22:07:51,244 DEBUG o.s.c.l.CompositeLog [DiscoveryClient-HeartbeatExecutor-0] Response 200 OK
2025-04-17 22:07:51,244 DEBUG o.s.c.l.CompositeLog [DiscoveryClient-CacheRefreshExecutor-0] Response 200 OK
2025-04-17 22:07:51,244 DEBUG o.s.c.l.CompositeLog [DiscoveryClient-CacheRefreshExecutor-0] Reading to [org.springframework.cloud.netflix.eureka.http.EurekaApplications]
2025-04-17 22:08:21,253 DEBUG o.s.c.l.CompositeLog [DiscoveryClient-HeartbeatExecutor-0] HTTP PUT http://localhost:8761/eureka/apps/USER-MANAGEMENT/192.168.1.4:user-management:8888?status=UP&lastDirtyTimestamp=1744897969423
2025-04-17 22:08:21,253 DEBUG o.s.c.l.CompositeLog [DiscoveryClient-CacheRefreshExecutor-0] HTTP GET http://localhost:8761/eureka/apps/delta
2025-04-17 22:08:21,254 DEBUG o.s.c.l.CompositeLog [DiscoveryClient-HeartbeatExecutor-0] Accept=[application/json, application/*+json]
2025-04-17 22:08:21,254 DEBUG o.s.c.l.CompositeLog [DiscoveryClient-CacheRefreshExecutor-0] Accept=[application/json, application/*+json]
2025-04-17 22:08:21,271 DEBUG o.s.c.l.CompositeLog [DiscoveryClient-HeartbeatExecutor-0] Response 200 OK
2025-04-17 22:08:21,271 DEBUG o.s.c.l.CompositeLog [DiscoveryClient-CacheRefreshExecutor-0] Response 200 OK
2025-04-17 22:08:21,271 DEBUG o.s.c.l.CompositeLog [DiscoveryClient-CacheRefreshExecutor-0] Reading to [org.springframework.cloud.netflix.eureka.http.EurekaApplications]
2025-04-17 22:08:51,283 DEBUG o.s.c.l.CompositeLog [DiscoveryClient-CacheRefreshExecutor-0] HTTP GET http://localhost:8761/eureka/apps/delta
2025-04-17 22:08:51,283 DEBUG o.s.c.l.CompositeLog [DiscoveryClient-HeartbeatExecutor-0] HTTP PUT http://localhost:8761/eureka/apps/USER-MANAGEMENT/192.168.1.4:user-management:8888?status=UP&lastDirtyTimestamp=1744897969423
2025-04-17 22:08:51,283 DEBUG o.s.c.l.CompositeLog [DiscoveryClient-CacheRefreshExecutor-0] Accept=[application/json, application/*+json]
2025-04-17 22:08:51,284 DEBUG o.s.c.l.CompositeLog [DiscoveryClient-HeartbeatExecutor-0] Accept=[application/json, application/*+json]
2025-04-17 22:08:51,298 DEBUG o.s.c.l.CompositeLog [DiscoveryClient-HeartbeatExecutor-0] Response 200 OK
2025-04-17 22:08:51,298 DEBUG o.s.c.l.CompositeLog [DiscoveryClient-CacheRefreshExecutor-0] Response 200 OK
2025-04-17 22:08:51,299 DEBUG o.s.c.l.CompositeLog [DiscoveryClient-CacheRefreshExecutor-0] Reading to [org.springframework.cloud.netflix.eureka.http.EurekaApplications]
2025-04-17 22:09:21,307 DEBUG o.s.c.l.CompositeLog [DiscoveryClient-CacheRefreshExecutor-0] HTTP GET http://localhost:8761/eureka/apps/delta
2025-04-17 22:09:21,307 DEBUG o.s.c.l.CompositeLog [DiscoveryClient-HeartbeatExecutor-0] HTTP PUT http://localhost:8761/eureka/apps/USER-MANAGEMENT/192.168.1.4:user-management:8888?status=UP&lastDirtyTimestamp=1744897969423
2025-04-17 22:09:21,307 DEBUG o.s.c.l.CompositeLog [DiscoveryClient-HeartbeatExecutor-0] Accept=[application/json, application/*+json]
2025-04-17 22:09:21,307 DEBUG o.s.c.l.CompositeLog [DiscoveryClient-CacheRefreshExecutor-0] Accept=[application/json, application/*+json]
2025-04-17 22:09:21,324 DEBUG o.s.c.l.CompositeLog [DiscoveryClient-CacheRefreshExecutor-0] Response 200 OK
2025-04-17 22:09:21,324 DEBUG o.s.c.l.CompositeLog [DiscoveryClient-HeartbeatExecutor-0] Response 200 OK
2025-04-17 22:09:21,325 DEBUG o.s.c.l.CompositeLog [DiscoveryClient-CacheRefreshExecutor-0] Reading to [org.springframework.cloud.netflix.eureka.http.EurekaApplications]
2025-04-17 22:09:51,334 DEBUG o.s.c.l.CompositeLog [DiscoveryClient-HeartbeatExecutor-0] HTTP PUT http://localhost:8761/eureka/apps/USER-MANAGEMENT/192.168.1.4:user-management:8888?status=UP&lastDirtyTimestamp=1744897969423
2025-04-17 22:09:51,334 DEBUG o.s.c.l.CompositeLog [DiscoveryClient-CacheRefreshExecutor-0] HTTP GET http://localhost:8761/eureka/apps/delta
2025-04-17 22:09:51,335 DEBUG o.s.c.l.CompositeLog [DiscoveryClient-HeartbeatExecutor-0] Accept=[application/json, application/*+json]
2025-04-17 22:09:51,335 DEBUG o.s.c.l.CompositeLog [DiscoveryClient-CacheRefreshExecutor-0] Accept=[application/json, application/*+json]
2025-04-17 22:09:51,352 DEBUG o.s.c.l.CompositeLog [DiscoveryClient-CacheRefreshExecutor-0] Response 200 OK
2025-04-17 22:09:51,352 DEBUG o.s.c.l.CompositeLog [DiscoveryClient-HeartbeatExecutor-0] Response 200 OK
2025-04-17 22:09:51,352 DEBUG o.s.c.l.CompositeLog [DiscoveryClient-CacheRefreshExecutor-0] Reading to [org.springframework.cloud.netflix.eureka.http.EurekaApplications]
2025-04-17 22:29:34,561 DEBUG o.s.c.l.CompositeLog [DiscoveryClient-HeartbeatExecutor-0] HTTP PUT http://localhost:8761/eureka/apps/USER-MANAGEMENT/192.168.1.4:user-management:8888?status=UP&lastDirtyTimestamp=1744897969423
2025-04-17 22:29:34,561 DEBUG o.s.c.l.CompositeLog [DiscoveryClient-CacheRefreshExecutor-0] HTTP GET http://localhost:8761/eureka/apps/delta
2025-04-17 22:29:34,721 DEBUG o.s.c.l.CompositeLog [DiscoveryClient-CacheRefreshExecutor-0] Accept=[application/json, application/*+json]
2025-04-17 22:29:34,721 DEBUG o.s.c.l.CompositeLog [DiscoveryClient-HeartbeatExecutor-0] Accept=[application/json, application/*+json]
2025-04-17 22:29:34,729 DEBUG o.s.c.l.CompositeLog [DiscoveryClient-CacheRefreshExecutor-0] Response 200 OK
2025-04-17 22:29:34,729 DEBUG o.s.c.l.CompositeLog [DiscoveryClient-HeartbeatExecutor-0] Response 200 OK
2025-04-17 22:29:34,729 DEBUG o.s.c.l.CompositeLog [DiscoveryClient-CacheRefreshExecutor-0] Reading to [org.springframework.cloud.netflix.eureka.http.EurekaApplications]
2025-04-17 22:29:37,677 WARN c.z.h.p.HikariPool$HouseKeeper [HikariPool-1 housekeeper] HikariPool-1 - Thread starvation or clock leap detected (housekeeper delta=19m43s143ms532µs700ns).
2025-04-17 22:30:04,734 DEBUG o.s.c.l.CompositeLog [DiscoveryClient-CacheRefreshExecutor-0] HTTP GET http://localhost:8761/eureka/apps/delta
2025-04-17 22:30:04,734 DEBUG o.s.c.l.CompositeLog [DiscoveryClient-HeartbeatExecutor-0] HTTP PUT http://localhost:8761/eureka/apps/USER-MANAGEMENT/192.168.1.4:user-management:8888?status=UP&lastDirtyTimestamp=1744897969423
2025-04-17 22:30:04,734 DEBUG o.s.c.l.CompositeLog [DiscoveryClient-CacheRefreshExecutor-0] Accept=[application/json, application/*+json]
2025-04-17 22:30:04,734 DEBUG o.s.c.l.CompositeLog [DiscoveryClient-HeartbeatExecutor-0] Accept=[application/json, application/*+json]
2025-04-17 22:30:04,750 DEBUG o.s.c.l.CompositeLog [DiscoveryClient-CacheRefreshExecutor-0] Response 200 OK
2025-04-17 22:30:04,750 DEBUG o.s.c.l.CompositeLog [DiscoveryClient-HeartbeatExecutor-0] Response 200 OK
2025-04-17 22:30:04,750 DEBUG o.s.c.l.CompositeLog [DiscoveryClient-CacheRefreshExecutor-0] Reading to [org.springframework.cloud.netflix.eureka.http.EurekaApplications]
2025-04-17 22:30:34,753 DEBUG o.s.c.l.CompositeLog [DiscoveryClient-HeartbeatExecutor-0] HTTP PUT http://localhost:8761/eureka/apps/USER-MANAGEMENT/192.168.1.4:user-management:8888?status=UP&lastDirtyTimestamp=1744897969423
2025-04-17 22:30:34,753 DEBUG o.s.c.l.CompositeLog [DiscoveryClient-CacheRefreshExecutor-0] HTTP GET http://localhost:8761/eureka/apps/delta
2025-04-17 22:30:34,753 DEBUG o.s.c.l.CompositeLog [DiscoveryClient-CacheRefreshExecutor-0] Accept=[application/json, application/*+json]
2025-04-17 22:30:34,753 DEBUG o.s.c.l.CompositeLog [DiscoveryClient-HeartbeatExecutor-0] Accept=[application/json, application/*+json]
2025-04-17 22:30:34,769 DEBUG o.s.c.l.CompositeLog [DiscoveryClient-CacheRefreshExecutor-0] Response 200 OK
2025-04-17 22:30:34,769 DEBUG o.s.c.l.CompositeLog [DiscoveryClient-HeartbeatExecutor-0] Response 200 OK
2025-04-17 22:30:34,770 DEBUG o.s.c.l.CompositeLog [DiscoveryClient-CacheRefreshExecutor-0] Reading to [org.springframework.cloud.netflix.eureka.http.EurekaApplications]
2025-04-17 22:30:46,117 INFO c.n.d.s.r.a.ConfigClusterResolver [AsyncResolver-bootstrap-executor-0] Resolving eureka endpoints via configuration
2025-04-17 22:31:04,778 DEBUG o.s.c.l.CompositeLog [DiscoveryClient-HeartbeatExecutor-0] HTTP PUT http://localhost:8761/eureka/apps/USER-MANAGEMENT/192.168.1.4:user-management:8888?status=UP&lastDirtyTimestamp=1744897969423
2025-04-17 22:31:04,778 DEBUG o.s.c.l.CompositeLog [DiscoveryClient-CacheRefreshExecutor-0] HTTP GET http://localhost:8761/eureka/apps/delta
2025-04-17 22:31:04,779 DEBUG o.s.c.l.CompositeLog [DiscoveryClient-CacheRefreshExecutor-0] Accept=[application/json, application/*+json]
2025-04-17 22:31:04,779 DEBUG o.s.c.l.CompositeLog [DiscoveryClient-HeartbeatExecutor-0] Accept=[application/json, application/*+json]
2025-04-17 22:31:04,794 DEBUG o.s.c.l.CompositeLog [DiscoveryClient-HeartbeatExecutor-0] Response 200 OK
2025-04-17 22:31:04,794 DEBUG o.s.c.l.CompositeLog [DiscoveryClient-CacheRefreshExecutor-0] Response 200 OK
2025-04-17 22:31:04,796 DEBUG o.s.c.l.CompositeLog [DiscoveryClient-CacheRefreshExecutor-0] Reading to [org.springframework.cloud.netflix.eureka.http.EurekaApplications]
2025-04-17 22:31:34,806 DEBUG o.s.c.l.CompositeLog [DiscoveryClient-HeartbeatExecutor-0] HTTP PUT http://localhost:8761/eureka/apps/USER-MANAGEMENT/192.168.1.4:user-management:8888?status=UP&lastDirtyTimestamp=1744897969423
2025-04-17 22:31:34,806 DEBUG o.s.c.l.CompositeLog [DiscoveryClient-CacheRefreshExecutor-0] HTTP GET http://localhost:8761/eureka/apps/delta
2025-04-17 22:31:34,807 DEBUG o.s.c.l.CompositeLog [DiscoveryClient-HeartbeatExecutor-0] Accept=[application/json, application/*+json]
2025-04-17 22:31:34,807 DEBUG o.s.c.l.CompositeLog [DiscoveryClient-CacheRefreshExecutor-0] Accept=[application/json, application/*+json]
2025-04-17 22:31:34,823 DEBUG o.s.c.l.CompositeLog [DiscoveryClient-CacheRefreshExecutor-0] Response 200 OK
2025-04-17 22:31:34,823 DEBUG o.s.c.l.CompositeLog [DiscoveryClient-HeartbeatExecutor-0] Response 200 OK
2025-04-17 22:31:34,823 DEBUG o.s.c.l.CompositeLog [DiscoveryClient-CacheRefreshExecutor-0] Reading to [org.springframework.cloud.netflix.eureka.http.EurekaApplications]
2025-04-17 22:32:04,826 DEBUG o.s.c.l.CompositeLog [DiscoveryClient-HeartbeatExecutor-0] HTTP PUT http://localhost:8761/eureka/apps/USER-MANAGEMENT/192.168.1.4:user-management:8888?status=UP&lastDirtyTimestamp=1744897969423
2025-04-17 22:32:04,826 DEBUG o.s.c.l.CompositeLog [DiscoveryClient-CacheRefreshExecutor-0] HTTP GET http://localhost:8761/eureka/apps/delta
2025-04-17 22:32:04,827 DEBUG o.s.c.l.CompositeLog [DiscoveryClient-HeartbeatExecutor-0] Accept=[application/json, application/*+json]
2025-04-17 22:32:04,827 DEBUG o.s.c.l.CompositeLog [DiscoveryClient-CacheRefreshExecutor-0] Accept=[application/json, application/*+json]
2025-04-17 22:32:04,843 DEBUG o.s.c.l.CompositeLog [DiscoveryClient-HeartbeatExecutor-0] Response 200 OK
2025-04-17 22:32:04,843 DEBUG o.s.c.l.CompositeLog [DiscoveryClient-CacheRefreshExecutor-0] Response 200 OK
2025-04-17 22:32:04,844 DEBUG o.s.c.l.CompositeLog [DiscoveryClient-CacheRefreshExecutor-0] Reading to [org.springframework.cloud.netflix.eureka.http.EurekaApplications]
2025-04-17 22:32:34,848 DEBUG o.s.c.l.CompositeLog [DiscoveryClient-HeartbeatExecutor-0] HTTP PUT http://localhost:8761/eureka/apps/USER-MANAGEMENT/192.168.1.4:user-management:8888?status=UP&lastDirtyTimestamp=1744897969423
2025-04-17 22:32:34,848 DEBUG o.s.c.l.CompositeLog [DiscoveryClient-CacheRefreshExecutor-0] HTTP GET http://localhost:8761/eureka/apps/delta
2025-04-17 22:32:34,848 DEBUG o.s.c.l.CompositeLog [DiscoveryClient-CacheRefreshExecutor-0] Accept=[application/json, application/*+json]
2025-04-17 22:32:34,848 DEBUG o.s.c.l.CompositeLog [DiscoveryClient-HeartbeatExecutor-0] Accept=[application/json, application/*+json]
2025-04-17 22:32:34,864 DEBUG o.s.c.l.CompositeLog [DiscoveryClient-CacheRefreshExecutor-0] Response 200 OK
2025-04-17 22:32:34,864 DEBUG o.s.c.l.CompositeLog [DiscoveryClient-HeartbeatExecutor-0] Response 200 OK
2025-04-17 22:32:34,865 DEBUG o.s.c.l.CompositeLog [DiscoveryClient-CacheRefreshExecutor-0] Reading to [org.springframework.cloud.netflix.eureka.http.EurekaApplications]
2025-04-17 22:33:04,879 DEBUG o.s.c.l.CompositeLog [DiscoveryClient-CacheRefreshExecutor-0] HTTP GET http://localhost:8761/eureka/apps/delta
2025-04-17 22:33:04,879 DEBUG o.s.c.l.CompositeLog [DiscoveryClient-HeartbeatExecutor-0] HTTP PUT http://localhost:8761/eureka/apps/USER-MANAGEMENT/192.168.1.4:user-management:8888?status=UP&lastDirtyTimestamp=1744897969423
2025-04-17 22:33:04,879 DEBUG o.s.c.l.CompositeLog [DiscoveryClient-CacheRefreshExecutor-0] Accept=[application/json, application/*+json]
2025-04-17 22:33:04,879 DEBUG o.s.c.l.CompositeLog [DiscoveryClient-HeartbeatExecutor-0] Accept=[application/json, application/*+json]
2025-04-17 22:33:04,896 DEBUG o.s.c.l.CompositeLog [DiscoveryClient-HeartbeatExecutor-0] Response 200 OK
2025-04-17 22:33:04,896 DEBUG o.s.c.l.CompositeLog [DiscoveryClient-CacheRefreshExecutor-0] Response 200 OK
2025-04-17 22:33:04,896 DEBUG o.s.c.l.CompositeLog [DiscoveryClient-CacheRefreshExecutor-0] Reading to [org.springframework.cloud.netflix.eureka.http.EurekaApplications]
2025-04-17 22:33:34,903 DEBUG o.s.c.l.CompositeLog [DiscoveryClient-CacheRefreshExecutor-0] HTTP GET http://localhost:8761/eureka/apps/delta
2025-04-17 22:33:34,903 DEBUG o.s.c.l.CompositeLog [DiscoveryClient-HeartbeatExecutor-0] HTTP PUT http://localhost:8761/eureka/apps/USER-MANAGEMENT/192.168.1.4:user-management:8888?status=UP&lastDirtyTimestamp=1744897969423
2025-04-17 22:33:34,904 DEBUG o.s.c.l.CompositeLog [DiscoveryClient-CacheRefreshExecutor-0] Accept=[application/json, application/*+json]
2025-04-17 22:33:34,904 DEBUG o.s.c.l.CompositeLog [DiscoveryClient-HeartbeatExecutor-0] Accept=[application/json, application/*+json]
2025-04-17 22:33:34,921 DEBUG o.s.c.l.CompositeLog [DiscoveryClient-HeartbeatExecutor-0] Response 200 OK
2025-04-17 22:33:34,921 DEBUG o.s.c.l.CompositeLog [DiscoveryClient-CacheRefreshExecutor-0] Response 200 OK
2025-04-17 22:33:34,921 DEBUG o.s.c.l.CompositeLog [DiscoveryClient-CacheRefreshExecutor-0] Reading to [org.springframework.cloud.netflix.eureka.http.EurekaApplications]
2025-04-17 22:34:04,926 DEBUG o.s.c.l.CompositeLog [DiscoveryClient-CacheRefreshExecutor-0] HTTP GET http://localhost:8761/eureka/apps/delta
2025-04-17 22:34:04,926 DEBUG o.s.c.l.CompositeLog [DiscoveryClient-HeartbeatExecutor-0] HTTP PUT http://localhost:8761/eureka/apps/USER-MANAGEMENT/192.168.1.4:user-management:8888?status=UP&lastDirtyTimestamp=1744897969423
2025-04-17 22:34:04,927 DEBUG o.s.c.l.CompositeLog [DiscoveryClient-HeartbeatExecutor-0] Accept=[application/json, application/*+json]
2025-04-17 22:34:04,927 DEBUG o.s.c.l.CompositeLog [DiscoveryClient-CacheRefreshExecutor-0] Accept=[application/json, application/*+json]
2025-04-17 22:34:04,943 DEBUG o.s.c.l.CompositeLog [DiscoveryClient-CacheRefreshExecutor-0] Response 200 OK
2025-04-17 22:34:04,943 DEBUG o.s.c.l.CompositeLog [DiscoveryClient-HeartbeatExecutor-0] Response 200 OK
2025-04-17 22:34:04,943 DEBUG o.s.c.l.CompositeLog [DiscoveryClient-CacheRefreshExecutor-0] Reading to [org.springframework.cloud.netflix.eureka.http.EurekaApplications]
2025-04-17 22:34:34,945 DEBUG o.s.c.l.CompositeLog [DiscoveryClient-CacheRefreshExecutor-0] HTTP GET http://localhost:8761/eureka/apps/delta
2025-04-17 22:34:34,945 DEBUG o.s.c.l.CompositeLog [DiscoveryClient-HeartbeatExecutor-0] HTTP PUT http://localhost:8761/eureka/apps/USER-MANAGEMENT/192.168.1.4:user-management:8888?status=UP&lastDirtyTimestamp=1744897969423
2025-04-17 22:34:34,945 DEBUG o.s.c.l.CompositeLog [DiscoveryClient-HeartbeatExecutor-0] Accept=[application/json, application/*+json]
2025-04-17 22:34:34,945 DEBUG o.s.c.l.CompositeLog [DiscoveryClient-CacheRefreshExecutor-0] Accept=[application/json, application/*+json]
2025-04-17 22:34:34,961 DEBUG o.s.c.l.CompositeLog [DiscoveryClient-CacheRefreshExecutor-0] Response 200 OK
2025-04-17 22:34:34,961 DEBUG o.s.c.l.CompositeLog [DiscoveryClient-HeartbeatExecutor-0] Response 200 OK
2025-04-17 22:34:34,961 DEBUG o.s.c.l.CompositeLog [DiscoveryClient-CacheRefreshExecutor-0] Reading to [org.springframework.cloud.netflix.eureka.http.EurekaApplications]
2025-04-17 22:35:04,971 DEBUG o.s.c.l.CompositeLog [DiscoveryClient-HeartbeatExecutor-0] HTTP PUT http://localhost:8761/eureka/apps/USER-MANAGEMENT/192.168.1.4:user-management:8888?status=UP&lastDirtyTimestamp=1744897969423
2025-04-17 22:35:04,971 DEBUG o.s.c.l.CompositeLog [DiscoveryClient-CacheRefreshExecutor-0] HTTP GET http://localhost:8761/eureka/apps/delta
2025-04-17 22:35:04,971 DEBUG o.s.c.l.CompositeLog [DiscoveryClient-HeartbeatExecutor-0] Accept=[application/json, application/*+json]
2025-04-17 22:35:04,971 DEBUG o.s.c.l.CompositeLog [DiscoveryClient-CacheRefreshExecutor-0] Accept=[application/json, application/*+json]
2025-04-17 22:35:04,988 DEBUG o.s.c.l.CompositeLog [DiscoveryClient-CacheRefreshExecutor-0] Response 200 OK
2025-04-17 22:35:04,988 DEBUG o.s.c.l.CompositeLog [DiscoveryClient-HeartbeatExecutor-0] Response 200 OK
2025-04-17 22:35:04,989 DEBUG o.s.c.l.CompositeLog [DiscoveryClient-CacheRefreshExecutor-0] Reading to [org.springframework.cloud.netflix.eureka.http.EurekaApplications]
2025-04-17 22:35:35,002 DEBUG o.s.c.l.CompositeLog [DiscoveryClient-HeartbeatExecutor-0] HTTP PUT http://localhost:8761/eureka/apps/USER-MANAGEMENT/192.168.1.4:user-management:8888?status=UP&lastDirtyTimestamp=1744897969423
2025-04-17 22:35:35,002 DEBUG o.s.c.l.CompositeLog [DiscoveryClient-CacheRefreshExecutor-0] HTTP GET http://localhost:8761/eureka/apps/delta
2025-04-17 22:35:35,002 DEBUG o.s.c.l.CompositeLog [DiscoveryClient-HeartbeatExecutor-0] Accept=[application/json, application/*+json]
2025-04-17 22:35:35,002 DEBUG o.s.c.l.CompositeLog [DiscoveryClient-CacheRefreshExecutor-0] Accept=[application/json, application/*+json]
2025-04-17 22:35:35,018 DEBUG o.s.c.l.CompositeLog [DiscoveryClient-HeartbeatExecutor-0] Response 200 OK
2025-04-17 22:35:35,018 DEBUG o.s.c.l.CompositeLog [DiscoveryClient-CacheRefreshExecutor-0] Response 200 OK
2025-04-17 22:35:35,019 DEBUG o.s.c.l.CompositeLog [DiscoveryClient-CacheRefreshExecutor-0] Reading to [org.springframework.cloud.netflix.eureka.http.EurekaApplications]
2025-04-17 22:35:46,125 INFO c.n.d.s.r.a.ConfigClusterResolver [AsyncResolver-bootstrap-executor-0] Resolving eureka endpoints via configuration
2025-04-17 22:36:05,025 DEBUG o.s.c.l.CompositeLog [DiscoveryClient-CacheRefreshExecutor-0] HTTP GET http://localhost:8761/eureka/apps/delta
2025-04-17 22:36:05,025 DEBUG o.s.c.l.CompositeLog [DiscoveryClient-HeartbeatExecutor-0] HTTP PUT http://localhost:8761/eureka/apps/USER-MANAGEMENT/192.168.1.4:user-management:8888?status=UP&lastDirtyTimestamp=1744897969423
2025-04-17 22:36:05,025 DEBUG o.s.c.l.CompositeLog [DiscoveryClient-CacheRefreshExecutor-0] Accept=[application/json, application/*+json]
2025-04-17 22:36:05,025 DEBUG o.s.c.l.CompositeLog [DiscoveryClient-HeartbeatExecutor-0] Accept=[application/json, application/*+json]
2025-04-17 22:36:05,041 DEBUG o.s.c.l.CompositeLog [DiscoveryClient-CacheRefreshExecutor-0] Response 200 OK
2025-04-17 22:36:05,041 DEBUG o.s.c.l.CompositeLog [DiscoveryClient-HeartbeatExecutor-0] Response 200 OK
2025-04-17 22:36:05,042 DEBUG o.s.c.l.CompositeLog [DiscoveryClient-CacheRefreshExecutor-0] Reading to [org.springframework.cloud.netflix.eureka.http.EurekaApplications]
2025-04-17 22:36:35,050 DEBUG o.s.c.l.CompositeLog [DiscoveryClient-CacheRefreshExecutor-0] HTTP GET http://localhost:8761/eureka/apps/delta
2025-04-17 22:36:35,050 DEBUG o.s.c.l.CompositeLog [DiscoveryClient-HeartbeatExecutor-0] HTTP PUT http://localhost:8761/eureka/apps/USER-MANAGEMENT/192.168.1.4:user-management:8888?status=UP&lastDirtyTimestamp=1744897969423
2025-04-17 22:36:35,050 DEBUG o.s.c.l.CompositeLog [DiscoveryClient-CacheRefreshExecutor-0] Accept=[application/json, application/*+json]
2025-04-17 22:36:35,050 DEBUG o.s.c.l.CompositeLog [DiscoveryClient-HeartbeatExecutor-0] Accept=[application/json, application/*+json]
2025-04-17 22:36:35,066 DEBUG o.s.c.l.CompositeLog [DiscoveryClient-HeartbeatExecutor-0] Response 200 OK
2025-04-17 22:36:35,066 DEBUG o.s.c.l.CompositeLog [DiscoveryClient-CacheRefreshExecutor-0] Response 200 OK
2025-04-17 22:36:35,066 DEBUG o.s.c.l.CompositeLog [DiscoveryClient-CacheRefreshExecutor-0] Reading to [org.springframework.cloud.netflix.eureka.http.EurekaApplications]
2025-04-17 22:37:05,073 DEBUG o.s.c.l.CompositeLog [DiscoveryClient-HeartbeatExecutor-0] HTTP PUT http://localhost:8761/eureka/apps/USER-MANAGEMENT/192.168.1.4:user-management:8888?status=UP&lastDirtyTimestamp=1744897969423
2025-04-17 22:37:05,073 DEBUG o.s.c.l.CompositeLog [DiscoveryClient-CacheRefreshExecutor-0] HTTP GET http://localhost:8761/eureka/apps/delta
2025-04-17 22:37:05,073 DEBUG o.s.c.l.CompositeLog [DiscoveryClient-HeartbeatExecutor-0] Accept=[application/json, application/*+json]
2025-04-17 22:37:05,074 DEBUG o.s.c.l.CompositeLog [DiscoveryClient-CacheRefreshExecutor-0] Accept=[application/json, application/*+json]
2025-04-17 22:37:05,091 DEBUG o.s.c.l.CompositeLog [DiscoveryClient-CacheRefreshExecutor-0] Response 200 OK
2025-04-17 22:37:05,091 DEBUG o.s.c.l.CompositeLog [DiscoveryClient-HeartbeatExecutor-0] Response 200 OK
2025-04-17 22:37:05,092 DEBUG o.s.c.l.CompositeLog [DiscoveryClient-CacheRefreshExecutor-0] Reading to [org.springframework.cloud.netflix.eureka.http.EurekaApplications]
2025-04-17 22:37:35,102 DEBUG o.s.c.l.CompositeLog [DiscoveryClient-CacheRefreshExecutor-0] HTTP GET http://localhost:8761/eureka/apps/delta
2025-04-17 22:37:35,102 DEBUG o.s.c.l.CompositeLog [DiscoveryClient-HeartbeatExecutor-0] HTTP PUT http://localhost:8761/eureka/apps/USER-MANAGEMENT/192.168.1.4:user-management:8888?status=UP&lastDirtyTimestamp=1744897969423
2025-04-17 22:37:35,103 DEBUG o.s.c.l.CompositeLog [DiscoveryClient-HeartbeatExecutor-0] Accept=[application/json, application/*+json]
2025-04-17 22:37:35,103 DEBUG o.s.c.l.CompositeLog [DiscoveryClient-CacheRefreshExecutor-0] Accept=[application/json, application/*+json]
2025-04-17 22:37:35,118 DEBUG o.s.c.l.CompositeLog [DiscoveryClient-HeartbeatExecutor-0] Response 200 OK
2025-04-17 22:37:35,118 DEBUG o.s.c.l.CompositeLog [DiscoveryClient-CacheRefreshExecutor-0] Response 200 OK
2025-04-17 22:37:35,118 DEBUG o.s.c.l.CompositeLog [DiscoveryClient-CacheRefreshExecutor-0] Reading to [org.springframework.cloud.netflix.eureka.http.EurekaApplications]
2025-04-17 22:38:05,129 DEBUG o.s.c.l.CompositeLog [DiscoveryClient-HeartbeatExecutor-0] HTTP PUT http://localhost:8761/eureka/apps/USER-MANAGEMENT/192.168.1.4:user-management:8888?status=UP&lastDirtyTimestamp=1744897969423
2025-04-17 22:38:05,129 DEBUG o.s.c.l.CompositeLog [DiscoveryClient-CacheRefreshExecutor-0] HTTP GET http://localhost:8761/eureka/apps/delta
2025-04-17 22:38:05,129 DEBUG o.s.c.l.CompositeLog [DiscoveryClient-HeartbeatExecutor-0] Accept=[application/json, application/*+json]
2025-04-17 22:38:05,129 DEBUG o.s.c.l.CompositeLog [DiscoveryClient-CacheRefreshExecutor-0] Accept=[application/json, application/*+json]
2025-04-17 22:38:05,144 DEBUG o.s.c.l.CompositeLog [DiscoveryClient-HeartbeatExecutor-0] Response 200 OK
2025-04-17 22:38:05,144 DEBUG o.s.c.l.CompositeLog [DiscoveryClient-CacheRefreshExecutor-0] Response 200 OK
2025-04-17 22:38:05,144 DEBUG o.s.c.l.CompositeLog [DiscoveryClient-CacheRefreshExecutor-0] Reading to [org.springframework.cloud.netflix.eureka.http.EurekaApplications]
2025-04-17 22:38:35,147 DEBUG o.s.c.l.CompositeLog [DiscoveryClient-HeartbeatExecutor-0] HTTP PUT http://localhost:8761/eureka/apps/USER-MANAGEMENT/192.168.1.4:user-management:8888?status=UP&lastDirtyTimestamp=1744897969423
2025-04-17 22:38:35,147 DEBUG o.s.c.l.CompositeLog [DiscoveryClient-CacheRefreshExecutor-0] HTTP GET http://localhost:8761/eureka/apps/delta
2025-04-17 22:38:35,147 DEBUG o.s.c.l.CompositeLog [DiscoveryClient-HeartbeatExecutor-0] Accept=[application/json, application/*+json]
2025-04-17 22:38:35,147 DEBUG o.s.c.l.CompositeLog [DiscoveryClient-CacheRefreshExecutor-0] Accept=[application/json, application/*+json]
2025-04-17 22:38:35,163 DEBUG o.s.c.l.CompositeLog [DiscoveryClient-HeartbeatExecutor-0] Response 200 OK
2025-04-17 22:38:35,163 DEBUG o.s.c.l.CompositeLog [DiscoveryClient-CacheRefreshExecutor-0] Response 200 OK
2025-04-17 22:38:35,163 DEBUG o.s.c.l.CompositeLog [DiscoveryClient-CacheRefreshExecutor-0] Reading to [org.springframework.cloud.netflix.eureka.http.EurekaApplications]
2025-04-17 22:39:05,171 DEBUG o.s.c.l.CompositeLog [DiscoveryClient-HeartbeatExecutor-0] HTTP PUT http://localhost:8761/eureka/apps/USER-MANAGEMENT/192.168.1.4:user-management:8888?status=UP&lastDirtyTimestamp=1744897969423
2025-04-17 22:39:05,171 DEBUG o.s.c.l.CompositeLog [DiscoveryClient-CacheRefreshExecutor-0] HTTP GET http://localhost:8761/eureka/apps/delta
2025-04-17 22:39:05,171 DEBUG o.s.c.l.CompositeLog [DiscoveryClient-CacheRefreshExecutor-0] Accept=[application/json, application/*+json]
2025-04-17 22:39:05,171 DEBUG o.s.c.l.CompositeLog [DiscoveryClient-HeartbeatExecutor-0] Accept=[application/json, application/*+json]
2025-04-17 22:39:05,188 DEBUG o.s.c.l.CompositeLog [DiscoveryClient-CacheRefreshExecutor-0] Response 200 OK
2025-04-17 22:39:05,188 DEBUG o.s.c.l.CompositeLog [DiscoveryClient-HeartbeatExecutor-0] Response 200 OK
2025-04-17 22:39:05,189 DEBUG o.s.c.l.CompositeLog [DiscoveryClient-CacheRefreshExecutor-0] Reading to [org.springframework.cloud.netflix.eureka.http.EurekaApplications]
2025-04-17 22:39:35,202 DEBUG o.s.c.l.CompositeLog [DiscoveryClient-CacheRefreshExecutor-0] HTTP GET http://localhost:8761/eureka/apps/delta
2025-04-17 22:39:35,202 DEBUG o.s.c.l.CompositeLog [DiscoveryClient-HeartbeatExecutor-0] HTTP PUT http://localhost:8761/eureka/apps/USER-MANAGEMENT/192.168.1.4:user-management:8888?status=UP&lastDirtyTimestamp=1744897969423
2025-04-17 22:39:35,203 DEBUG o.s.c.l.CompositeLog [DiscoveryClient-HeartbeatExecutor-0] Accept=[application/json, application/*+json]
2025-04-17 22:39:35,203 DEBUG o.s.c.l.CompositeLog [DiscoveryClient-CacheRefreshExecutor-0] Accept=[application/json, application/*+json]
2025-04-17 22:39:35,218 DEBUG o.s.c.l.CompositeLog [DiscoveryClient-HeartbeatExecutor-0] Response 200 OK
2025-04-17 22:39:35,218 DEBUG o.s.c.l.CompositeLog [DiscoveryClient-CacheRefreshExecutor-0] Response 200 OK
2025-04-17 22:39:35,218 DEBUG o.s.c.l.CompositeLog [DiscoveryClient-CacheRefreshExecutor-0] Reading to [org.springframework.cloud.netflix.eureka.http.EurekaApplications]
2025-04-17 22:40:05,229 DEBUG o.s.c.l.CompositeLog [DiscoveryClient-CacheRefreshExecutor-0] HTTP GET http://localhost:8761/eureka/apps/delta
2025-04-17 22:40:05,229 DEBUG o.s.c.l.CompositeLog [DiscoveryClient-HeartbeatExecutor-0] HTTP PUT http://localhost:8761/eureka/apps/USER-MANAGEMENT/192.168.1.4:user-management:8888?status=UP&lastDirtyTimestamp=1744897969423
2025-04-17 22:40:05,229 DEBUG o.s.c.l.CompositeLog [DiscoveryClient-CacheRefreshExecutor-0] Accept=[application/json, application/*+json]
2025-04-17 22:40:05,229 DEBUG o.s.c.l.CompositeLog [DiscoveryClient-HeartbeatExecutor-0] Accept=[application/json, application/*+json]
2025-04-17 22:40:05,246 DEBUG o.s.c.l.CompositeLog [DiscoveryClient-HeartbeatExecutor-0] Response 200 OK
2025-04-17 22:40:05,246 DEBUG o.s.c.l.CompositeLog [DiscoveryClient-CacheRefreshExecutor-0] Response 200 OK
2025-04-17 22:40:05,246 DEBUG o.s.c.l.CompositeLog [DiscoveryClient-CacheRefreshExecutor-0] Reading to [org.springframework.cloud.netflix.eureka.http.EurekaApplications]
2025-04-17 22:40:35,255 DEBUG o.s.c.l.CompositeLog [DiscoveryClient-CacheRefreshExecutor-0] HTTP GET http://localhost:8761/eureka/apps/delta
2025-04-17 22:40:35,255 DEBUG o.s.c.l.CompositeLog [DiscoveryClient-HeartbeatExecutor-0] HTTP PUT http://localhost:8761/eureka/apps/USER-MANAGEMENT/192.168.1.4:user-management:8888?status=UP&lastDirtyTimestamp=1744897969423
2025-04-17 22:40:35,256 DEBUG o.s.c.l.CompositeLog [DiscoveryClient-HeartbeatExecutor-0] Accept=[application/json, application/*+json]
2025-04-17 22:40:35,256 DEBUG o.s.c.l.CompositeLog [DiscoveryClient-CacheRefreshExecutor-0] Accept=[application/json, application/*+json]
2025-04-17 22:40:35,271 DEBUG o.s.c.l.CompositeLog [DiscoveryClient-HeartbeatExecutor-0] Response 200 OK
2025-04-17 22:40:35,271 DEBUG o.s.c.l.CompositeLog [DiscoveryClient-CacheRefreshExecutor-0] Response 200 OK
2025-04-17 22:40:35,271 DEBUG o.s.c.l.CompositeLog [DiscoveryClient-CacheRefreshExecutor-0] Reading to [org.springframework.cloud.netflix.eureka.http.EurekaApplications]
2025-04-17 22:40:46,139 INFO c.n.d.s.r.a.ConfigClusterResolver [AsyncResolver-bootstrap-executor-0] Resolving eureka endpoints via configuration
2025-04-17 22:41:05,278 DEBUG o.s.c.l.CompositeLog [DiscoveryClient-HeartbeatExecutor-0] HTTP PUT http://localhost:8761/eureka/apps/USER-MANAGEMENT/192.168.1.4:user-management:8888?status=UP&lastDirtyTimestamp=1744897969423
2025-04-17 22:41:05,278 DEBUG o.s.c.l.CompositeLog [DiscoveryClient-CacheRefreshExecutor-0] HTTP GET http://localhost:8761/eureka/apps/delta
2025-04-17 22:41:05,279 DEBUG o.s.c.l.CompositeLog [DiscoveryClient-HeartbeatExecutor-0] Accept=[application/json, application/*+json]
2025-04-17 22:41:05,279 DEBUG o.s.c.l.CompositeLog [DiscoveryClient-CacheRefreshExecutor-0] Accept=[application/json, application/*+json]
2025-04-17 22:41:05,295 DEBUG o.s.c.l.CompositeLog [DiscoveryClient-CacheRefreshExecutor-0] Response 200 OK
2025-04-17 22:41:05,295 DEBUG o.s.c.l.CompositeLog [DiscoveryClient-HeartbeatExecutor-0] Response 200 OK
2025-04-17 22:41:05,295 DEBUG o.s.c.l.CompositeLog [DiscoveryClient-CacheRefreshExecutor-0] Reading to [org.springframework.cloud.netflix.eureka.http.EurekaApplications]
2025-04-17 22:41:35,301 DEBUG o.s.c.l.CompositeLog [DiscoveryClient-HeartbeatExecutor-0] HTTP PUT http://localhost:8761/eureka/apps/USER-MANAGEMENT/192.168.1.4:user-management:8888?status=UP&lastDirtyTimestamp=1744897969423
2025-04-17 22:41:35,301 DEBUG o.s.c.l.CompositeLog [DiscoveryClient-CacheRefreshExecutor-0] HTTP GET http://localhost:8761/eureka/apps/delta
2025-04-17 22:41:35,301 DEBUG o.s.c.l.CompositeLog [DiscoveryClient-HeartbeatExecutor-0] Accept=[application/json, application/*+json]
2025-04-17 22:41:35,301 DEBUG o.s.c.l.CompositeLog [DiscoveryClient-CacheRefreshExecutor-0] Accept=[application/json, application/*+json]
2025-04-17 22:41:35,317 DEBUG o.s.c.l.CompositeLog [DiscoveryClient-HeartbeatExecutor-0] Response 200 OK
2025-04-17 22:41:35,317 DEBUG o.s.c.l.CompositeLog [DiscoveryClient-CacheRefreshExecutor-0] Response 200 OK
2025-04-17 22:41:35,317 DEBUG o.s.c.l.CompositeLog [DiscoveryClient-CacheRefreshExecutor-0] Reading to [org.springframework.cloud.netflix.eureka.http.EurekaApplications]
2025-04-17 22:42:05,324 DEBUG o.s.c.l.CompositeLog [DiscoveryClient-HeartbeatExecutor-0] HTTP PUT http://localhost:8761/eureka/apps/USER-MANAGEMENT/192.168.1.4:user-management:8888?status=UP&lastDirtyTimestamp=1744897969423
2025-04-17 22:42:05,324 DEBUG o.s.c.l.CompositeLog [DiscoveryClient-CacheRefreshExecutor-0] HTTP GET http://localhost:8761/eureka/apps/delta
2025-04-17 22:42:05,325 DEBUG o.s.c.l.CompositeLog [DiscoveryClient-CacheRefreshExecutor-0] Accept=[application/json, application/*+json]
2025-04-17 22:42:05,325 DEBUG o.s.c.l.CompositeLog [DiscoveryClient-HeartbeatExecutor-0] Accept=[application/json, application/*+json]
2025-04-17 22:42:05,340 DEBUG o.s.c.l.CompositeLog [DiscoveryClient-CacheRefreshExecutor-0] Response 200 OK
2025-04-17 22:42:05,340 DEBUG o.s.c.l.CompositeLog [DiscoveryClient-HeartbeatExecutor-0] Response 200 OK
2025-04-17 22:42:05,341 DEBUG o.s.c.l.CompositeLog [DiscoveryClient-CacheRefreshExecutor-0] Reading to [org.springframework.cloud.netflix.eureka.http.EurekaApplications]
2025-04-17 22:42:35,351 DEBUG o.s.c.l.CompositeLog [DiscoveryClient-CacheRefreshExecutor-0] HTTP GET http://localhost:8761/eureka/apps/delta
2025-04-17 22:42:35,351 DEBUG o.s.c.l.CompositeLog [DiscoveryClient-HeartbeatExecutor-0] HTTP PUT http://localhost:8761/eureka/apps/USER-MANAGEMENT/192.168.1.4:user-management:8888?status=UP&lastDirtyTimestamp=1744897969423
2025-04-17 22:42:35,351 DEBUG o.s.c.l.CompositeLog [DiscoveryClient-HeartbeatExecutor-0] Accept=[application/json, application/*+json]
2025-04-17 22:42:35,351 DEBUG o.s.c.l.CompositeLog [DiscoveryClient-CacheRefreshExecutor-0] Accept=[application/json, application/*+json]
2025-04-17 22:42:35,366 DEBUG o.s.c.l.CompositeLog [DiscoveryClient-CacheRefreshExecutor-0] Response 200 OK
2025-04-17 22:42:35,366 DEBUG o.s.c.l.CompositeLog [DiscoveryClient-HeartbeatExecutor-0] Response 200 OK
2025-04-17 22:42:35,366 DEBUG o.s.c.l.CompositeLog [DiscoveryClient-CacheRefreshExecutor-0] Reading to [org.springframework.cloud.netflix.eureka.http.EurekaApplications]
2025-04-17 22:43:05,378 DEBUG o.s.c.l.CompositeLog [DiscoveryClient-CacheRefreshExecutor-0] HTTP GET http://localhost:8761/eureka/apps/delta
2025-04-17 22:43:05,378 DEBUG o.s.c.l.CompositeLog [DiscoveryClient-HeartbeatExecutor-0] HTTP PUT http://localhost:8761/eureka/apps/USER-MANAGEMENT/192.168.1.4:user-management:8888?status=UP&lastDirtyTimestamp=1744897969423
2025-04-17 22:43:05,379 DEBUG o.s.c.l.CompositeLog [DiscoveryClient-CacheRefreshExecutor-0] Accept=[application/json, application/*+json]
2025-04-17 22:43:05,379 DEBUG o.s.c.l.CompositeLog [DiscoveryClient-HeartbeatExecutor-0] Accept=[application/json, application/*+json]
2025-04-17 22:43:05,393 DEBUG o.s.c.l.CompositeLog [DiscoveryClient-CacheRefreshExecutor-0] Response 200 OK
2025-04-17 22:43:05,393 DEBUG o.s.c.l.CompositeLog [DiscoveryClient-HeartbeatExecutor-0] Response 200 OK
2025-04-17 22:43:05,393 DEBUG o.s.c.l.CompositeLog [DiscoveryClient-CacheRefreshExecutor-0] Reading to [org.springframework.cloud.netflix.eureka.http.EurekaApplications]
2025-04-17 22:43:35,404 DEBUG o.s.c.l.CompositeLog [DiscoveryClient-CacheRefreshExecutor-0] HTTP GET http://localhost:8761/eureka/apps/delta
2025-04-17 22:43:35,404 DEBUG o.s.c.l.CompositeLog [DiscoveryClient-HeartbeatExecutor-0] HTTP PUT http://localhost:8761/eureka/apps/USER-MANAGEMENT/192.168.1.4:user-management:8888?status=UP&lastDirtyTimestamp=1744897969423
2025-04-17 22:43:35,405 DEBUG o.s.c.l.CompositeLog [DiscoveryClient-HeartbeatExecutor-0] Accept=[application/json, application/*+json]
2025-04-17 22:43:35,405 DEBUG o.s.c.l.CompositeLog [DiscoveryClient-CacheRefreshExecutor-0] Accept=[application/json, application/*+json]
2025-04-17 22:43:35,421 DEBUG o.s.c.l.CompositeLog [DiscoveryClient-HeartbeatExecutor-0] Response 200 OK
2025-04-17 22:43:35,421 DEBUG o.s.c.l.CompositeLog [DiscoveryClient-CacheRefreshExecutor-0] Response 200 OK
2025-04-17 22:43:35,421 DEBUG o.s.c.l.CompositeLog [DiscoveryClient-CacheRefreshExecutor-0] Reading to [org.springframework.cloud.netflix.eureka.http.EurekaApplications]
2025-04-17 22:44:05,427 DEBUG o.s.c.l.CompositeLog [DiscoveryClient-HeartbeatExecutor-0] HTTP PUT http://localhost:8761/eureka/apps/USER-MANAGEMENT/192.168.1.4:user-management:8888?status=UP&lastDirtyTimestamp=1744897969423
2025-04-17 22:44:05,427 DEBUG o.s.c.l.CompositeLog [DiscoveryClient-CacheRefreshExecutor-0] HTTP GET http://localhost:8761/eureka/apps/delta
2025-04-17 22:44:05,428 DEBUG o.s.c.l.CompositeLog [DiscoveryClient-HeartbeatExecutor-0] Accept=[application/json, application/*+json]
2025-04-17 22:44:05,428 DEBUG o.s.c.l.CompositeLog [DiscoveryClient-CacheRefreshExecutor-0] Accept=[application/json, application/*+json]
2025-04-17 22:44:05,444 DEBUG o.s.c.l.CompositeLog [DiscoveryClient-CacheRefreshExecutor-0] Response 200 OK
2025-04-17 22:44:05,444 DEBUG o.s.c.l.CompositeLog [DiscoveryClient-HeartbeatExecutor-0] Response 200 OK
2025-04-17 22:44:05,444 DEBUG o.s.c.l.CompositeLog [DiscoveryClient-CacheRefreshExecutor-0] Reading to [org.springframework.cloud.netflix.eureka.http.EurekaApplications]
2025-04-17 22:44:35,454 DEBUG o.s.c.l.CompositeLog [DiscoveryClient-HeartbeatExecutor-0] HTTP PUT http://localhost:8761/eureka/apps/USER-MANAGEMENT/192.168.1.4:user-management:8888?status=UP&lastDirtyTimestamp=1744897969423
2025-04-17 22:44:35,454 DEBUG o.s.c.l.CompositeLog [DiscoveryClient-CacheRefreshExecutor-0] HTTP GET http://localhost:8761/eureka/apps/delta
2025-04-17 22:44:35,455 DEBUG o.s.c.l.CompositeLog [DiscoveryClient-HeartbeatExecutor-0] Accept=[application/json, application/*+json]
2025-04-17 22:44:35,455 DEBUG o.s.c.l.CompositeLog [DiscoveryClient-CacheRefreshExecutor-0] Accept=[application/json, application/*+json]
2025-04-17 22:44:35,470 DEBUG o.s.c.l.CompositeLog [DiscoveryClient-CacheRefreshExecutor-0] Response 200 OK
2025-04-17 22:44:35,470 DEBUG o.s.c.l.CompositeLog [DiscoveryClient-HeartbeatExecutor-0] Response 200 OK
2025-04-17 22:44:35,470 DEBUG o.s.c.l.CompositeLog [DiscoveryClient-CacheRefreshExecutor-0] Reading to [org.springframework.cloud.netflix.eureka.http.EurekaApplications]
2025-04-17 22:45:05,486 DEBUG o.s.c.l.CompositeLog [DiscoveryClient-CacheRefreshExecutor-0] HTTP GET http://localhost:8761/eureka/apps/delta
2025-04-17 22:45:05,486 DEBUG o.s.c.l.CompositeLog [DiscoveryClient-HeartbeatExecutor-0] HTTP PUT http://localhost:8761/eureka/apps/USER-MANAGEMENT/192.168.1.4:user-management:8888?status=UP&lastDirtyTimestamp=1744897969423
2025-04-17 22:45:05,486 DEBUG o.s.c.l.CompositeLog [DiscoveryClient-HeartbeatExecutor-0] Accept=[application/json, application/*+json]
2025-04-17 22:45:05,486 DEBUG o.s.c.l.CompositeLog [DiscoveryClient-CacheRefreshExecutor-0] Accept=[application/json, application/*+json]
2025-04-17 22:45:05,502 DEBUG o.s.c.l.CompositeLog [DiscoveryClient-HeartbeatExecutor-0] Response 200 OK
2025-04-17 22:45:05,502 DEBUG o.s.c.l.CompositeLog [DiscoveryClient-CacheRefreshExecutor-0] Response 200 OK
2025-04-17 22:45:05,502 DEBUG o.s.c.l.CompositeLog [DiscoveryClient-CacheRefreshExecutor-0] Reading to [org.springframework.cloud.netflix.eureka.http.EurekaApplications]
2025-04-17 22:45:35,516 DEBUG o.s.c.l.CompositeLog [DiscoveryClient-CacheRefreshExecutor-0] HTTP GET http://localhost:8761/eureka/apps/delta
2025-04-17 22:45:35,516 DEBUG o.s.c.l.CompositeLog [DiscoveryClient-HeartbeatExecutor-0] HTTP PUT http://localhost:8761/eureka/apps/USER-MANAGEMENT/192.168.1.4:user-management:8888?status=UP&lastDirtyTimestamp=1744897969423
2025-04-17 22:45:35,516 DEBUG o.s.c.l.CompositeLog [DiscoveryClient-CacheRefreshExecutor-0] Accept=[application/json, application/*+json]
2025-04-17 22:45:35,516 DEBUG o.s.c.l.CompositeLog [DiscoveryClient-HeartbeatExecutor-0] Accept=[application/json, application/*+json]
2025-04-17 22:45:35,533 DEBUG o.s.c.l.CompositeLog [DiscoveryClient-HeartbeatExecutor-0] Response 200 OK
2025-04-17 22:45:35,533 DEBUG o.s.c.l.CompositeLog [DiscoveryClient-CacheRefreshExecutor-0] Response 200 OK
2025-04-17 22:45:35,533 DEBUG o.s.c.l.CompositeLog [DiscoveryClient-CacheRefreshExecutor-0] Reading to [org.springframework.cloud.netflix.eureka.http.EurekaApplications]
2025-04-17 22:45:46,153 INFO c.n.d.s.r.a.ConfigClusterResolver [AsyncResolver-bootstrap-executor-0] Resolving eureka endpoints via configuration
2025-04-17 22:46:05,544 DEBUG o.s.c.l.CompositeLog [DiscoveryClient-CacheRefreshExecutor-0] HTTP GET http://localhost:8761/eureka/apps/delta
2025-04-17 22:46:05,544 DEBUG o.s.c.l.CompositeLog [DiscoveryClient-HeartbeatExecutor-0] HTTP PUT http://localhost:8761/eureka/apps/USER-MANAGEMENT/192.168.1.4:user-management:8888?status=UP&lastDirtyTimestamp=1744897969423
2025-04-17 22:46:05,544 DEBUG o.s.c.l.CompositeLog [DiscoveryClient-HeartbeatExecutor-0] Accept=[application/json, application/*+json]
2025-04-17 22:46:05,544 DEBUG o.s.c.l.CompositeLog [DiscoveryClient-CacheRefreshExecutor-0] Accept=[application/json, application/*+json]
2025-04-17 22:46:05,559 DEBUG o.s.c.l.CompositeLog [DiscoveryClient-CacheRefreshExecutor-0] Response 200 OK
2025-04-17 22:46:05,559 DEBUG o.s.c.l.CompositeLog [DiscoveryClient-HeartbeatExecutor-0] Response 200 OK
2025-04-17 22:46:05,560 DEBUG o.s.c.l.CompositeLog [DiscoveryClient-CacheRefreshExecutor-0] Reading to [org.springframework.cloud.netflix.eureka.http.EurekaApplications]
2025-04-17 22:46:35,575 DEBUG o.s.c.l.CompositeLog [DiscoveryClient-CacheRefreshExecutor-0] HTTP GET http://localhost:8761/eureka/apps/delta
2025-04-17 22:46:35,575 DEBUG o.s.c.l.CompositeLog [DiscoveryClient-HeartbeatExecutor-0] HTTP PUT http://localhost:8761/eureka/apps/USER-MANAGEMENT/192.168.1.4:user-management:8888?status=UP&lastDirtyTimestamp=1744897969423
2025-04-17 22:46:35,576 DEBUG o.s.c.l.CompositeLog [DiscoveryClient-CacheRefreshExecutor-0] Accept=[application/json, application/*+json]
2025-04-17 22:46:35,576 DEBUG o.s.c.l.CompositeLog [DiscoveryClient-HeartbeatExecutor-0] Accept=[application/json, application/*+json]
2025-04-17 22:46:35,592 DEBUG o.s.c.l.CompositeLog [DiscoveryClient-CacheRefreshExecutor-0] Response 200 OK
2025-04-17 22:46:35,592 DEBUG o.s.c.l.CompositeLog [DiscoveryClient-CacheRefreshExecutor-0] Reading to [org.springframework.cloud.netflix.eureka.http.EurekaApplications]
2025-04-17 22:46:35,593 DEBUG o.s.c.l.CompositeLog [DiscoveryClient-HeartbeatExecutor-0] Response 200 OK
2025-04-17 22:47:05,604 DEBUG o.s.c.l.CompositeLog [DiscoveryClient-HeartbeatExecutor-0] HTTP PUT http://localhost:8761/eureka/apps/USER-MANAGEMENT/192.168.1.4:user-management:8888?status=UP&lastDirtyTimestamp=1744897969423
2025-04-17 22:47:05,604 DEBUG o.s.c.l.CompositeLog [DiscoveryClient-CacheRefreshExecutor-0] HTTP GET http://localhost:8761/eureka/apps/delta
2025-04-17 22:47:05,604 DEBUG o.s.c.l.CompositeLog [DiscoveryClient-CacheRefreshExecutor-0] Accept=[application/json, application/*+json]
2025-04-17 22:47:05,604 DEBUG o.s.c.l.CompositeLog [DiscoveryClient-HeartbeatExecutor-0] Accept=[application/json, application/*+json]
2025-04-17 22:47:05,620 DEBUG o.s.c.l.CompositeLog [DiscoveryClient-CacheRefreshExecutor-0] Response 200 OK
2025-04-17 22:47:05,620 DEBUG o.s.c.l.CompositeLog [DiscoveryClient-HeartbeatExecutor-0] Response 200 OK
2025-04-17 22:47:05,620 DEBUG o.s.c.l.CompositeLog [DiscoveryClient-CacheRefreshExecutor-0] Reading to [org.springframework.cloud.netflix.eureka.http.EurekaApplications]
2025-04-17 22:47:35,624 DEBUG o.s.c.l.CompositeLog [DiscoveryClient-CacheRefreshExecutor-0] HTTP GET http://localhost:8761/eureka/apps/delta
2025-04-17 22:47:35,624 DEBUG o.s.c.l.CompositeLog [DiscoveryClient-HeartbeatExecutor-0] HTTP PUT http://localhost:8761/eureka/apps/USER-MANAGEMENT/192.168.1.4:user-management:8888?status=UP&lastDirtyTimestamp=1744897969423
2025-04-17 22:47:35,625 DEBUG o.s.c.l.CompositeLog [DiscoveryClient-CacheRefreshExecutor-0] Accept=[application/json, application/*+json]
2025-04-17 22:47:35,625 DEBUG o.s.c.l.CompositeLog [DiscoveryClient-HeartbeatExecutor-0] Accept=[application/json, application/*+json]
2025-04-17 22:47:35,641 DEBUG o.s.c.l.CompositeLog [DiscoveryClient-HeartbeatExecutor-0] Response 200 OK
2025-04-17 22:47:35,641 DEBUG o.s.c.l.CompositeLog [DiscoveryClient-CacheRefreshExecutor-0] Response 200 OK
2025-04-17 22:47:35,641 DEBUG o.s.c.l.CompositeLog [DiscoveryClient-CacheRefreshExecutor-0] Reading to [org.springframework.cloud.netflix.eureka.http.EurekaApplications]
2025-04-17 22:48:05,653 DEBUG o.s.c.l.CompositeLog [DiscoveryClient-CacheRefreshExecutor-0] HTTP GET http://localhost:8761/eureka/apps/delta
2025-04-17 22:48:05,653 DEBUG o.s.c.l.CompositeLog [DiscoveryClient-HeartbeatExecutor-0] HTTP PUT http://localhost:8761/eureka/apps/USER-MANAGEMENT/192.168.1.4:user-management:8888?status=UP&lastDirtyTimestamp=1744897969423
2025-04-17 22:48:05,654 DEBUG o.s.c.l.CompositeLog [DiscoveryClient-HeartbeatExecutor-0] Accept=[application/json, application/*+json]
2025-04-17 22:48:05,654 DEBUG o.s.c.l.CompositeLog [DiscoveryClient-CacheRefreshExecutor-0] Accept=[application/json, application/*+json]
2025-04-17 22:48:05,670 DEBUG o.s.c.l.CompositeLog [DiscoveryClient-HeartbeatExecutor-0] Response 200 OK
2025-04-17 22:48:05,670 DEBUG o.s.c.l.CompositeLog [DiscoveryClient-CacheRefreshExecutor-0] Response 200 OK
2025-04-17 22:48:05,670 DEBUG o.s.c.l.CompositeLog [DiscoveryClient-CacheRefreshExecutor-0] Reading to [org.springframework.cloud.netflix.eureka.http.EurekaApplications]
2025-04-17 22:48:35,683 DEBUG o.s.c.l.CompositeLog [DiscoveryClient-HeartbeatExecutor-0] HTTP PUT http://localhost:8761/eureka/apps/USER-MANAGEMENT/192.168.1.4:user-management:8888?status=UP&lastDirtyTimestamp=1744897969423
2025-04-17 22:48:35,683 DEBUG o.s.c.l.CompositeLog [DiscoveryClient-CacheRefreshExecutor-0] HTTP GET http://localhost:8761/eureka/apps/delta
2025-04-17 22:48:35,683 DEBUG o.s.c.l.CompositeLog [DiscoveryClient-CacheRefreshExecutor-0] Accept=[application/json, application/*+json]
2025-04-17 22:48:35,683 DEBUG o.s.c.l.CompositeLog [DiscoveryClient-HeartbeatExecutor-0] Accept=[application/json, application/*+json]
2025-04-17 22:48:35,699 DEBUG o.s.c.l.CompositeLog [DiscoveryClient-CacheRefreshExecutor-0] Response 200 OK
2025-04-17 22:48:35,699 DEBUG o.s.c.l.CompositeLog [DiscoveryClient-HeartbeatExecutor-0] Response 200 OK
2025-04-17 22:48:35,699 DEBUG o.s.c.l.CompositeLog [DiscoveryClient-CacheRefreshExecutor-0] Reading to [org.springframework.cloud.netflix.eureka.http.EurekaApplications]
2025-04-17 22:49:05,706 DEBUG o.s.c.l.CompositeLog [DiscoveryClient-CacheRefreshExecutor-0] HTTP GET http://localhost:8761/eureka/apps/delta
2025-04-17 22:49:05,707 DEBUG o.s.c.l.CompositeLog [DiscoveryClient-CacheRefreshExecutor-0] Accept=[application/json, application/*+json]
2025-04-17 22:49:05,711 DEBUG o.s.c.l.CompositeLog [DiscoveryClient-HeartbeatExecutor-0] HTTP PUT http://localhost:8761/eureka/apps/USER-MANAGEMENT/192.168.1.4:user-management:8888?status=UP&lastDirtyTimestamp=1744897969423
2025-04-17 22:49:05,717 DEBUG o.s.c.l.CompositeLog [DiscoveryClient-HeartbeatExecutor-0] Accept=[application/json, application/*+json]
2025-04-17 22:49:05,722 DEBUG o.s.c.l.CompositeLog [DiscoveryClient-CacheRefreshExecutor-0] Response 200 OK
2025-04-17 22:49:05,722 DEBUG o.s.c.l.CompositeLog [DiscoveryClient-HeartbeatExecutor-0] Response 200 OK
2025-04-17 22:49:05,722 DEBUG o.s.c.l.CompositeLog [DiscoveryClient-CacheRefreshExecutor-0] Reading to [org.springframework.cloud.netflix.eureka.http.EurekaApplications]
2025-04-17 22:49:35,729 DEBUG o.s.c.l.CompositeLog [DiscoveryClient-CacheRefreshExecutor-0] HTTP GET http://localhost:8761/eureka/apps/delta
2025-04-17 22:49:35,729 DEBUG o.s.c.l.CompositeLog [DiscoveryClient-HeartbeatExecutor-0] HTTP PUT http://localhost:8761/eureka/apps/USER-MANAGEMENT/192.168.1.4:user-management:8888?status=UP&lastDirtyTimestamp=1744897969423
2025-04-17 22:49:35,729 DEBUG o.s.c.l.CompositeLog [DiscoveryClient-HeartbeatExecutor-0] Accept=[application/json, application/*+json]
2025-04-17 22:49:35,729 DEBUG o.s.c.l.CompositeLog [DiscoveryClient-CacheRefreshExecutor-0] Accept=[application/json, application/*+json]
2025-04-17 22:49:35,746 DEBUG o.s.c.l.CompositeLog [DiscoveryClient-HeartbeatExecutor-0] Response 200 OK
2025-04-17 22:49:35,746 DEBUG o.s.c.l.CompositeLog [DiscoveryClient-CacheRefreshExecutor-0] Response 200 OK
2025-04-17 22:49:35,746 DEBUG o.s.c.l.CompositeLog [DiscoveryClient-CacheRefreshExecutor-0] Reading to [org.springframework.cloud.netflix.eureka.http.EurekaApplications]
2025-04-17 22:50:05,746 DEBUG o.s.c.l.CompositeLog [DiscoveryClient-HeartbeatExecutor-0] HTTP PUT http://localhost:8761/eureka/apps/USER-MANAGEMENT/192.168.1.4:user-management:8888?status=UP&lastDirtyTimestamp=1744897969423
2025-04-17 22:50:05,746 DEBUG o.s.c.l.CompositeLog [DiscoveryClient-HeartbeatExecutor-0] Accept=[application/json, application/*+json]
2025-04-17 22:50:05,762 DEBUG o.s.c.l.CompositeLog [DiscoveryClient-CacheRefreshExecutor-0] HTTP GET http://localhost:8761/eureka/apps/delta
2025-04-17 22:50:05,763 DEBUG o.s.c.l.CompositeLog [DiscoveryClient-CacheRefreshExecutor-0] Accept=[application/json, application/*+json]
2025-04-17 22:50:05,764 DEBUG o.s.c.l.CompositeLog [DiscoveryClient-HeartbeatExecutor-0] Response 200 OK
2025-04-17 22:50:05,779 DEBUG o.s.c.l.CompositeLog [DiscoveryClient-CacheRefreshExecutor-0] Response 200 OK
2025-04-17 22:50:05,779 DEBUG o.s.c.l.CompositeLog [DiscoveryClient-CacheRefreshExecutor-0] Reading to [org.springframework.cloud.netflix.eureka.http.EurekaApplications]
2025-04-17 22:50:35,766 DEBUG o.s.c.l.CompositeLog [DiscoveryClient-HeartbeatExecutor-0] HTTP PUT http://localhost:8761/eureka/apps/USER-MANAGEMENT/192.168.1.4:user-management:8888?status=UP&lastDirtyTimestamp=1744897969423
2025-04-17 22:50:35,766 DEBUG o.s.c.l.CompositeLog [DiscoveryClient-HeartbeatExecutor-0] Accept=[application/json, application/*+json]
2025-04-17 22:50:35,781 DEBUG o.s.c.l.CompositeLog [DiscoveryClient-CacheRefreshExecutor-0] HTTP GET http://localhost:8761/eureka/apps/delta
2025-04-17 22:50:35,781 DEBUG o.s.c.l.CompositeLog [DiscoveryClient-CacheRefreshExecutor-0] Accept=[application/json, application/*+json]
2025-04-17 22:50:35,782 DEBUG o.s.c.l.CompositeLog [DiscoveryClient-HeartbeatExecutor-0] Response 200 OK
2025-04-17 22:50:35,797 DEBUG o.s.c.l.CompositeLog [DiscoveryClient-CacheRefreshExecutor-0] Response 200 OK
2025-04-17 22:50:35,797 DEBUG o.s.c.l.CompositeLog [DiscoveryClient-CacheRefreshExecutor-0] Reading to [org.springframework.cloud.netflix.eureka.http.EurekaApplications]
2025-04-17 22:50:46,159 INFO c.n.d.s.r.a.ConfigClusterResolver [AsyncResolver-bootstrap-executor-0] Resolving eureka endpoints via configuration
2025-04-17 22:51:05,796 DEBUG o.s.c.l.CompositeLog [DiscoveryClient-HeartbeatExecutor-0] HTTP PUT http://localhost:8761/eureka/apps/USER-MANAGEMENT/192.168.1.4:user-management:8888?status=UP&lastDirtyTimestamp=1744897969423
2025-04-17 22:51:05,797 DEBUG o.s.c.l.CompositeLog [DiscoveryClient-HeartbeatExecutor-0] Accept=[application/json, application/*+json]
2025-04-17 22:51:05,812 DEBUG o.s.c.l.CompositeLog [DiscoveryClient-CacheRefreshExecutor-0] HTTP GET http://localhost:8761/eureka/apps/delta
2025-04-17 22:51:05,812 DEBUG o.s.c.l.CompositeLog [DiscoveryClient-CacheRefreshExecutor-0] Accept=[application/json, application/*+json]
2025-04-17 22:51:05,813 DEBUG o.s.c.l.CompositeLog [DiscoveryClient-HeartbeatExecutor-0] Response 200 OK
2025-04-17 22:51:05,828 DEBUG o.s.c.l.CompositeLog [DiscoveryClient-CacheRefreshExecutor-0] Response 200 OK
2025-04-17 22:51:05,828 DEBUG o.s.c.l.CompositeLog [DiscoveryClient-CacheRefreshExecutor-0] Reading to [org.springframework.cloud.netflix.eureka.http.EurekaApplications]
2025-04-17 22:51:35,829 DEBUG o.s.c.l.CompositeLog [DiscoveryClient-CacheRefreshExecutor-0] HTTP GET http://localhost:8761/eureka/apps/delta
2025-04-17 22:51:35,829 DEBUG o.s.c.l.CompositeLog [DiscoveryClient-HeartbeatExecutor-0] HTTP PUT http://localhost:8761/eureka/apps/USER-MANAGEMENT/192.168.1.4:user-management:8888?status=UP&lastDirtyTimestamp=1744897969423
2025-04-17 22:51:35,829 DEBUG o.s.c.l.CompositeLog [DiscoveryClient-HeartbeatExecutor-0] Accept=[application/json, application/*+json]
2025-04-17 22:51:35,829 DEBUG o.s.c.l.CompositeLog [DiscoveryClient-CacheRefreshExecutor-0] Accept=[application/json, application/*+json]
2025-04-17 22:51:35,845 DEBUG o.s.c.l.CompositeLog [DiscoveryClient-CacheRefreshExecutor-0] Response 200 OK
2025-04-17 22:51:35,845 DEBUG o.s.c.l.CompositeLog [DiscoveryClient-HeartbeatExecutor-0] Response 200 OK
2025-04-17 22:51:35,845 DEBUG o.s.c.l.CompositeLog [DiscoveryClient-CacheRefreshExecutor-0] Reading to [org.springframework.cloud.netflix.eureka.http.EurekaApplications]
2025-04-17 22:52:05,857 DEBUG o.s.c.l.CompositeLog [DiscoveryClient-HeartbeatExecutor-0] HTTP PUT http://localhost:8761/eureka/apps/USER-MANAGEMENT/192.168.1.4:user-management:8888?status=UP&lastDirtyTimestamp=1744897969423
2025-04-17 22:52:05,857 DEBUG o.s.c.l.CompositeLog [DiscoveryClient-CacheRefreshExecutor-0] HTTP GET http://localhost:8761/eureka/apps/delta
2025-04-17 22:52:05,857 DEBUG o.s.c.l.CompositeLog [DiscoveryClient-HeartbeatExecutor-0] Accept=[application/json, application/*+json]
2025-04-17 22:52:05,857 DEBUG o.s.c.l.CompositeLog [DiscoveryClient-CacheRefreshExecutor-0] Accept=[application/json, application/*+json]
2025-04-17 22:52:05,873 DEBUG o.s.c.l.CompositeLog [DiscoveryClient-CacheRefreshExecutor-0] Response 200 OK
2025-04-17 22:52:05,873 DEBUG o.s.c.l.CompositeLog [DiscoveryClient-HeartbeatExecutor-0] Response 200 OK
2025-04-17 22:52:05,874 DEBUG o.s.c.l.CompositeLog [DiscoveryClient-CacheRefreshExecutor-0] Reading to [org.springframework.cloud.netflix.eureka.http.EurekaApplications]
2025-04-17 22:52:35,878 DEBUG o.s.c.l.CompositeLog [DiscoveryClient-CacheRefreshExecutor-0] HTTP GET http://localhost:8761/eureka/apps/delta
2025-04-17 22:52:35,878 DEBUG o.s.c.l.CompositeLog [DiscoveryClient-HeartbeatExecutor-0] HTTP PUT http://localhost:8761/eureka/apps/USER-MANAGEMENT/192.168.1.4:user-management:8888?status=UP&lastDirtyTimestamp=1744897969423
2025-04-17 22:52:35,878 DEBUG o.s.c.l.CompositeLog [DiscoveryClient-HeartbeatExecutor-0] Accept=[application/json, application/*+json]
2025-04-17 22:52:35,878 DEBUG o.s.c.l.CompositeLog [DiscoveryClient-CacheRefreshExecutor-0] Accept=[application/json, application/*+json]
2025-04-17 22:52:35,894 DEBUG o.s.c.l.CompositeLog [DiscoveryClient-CacheRefreshExecutor-0] Response 200 OK
2025-04-17 22:52:35,895 DEBUG o.s.c.l.CompositeLog [DiscoveryClient-CacheRefreshExecutor-0] Reading to [org.springframework.cloud.netflix.eureka.http.EurekaApplications]
2025-04-17 22:52:35,895 DEBUG o.s.c.l.CompositeLog [DiscoveryClient-HeartbeatExecutor-0] Response 200 OK
2025-04-17 22:53:05,902 DEBUG o.s.c.l.CompositeLog [DiscoveryClient-CacheRefreshExecutor-0] HTTP GET http://localhost:8761/eureka/apps/delta
2025-04-17 22:53:05,902 DEBUG o.s.c.l.CompositeLog [DiscoveryClient-HeartbeatExecutor-0] HTTP PUT http://localhost:8761/eureka/apps/USER-MANAGEMENT/192.168.1.4:user-management:8888?status=UP&lastDirtyTimestamp=1744897969423
2025-04-17 22:53:05,902 DEBUG o.s.c.l.CompositeLog [DiscoveryClient-CacheRefreshExecutor-0] Accept=[application/json, application/*+json]
2025-04-17 22:53:05,902 DEBUG o.s.c.l.CompositeLog [DiscoveryClient-HeartbeatExecutor-0] Accept=[application/json, application/*+json]
2025-04-17 22:53:05,919 DEBUG o.s.c.l.CompositeLog [DiscoveryClient-CacheRefreshExecutor-0] Response 200 OK
2025-04-17 22:53:05,919 DEBUG o.s.c.l.CompositeLog [DiscoveryClient-HeartbeatExecutor-0] Response 200 OK
2025-04-17 22:53:05,919 DEBUG o.s.c.l.CompositeLog [DiscoveryClient-CacheRefreshExecutor-0] Reading to [org.springframework.cloud.netflix.eureka.http.EurekaApplications]
2025-04-17 22:53:35,925 DEBUG o.s.c.l.CompositeLog [DiscoveryClient-HeartbeatExecutor-0] HTTP PUT http://localhost:8761/eureka/apps/USER-MANAGEMENT/192.168.1.4:user-management:8888?status=UP&lastDirtyTimestamp=1744897969423
2025-04-17 22:53:35,925 DEBUG o.s.c.l.CompositeLog [DiscoveryClient-CacheRefreshExecutor-0] HTTP GET http://localhost:8761/eureka/apps/delta
2025-04-17 22:53:35,925 DEBUG o.s.c.l.CompositeLog [DiscoveryClient-HeartbeatExecutor-0] Accept=[application/json, application/*+json]
2025-04-17 22:53:35,925 DEBUG o.s.c.l.CompositeLog [DiscoveryClient-CacheRefreshExecutor-0] Accept=[application/json, application/*+json]
2025-04-17 22:53:35,942 DEBUG o.s.c.l.CompositeLog [DiscoveryClient-HeartbeatExecutor-0] Response 200 OK
2025-04-17 22:53:35,942 DEBUG o.s.c.l.CompositeLog [DiscoveryClient-CacheRefreshExecutor-0] Response 200 OK
2025-04-17 22:53:35,942 DEBUG o.s.c.l.CompositeLog [DiscoveryClient-CacheRefreshExecutor-0] Reading to [org.springframework.cloud.netflix.eureka.http.EurekaApplications]
2025-04-17 22:54:05,943 DEBUG o.s.c.l.CompositeLog [DiscoveryClient-CacheRefreshExecutor-0] HTTP GET http://localhost:8761/eureka/apps/delta
2025-04-17 22:54:05,943 DEBUG o.s.c.l.CompositeLog [DiscoveryClient-HeartbeatExecutor-0] HTTP PUT http://localhost:8761/eureka/apps/USER-MANAGEMENT/192.168.1.4:user-management:8888?status=UP&lastDirtyTimestamp=1744897969423
2025-04-17 22:54:05,943 DEBUG o.s.c.l.CompositeLog [DiscoveryClient-CacheRefreshExecutor-0] Accept=[application/json, application/*+json]
2025-04-17 22:54:05,944 DEBUG o.s.c.l.CompositeLog [DiscoveryClient-HeartbeatExecutor-0] Accept=[application/json, application/*+json]
2025-04-17 22:54:05,960 DEBUG o.s.c.l.CompositeLog [DiscoveryClient-HeartbeatExecutor-0] Response 200 OK
2025-04-17 22:54:05,960 DEBUG o.s.c.l.CompositeLog [DiscoveryClient-CacheRefreshExecutor-0] Response 200 OK
2025-04-17 22:54:05,960 DEBUG o.s.c.l.CompositeLog [DiscoveryClient-CacheRefreshExecutor-0] Reading to [org.springframework.cloud.netflix.eureka.http.EurekaApplications]
2025-04-17 22:54:35,964 DEBUG o.s.c.l.CompositeLog [DiscoveryClient-CacheRefreshExecutor-0] HTTP GET http://localhost:8761/eureka/apps/delta
2025-04-17 22:54:35,964 DEBUG o.s.c.l.CompositeLog [DiscoveryClient-HeartbeatExecutor-0] HTTP PUT http://localhost:8761/eureka/apps/USER-MANAGEMENT/192.168.1.4:user-management:8888?status=UP&lastDirtyTimestamp=1744897969423
2025-04-17 22:54:35,965 DEBUG o.s.c.l.CompositeLog [DiscoveryClient-CacheRefreshExecutor-0] Accept=[application/json, application/*+json]
2025-04-17 22:54:35,965 DEBUG o.s.c.l.CompositeLog [DiscoveryClient-HeartbeatExecutor-0] Accept=[application/json, application/*+json]
2025-04-17 22:54:35,981 DEBUG o.s.c.l.CompositeLog [DiscoveryClient-CacheRefreshExecutor-0] Response 200 OK
2025-04-17 22:54:35,981 DEBUG o.s.c.l.CompositeLog [DiscoveryClient-HeartbeatExecutor-0] Response 200 OK
2025-04-17 22:54:35,982 DEBUG o.s.c.l.CompositeLog [DiscoveryClient-CacheRefreshExecutor-0] Reading to [org.springframework.cloud.netflix.eureka.http.EurekaApplications]
2025-04-17 22:55:05,985 DEBUG o.s.c.l.CompositeLog [DiscoveryClient-HeartbeatExecutor-0] HTTP PUT http://localhost:8761/eureka/apps/USER-MANAGEMENT/192.168.1.4:user-management:8888?status=UP&lastDirtyTimestamp=1744897969423
2025-04-17 22:55:05,985 DEBUG o.s.c.l.CompositeLog [DiscoveryClient-CacheRefreshExecutor-0] HTTP GET http://localhost:8761/eureka/apps/delta
2025-04-17 22:55:05,986 DEBUG o.s.c.l.CompositeLog [DiscoveryClient-HeartbeatExecutor-0] Accept=[application/json, application/*+json]
2025-04-17 22:55:05,986 DEBUG o.s.c.l.CompositeLog [DiscoveryClient-CacheRefreshExecutor-0] Accept=[application/json, application/*+json]
2025-04-17 22:55:06,002 DEBUG o.s.c.l.CompositeLog [DiscoveryClient-CacheRefreshExecutor-0] Response 200 OK
2025-04-17 22:55:06,002 DEBUG o.s.c.l.CompositeLog [DiscoveryClient-HeartbeatExecutor-0] Response 200 OK
2025-04-17 22:55:06,002 DEBUG o.s.c.l.CompositeLog [DiscoveryClient-CacheRefreshExecutor-0] Reading to [org.springframework.cloud.netflix.eureka.http.EurekaApplications]
2025-04-17 22:55:36,012 DEBUG o.s.c.l.CompositeLog [DiscoveryClient-HeartbeatExecutor-0] HTTP PUT http://localhost:8761/eureka/apps/USER-MANAGEMENT/192.168.1.4:user-management:8888?status=UP&lastDirtyTimestamp=1744897969423
2025-04-17 22:55:36,013 DEBUG o.s.c.l.CompositeLog [DiscoveryClient-HeartbeatExecutor-0] Accept=[application/json, application/*+json]
2025-04-17 22:55:36,016 DEBUG o.s.c.l.CompositeLog [DiscoveryClient-CacheRefreshExecutor-0] HTTP GET http://localhost:8761/eureka/apps/delta
2025-04-17 22:55:36,022 DEBUG o.s.c.l.CompositeLog [DiscoveryClient-CacheRefreshExecutor-0] Accept=[application/json, application/*+json]
2025-04-17 22:55:36,026 DEBUG o.s.c.l.CompositeLog [DiscoveryClient-CacheRefreshExecutor-0] Response 200 OK
2025-04-17 22:55:36,027 DEBUG o.s.c.l.CompositeLog [DiscoveryClient-CacheRefreshExecutor-0] Reading to [org.springframework.cloud.netflix.eureka.http.EurekaApplications]
2025-04-17 22:55:36,029 DEBUG o.s.c.l.CompositeLog [DiscoveryClient-HeartbeatExecutor-0] Response 200 OK
2025-04-17 22:55:46,163 INFO c.n.d.s.r.a.ConfigClusterResolver [AsyncResolver-bootstrap-executor-0] Resolving eureka endpoints via configuration
2025-04-17 22:56:06,032 DEBUG o.s.c.l.CompositeLog [DiscoveryClient-HeartbeatExecutor-0] HTTP PUT http://localhost:8761/eureka/apps/USER-MANAGEMENT/192.168.1.4:user-management:8888?status=UP&lastDirtyTimestamp=1744897969423
2025-04-17 22:56:06,032 DEBUG o.s.c.l.CompositeLog [DiscoveryClient-CacheRefreshExecutor-0] HTTP GET http://localhost:8761/eureka/apps/delta
2025-04-17 22:56:06,032 DEBUG o.s.c.l.CompositeLog [DiscoveryClient-HeartbeatExecutor-0] Accept=[application/json, application/*+json]
2025-04-17 22:56:06,032 DEBUG o.s.c.l.CompositeLog [DiscoveryClient-CacheRefreshExecutor-0] Accept=[application/json, application/*+json]
2025-04-17 22:56:06,048 DEBUG o.s.c.l.CompositeLog [DiscoveryClient-CacheRefreshExecutor-0] Response 200 OK
2025-04-17 22:56:06,048 DEBUG o.s.c.l.CompositeLog [DiscoveryClient-HeartbeatExecutor-0] Response 200 OK
2025-04-17 22:56:06,048 DEBUG o.s.c.l.CompositeLog [DiscoveryClient-CacheRefreshExecutor-0] Reading to [org.springframework.cloud.netflix.eureka.http.EurekaApplications]
2025-04-17 22:56:36,061 DEBUG o.s.c.l.CompositeLog [DiscoveryClient-CacheRefreshExecutor-0] HTTP GET http://localhost:8761/eureka/apps/delta
2025-04-17 22:56:36,062 DEBUG o.s.c.l.CompositeLog [DiscoveryClient-HeartbeatExecutor-0] HTTP PUT http://localhost:8761/eureka/apps/USER-MANAGEMENT/192.168.1.4:user-management:8888?status=UP&lastDirtyTimestamp=1744897969423
2025-04-17 22:56:36,062 DEBUG o.s.c.l.CompositeLog [DiscoveryClient-CacheRefreshExecutor-0] Accept=[application/json, application/*+json]
2025-04-17 22:56:36,062 DEBUG o.s.c.l.CompositeLog [DiscoveryClient-HeartbeatExecutor-0] Accept=[application/json, application/*+json]
2025-04-17 22:56:36,077 DEBUG o.s.c.l.CompositeLog [DiscoveryClient-CacheRefreshExecutor-0] Response 200 OK
2025-04-17 22:56:36,077 DEBUG o.s.c.l.CompositeLog [DiscoveryClient-HeartbeatExecutor-0] Response 200 OK
2025-04-17 22:56:36,078 DEBUG o.s.c.l.CompositeLog [DiscoveryClient-CacheRefreshExecutor-0] Reading to [org.springframework.cloud.netflix.eureka.http.EurekaApplications]
2025-04-17 22:57:06,093 DEBUG o.s.c.l.CompositeLog [DiscoveryClient-HeartbeatExecutor-0] HTTP PUT http://localhost:8761/eureka/apps/USER-MANAGEMENT/192.168.1.4:user-management:8888?status=UP&lastDirtyTimestamp=1744897969423
2025-04-17 22:57:06,093 DEBUG o.s.c.l.CompositeLog [DiscoveryClient-CacheRefreshExecutor-0] HTTP GET http://localhost:8761/eureka/apps/delta
2025-04-17 22:57:06,093 DEBUG o.s.c.l.CompositeLog [DiscoveryClient-HeartbeatExecutor-0] Accept=[application/json, application/*+json]
2025-04-17 22:57:06,093 DEBUG o.s.c.l.CompositeLog [DiscoveryClient-CacheRefreshExecutor-0] Accept=[application/json, application/*+json]
2025-04-17 22:57:06,110 DEBUG o.s.c.l.CompositeLog [DiscoveryClient-HeartbeatExecutor-0] Response 200 OK
2025-04-17 22:57:06,110 DEBUG o.s.c.l.CompositeLog [DiscoveryClient-CacheRefreshExecutor-0] Response 200 OK
2025-04-17 22:57:06,110 DEBUG o.s.c.l.CompositeLog [DiscoveryClient-CacheRefreshExecutor-0] Reading to [org.springframework.cloud.netflix.eureka.http.EurekaApplications]
2025-04-17 22:57:36,115 DEBUG o.s.c.l.CompositeLog [DiscoveryClient-HeartbeatExecutor-0] HTTP PUT http://localhost:8761/eureka/apps/USER-MANAGEMENT/192.168.1.4:user-management:8888?status=UP&lastDirtyTimestamp=1744897969423
2025-04-17 22:57:36,115 DEBUG o.s.c.l.CompositeLog [DiscoveryClient-CacheRefreshExecutor-0] HTTP GET http://localhost:8761/eureka/apps/delta
2025-04-17 22:57:36,116 DEBUG o.s.c.l.CompositeLog [DiscoveryClient-HeartbeatExecutor-0] Accept=[application/json, application/*+json]
2025-04-17 22:57:36,116 DEBUG o.s.c.l.CompositeLog [DiscoveryClient-CacheRefreshExecutor-0] Accept=[application/json, application/*+json]
2025-04-17 22:57:36,133 DEBUG o.s.c.l.CompositeLog [DiscoveryClient-CacheRefreshExecutor-0] Response 200 OK
2025-04-17 22:57:36,133 DEBUG o.s.c.l.CompositeLog [DiscoveryClient-HeartbeatExecutor-0] Response 200 OK
2025-04-17 22:57:36,133 DEBUG o.s.c.l.CompositeLog [DiscoveryClient-CacheRefreshExecutor-0] Reading to [org.springframework.cloud.netflix.eureka.http.EurekaApplications]
2025-04-17 22:58:06,143 DEBUG o.s.c.l.CompositeLog [DiscoveryClient-HeartbeatExecutor-0] HTTP PUT http://localhost:8761/eureka/apps/USER-MANAGEMENT/192.168.1.4:user-management:8888?status=UP&lastDirtyTimestamp=1744897969423
2025-04-17 22:58:06,143 DEBUG o.s.c.l.CompositeLog [DiscoveryClient-CacheRefreshExecutor-0] HTTP GET http://localhost:8761/eureka/apps/delta
2025-04-17 22:58:06,143 DEBUG o.s.c.l.CompositeLog [DiscoveryClient-CacheRefreshExecutor-0] Accept=[application/json, application/*+json]
2025-04-17 22:58:06,143 DEBUG o.s.c.l.CompositeLog [DiscoveryClient-HeartbeatExecutor-0] Accept=[application/json, application/*+json]
2025-04-17 22:58:06,159 DEBUG o.s.c.l.CompositeLog [DiscoveryClient-HeartbeatExecutor-0] Response 200 OK
2025-04-17 22:58:06,159 DEBUG o.s.c.l.CompositeLog [DiscoveryClient-CacheRefreshExecutor-0] Response 200 OK
2025-04-17 22:58:06,159 DEBUG o.s.c.l.CompositeLog [DiscoveryClient-CacheRefreshExecutor-0] Reading to [org.springframework.cloud.netflix.eureka.http.EurekaApplications]
2025-04-17 22:58:36,168 DEBUG o.s.c.l.CompositeLog [DiscoveryClient-HeartbeatExecutor-0] HTTP PUT http://localhost:8761/eureka/apps/USER-MANAGEMENT/192.168.1.4:user-management:8888?status=UP&lastDirtyTimestamp=1744897969423
2025-04-17 22:58:36,168 DEBUG o.s.c.l.CompositeLog [DiscoveryClient-CacheRefreshExecutor-0] HTTP GET http://localhost:8761/eureka/apps/delta
2025-04-17 22:58:36,169 DEBUG o.s.c.l.CompositeLog [DiscoveryClient-HeartbeatExecutor-0] Accept=[application/json, application/*+json]
2025-04-17 22:58:36,169 DEBUG o.s.c.l.CompositeLog [DiscoveryClient-CacheRefreshExecutor-0] Accept=[application/json, application/*+json]
2025-04-17 22:58:36,186 DEBUG o.s.c.l.CompositeLog [DiscoveryClient-CacheRefreshExecutor-0] Response 200 OK
2025-04-17 22:58:36,186 DEBUG o.s.c.l.CompositeLog [DiscoveryClient-HeartbeatExecutor-0] Response 200 OK
2025-04-17 22:58:36,186 DEBUG o.s.c.l.CompositeLog [DiscoveryClient-CacheRefreshExecutor-0] Reading to [org.springframework.cloud.netflix.eureka.http.EurekaApplications]
2025-04-17 22:59:06,191 DEBUG o.s.c.l.CompositeLog [DiscoveryClient-HeartbeatExecutor-0] HTTP PUT http://localhost:8761/eureka/apps/USER-MANAGEMENT/192.168.1.4:user-management:8888?status=UP&lastDirtyTimestamp=1744897969423
2025-04-17 22:59:06,191 DEBUG o.s.c.l.CompositeLog [DiscoveryClient-CacheRefreshExecutor-0] HTTP GET http://localhost:8761/eureka/apps/delta
2025-04-17 22:59:06,191 DEBUG o.s.c.l.CompositeLog [DiscoveryClient-HeartbeatExecutor-0] Accept=[application/json, application/*+json]
2025-04-17 22:59:06,191 DEBUG o.s.c.l.CompositeLog [DiscoveryClient-CacheRefreshExecutor-0] Accept=[application/json, application/*+json]
2025-04-17 22:59:06,207 DEBUG o.s.c.l.CompositeLog [DiscoveryClient-HeartbeatExecutor-0] Response 200 OK
2025-04-17 22:59:06,207 DEBUG o.s.c.l.CompositeLog [DiscoveryClient-CacheRefreshExecutor-0] Response 200 OK
2025-04-17 22:59:06,207 DEBUG o.s.c.l.CompositeLog [DiscoveryClient-CacheRefreshExecutor-0] Reading to [org.springframework.cloud.netflix.eureka.http.EurekaApplications]
2025-04-17 22:59:36,211 DEBUG o.s.c.l.CompositeLog [DiscoveryClient-CacheRefreshExecutor-0] HTTP GET http://localhost:8761/eureka/apps/delta
2025-04-17 22:59:36,211 DEBUG o.s.c.l.CompositeLog [DiscoveryClient-HeartbeatExecutor-0] HTTP PUT http://localhost:8761/eureka/apps/USER-MANAGEMENT/192.168.1.4:user-management:8888?status=UP&lastDirtyTimestamp=1744897969423
2025-04-17 22:59:36,212 DEBUG o.s.c.l.CompositeLog [DiscoveryClient-CacheRefreshExecutor-0] Accept=[application/json, application/*+json]
2025-04-17 22:59:36,212 DEBUG o.s.c.l.CompositeLog [DiscoveryClient-HeartbeatExecutor-0] Accept=[application/json, application/*+json]
2025-04-17 22:59:36,223 DEBUG o.s.c.l.CompositeLog [DiscoveryClient-CacheRefreshExecutor-0] Response 200 OK
2025-04-17 22:59:36,224 DEBUG o.s.c.l.CompositeLog [DiscoveryClient-CacheRefreshExecutor-0] Reading to [org.springframework.cloud.netflix.eureka.http.EurekaApplications]
2025-04-17 22:59:36,225 DEBUG o.s.c.l.CompositeLog [DiscoveryClient-HeartbeatExecutor-0] Response 200 OK
2025-04-17 23:00:06,228 DEBUG o.s.c.l.CompositeLog [DiscoveryClient-HeartbeatExecutor-0] HTTP PUT http://localhost:8761/eureka/apps/USER-MANAGEMENT/192.168.1.4:user-management:8888?status=UP&lastDirtyTimestamp=1744897969423
2025-04-17 23:00:06,228 DEBUG o.s.c.l.CompositeLog [DiscoveryClient-CacheRefreshExecutor-0] HTTP GET http://localhost:8761/eureka/apps/delta
2025-04-17 23:00:06,228 DEBUG o.s.c.l.CompositeLog [DiscoveryClient-HeartbeatExecutor-0] Accept=[application/json, application/*+json]
2025-04-17 23:00:06,228 DEBUG o.s.c.l.CompositeLog [DiscoveryClient-CacheRefreshExecutor-0] Accept=[application/json, application/*+json]
2025-04-17 23:00:06,244 DEBUG o.s.c.l.CompositeLog [DiscoveryClient-HeartbeatExecutor-0] Response 200 OK
2025-04-17 23:00:06,244 DEBUG o.s.c.l.CompositeLog [DiscoveryClient-CacheRefreshExecutor-0] Response 200 OK
2025-04-17 23:00:06,244 DEBUG o.s.c.l.CompositeLog [DiscoveryClient-CacheRefreshExecutor-0] Reading to [org.springframework.cloud.netflix.eureka.http.EurekaApplications]
2025-04-17 23:00:36,257 DEBUG o.s.c.l.CompositeLog [DiscoveryClient-HeartbeatExecutor-0] HTTP PUT http://localhost:8761/eureka/apps/USER-MANAGEMENT/192.168.1.4:user-management:8888?status=UP&lastDirtyTimestamp=1744897969423
2025-04-17 23:00:36,257 DEBUG o.s.c.l.CompositeLog [DiscoveryClient-CacheRefreshExecutor-0] HTTP GET http://localhost:8761/eureka/apps/delta
2025-04-17 23:00:36,258 DEBUG o.s.c.l.CompositeLog [DiscoveryClient-HeartbeatExecutor-0] Accept=[application/json, application/*+json]
2025-04-17 23:00:36,258 DEBUG o.s.c.l.CompositeLog [DiscoveryClient-CacheRefreshExecutor-0] Accept=[application/json, application/*+json]
2025-04-17 23:00:36,273 DEBUG o.s.c.l.CompositeLog [DiscoveryClient-HeartbeatExecutor-0] Response 200 OK
2025-04-17 23:00:36,273 DEBUG o.s.c.l.CompositeLog [DiscoveryClient-CacheRefreshExecutor-0] Response 200 OK
2025-04-17 23:00:36,274 DEBUG o.s.c.l.CompositeLog [DiscoveryClient-CacheRefreshExecutor-0] Reading to [org.springframework.cloud.netflix.eureka.http.EurekaApplications]
2025-04-17 23:00:46,166 INFO c.n.d.s.r.a.ConfigClusterResolver [AsyncResolver-bootstrap-executor-0] Resolving eureka endpoints via configuration
2025-04-17 23:01:06,278 DEBUG o.s.c.l.CompositeLog [DiscoveryClient-HeartbeatExecutor-0] HTTP PUT http://localhost:8761/eureka/apps/USER-MANAGEMENT/192.168.1.4:user-management:8888?status=UP&lastDirtyTimestamp=1744897969423
2025-04-17 23:01:06,278 DEBUG o.s.c.l.CompositeLog [DiscoveryClient-CacheRefreshExecutor-0] HTTP GET http://localhost:8761/eureka/apps/delta
2025-04-17 23:01:06,279 DEBUG o.s.c.l.CompositeLog [DiscoveryClient-HeartbeatExecutor-0] Accept=[application/json, application/*+json]
2025-04-17 23:01:06,279 DEBUG o.s.c.l.CompositeLog [DiscoveryClient-CacheRefreshExecutor-0] Accept=[application/json, application/*+json]
2025-04-17 23:01:06,295 DEBUG o.s.c.l.CompositeLog [DiscoveryClient-HeartbeatExecutor-0] Response 200 OK
2025-04-17 23:01:06,295 DEBUG o.s.c.l.CompositeLog [DiscoveryClient-CacheRefreshExecutor-0] Response 200 OK
2025-04-17 23:01:06,295 DEBUG o.s.c.l.CompositeLog [DiscoveryClient-CacheRefreshExecutor-0] Reading to [org.springframework.cloud.netflix.eureka.http.EurekaApplications]
2025-04-17 23:01:36,301 DEBUG o.s.c.l.CompositeLog [DiscoveryClient-HeartbeatExecutor-0] HTTP PUT http://localhost:8761/eureka/apps/USER-MANAGEMENT/192.168.1.4:user-management:8888?status=UP&lastDirtyTimestamp=1744897969423
2025-04-17 23:01:36,301 DEBUG o.s.c.l.CompositeLog [DiscoveryClient-CacheRefreshExecutor-0] HTTP GET http://localhost:8761/eureka/apps/delta
2025-04-17 23:01:36,302 DEBUG o.s.c.l.CompositeLog [DiscoveryClient-CacheRefreshExecutor-0] Accept=[application/json, application/*+json]
2025-04-17 23:01:36,302 DEBUG o.s.c.l.CompositeLog [DiscoveryClient-HeartbeatExecutor-0] Accept=[application/json, application/*+json]
2025-04-17 23:01:36,316 DEBUG o.s.c.l.CompositeLog [DiscoveryClient-CacheRefreshExecutor-0] Response 200 OK
2025-04-17 23:01:36,316 DEBUG o.s.c.l.CompositeLog [DiscoveryClient-HeartbeatExecutor-0] Response 200 OK
2025-04-17 23:01:36,317 DEBUG o.s.c.l.CompositeLog [DiscoveryClient-CacheRefreshExecutor-0] Reading to [org.springframework.cloud.netflix.eureka.http.EurekaApplications]
2025-04-17 23:02:06,321 DEBUG o.s.c.l.CompositeLog [DiscoveryClient-CacheRefreshExecutor-0] HTTP GET http://localhost:8761/eureka/apps/delta
2025-04-17 23:02:06,321 DEBUG o.s.c.l.CompositeLog [DiscoveryClient-HeartbeatExecutor-0] HTTP PUT http://localhost:8761/eureka/apps/USER-MANAGEMENT/192.168.1.4:user-management:8888?status=UP&lastDirtyTimestamp=1744897969423
2025-04-17 23:02:06,321 DEBUG o.s.c.l.CompositeLog [DiscoveryClient-CacheRefreshExecutor-0] Accept=[application/json, application/*+json]
2025-04-17 23:02:06,321 DEBUG o.s.c.l.CompositeLog [DiscoveryClient-HeartbeatExecutor-0] Accept=[application/json, application/*+json]
2025-04-17 23:02:06,337 DEBUG o.s.c.l.CompositeLog [DiscoveryClient-HeartbeatExecutor-0] Response 200 OK
2025-04-17 23:02:06,337 DEBUG o.s.c.l.CompositeLog [DiscoveryClient-CacheRefreshExecutor-0] Response 200 OK
2025-04-17 23:02:06,337 DEBUG o.s.c.l.CompositeLog [DiscoveryClient-CacheRefreshExecutor-0] Reading to [org.springframework.cloud.netflix.eureka.http.EurekaApplications]
2025-04-17 23:02:36,351 DEBUG o.s.c.l.CompositeLog [DiscoveryClient-CacheRefreshExecutor-0] HTTP GET http://localhost:8761/eureka/apps/delta
2025-04-17 23:02:36,351 DEBUG o.s.c.l.CompositeLog [DiscoveryClient-HeartbeatExecutor-0] HTTP PUT http://localhost:8761/eureka/apps/USER-MANAGEMENT/192.168.1.4:user-management:8888?status=UP&lastDirtyTimestamp=1744897969423
2025-04-17 23:02:36,351 DEBUG o.s.c.l.CompositeLog [DiscoveryClient-CacheRefreshExecutor-0] Accept=[application/json, application/*+json]
2025-04-17 23:02:36,351 DEBUG o.s.c.l.CompositeLog [DiscoveryClient-HeartbeatExecutor-0] Accept=[application/json, application/*+json]
2025-04-17 23:02:36,366 DEBUG o.s.c.l.CompositeLog [DiscoveryClient-CacheRefreshExecutor-0] Response 200 OK
2025-04-17 23:02:36,366 DEBUG o.s.c.l.CompositeLog [DiscoveryClient-HeartbeatExecutor-0] Response 200 OK
2025-04-17 23:02:36,367 DEBUG o.s.c.l.CompositeLog [DiscoveryClient-CacheRefreshExecutor-0] Reading to [org.springframework.cloud.netflix.eureka.http.EurekaApplications]
2025-04-17 23:03:06,380 DEBUG o.s.c.l.CompositeLog [DiscoveryClient-CacheRefreshExecutor-0] HTTP GET http://localhost:8761/eureka/apps/delta
2025-04-17 23:03:06,380 DEBUG o.s.c.l.CompositeLog [DiscoveryClient-HeartbeatExecutor-0] HTTP PUT http://localhost:8761/eureka/apps/USER-MANAGEMENT/192.168.1.4:user-management:8888?status=UP&lastDirtyTimestamp=1744897969423
2025-04-17 23:03:06,381 DEBUG o.s.c.l.CompositeLog [DiscoveryClient-HeartbeatExecutor-0] Accept=[application/json, application/*+json]
2025-04-17 23:03:06,381 DEBUG o.s.c.l.CompositeLog [DiscoveryClient-CacheRefreshExecutor-0] Accept=[application/json, application/*+json]
2025-04-17 23:03:06,396 DEBUG o.s.c.l.CompositeLog [DiscoveryClient-HeartbeatExecutor-0] Response 200 OK
2025-04-17 23:03:06,396 DEBUG o.s.c.l.CompositeLog [DiscoveryClient-CacheRefreshExecutor-0] Response 200 OK
2025-04-17 23:03:06,396 DEBUG o.s.c.l.CompositeLog [DiscoveryClient-CacheRefreshExecutor-0] Reading to [org.springframework.cloud.netflix.eureka.http.EurekaApplications]
2025-04-17 23:03:36,399 DEBUG o.s.c.l.CompositeLog [DiscoveryClient-CacheRefreshExecutor-0] HTTP GET http://localhost:8761/eureka/apps/delta
2025-04-17 23:03:36,399 DEBUG o.s.c.l.CompositeLog [DiscoveryClient-HeartbeatExecutor-0] HTTP PUT http://localhost:8761/eureka/apps/USER-MANAGEMENT/192.168.1.4:user-management:8888?status=UP&lastDirtyTimestamp=1744897969423
2025-04-17 23:03:36,399 DEBUG o.s.c.l.CompositeLog [DiscoveryClient-CacheRefreshExecutor-0] Accept=[application/json, application/*+json]
2025-04-17 23:03:36,399 DEBUG o.s.c.l.CompositeLog [DiscoveryClient-HeartbeatExecutor-0] Accept=[application/json, application/*+json]
2025-04-17 23:03:36,415 DEBUG o.s.c.l.CompositeLog [DiscoveryClient-CacheRefreshExecutor-0] Response 200 OK
2025-04-17 23:03:36,415 DEBUG o.s.c.l.CompositeLog [DiscoveryClient-HeartbeatExecutor-0] Response 200 OK
2025-04-17 23:03:36,415 DEBUG o.s.c.l.CompositeLog [DiscoveryClient-CacheRefreshExecutor-0] Reading to [org.springframework.cloud.netflix.eureka.http.EurekaApplications]
2025-04-17 23:04:06,420 DEBUG o.s.c.l.CompositeLog [DiscoveryClient-HeartbeatExecutor-0] HTTP PUT http://localhost:8761/eureka/apps/USER-MANAGEMENT/192.168.1.4:user-management:8888?status=UP&lastDirtyTimestamp=1744897969423
2025-04-17 23:04:06,420 DEBUG o.s.c.l.CompositeLog [DiscoveryClient-CacheRefreshExecutor-0] HTTP GET http://localhost:8761/eureka/apps/delta
2025-04-17 23:04:06,420 DEBUG o.s.c.l.CompositeLog [DiscoveryClient-CacheRefreshExecutor-0] Accept=[application/json, application/*+json]
2025-04-17 23:04:06,420 DEBUG o.s.c.l.CompositeLog [DiscoveryClient-HeartbeatExecutor-0] Accept=[application/json, application/*+json]
2025-04-17 23:04:06,436 DEBUG o.s.c.l.CompositeLog [DiscoveryClient-CacheRefreshExecutor-0] Response 200 OK
2025-04-17 23:04:06,436 DEBUG o.s.c.l.CompositeLog [DiscoveryClient-HeartbeatExecutor-0] Response 200 OK
2025-04-17 23:04:06,438 DEBUG o.s.c.l.CompositeLog [DiscoveryClient-CacheRefreshExecutor-0] Reading to [org.springframework.cloud.netflix.eureka.http.EurekaApplications]
2025-04-17 23:04:36,453 DEBUG o.s.c.l.CompositeLog [DiscoveryClient-CacheRefreshExecutor-0] HTTP GET http://localhost:8761/eureka/apps/delta
2025-04-17 23:04:36,453 DEBUG o.s.c.l.CompositeLog [DiscoveryClient-HeartbeatExecutor-0] HTTP PUT http://localhost:8761/eureka/apps/USER-MANAGEMENT/192.168.1.4:user-management:8888?status=UP&lastDirtyTimestamp=1744897969423
2025-04-17 23:04:36,453 DEBUG o.s.c.l.CompositeLog [DiscoveryClient-HeartbeatExecutor-0] Accept=[application/json, application/*+json]
2025-04-17 23:04:36,453 DEBUG o.s.c.l.CompositeLog [DiscoveryClient-CacheRefreshExecutor-0] Accept=[application/json, application/*+json]
2025-04-17 23:04:36,469 DEBUG o.s.c.l.CompositeLog [DiscoveryClient-CacheRefreshExecutor-0] Response 200 OK
2025-04-17 23:04:36,469 DEBUG o.s.c.l.CompositeLog [DiscoveryClient-HeartbeatExecutor-0] Response 200 OK
2025-04-17 23:04:36,469 DEBUG o.s.c.l.CompositeLog [DiscoveryClient-CacheRefreshExecutor-0] Reading to [org.springframework.cloud.netflix.eureka.http.EurekaApplications]
2025-04-17 23:05:06,477 DEBUG o.s.c.l.CompositeLog [DiscoveryClient-CacheRefreshExecutor-0] HTTP GET http://localhost:8761/eureka/apps/delta
2025-04-17 23:05:06,477 DEBUG o.s.c.l.CompositeLog [DiscoveryClient-HeartbeatExecutor-0] HTTP PUT http://localhost:8761/eureka/apps/USER-MANAGEMENT/192.168.1.4:user-management:8888?status=UP&lastDirtyTimestamp=1744897969423
2025-04-17 23:05:06,477 DEBUG o.s.c.l.CompositeLog [DiscoveryClient-CacheRefreshExecutor-0] Accept=[application/json, application/*+json]
2025-04-17 23:05:06,477 DEBUG o.s.c.l.CompositeLog [DiscoveryClient-HeartbeatExecutor-0] Accept=[application/json, application/*+json]
2025-04-17 23:05:06,494 DEBUG o.s.c.l.CompositeLog [DiscoveryClient-CacheRefreshExecutor-0] Response 200 OK
2025-04-17 23:05:06,494 DEBUG o.s.c.l.CompositeLog [DiscoveryClient-HeartbeatExecutor-0] Response 200 OK
2025-04-17 23:05:06,494 DEBUG o.s.c.l.CompositeLog [DiscoveryClient-CacheRefreshExecutor-0] Reading to [org.springframework.cloud.netflix.eureka.http.EurekaApplications]
2025-04-17 23:05:36,500 DEBUG o.s.c.l.CompositeLog [DiscoveryClient-HeartbeatExecutor-0] HTTP PUT http://localhost:8761/eureka/apps/USER-MANAGEMENT/192.168.1.4:user-management:8888?status=UP&lastDirtyTimestamp=1744897969423
2025-04-17 23:05:36,500 DEBUG o.s.c.l.CompositeLog [DiscoveryClient-CacheRefreshExecutor-0] HTTP GET http://localhost:8761/eureka/apps/delta
2025-04-17 23:05:36,501 DEBUG o.s.c.l.CompositeLog [DiscoveryClient-HeartbeatExecutor-0] Accept=[application/json, application/*+json]
2025-04-17 23:05:36,501 DEBUG o.s.c.l.CompositeLog [DiscoveryClient-CacheRefreshExecutor-0] Accept=[application/json, application/*+json]
2025-04-17 23:05:36,517 DEBUG o.s.c.l.CompositeLog [DiscoveryClient-HeartbeatExecutor-0] Response 200 OK
2025-04-17 23:05:36,517 DEBUG o.s.c.l.CompositeLog [DiscoveryClient-CacheRefreshExecutor-0] Response 200 OK
2025-04-17 23:05:36,517 DEBUG o.s.c.l.CompositeLog [DiscoveryClient-CacheRefreshExecutor-0] Reading to [org.springframework.cloud.netflix.eureka.http.EurekaApplications]
2025-04-17 23:05:46,172 INFO c.n.d.s.r.a.ConfigClusterResolver [AsyncResolver-bootstrap-executor-0] Resolving eureka endpoints via configuration
2025-04-17 23:06:06,528 DEBUG o.s.c.l.CompositeLog [DiscoveryClient-CacheRefreshExecutor-0] HTTP GET http://localhost:8761/eureka/apps/delta
2025-04-17 23:06:06,528 DEBUG o.s.c.l.CompositeLog [DiscoveryClient-HeartbeatExecutor-0] HTTP PUT http://localhost:8761/eureka/apps/USER-MANAGEMENT/192.168.1.4:user-management:8888?status=UP&lastDirtyTimestamp=1744897969423
2025-04-17 23:06:06,529 DEBUG o.s.c.l.CompositeLog [DiscoveryClient-HeartbeatExecutor-0] Accept=[application/json, application/*+json]
2025-04-17 23:06:06,529 DEBUG o.s.c.l.CompositeLog [DiscoveryClient-CacheRefreshExecutor-0] Accept=[application/json, application/*+json]
2025-04-17 23:06:06,544 DEBUG o.s.c.l.CompositeLog [DiscoveryClient-CacheRefreshExecutor-0] Response 200 OK
2025-04-17 23:06:06,544 DEBUG o.s.c.l.CompositeLog [DiscoveryClient-HeartbeatExecutor-0] Response 200 OK
2025-04-17 23:06:06,544 DEBUG o.s.c.l.CompositeLog [DiscoveryClient-CacheRefreshExecutor-0] Reading to [org.springframework.cloud.netflix.eureka.http.EurekaApplications]
2025-04-17 23:06:36,550 DEBUG o.s.c.l.CompositeLog [DiscoveryClient-HeartbeatExecutor-0] HTTP PUT http://localhost:8761/eureka/apps/USER-MANAGEMENT/192.168.1.4:user-management:8888?status=UP&lastDirtyTimestamp=1744897969423
2025-04-17 23:06:36,550 DEBUG o.s.c.l.CompositeLog [DiscoveryClient-CacheRefreshExecutor-0] HTTP GET http://localhost:8761/eureka/apps/delta
2025-04-17 23:06:36,552 DEBUG o.s.c.l.CompositeLog [DiscoveryClient-HeartbeatExecutor-0] Accept=[application/json, application/*+json]
2025-04-17 23:06:36,552 DEBUG o.s.c.l.CompositeLog [DiscoveryClient-CacheRefreshExecutor-0] Accept=[application/json, application/*+json]
2025-04-17 23:06:36,567 DEBUG o.s.c.l.CompositeLog [DiscoveryClient-CacheRefreshExecutor-0] Response 200 OK
2025-04-17 23:06:36,567 DEBUG o.s.c.l.CompositeLog [DiscoveryClient-HeartbeatExecutor-0] Response 200 OK
2025-04-17 23:06:36,567 DEBUG o.s.c.l.CompositeLog [DiscoveryClient-CacheRefreshExecutor-0] Reading to [org.springframework.cloud.netflix.eureka.http.EurekaApplications]
2025-04-17 23:07:06,581 DEBUG o.s.c.l.CompositeLog [DiscoveryClient-CacheRefreshExecutor-0] HTTP GET http://localhost:8761/eureka/apps/delta
2025-04-17 23:07:06,581 DEBUG o.s.c.l.CompositeLog [DiscoveryClient-HeartbeatExecutor-0] HTTP PUT http://localhost:8761/eureka/apps/USER-MANAGEMENT/192.168.1.4:user-management:8888?status=UP&lastDirtyTimestamp=1744897969423
2025-04-17 23:07:06,581 DEBUG o.s.c.l.CompositeLog [DiscoveryClient-HeartbeatExecutor-0] Accept=[application/json, application/*+json]
2025-04-17 23:07:06,581 DEBUG o.s.c.l.CompositeLog [DiscoveryClient-CacheRefreshExecutor-0] Accept=[application/json, application/*+json]
2025-04-17 23:07:06,597 DEBUG o.s.c.l.CompositeLog [DiscoveryClient-CacheRefreshExecutor-0] Response 200 OK
2025-04-17 23:07:06,597 DEBUG o.s.c.l.CompositeLog [DiscoveryClient-HeartbeatExecutor-0] Response 200 OK
2025-04-17 23:07:06,597 DEBUG o.s.c.l.CompositeLog [DiscoveryClient-CacheRefreshExecutor-0] Reading to [org.springframework.cloud.netflix.eureka.http.EurekaApplications]
2025-04-17 23:07:36,598 DEBUG o.s.c.l.CompositeLog [DiscoveryClient-CacheRefreshExecutor-0] HTTP GET http://localhost:8761/eureka/apps/delta
2025-04-17 23:07:36,599 DEBUG o.s.c.l.CompositeLog [DiscoveryClient-CacheRefreshExecutor-0] Accept=[application/json, application/*+json]
2025-04-17 23:07:36,604 DEBUG o.s.c.l.CompositeLog [DiscoveryClient-HeartbeatExecutor-0] HTTP PUT http://localhost:8761/eureka/apps/USER-MANAGEMENT/192.168.1.4:user-management:8888?status=UP&lastDirtyTimestamp=1744897969423
2025-04-17 23:07:36,607 DEBUG o.s.c.l.CompositeLog [DiscoveryClient-HeartbeatExecutor-0] Accept=[application/json, application/*+json]
2025-04-17 23:07:36,611 DEBUG o.s.c.l.CompositeLog [DiscoveryClient-HeartbeatExecutor-0] Response 200 OK
2025-04-17 23:07:36,615 DEBUG o.s.c.l.CompositeLog [DiscoveryClient-CacheRefreshExecutor-0] Response 200 OK
2025-04-17 23:07:36,615 DEBUG o.s.c.l.CompositeLog [DiscoveryClient-CacheRefreshExecutor-0] Reading to [org.springframework.cloud.netflix.eureka.http.EurekaApplications]
2025-04-17 23:08:06,623 DEBUG o.s.c.l.CompositeLog [DiscoveryClient-CacheRefreshExecutor-0] HTTP GET http://localhost:8761/eureka/apps/delta
2025-04-17 23:08:06,623 DEBUG o.s.c.l.CompositeLog [DiscoveryClient-HeartbeatExecutor-0] HTTP PUT http://localhost:8761/eureka/apps/USER-MANAGEMENT/192.168.1.4:user-management:8888?status=UP&lastDirtyTimestamp=1744897969423
2025-04-17 23:08:06,623 DEBUG o.s.c.l.CompositeLog [DiscoveryClient-HeartbeatExecutor-0] Accept=[application/json, application/*+json]
2025-04-17 23:08:06,623 DEBUG o.s.c.l.CompositeLog [DiscoveryClient-CacheRefreshExecutor-0] Accept=[application/json, application/*+json]
2025-04-17 23:08:06,639 DEBUG o.s.c.l.CompositeLog [DiscoveryClient-CacheRefreshExecutor-0] Response 200 OK
2025-04-17 23:08:06,639 DEBUG o.s.c.l.CompositeLog [DiscoveryClient-HeartbeatExecutor-0] Response 200 OK
2025-04-17 23:08:06,640 DEBUG o.s.c.l.CompositeLog [DiscoveryClient-CacheRefreshExecutor-0] Reading to [org.springframework.cloud.netflix.eureka.http.EurekaApplications]
2025-04-17 23:08:36,641 DEBUG o.s.c.l.CompositeLog [DiscoveryClient-HeartbeatExecutor-0] HTTP PUT http://localhost:8761/eureka/apps/USER-MANAGEMENT/192.168.1.4:user-management:8888?status=UP&lastDirtyTimestamp=1744897969423
2025-04-17 23:08:36,641 DEBUG o.s.c.l.CompositeLog [DiscoveryClient-HeartbeatExecutor-0] Accept=[application/json, application/*+json]
2025-04-17 23:08:36,655 DEBUG o.s.c.l.CompositeLog [DiscoveryClient-CacheRefreshExecutor-0] HTTP GET http://localhost:8761/eureka/apps/delta
2025-04-17 23:08:36,655 DEBUG o.s.c.l.CompositeLog [DiscoveryClient-CacheRefreshExecutor-0] Accept=[application/json, application/*+json]
2025-04-17 23:08:36,657 DEBUG o.s.c.l.CompositeLog [DiscoveryClient-HeartbeatExecutor-0] Response 200 OK
2025-04-17 23:08:36,671 DEBUG o.s.c.l.CompositeLog [DiscoveryClient-CacheRefreshExecutor-0] Response 200 OK
2025-04-17 23:08:36,671 DEBUG o.s.c.l.CompositeLog [DiscoveryClient-CacheRefreshExecutor-0] Reading to [org.springframework.cloud.netflix.eureka.http.EurekaApplications]
2025-04-17 23:09:06,662 DEBUG o.s.c.l.CompositeLog [DiscoveryClient-HeartbeatExecutor-0] HTTP PUT http://localhost:8761/eureka/apps/USER-MANAGEMENT/192.168.1.4:user-management:8888?status=UP&lastDirtyTimestamp=1744897969423
2025-04-17 23:09:06,662 DEBUG o.s.c.l.CompositeLog [DiscoveryClient-HeartbeatExecutor-0] Accept=[application/json, application/*+json]
2025-04-17 23:09:06,677 DEBUG o.s.c.l.CompositeLog [DiscoveryClient-CacheRefreshExecutor-0] HTTP GET http://localhost:8761/eureka/apps/delta
2025-04-17 23:09:06,678 DEBUG o.s.c.l.CompositeLog [DiscoveryClient-CacheRefreshExecutor-0] Accept=[application/json, application/*+json]
2025-04-17 23:09:06,678 DEBUG o.s.c.l.CompositeLog [DiscoveryClient-HeartbeatExecutor-0] Response 200 OK
2025-04-17 23:09:06,694 DEBUG o.s.c.l.CompositeLog [DiscoveryClient-CacheRefreshExecutor-0] Response 200 OK
2025-04-17 23:09:06,694 DEBUG o.s.c.l.CompositeLog [DiscoveryClient-CacheRefreshExecutor-0] Reading to [org.springframework.cloud.netflix.eureka.http.EurekaApplications]
2025-04-17 23:09:36,681 DEBUG o.s.c.l.CompositeLog [DiscoveryClient-HeartbeatExecutor-0] HTTP PUT http://localhost:8761/eureka/apps/USER-MANAGEMENT/192.168.1.4:user-management:8888?status=UP&lastDirtyTimestamp=1744897969423
2025-04-17 23:09:36,682 DEBUG o.s.c.l.CompositeLog [DiscoveryClient-HeartbeatExecutor-0] Accept=[application/json, application/*+json]
2025-04-17 23:09:36,697 DEBUG o.s.c.l.CompositeLog [DiscoveryClient-CacheRefreshExecutor-0] HTTP GET http://localhost:8761/eureka/apps/delta
2025-04-17 23:09:36,697 DEBUG o.s.c.l.CompositeLog [DiscoveryClient-CacheRefreshExecutor-0] Accept=[application/json, application/*+json]
2025-04-17 23:09:36,698 DEBUG o.s.c.l.CompositeLog [DiscoveryClient-HeartbeatExecutor-0] Response 200 OK
2025-04-17 23:09:36,714 DEBUG o.s.c.l.CompositeLog [DiscoveryClient-CacheRefreshExecutor-0] Response 200 OK
2025-04-17 23:09:36,714 DEBUG o.s.c.l.CompositeLog [DiscoveryClient-CacheRefreshExecutor-0] Reading to [org.springframework.cloud.netflix.eureka.http.EurekaApplications]
2025-04-17 23:10:06,708 DEBUG o.s.c.l.CompositeLog [DiscoveryClient-HeartbeatExecutor-0] HTTP PUT http://localhost:8761/eureka/apps/USER-MANAGEMENT/192.168.1.4:user-management:8888?status=UP&lastDirtyTimestamp=1744897969423
2025-04-17 23:10:06,708 DEBUG o.s.c.l.CompositeLog [DiscoveryClient-HeartbeatExecutor-0] Accept=[application/json, application/*+json]
2025-04-17 23:10:06,723 DEBUG o.s.c.l.CompositeLog [DiscoveryClient-CacheRefreshExecutor-0] HTTP GET http://localhost:8761/eureka/apps/delta
2025-04-17 23:10:06,723 DEBUG o.s.c.l.CompositeLog [DiscoveryClient-CacheRefreshExecutor-0] Accept=[application/json, application/*+json]
2025-04-17 23:10:06,724 DEBUG o.s.c.l.CompositeLog [DiscoveryClient-HeartbeatExecutor-0] Response 200 OK
2025-04-17 23:10:06,740 DEBUG o.s.c.l.CompositeLog [DiscoveryClient-CacheRefreshExecutor-0] Response 200 OK
2025-04-17 23:10:06,740 DEBUG o.s.c.l.CompositeLog [DiscoveryClient-CacheRefreshExecutor-0] Reading to [org.springframework.cloud.netflix.eureka.http.EurekaApplications]
2025-04-17 23:10:36,734 DEBUG o.s.c.l.CompositeLog [DiscoveryClient-HeartbeatExecutor-0] HTTP PUT http://localhost:8761/eureka/apps/USER-MANAGEMENT/192.168.1.4:user-management:8888?status=UP&lastDirtyTimestamp=1744897969423
2025-04-17 23:10:36,734 DEBUG o.s.c.l.CompositeLog [DiscoveryClient-HeartbeatExecutor-0] Accept=[application/json, application/*+json]
2025-04-17 23:10:36,750 DEBUG o.s.c.l.CompositeLog [DiscoveryClient-CacheRefreshExecutor-0] HTTP GET http://localhost:8761/eureka/apps/delta
2025-04-17 23:10:36,750 DEBUG o.s.c.l.CompositeLog [DiscoveryClient-CacheRefreshExecutor-0] Accept=[application/json, application/*+json]
2025-04-17 23:10:36,751 DEBUG o.s.c.l.CompositeLog [DiscoveryClient-HeartbeatExecutor-0] Response 200 OK
2025-04-17 23:10:36,766 DEBUG o.s.c.l.CompositeLog [DiscoveryClient-CacheRefreshExecutor-0] Response 200 OK
2025-04-17 23:10:36,766 DEBUG o.s.c.l.CompositeLog [DiscoveryClient-CacheRefreshExecutor-0] Reading to [org.springframework.cloud.netflix.eureka.http.EurekaApplications]
2025-04-17 23:10:46,180 INFO c.n.d.s.r.a.ConfigClusterResolver [AsyncResolver-bootstrap-executor-0] Resolving eureka endpoints via configuration
2025-04-17 23:11:06,763 DEBUG o.s.c.l.CompositeLog [DiscoveryClient-HeartbeatExecutor-0] HTTP PUT http://localhost:8761/eureka/apps/USER-MANAGEMENT/192.168.1.4:user-management:8888?status=UP&lastDirtyTimestamp=1744897969423
2025-04-17 23:11:06,763 DEBUG o.s.c.l.CompositeLog [DiscoveryClient-HeartbeatExecutor-0] Accept=[application/json, application/*+json]
2025-04-17 23:11:06,779 DEBUG o.s.c.l.CompositeLog [DiscoveryClient-CacheRefreshExecutor-0] HTTP GET http://localhost:8761/eureka/apps/delta
2025-04-17 23:11:06,779 DEBUG o.s.c.l.CompositeLog [DiscoveryClient-CacheRefreshExecutor-0] Accept=[application/json, application/*+json]
2025-04-17 23:11:06,779 DEBUG o.s.c.l.CompositeLog [DiscoveryClient-HeartbeatExecutor-0] Response 200 OK
2025-04-17 23:11:06,794 DEBUG o.s.c.l.CompositeLog [DiscoveryClient-CacheRefreshExecutor-0] Response 200 OK
2025-04-17 23:11:06,795 DEBUG o.s.c.l.CompositeLog [DiscoveryClient-CacheRefreshExecutor-0] Reading to [org.springframework.cloud.netflix.eureka.http.EurekaApplications]
2025-04-17 23:11:36,789 DEBUG o.s.c.l.CompositeLog [DiscoveryClient-HeartbeatExecutor-0] HTTP PUT http://localhost:8761/eureka/apps/USER-MANAGEMENT/192.168.1.4:user-management:8888?status=UP&lastDirtyTimestamp=1744897969423
2025-04-17 23:11:36,790 DEBUG o.s.c.l.CompositeLog [DiscoveryClient-HeartbeatExecutor-0] Accept=[application/json, application/*+json]
2025-04-17 23:11:36,805 DEBUG o.s.c.l.CompositeLog [DiscoveryClient-CacheRefreshExecutor-0] HTTP GET http://localhost:8761/eureka/apps/delta
2025-04-17 23:11:36,805 DEBUG o.s.c.l.CompositeLog [DiscoveryClient-CacheRefreshExecutor-0] Accept=[application/json, application/*+json]
2025-04-17 23:11:36,805 DEBUG o.s.c.l.CompositeLog [DiscoveryClient-HeartbeatExecutor-0] Response 200 OK
2025-04-17 23:11:36,821 DEBUG o.s.c.l.CompositeLog [DiscoveryClient-CacheRefreshExecutor-0] Response 200 OK
2025-04-17 23:11:36,822 DEBUG o.s.c.l.CompositeLog [DiscoveryClient-CacheRefreshExecutor-0] Reading to [org.springframework.cloud.netflix.eureka.http.EurekaApplications]
2025-04-17 23:12:06,812 DEBUG o.s.c.l.CompositeLog [DiscoveryClient-HeartbeatExecutor-0] HTTP PUT http://localhost:8761/eureka/apps/USER-MANAGEMENT/192.168.1.4:user-management:8888?status=UP&lastDirtyTimestamp=1744897969423
2025-04-17 23:12:06,812 DEBUG o.s.c.l.CompositeLog [DiscoveryClient-HeartbeatExecutor-0] Accept=[application/json, application/*+json]
2025-04-17 23:12:06,828 DEBUG o.s.c.l.CompositeLog [DiscoveryClient-CacheRefreshExecutor-0] HTTP GET http://localhost:8761/eureka/apps/delta
2025-04-17 23:12:06,828 DEBUG o.s.c.l.CompositeLog [DiscoveryClient-CacheRefreshExecutor-0] Accept=[application/json, application/*+json]
2025-04-17 23:12:06,829 DEBUG o.s.c.l.CompositeLog [DiscoveryClient-HeartbeatExecutor-0] Response 200 OK
2025-04-17 23:12:06,844 DEBUG o.s.c.l.CompositeLog [DiscoveryClient-CacheRefreshExecutor-0] Response 200 OK
2025-04-17 23:12:06,844 DEBUG o.s.c.l.CompositeLog [DiscoveryClient-CacheRefreshExecutor-0] Reading to [org.springframework.cloud.netflix.eureka.http.EurekaApplications]
2025-04-17 23:12:36,834 DEBUG o.s.c.l.CompositeLog [DiscoveryClient-HeartbeatExecutor-0] HTTP PUT http://localhost:8761/eureka/apps/USER-MANAGEMENT/192.168.1.4:user-management:8888?status=UP&lastDirtyTimestamp=1744897969423
2025-04-17 23:12:36,835 DEBUG o.s.c.l.CompositeLog [DiscoveryClient-HeartbeatExecutor-0] Accept=[application/json, application/*+json]
2025-04-17 23:12:36,846 DEBUG o.s.c.l.CompositeLog [DiscoveryClient-CacheRefreshExecutor-0] HTTP GET http://localhost:8761/eureka/apps/delta
2025-04-17 23:12:36,847 DEBUG o.s.c.l.CompositeLog [DiscoveryClient-CacheRefreshExecutor-0] Accept=[application/json, application/*+json]
2025-04-17 23:12:36,848 DEBUG o.s.c.l.CompositeLog [DiscoveryClient-HeartbeatExecutor-0] Response 200 OK
2025-04-17 23:12:36,862 DEBUG o.s.c.l.CompositeLog [DiscoveryClient-CacheRefreshExecutor-0] Response 200 OK
2025-04-17 23:12:36,863 DEBUG o.s.c.l.CompositeLog [DiscoveryClient-CacheRefreshExecutor-0] Reading to [org.springframework.cloud.netflix.eureka.http.EurekaApplications]
2025-04-17 23:13:06,849 DEBUG o.s.c.l.CompositeLog [DiscoveryClient-HeartbeatExecutor-0] HTTP PUT http://localhost:8761/eureka/apps/USER-MANAGEMENT/192.168.1.4:user-management:8888?status=UP&lastDirtyTimestamp=1744897969423
2025-04-17 23:13:06,849 DEBUG o.s.c.l.CompositeLog [DiscoveryClient-HeartbeatExecutor-0] Accept=[application/json, application/*+json]
2025-04-17 23:13:06,865 DEBUG o.s.c.l.CompositeLog [DiscoveryClient-CacheRefreshExecutor-0] HTTP GET http://localhost:8761/eureka/apps/delta
2025-04-17 23:13:06,866 DEBUG o.s.c.l.CompositeLog [DiscoveryClient-CacheRefreshExecutor-0] Accept=[application/json, application/*+json]
2025-04-17 23:13:06,867 DEBUG o.s.c.l.CompositeLog [DiscoveryClient-HeartbeatExecutor-0] Response 200 OK
2025-04-17 23:13:06,882 DEBUG o.s.c.l.CompositeLog [DiscoveryClient-CacheRefreshExecutor-0] Response 200 OK
2025-04-17 23:13:06,882 DEBUG o.s.c.l.CompositeLog [DiscoveryClient-CacheRefreshExecutor-0] Reading to [org.springframework.cloud.netflix.eureka.http.EurekaApplications]
2025-04-17 23:13:36,877 DEBUG o.s.c.l.CompositeLog [DiscoveryClient-HeartbeatExecutor-0] HTTP PUT http://localhost:8761/eureka/apps/USER-MANAGEMENT/192.168.1.4:user-management:8888?status=UP&lastDirtyTimestamp=1744897969423
2025-04-17 23:13:36,878 DEBUG o.s.c.l.CompositeLog [DiscoveryClient-HeartbeatExecutor-0] Accept=[application/json, application/*+json]
2025-04-17 23:13:36,893 DEBUG o.s.c.l.CompositeLog [DiscoveryClient-CacheRefreshExecutor-0] HTTP GET http://localhost:8761/eureka/apps/delta
2025-04-17 23:13:36,893 DEBUG o.s.c.l.CompositeLog [DiscoveryClient-CacheRefreshExecutor-0] Accept=[application/json, application/*+json]
2025-04-17 23:13:36,894 DEBUG o.s.c.l.CompositeLog [DiscoveryClient-HeartbeatExecutor-0] Response 200 OK
2025-04-17 23:13:36,909 DEBUG o.s.c.l.CompositeLog [DiscoveryClient-CacheRefreshExecutor-0] Response 200 OK
2025-04-17 23:13:36,909 DEBUG o.s.c.l.CompositeLog [DiscoveryClient-CacheRefreshExecutor-0] Reading to [org.springframework.cloud.netflix.eureka.http.EurekaApplications]
2025-04-17 23:14:06,908 DEBUG o.s.c.l.CompositeLog [DiscoveryClient-HeartbeatExecutor-0] HTTP PUT http://localhost:8761/eureka/apps/USER-MANAGEMENT/192.168.1.4:user-management:8888?status=UP&lastDirtyTimestamp=1744897969423
2025-04-17 23:14:06,908 DEBUG o.s.c.l.CompositeLog [DiscoveryClient-HeartbeatExecutor-0] Accept=[application/json, application/*+json]
2025-04-17 23:14:06,924 DEBUG o.s.c.l.CompositeLog [DiscoveryClient-CacheRefreshExecutor-0] HTTP GET http://localhost:8761/eureka/apps/delta
2025-04-17 23:14:06,925 DEBUG o.s.c.l.CompositeLog [DiscoveryClient-CacheRefreshExecutor-0] Accept=[application/json, application/*+json]
2025-04-17 23:14:06,925 DEBUG o.s.c.l.CompositeLog [DiscoveryClient-HeartbeatExecutor-0] Response 200 OK
2025-04-17 23:14:06,940 DEBUG o.s.c.l.CompositeLog [DiscoveryClient-CacheRefreshExecutor-0] Response 200 OK
2025-04-17 23:14:06,940 DEBUG o.s.c.l.CompositeLog [DiscoveryClient-CacheRefreshExecutor-0] Reading to [org.springframework.cloud.netflix.eureka.http.EurekaApplications]
2025-04-17 23:14:36,932 DEBUG o.s.c.l.CompositeLog [DiscoveryClient-HeartbeatExecutor-0] HTTP PUT http://localhost:8761/eureka/apps/USER-MANAGEMENT/192.168.1.4:user-management:8888?status=UP&lastDirtyTimestamp=1744897969423
2025-04-17 23:14:36,933 DEBUG o.s.c.l.CompositeLog [DiscoveryClient-HeartbeatExecutor-0] Accept=[application/json, application/*+json]
2025-04-17 23:14:36,948 DEBUG o.s.c.l.CompositeLog [DiscoveryClient-CacheRefreshExecutor-0] HTTP GET http://localhost:8761/eureka/apps/delta
2025-04-17 23:14:36,948 DEBUG o.s.c.l.CompositeLog [DiscoveryClient-CacheRefreshExecutor-0] Accept=[application/json, application/*+json]
2025-04-17 23:14:36,949 DEBUG o.s.c.l.CompositeLog [DiscoveryClient-HeartbeatExecutor-0] Response 200 OK
2025-04-17 23:14:36,965 DEBUG o.s.c.l.CompositeLog [DiscoveryClient-CacheRefreshExecutor-0] Response 200 OK
2025-04-17 23:14:36,965 DEBUG o.s.c.l.CompositeLog [DiscoveryClient-CacheRefreshExecutor-0] Reading to [org.springframework.cloud.netflix.eureka.http.EurekaApplications]
2025-04-17 23:15:06,950 DEBUG o.s.c.l.CompositeLog [DiscoveryClient-HeartbeatExecutor-0] HTTP PUT http://localhost:8761/eureka/apps/USER-MANAGEMENT/192.168.1.4:user-management:8888?status=UP&lastDirtyTimestamp=1744897969423
2025-04-17 23:15:06,950 DEBUG o.s.c.l.CompositeLog [DiscoveryClient-HeartbeatExecutor-0] Accept=[application/json, application/*+json]
2025-04-17 23:15:06,967 DEBUG o.s.c.l.CompositeLog [DiscoveryClient-HeartbeatExecutor-0] Response 200 OK
2025-04-17 23:15:06,968 DEBUG o.s.c.l.CompositeLog [DiscoveryClient-CacheRefreshExecutor-0] HTTP GET http://localhost:8761/eureka/apps/delta
2025-04-17 23:15:06,968 DEBUG o.s.c.l.CompositeLog [DiscoveryClient-CacheRefreshExecutor-0] Accept=[application/json, application/*+json]
2025-04-17 23:15:06,981 DEBUG o.s.c.l.CompositeLog [DiscoveryClient-CacheRefreshExecutor-0] Response 200 OK
2025-04-17 23:15:06,981 DEBUG o.s.c.l.CompositeLog [DiscoveryClient-CacheRefreshExecutor-0] Reading to [org.springframework.cloud.netflix.eureka.http.EurekaApplications]
2025-04-17 23:15:36,972 DEBUG o.s.c.l.CompositeLog [DiscoveryClient-HeartbeatExecutor-0] HTTP PUT http://localhost:8761/eureka/apps/USER-MANAGEMENT/192.168.1.4:user-management:8888?status=UP&lastDirtyTimestamp=1744897969423
2025-04-17 23:15:36,973 DEBUG o.s.c.l.CompositeLog [DiscoveryClient-HeartbeatExecutor-0] Accept=[application/json, application/*+json]
2025-04-17 23:15:36,987 DEBUG o.s.c.l.CompositeLog [DiscoveryClient-CacheRefreshExecutor-0] HTTP GET http://localhost:8761/eureka/apps/delta
2025-04-17 23:15:36,987 DEBUG o.s.c.l.CompositeLog [DiscoveryClient-CacheRefreshExecutor-0] Accept=[application/json, application/*+json]
2025-04-17 23:15:36,988 DEBUG o.s.c.l.CompositeLog [DiscoveryClient-HeartbeatExecutor-0] Response 200 OK
2025-04-17 23:15:37,004 DEBUG o.s.c.l.CompositeLog [DiscoveryClient-CacheRefreshExecutor-0] Response 200 OK
2025-04-17 23:15:37,004 DEBUG o.s.c.l.CompositeLog [DiscoveryClient-CacheRefreshExecutor-0] Reading to [org.springframework.cloud.netflix.eureka.http.EurekaApplications]
2025-04-17 23:15:46,188 INFO c.n.d.s.r.a.ConfigClusterResolver [AsyncResolver-bootstrap-executor-0] Resolving eureka endpoints via configuration
2025-04-17 23:16:06,996 DEBUG o.s.c.l.CompositeLog [DiscoveryClient-HeartbeatExecutor-0] HTTP PUT http://localhost:8761/eureka/apps/USER-MANAGEMENT/192.168.1.4:user-management:8888?status=UP&lastDirtyTimestamp=1744897969423
2025-04-17 23:16:06,996 DEBUG o.s.c.l.CompositeLog [DiscoveryClient-HeartbeatExecutor-0] Accept=[application/json, application/*+json]
2025-04-17 23:16:07,012 DEBUG o.s.c.l.CompositeLog [DiscoveryClient-CacheRefreshExecutor-0] HTTP GET http://localhost:8761/eureka/apps/delta
2025-04-17 23:16:07,012 DEBUG o.s.c.l.CompositeLog [DiscoveryClient-CacheRefreshExecutor-0] Accept=[application/json, application/*+json]
2025-04-17 23:16:07,012 DEBUG o.s.c.l.CompositeLog [DiscoveryClient-HeartbeatExecutor-0] Response 200 OK
2025-04-17 23:16:07,028 DEBUG o.s.c.l.CompositeLog [DiscoveryClient-CacheRefreshExecutor-0] Response 200 OK
2025-04-17 23:16:07,029 DEBUG o.s.c.l.CompositeLog [DiscoveryClient-CacheRefreshExecutor-0] Reading to [org.springframework.cloud.netflix.eureka.http.EurekaApplications]
2025-04-17 23:16:37,023 DEBUG o.s.c.l.CompositeLog [DiscoveryClient-HeartbeatExecutor-0] HTTP PUT http://localhost:8761/eureka/apps/USER-MANAGEMENT/192.168.1.4:user-management:8888?status=UP&lastDirtyTimestamp=1744897969423
2025-04-17 23:16:37,024 DEBUG o.s.c.l.CompositeLog [DiscoveryClient-HeartbeatExecutor-0] Accept=[application/json, application/*+json]
2025-04-17 23:16:37,040 DEBUG o.s.c.l.CompositeLog [DiscoveryClient-HeartbeatExecutor-0] Response 200 OK
2025-04-17 23:16:37,042 DEBUG o.s.c.l.CompositeLog [DiscoveryClient-CacheRefreshExecutor-0] HTTP GET http://localhost:8761/eureka/apps/delta
2025-04-17 23:16:37,047 DEBUG o.s.c.l.CompositeLog [DiscoveryClient-CacheRefreshExecutor-0] Accept=[application/json, application/*+json]
2025-04-17 23:16:37,051 DEBUG o.s.c.l.CompositeLog [DiscoveryClient-CacheRefreshExecutor-0] Response 200 OK
2025-04-17 23:16:37,051 DEBUG o.s.c.l.CompositeLog [DiscoveryClient-CacheRefreshExecutor-0] Reading to [org.springframework.cloud.netflix.eureka.http.EurekaApplications]
2025-04-17 23:17:07,043 DEBUG o.s.c.l.CompositeLog [DiscoveryClient-HeartbeatExecutor-0] HTTP PUT http://localhost:8761/eureka/apps/USER-MANAGEMENT/192.168.1.4:user-management:8888?status=UP&lastDirtyTimestamp=1744897969423
2025-04-17 23:17:07,043 DEBUG o.s.c.l.CompositeLog [DiscoveryClient-HeartbeatExecutor-0] Accept=[application/json, application/*+json]
2025-04-17 23:17:07,058 DEBUG o.s.c.l.CompositeLog [DiscoveryClient-CacheRefreshExecutor-0] HTTP GET http://localhost:8761/eureka/apps/delta
2025-04-17 23:17:07,058 DEBUG o.s.c.l.CompositeLog [DiscoveryClient-CacheRefreshExecutor-0] Accept=[application/json, application/*+json]
2025-04-17 23:17:07,059 DEBUG o.s.c.l.CompositeLog [DiscoveryClient-HeartbeatExecutor-0] Response 200 OK
2025-04-17 23:17:07,075 DEBUG o.s.c.l.CompositeLog [DiscoveryClient-CacheRefreshExecutor-0] Response 200 OK
2025-04-17 23:17:07,075 DEBUG o.s.c.l.CompositeLog [DiscoveryClient-CacheRefreshExecutor-0] Reading to [org.springframework.cloud.netflix.eureka.http.EurekaApplications]
2025-04-17 23:17:37,065 DEBUG o.s.c.l.CompositeLog [DiscoveryClient-HeartbeatExecutor-0] HTTP PUT http://localhost:8761/eureka/apps/USER-MANAGEMENT/192.168.1.4:user-management:8888?status=UP&lastDirtyTimestamp=1744897969423
2025-04-17 23:17:37,067 DEBUG o.s.c.l.CompositeLog [DiscoveryClient-HeartbeatExecutor-0] Accept=[application/json, application/*+json]
2025-04-17 23:17:37,080 DEBUG o.s.c.l.CompositeLog [DiscoveryClient-CacheRefreshExecutor-0] HTTP GET http://localhost:8761/eureka/apps/delta
2025-04-17 23:17:37,081 DEBUG o.s.c.l.CompositeLog [DiscoveryClient-CacheRefreshExecutor-0] Accept=[application/json, application/*+json]
2025-04-17 23:17:37,082 DEBUG o.s.c.l.CompositeLog [DiscoveryClient-HeartbeatExecutor-0] Response 200 OK
2025-04-17 23:17:37,096 DEBUG o.s.c.l.CompositeLog [DiscoveryClient-CacheRefreshExecutor-0] Response 200 OK
2025-04-17 23:17:37,097 DEBUG o.s.c.l.CompositeLog [DiscoveryClient-CacheRefreshExecutor-0] Reading to [org.springframework.cloud.netflix.eureka.http.EurekaApplications]
2025-04-17 23:18:07,084 DEBUG o.s.c.l.CompositeLog [DiscoveryClient-HeartbeatExecutor-0] HTTP PUT http://localhost:8761/eureka/apps/USER-MANAGEMENT/192.168.1.4:user-management:8888?status=UP&lastDirtyTimestamp=1744897969423
2025-04-17 23:18:07,085 DEBUG o.s.c.l.CompositeLog [DiscoveryClient-HeartbeatExecutor-0] Accept=[application/json, application/*+json]
2025-04-17 23:18:07,100 DEBUG o.s.c.l.CompositeLog [DiscoveryClient-CacheRefreshExecutor-0] HTTP GET http://localhost:8761/eureka/apps/delta
2025-04-17 23:18:07,101 DEBUG o.s.c.l.CompositeLog [DiscoveryClient-CacheRefreshExecutor-0] Accept=[application/json, application/*+json]
2025-04-17 23:18:07,101 DEBUG o.s.c.l.CompositeLog [DiscoveryClient-HeartbeatExecutor-0] Response 200 OK
2025-04-17 23:18:07,116 DEBUG o.s.c.l.CompositeLog [DiscoveryClient-CacheRefreshExecutor-0] Response 200 OK
2025-04-17 23:18:07,116 DEBUG o.s.c.l.CompositeLog [DiscoveryClient-CacheRefreshExecutor-0] Reading to [org.springframework.cloud.netflix.eureka.http.EurekaApplications]
2025-04-17 23:18:37,106 DEBUG o.s.c.l.CompositeLog [DiscoveryClient-HeartbeatExecutor-0] HTTP PUT http://localhost:8761/eureka/apps/USER-MANAGEMENT/192.168.1.4:user-management:8888?status=UP&lastDirtyTimestamp=1744897969423
2025-04-17 23:18:37,106 DEBUG o.s.c.l.CompositeLog [DiscoveryClient-HeartbeatExecutor-0] Accept=[application/json, application/*+json]
2025-04-17 23:18:37,122 DEBUG o.s.c.l.CompositeLog [DiscoveryClient-CacheRefreshExecutor-0] HTTP GET http://localhost:8761/eureka/apps/delta
2025-04-17 23:18:37,122 DEBUG o.s.c.l.CompositeLog [DiscoveryClient-CacheRefreshExecutor-0] Accept=[application/json, application/*+json]
2025-04-17 23:18:37,123 DEBUG o.s.c.l.CompositeLog [DiscoveryClient-HeartbeatExecutor-0] Response 200 OK
2025-04-17 23:18:37,139 DEBUG o.s.c.l.CompositeLog [DiscoveryClient-CacheRefreshExecutor-0] Response 200 OK
2025-04-17 23:18:37,139 DEBUG o.s.c.l.CompositeLog [DiscoveryClient-CacheRefreshExecutor-0] Reading to [org.springframework.cloud.netflix.eureka.http.EurekaApplications]
2025-04-17 23:19:07,132 DEBUG o.s.c.l.CompositeLog [DiscoveryClient-HeartbeatExecutor-0] HTTP PUT http://localhost:8761/eureka/apps/USER-MANAGEMENT/192.168.1.4:user-management:8888?status=UP&lastDirtyTimestamp=1744897969423
2025-04-17 23:19:07,133 DEBUG o.s.c.l.CompositeLog [DiscoveryClient-HeartbeatExecutor-0] Accept=[application/json, application/*+json]
2025-04-17 23:19:07,148 DEBUG o.s.c.l.CompositeLog [DiscoveryClient-CacheRefreshExecutor-0] HTTP GET http://localhost:8761/eureka/apps/delta
2025-04-17 23:19:07,149 DEBUG o.s.c.l.CompositeLog [DiscoveryClient-CacheRefreshExecutor-0] Accept=[application/json, application/*+json]
2025-04-17 23:19:07,150 DEBUG o.s.c.l.CompositeLog [DiscoveryClient-HeartbeatExecutor-0] Response 200 OK
2025-04-17 23:19:07,166 DEBUG o.s.c.l.CompositeLog [DiscoveryClient-CacheRefreshExecutor-0] Response 200 OK
2025-04-17 23:19:07,166 DEBUG o.s.c.l.CompositeLog [DiscoveryClient-CacheRefreshExecutor-0] Reading to [org.springframework.cloud.netflix.eureka.http.EurekaApplications]
2025-04-17 23:19:37,154 DEBUG o.s.c.l.CompositeLog [DiscoveryClient-HeartbeatExecutor-0] HTTP PUT http://localhost:8761/eureka/apps/USER-MANAGEMENT/192.168.1.4:user-management:8888?status=UP&lastDirtyTimestamp=1744897969423
2025-04-17 23:19:37,154 DEBUG o.s.c.l.CompositeLog [DiscoveryClient-HeartbeatExecutor-0] Accept=[application/json, application/*+json]
2025-04-17 23:19:37,169 DEBUG o.s.c.l.CompositeLog [DiscoveryClient-CacheRefreshExecutor-0] HTTP GET http://localhost:8761/eureka/apps/delta
2025-04-17 23:19:37,169 DEBUG o.s.c.l.CompositeLog [DiscoveryClient-CacheRefreshExecutor-0] Accept=[application/json, application/*+json]
2025-04-17 23:19:37,170 DEBUG o.s.c.l.CompositeLog [DiscoveryClient-HeartbeatExecutor-0] Response 200 OK
2025-04-17 23:19:37,186 DEBUG o.s.c.l.CompositeLog [DiscoveryClient-CacheRefreshExecutor-0] Response 200 OK
2025-04-17 23:19:37,186 DEBUG o.s.c.l.CompositeLog [DiscoveryClient-CacheRefreshExecutor-0] Reading to [org.springframework.cloud.netflix.eureka.http.EurekaApplications]
2025-04-17 23:20:07,172 DEBUG o.s.c.l.CompositeLog [DiscoveryClient-HeartbeatExecutor-0] HTTP PUT http://localhost:8761/eureka/apps/USER-MANAGEMENT/192.168.1.4:user-management:8888?status=UP&lastDirtyTimestamp=1744897969423
2025-04-17 23:20:07,172 DEBUG o.s.c.l.CompositeLog [DiscoveryClient-HeartbeatExecutor-0] Accept=[application/json, application/*+json]
2025-04-17 23:20:07,189 DEBUG o.s.c.l.CompositeLog [DiscoveryClient-CacheRefreshExecutor-0] HTTP GET http://localhost:8761/eureka/apps/delta
2025-04-17 23:20:07,189 DEBUG o.s.c.l.CompositeLog [DiscoveryClient-CacheRefreshExecutor-0] Accept=[application/json, application/*+json]
2025-04-17 23:20:07,190 DEBUG o.s.c.l.CompositeLog [DiscoveryClient-HeartbeatExecutor-0] Response 200 OK
2025-04-17 23:20:07,204 DEBUG o.s.c.l.CompositeLog [DiscoveryClient-CacheRefreshExecutor-0] Response 200 OK
2025-04-17 23:20:07,205 DEBUG o.s.c.l.CompositeLog [DiscoveryClient-CacheRefreshExecutor-0] Reading to [org.springframework.cloud.netflix.eureka.http.EurekaApplications]
2025-04-17 23:20:37,193 DEBUG o.s.c.l.CompositeLog [DiscoveryClient-HeartbeatExecutor-0] HTTP PUT http://localhost:8761/eureka/apps/USER-MANAGEMENT/192.168.1.4:user-management:8888?status=UP&lastDirtyTimestamp=1744897969423
2025-04-17 23:20:37,193 DEBUG o.s.c.l.CompositeLog [DiscoveryClient-HeartbeatExecutor-0] Accept=[application/json, application/*+json]
2025-04-17 23:20:37,209 DEBUG o.s.c.l.CompositeLog [DiscoveryClient-CacheRefreshExecutor-0] HTTP GET http://localhost:8761/eureka/apps/delta
2025-04-17 23:20:37,209 DEBUG o.s.c.l.CompositeLog [DiscoveryClient-CacheRefreshExecutor-0] Accept=[application/json, application/*+json]
2025-04-17 23:20:37,210 DEBUG o.s.c.l.CompositeLog [DiscoveryClient-HeartbeatExecutor-0] Response 200 OK
2025-04-17 23:20:37,225 DEBUG o.s.c.l.CompositeLog [DiscoveryClient-CacheRefreshExecutor-0] Response 200 OK
2025-04-17 23:20:37,225 DEBUG o.s.c.l.CompositeLog [DiscoveryClient-CacheRefreshExecutor-0] Reading to [org.springframework.cloud.netflix.eureka.http.EurekaApplications]
2025-04-17 23:20:46,203 INFO c.n.d.s.r.a.ConfigClusterResolver [AsyncResolver-bootstrap-executor-0] Resolving eureka endpoints via configuration
2025-04-17 23:21:07,213 DEBUG o.s.c.l.CompositeLog [DiscoveryClient-HeartbeatExecutor-0] HTTP PUT http://localhost:8761/eureka/apps/USER-MANAGEMENT/192.168.1.4:user-management:8888?status=UP&lastDirtyTimestamp=1744897969423
2025-04-17 23:21:07,213 DEBUG o.s.c.l.CompositeLog [DiscoveryClient-HeartbeatExecutor-0] Accept=[application/json, application/*+json]
2025-04-17 23:21:07,227 DEBUG o.s.c.l.CompositeLog [DiscoveryClient-CacheRefreshExecutor-0] HTTP GET http://localhost:8761/eureka/apps/delta
2025-04-17 23:21:07,227 DEBUG o.s.c.l.CompositeLog [DiscoveryClient-CacheRefreshExecutor-0] Accept=[application/json, application/*+json]
2025-04-17 23:21:07,228 DEBUG o.s.c.l.CompositeLog [DiscoveryClient-HeartbeatExecutor-0] Response 200 OK
2025-04-17 23:21:07,243 DEBUG o.s.c.l.CompositeLog [DiscoveryClient-CacheRefreshExecutor-0] Response 200 OK
2025-04-17 23:21:07,243 DEBUG o.s.c.l.CompositeLog [DiscoveryClient-CacheRefreshExecutor-0] Reading to [org.springframework.cloud.netflix.eureka.http.EurekaApplications]
2025-04-17 23:21:37,238 DEBUG o.s.c.l.CompositeLog [DiscoveryClient-HeartbeatExecutor-0] HTTP PUT http://localhost:8761/eureka/apps/USER-MANAGEMENT/192.168.1.4:user-management:8888?status=UP&lastDirtyTimestamp=1744897969423
2025-04-17 23:21:37,238 DEBUG o.s.c.l.CompositeLog [DiscoveryClient-HeartbeatExecutor-0] Accept=[application/json, application/*+json]
2025-04-17 23:21:37,254 DEBUG o.s.c.l.CompositeLog [DiscoveryClient-CacheRefreshExecutor-0] HTTP GET http://localhost:8761/eureka/apps/delta
2025-04-17 23:21:37,255 DEBUG o.s.c.l.CompositeLog [DiscoveryClient-CacheRefreshExecutor-0] Accept=[application/json, application/*+json]
2025-04-17 23:21:37,256 DEBUG o.s.c.l.CompositeLog [DiscoveryClient-HeartbeatExecutor-0] Response 200 OK
2025-04-17 23:21:37,271 DEBUG o.s.c.l.CompositeLog [DiscoveryClient-CacheRefreshExecutor-0] Response 200 OK
2025-04-17 23:21:37,272 DEBUG o.s.c.l.CompositeLog [DiscoveryClient-CacheRefreshExecutor-0] Reading to [org.springframework.cloud.netflix.eureka.http.EurekaApplications]
2025-04-17 23:22:07,261 DEBUG o.s.c.l.CompositeLog [DiscoveryClient-HeartbeatExecutor-0] HTTP PUT http://localhost:8761/eureka/apps/USER-MANAGEMENT/192.168.1.4:user-management:8888?status=UP&lastDirtyTimestamp=1744897969423
2025-04-17 23:22:07,262 DEBUG o.s.c.l.CompositeLog [DiscoveryClient-HeartbeatExecutor-0] Accept=[application/json, application/*+json]
2025-04-17 23:22:07,276 DEBUG o.s.c.l.CompositeLog [DiscoveryClient-CacheRefreshExecutor-0] HTTP GET http://localhost:8761/eureka/apps/delta
2025-04-17 23:22:07,276 DEBUG o.s.c.l.CompositeLog [DiscoveryClient-CacheRefreshExecutor-0] Accept=[application/json, application/*+json]
2025-04-17 23:22:07,277 DEBUG o.s.c.l.CompositeLog [DiscoveryClient-HeartbeatExecutor-0] Response 200 OK
2025-04-17 23:22:07,292 DEBUG o.s.c.l.CompositeLog [DiscoveryClient-CacheRefreshExecutor-0] Response 200 OK
2025-04-17 23:22:07,292 DEBUG o.s.c.l.CompositeLog [DiscoveryClient-CacheRefreshExecutor-0] Reading to [org.springframework.cloud.netflix.eureka.http.EurekaApplications]
2025-04-17 23:22:37,292 DEBUG o.s.c.l.CompositeLog [DiscoveryClient-HeartbeatExecutor-0] HTTP PUT http://localhost:8761/eureka/apps/USER-MANAGEMENT/192.168.1.4:user-management:8888?status=UP&lastDirtyTimestamp=1744897969423
2025-04-17 23:22:37,292 DEBUG o.s.c.l.CompositeLog [DiscoveryClient-HeartbeatExecutor-0] Accept=[application/json, application/*+json]
2025-04-17 23:22:37,307 DEBUG o.s.c.l.CompositeLog [DiscoveryClient-CacheRefreshExecutor-0] HTTP GET http://localhost:8761/eureka/apps/delta
2025-04-17 23:22:37,307 DEBUG o.s.c.l.CompositeLog [DiscoveryClient-CacheRefreshExecutor-0] Accept=[application/json, application/*+json]
2025-04-17 23:22:37,308 DEBUG o.s.c.l.CompositeLog [DiscoveryClient-HeartbeatExecutor-0] Response 200 OK
2025-04-17 23:22:37,323 DEBUG o.s.c.l.CompositeLog [DiscoveryClient-CacheRefreshExecutor-0] Response 200 OK
2025-04-17 23:22:37,324 DEBUG o.s.c.l.CompositeLog [DiscoveryClient-CacheRefreshExecutor-0] Reading to [org.springframework.cloud.netflix.eureka.http.EurekaApplications]
2025-04-17 23:23:07,318 DEBUG o.s.c.l.CompositeLog [DiscoveryClient-HeartbeatExecutor-0] HTTP PUT http://localhost:8761/eureka/apps/USER-MANAGEMENT/192.168.1.4:user-management:8888?status=UP&lastDirtyTimestamp=1744897969423
2025-04-17 23:23:07,318 DEBUG o.s.c.l.CompositeLog [DiscoveryClient-HeartbeatExecutor-0] Accept=[application/json, application/*+json]
2025-04-17 23:23:07,334 DEBUG o.s.c.l.CompositeLog [DiscoveryClient-CacheRefreshExecutor-0] HTTP GET http://localhost:8761/eureka/apps/delta
2025-04-17 23:23:07,335 DEBUG o.s.c.l.CompositeLog [DiscoveryClient-CacheRefreshExecutor-0] Accept=[application/json, application/*+json]
2025-04-17 23:23:07,335 DEBUG o.s.c.l.CompositeLog [DiscoveryClient-HeartbeatExecutor-0] Response 200 OK
2025-04-17 23:23:07,350 DEBUG o.s.c.l.CompositeLog [DiscoveryClient-CacheRefreshExecutor-0] Response 200 OK
2025-04-17 23:23:07,350 DEBUG o.s.c.l.CompositeLog [DiscoveryClient-CacheRefreshExecutor-0] Reading to [org.springframework.cloud.netflix.eureka.http.EurekaApplications]
2025-04-17 23:23:37,343 DEBUG o.s.c.l.CompositeLog [DiscoveryClient-HeartbeatExecutor-0] HTTP PUT http://localhost:8761/eureka/apps/USER-MANAGEMENT/192.168.1.4:user-management:8888?status=UP&lastDirtyTimestamp=1744897969423
2025-04-17 23:23:37,343 DEBUG o.s.c.l.CompositeLog [DiscoveryClient-HeartbeatExecutor-0] Accept=[application/json, application/*+json]
2025-04-17 23:23:37,359 DEBUG o.s.c.l.CompositeLog [DiscoveryClient-CacheRefreshExecutor-0] HTTP GET http://localhost:8761/eureka/apps/delta
2025-04-17 23:23:37,359 DEBUG o.s.c.l.CompositeLog [DiscoveryClient-CacheRefreshExecutor-0] Accept=[application/json, application/*+json]
2025-04-17 23:23:37,359 DEBUG o.s.c.l.CompositeLog [DiscoveryClient-HeartbeatExecutor-0] Response 200 OK
2025-04-17 23:23:37,375 DEBUG o.s.c.l.CompositeLog [DiscoveryClient-CacheRefreshExecutor-0] Response 200 OK
2025-04-17 23:23:37,375 DEBUG o.s.c.l.CompositeLog [DiscoveryClient-CacheRefreshExecutor-0] Reading to [org.springframework.cloud.netflix.eureka.http.EurekaApplications]
2025-04-17 23:24:07,374 DEBUG o.s.c.l.CompositeLog [DiscoveryClient-HeartbeatExecutor-0] HTTP PUT http://localhost:8761/eureka/apps/USER-MANAGEMENT/192.168.1.4:user-management:8888?status=UP&lastDirtyTimestamp=1744897969423
2025-04-17 23:24:07,375 DEBUG o.s.c.l.CompositeLog [DiscoveryClient-HeartbeatExecutor-0] Accept=[application/json, application/*+json]
2025-04-17 23:24:07,390 DEBUG o.s.c.l.CompositeLog [DiscoveryClient-CacheRefreshExecutor-0] HTTP GET http://localhost:8761/eureka/apps/delta
2025-04-17 23:24:07,390 DEBUG o.s.c.l.CompositeLog [DiscoveryClient-CacheRefreshExecutor-0] Accept=[application/json, application/*+json]
2025-04-17 23:24:07,391 DEBUG o.s.c.l.CompositeLog [DiscoveryClient-HeartbeatExecutor-0] Response 200 OK
2025-04-17 23:24:07,406 DEBUG o.s.c.l.CompositeLog [DiscoveryClient-CacheRefreshExecutor-0] Response 200 OK
2025-04-17 23:24:07,407 DEBUG o.s.c.l.CompositeLog [DiscoveryClient-CacheRefreshExecutor-0] Reading to [org.springframework.cloud.netflix.eureka.http.EurekaApplications]
2025-04-17 23:24:37,401 DEBUG o.s.c.l.CompositeLog [DiscoveryClient-HeartbeatExecutor-0] HTTP PUT http://localhost:8761/eureka/apps/USER-MANAGEMENT/192.168.1.4:user-management:8888?status=UP&lastDirtyTimestamp=1744897969423
2025-04-17 23:24:37,401 DEBUG o.s.c.l.CompositeLog [DiscoveryClient-HeartbeatExecutor-0] Accept=[application/json, application/*+json]
2025-04-17 23:24:37,417 DEBUG o.s.c.l.CompositeLog [DiscoveryClient-CacheRefreshExecutor-0] HTTP GET http://localhost:8761/eureka/apps/delta
2025-04-17 23:24:37,417 DEBUG o.s.c.l.CompositeLog [DiscoveryClient-CacheRefreshExecutor-0] Accept=[application/json, application/*+json]
2025-04-17 23:24:37,418 DEBUG o.s.c.l.CompositeLog [DiscoveryClient-HeartbeatExecutor-0] Response 200 OK
2025-04-17 23:24:37,433 DEBUG o.s.c.l.CompositeLog [DiscoveryClient-CacheRefreshExecutor-0] Response 200 OK
2025-04-17 23:24:37,433 DEBUG o.s.c.l.CompositeLog [DiscoveryClient-CacheRefreshExecutor-0] Reading to [org.springframework.cloud.netflix.eureka.http.EurekaApplications]
2025-04-17 23:25:07,421 DEBUG o.s.c.l.CompositeLog [DiscoveryClient-HeartbeatExecutor-0] HTTP PUT http://localhost:8761/eureka/apps/USER-MANAGEMENT/192.168.1.4:user-management:8888?status=UP&lastDirtyTimestamp=1744897969423
2025-04-17 23:25:07,421 DEBUG o.s.c.l.CompositeLog [DiscoveryClient-HeartbeatExecutor-0] Accept=[application/json, application/*+json]
2025-04-17 23:25:07,437 DEBUG o.s.c.l.CompositeLog [DiscoveryClient-CacheRefreshExecutor-0] HTTP GET http://localhost:8761/eureka/apps/delta
2025-04-17 23:25:07,437 DEBUG o.s.c.l.CompositeLog [DiscoveryClient-CacheRefreshExecutor-0] Accept=[application/json, application/*+json]
2025-04-17 23:25:07,438 DEBUG o.s.c.l.CompositeLog [DiscoveryClient-HeartbeatExecutor-0] Response 200 OK
2025-04-17 23:25:07,453 DEBUG o.s.c.l.CompositeLog [DiscoveryClient-CacheRefreshExecutor-0] Response 200 OK
2025-04-17 23:25:07,453 DEBUG o.s.c.l.CompositeLog [DiscoveryClient-CacheRefreshExecutor-0] Reading to [org.springframework.cloud.netflix.eureka.http.EurekaApplications]
2025-04-17 23:25:37,449 DEBUG o.s.c.l.CompositeLog [DiscoveryClient-HeartbeatExecutor-0] HTTP PUT http://localhost:8761/eureka/apps/USER-MANAGEMENT/192.168.1.4:user-management:8888?status=UP&lastDirtyTimestamp=1744897969423
2025-04-17 23:25:37,449 DEBUG o.s.c.l.CompositeLog [DiscoveryClient-HeartbeatExecutor-0] Accept=[application/json, application/*+json]
2025-04-17 23:25:37,464 DEBUG o.s.c.l.CompositeLog [DiscoveryClient-CacheRefreshExecutor-0] HTTP GET http://localhost:8761/eureka/apps/delta
2025-04-17 23:25:37,464 DEBUG o.s.c.l.CompositeLog [DiscoveryClient-CacheRefreshExecutor-0] Accept=[application/json, application/*+json]
2025-04-17 23:25:37,465 DEBUG o.s.c.l.CompositeLog [DiscoveryClient-HeartbeatExecutor-0] Response 200 OK
2025-04-17 23:25:37,480 DEBUG o.s.c.l.CompositeLog [DiscoveryClient-CacheRefreshExecutor-0] Response 200 OK
2025-04-17 23:25:37,481 DEBUG o.s.c.l.CompositeLog [DiscoveryClient-CacheRefreshExecutor-0] Reading to [org.springframework.cloud.netflix.eureka.http.EurekaApplications]
2025-04-17 23:25:46,204 INFO c.n.d.s.r.a.ConfigClusterResolver [AsyncResolver-bootstrap-executor-0] Resolving eureka endpoints via configuration
2025-04-17 23:26:07,469 DEBUG o.s.c.l.CompositeLog [DiscoveryClient-HeartbeatExecutor-0] HTTP PUT http://localhost:8761/eureka/apps/USER-MANAGEMENT/192.168.1.4:user-management:8888?status=UP&lastDirtyTimestamp=1744897969423
2025-04-17 23:26:07,470 DEBUG o.s.c.l.CompositeLog [DiscoveryClient-HeartbeatExecutor-0] Accept=[application/json, application/*+json]
2025-04-17 23:26:07,484 DEBUG o.s.c.l.CompositeLog [DiscoveryClient-CacheRefreshExecutor-0] HTTP GET http://localhost:8761/eureka/apps/delta
2025-04-17 23:26:07,484 DEBUG o.s.c.l.CompositeLog [DiscoveryClient-CacheRefreshExecutor-0] Accept=[application/json, application/*+json]
2025-04-17 23:26:07,485 DEBUG o.s.c.l.CompositeLog [DiscoveryClient-HeartbeatExecutor-0] Response 200 OK
2025-04-17 23:26:07,501 DEBUG o.s.c.l.CompositeLog [DiscoveryClient-CacheRefreshExecutor-0] Response 200 OK
2025-04-17 23:26:07,501 DEBUG o.s.c.l.CompositeLog [DiscoveryClient-CacheRefreshExecutor-0] Reading to [org.springframework.cloud.netflix.eureka.http.EurekaApplications]
2025-04-17 23:26:37,499 DEBUG o.s.c.l.CompositeLog [DiscoveryClient-HeartbeatExecutor-0] HTTP PUT http://localhost:8761/eureka/apps/USER-MANAGEMENT/192.168.1.4:user-management:8888?status=UP&lastDirtyTimestamp=1744897969423
2025-04-17 23:26:37,500 DEBUG o.s.c.l.CompositeLog [DiscoveryClient-HeartbeatExecutor-0] Accept=[application/json, application/*+json]
2025-04-17 23:26:37,515 DEBUG o.s.c.l.CompositeLog [DiscoveryClient-CacheRefreshExecutor-0] HTTP GET http://localhost:8761/eureka/apps/delta
2025-04-17 23:26:37,515 DEBUG o.s.c.l.CompositeLog [DiscoveryClient-CacheRefreshExecutor-0] Accept=[application/json, application/*+json]
2025-04-17 23:26:37,516 DEBUG o.s.c.l.CompositeLog [DiscoveryClient-HeartbeatExecutor-0] Response 200 OK
2025-04-17 23:26:37,531 DEBUG o.s.c.l.CompositeLog [DiscoveryClient-CacheRefreshExecutor-0] Response 200 OK
2025-04-17 23:26:37,531 DEBUG o.s.c.l.CompositeLog [DiscoveryClient-CacheRefreshExecutor-0] Reading to [org.springframework.cloud.netflix.eureka.http.EurekaApplications]
2025-04-17 23:27:07,516 DEBUG o.s.c.l.CompositeLog [DiscoveryClient-HeartbeatExecutor-0] HTTP PUT http://localhost:8761/eureka/apps/USER-MANAGEMENT/192.168.1.4:user-management:8888?status=UP&lastDirtyTimestamp=1744897969423
2025-04-17 23:27:07,517 DEBUG o.s.c.l.CompositeLog [DiscoveryClient-HeartbeatExecutor-0] Accept=[application/json, application/*+json]
2025-04-17 23:27:07,532 DEBUG o.s.c.l.CompositeLog [DiscoveryClient-CacheRefreshExecutor-0] HTTP GET http://localhost:8761/eureka/apps/delta
2025-04-17 23:27:07,532 DEBUG o.s.c.l.CompositeLog [DiscoveryClient-CacheRefreshExecutor-0] Accept=[application/json, application/*+json]
2025-04-17 23:27:07,533 DEBUG o.s.c.l.CompositeLog [DiscoveryClient-HeartbeatExecutor-0] Response 200 OK
2025-04-17 23:27:07,548 DEBUG o.s.c.l.CompositeLog [DiscoveryClient-CacheRefreshExecutor-0] Response 200 OK
2025-04-17 23:27:07,548 DEBUG o.s.c.l.CompositeLog [DiscoveryClient-CacheRefreshExecutor-0] Reading to [org.springframework.cloud.netflix.eureka.http.EurekaApplications]
2025-04-17 23:27:37,549 DEBUG o.s.c.l.CompositeLog [DiscoveryClient-CacheRefreshExecutor-0] HTTP GET http://localhost:8761/eureka/apps/delta
2025-04-17 23:27:37,549 DEBUG o.s.c.l.CompositeLog [DiscoveryClient-CacheRefreshExecutor-0] Accept=[application/json, application/*+json]
2025-04-17 23:27:37,552 DEBUG o.s.c.l.CompositeLog [DiscoveryClient-HeartbeatExecutor-0] HTTP PUT http://localhost:8761/eureka/apps/USER-MANAGEMENT/192.168.1.4:user-management:8888?status=UP&lastDirtyTimestamp=1744897969423
2025-04-17 23:27:37,557 DEBUG o.s.c.l.CompositeLog [DiscoveryClient-HeartbeatExecutor-0] Accept=[application/json, application/*+json]
2025-04-17 23:27:37,559 DEBUG o.s.c.l.CompositeLog [DiscoveryClient-HeartbeatExecutor-0] Response 200 OK
2025-04-17 23:27:37,566 DEBUG o.s.c.l.CompositeLog [DiscoveryClient-CacheRefreshExecutor-0] Response 200 OK
2025-04-17 23:27:37,566 DEBUG o.s.c.l.CompositeLog [DiscoveryClient-CacheRefreshExecutor-0] Reading to [org.springframework.cloud.netflix.eureka.http.EurekaApplications]
2025-04-17 23:28:07,568 DEBUG o.s.c.l.CompositeLog [DiscoveryClient-HeartbeatExecutor-0] HTTP PUT http://localhost:8761/eureka/apps/USER-MANAGEMENT/192.168.1.4:user-management:8888?status=UP&lastDirtyTimestamp=1744897969423
2025-04-17 23:28:07,568 DEBUG o.s.c.l.CompositeLog [DiscoveryClient-CacheRefreshExecutor-0] HTTP GET http://localhost:8761/eureka/apps/delta
2025-04-17 23:28:07,569 DEBUG o.s.c.l.CompositeLog [DiscoveryClient-HeartbeatExecutor-0] Accept=[application/json, application/*+json]
2025-04-17 23:28:07,569 DEBUG o.s.c.l.CompositeLog [DiscoveryClient-CacheRefreshExecutor-0] Accept=[application/json, application/*+json]
2025-04-17 23:28:07,585 DEBUG o.s.c.l.CompositeLog [DiscoveryClient-CacheRefreshExecutor-0] Response 200 OK
2025-04-17 23:28:07,585 DEBUG o.s.c.l.CompositeLog [DiscoveryClient-HeartbeatExecutor-0] Response 200 OK
2025-04-17 23:28:07,585 DEBUG o.s.c.l.CompositeLog [DiscoveryClient-CacheRefreshExecutor-0] Reading to [org.springframework.cloud.netflix.eureka.http.EurekaApplications]
2025-04-17 23:28:37,598 DEBUG o.s.c.l.CompositeLog [DiscoveryClient-CacheRefreshExecutor-0] HTTP GET http://localhost:8761/eureka/apps/delta
2025-04-17 23:28:37,598 DEBUG o.s.c.l.CompositeLog [DiscoveryClient-HeartbeatExecutor-0] HTTP PUT http://localhost:8761/eureka/apps/USER-MANAGEMENT/192.168.1.4:user-management:8888?status=UP&lastDirtyTimestamp=1744897969423
2025-04-17 23:28:37,599 DEBUG o.s.c.l.CompositeLog [DiscoveryClient-CacheRefreshExecutor-0] Accept=[application/json, application/*+json]
2025-04-17 23:28:37,599 DEBUG o.s.c.l.CompositeLog [DiscoveryClient-HeartbeatExecutor-0] Accept=[application/json, application/*+json]
2025-04-17 23:28:37,615 DEBUG o.s.c.l.CompositeLog [DiscoveryClient-HeartbeatExecutor-0] Response 200 OK
2025-04-17 23:28:37,615 DEBUG o.s.c.l.CompositeLog [DiscoveryClient-CacheRefreshExecutor-0] Response 200 OK
2025-04-17 23:28:37,615 DEBUG o.s.c.l.CompositeLog [DiscoveryClient-CacheRefreshExecutor-0] Reading to [org.springframework.cloud.netflix.eureka.http.EurekaApplications]
2025-04-17 23:29:07,626 DEBUG o.s.c.l.CompositeLog [DiscoveryClient-HeartbeatExecutor-0] HTTP PUT http://localhost:8761/eureka/apps/USER-MANAGEMENT/192.168.1.4:user-management:8888?status=UP&lastDirtyTimestamp=1744897969423
2025-04-17 23:29:07,626 DEBUG o.s.c.l.CompositeLog [DiscoveryClient-HeartbeatExecutor-0] Accept=[application/json, application/*+json]
2025-04-17 23:29:07,626 DEBUG o.s.c.l.CompositeLog [DiscoveryClient-CacheRefreshExecutor-0] HTTP GET http://localhost:8761/eureka/apps/delta
2025-04-17 23:29:07,626 DEBUG o.s.c.l.CompositeLog [DiscoveryClient-CacheRefreshExecutor-0] Accept=[application/json, application/*+json]
2025-04-17 23:29:07,643 DEBUG o.s.c.l.CompositeLog [DiscoveryClient-CacheRefreshExecutor-0] Response 200 OK
2025-04-17 23:29:07,643 DEBUG o.s.c.l.CompositeLog [DiscoveryClient-HeartbeatExecutor-0] Response 200 OK
2025-04-17 23:29:07,644 DEBUG o.s.c.l.CompositeLog [DiscoveryClient-CacheRefreshExecutor-0] Reading to [org.springframework.cloud.netflix.eureka.http.EurekaApplications]
2025-04-17 23:29:37,654 DEBUG o.s.c.l.CompositeLog [DiscoveryClient-HeartbeatExecutor-0] HTTP PUT http://localhost:8761/eureka/apps/USER-MANAGEMENT/192.168.1.4:user-management:8888?status=UP&lastDirtyTimestamp=1744897969423
2025-04-17 23:29:37,654 DEBUG o.s.c.l.CompositeLog [DiscoveryClient-CacheRefreshExecutor-0] HTTP GET http://localhost:8761/eureka/apps/delta
2025-04-17 23:29:37,655 DEBUG o.s.c.l.CompositeLog [DiscoveryClient-HeartbeatExecutor-0] Accept=[application/json, application/*+json]
2025-04-17 23:29:37,655 DEBUG o.s.c.l.CompositeLog [DiscoveryClient-CacheRefreshExecutor-0] Accept=[application/json, application/*+json]
2025-04-17 23:29:37,671 DEBUG o.s.c.l.CompositeLog [DiscoveryClient-HeartbeatExecutor-0] Response 200 OK
2025-04-17 23:29:37,671 DEBUG o.s.c.l.CompositeLog [DiscoveryClient-CacheRefreshExecutor-0] Response 200 OK
2025-04-17 23:29:37,671 DEBUG o.s.c.l.CompositeLog [DiscoveryClient-CacheRefreshExecutor-0] Reading to [org.springframework.cloud.netflix.eureka.http.EurekaApplications]
2025-04-17 23:30:07,679 DEBUG o.s.c.l.CompositeLog [DiscoveryClient-HeartbeatExecutor-0] HTTP PUT http://localhost:8761/eureka/apps/USER-MANAGEMENT/192.168.1.4:user-management:8888?status=UP&lastDirtyTimestamp=1744897969423
2025-04-17 23:30:07,679 DEBUG o.s.c.l.CompositeLog [DiscoveryClient-CacheRefreshExecutor-0] HTTP GET http://localhost:8761/eureka/apps/delta
2025-04-17 23:30:07,680 DEBUG o.s.c.l.CompositeLog [DiscoveryClient-HeartbeatExecutor-0] Accept=[application/json, application/*+json]
2025-04-17 23:30:07,680 DEBUG o.s.c.l.CompositeLog [DiscoveryClient-CacheRefreshExecutor-0] Accept=[application/json, application/*+json]
2025-04-17 23:30:07,696 DEBUG o.s.c.l.CompositeLog [DiscoveryClient-CacheRefreshExecutor-0] Response 200 OK
2025-04-17 23:30:07,696 DEBUG o.s.c.l.CompositeLog [DiscoveryClient-HeartbeatExecutor-0] Response 200 OK
2025-04-17 23:30:07,696 DEBUG o.s.c.l.CompositeLog [DiscoveryClient-CacheRefreshExecutor-0] Reading to [org.springframework.cloud.netflix.eureka.http.EurekaApplications]
2025-04-17 23:30:37,709 DEBUG o.s.c.l.CompositeLog [DiscoveryClient-CacheRefreshExecutor-0] HTTP GET http://localhost:8761/eureka/apps/delta
2025-04-17 23:30:37,709 DEBUG o.s.c.l.CompositeLog [DiscoveryClient-HeartbeatExecutor-0] HTTP PUT http://localhost:8761/eureka/apps/USER-MANAGEMENT/192.168.1.4:user-management:8888?status=UP&lastDirtyTimestamp=1744897969423
2025-04-17 23:30:37,710 DEBUG o.s.c.l.CompositeLog [DiscoveryClient-CacheRefreshExecutor-0] Accept=[application/json, application/*+json]
2025-04-17 23:30:37,710 DEBUG o.s.c.l.CompositeLog [DiscoveryClient-HeartbeatExecutor-0] Accept=[application/json, application/*+json]
2025-04-17 23:30:37,725 DEBUG o.s.c.l.CompositeLog [DiscoveryClient-HeartbeatExecutor-0] Response 200 OK
2025-04-17 23:30:37,725 DEBUG o.s.c.l.CompositeLog [DiscoveryClient-CacheRefreshExecutor-0] Response 200 OK
2025-04-17 23:30:37,725 DEBUG o.s.c.l.CompositeLog [DiscoveryClient-CacheRefreshExecutor-0] Reading to [org.springframework.cloud.netflix.eureka.http.EurekaApplications]
2025-04-17 23:30:46,215 INFO c.n.d.s.r.a.ConfigClusterResolver [AsyncResolver-bootstrap-executor-0] Resolving eureka endpoints via configuration
2025-04-17 23:31:07,738 DEBUG o.s.c.l.CompositeLog [DiscoveryClient-HeartbeatExecutor-0] HTTP PUT http://localhost:8761/eureka/apps/USER-MANAGEMENT/192.168.1.4:user-management:8888?status=UP&lastDirtyTimestamp=1744897969423
2025-04-17 23:31:07,738 DEBUG o.s.c.l.CompositeLog [DiscoveryClient-CacheRefreshExecutor-0] HTTP GET http://localhost:8761/eureka/apps/delta
2025-04-17 23:31:07,739 DEBUG o.s.c.l.CompositeLog [DiscoveryClient-HeartbeatExecutor-0] Accept=[application/json, application/*+json]
2025-04-17 23:31:07,739 DEBUG o.s.c.l.CompositeLog [DiscoveryClient-CacheRefreshExecutor-0] Accept=[application/json, application/*+json]
2025-04-17 23:31:07,754 DEBUG o.s.c.l.CompositeLog [DiscoveryClient-CacheRefreshExecutor-0] Response 200 OK
2025-04-17 23:31:07,754 DEBUG o.s.c.l.CompositeLog [DiscoveryClient-HeartbeatExecutor-0] Response 200 OK
2025-04-17 23:31:07,754 DEBUG o.s.c.l.CompositeLog [DiscoveryClient-CacheRefreshExecutor-0] Reading to [org.springframework.cloud.netflix.eureka.http.EurekaApplications]
2025-04-17 23:31:37,759 DEBUG o.s.c.l.CompositeLog [DiscoveryClient-HeartbeatExecutor-0] HTTP PUT http://localhost:8761/eureka/apps/USER-MANAGEMENT/192.168.1.4:user-management:8888?status=UP&lastDirtyTimestamp=1744897969423
2025-04-17 23:31:37,759 DEBUG o.s.c.l.CompositeLog [DiscoveryClient-CacheRefreshExecutor-0] HTTP GET http://localhost:8761/eureka/apps/delta
2025-04-17 23:31:37,759 DEBUG o.s.c.l.CompositeLog [DiscoveryClient-HeartbeatExecutor-0] Accept=[application/json, application/*+json]
2025-04-17 23:31:37,759 DEBUG o.s.c.l.CompositeLog [DiscoveryClient-CacheRefreshExecutor-0] Accept=[application/json, application/*+json]
2025-04-17 23:31:37,776 DEBUG o.s.c.l.CompositeLog [DiscoveryClient-HeartbeatExecutor-0] Response 200 OK
2025-04-17 23:31:37,776 DEBUG o.s.c.l.CompositeLog [DiscoveryClient-CacheRefreshExecutor-0] Response 200 OK
2025-04-17 23:31:37,776 DEBUG o.s.c.l.CompositeLog [DiscoveryClient-CacheRefreshExecutor-0] Reading to [org.springframework.cloud.netflix.eureka.http.EurekaApplications]
2025-04-17 23:32:07,778 DEBUG o.s.c.l.CompositeLog [DiscoveryClient-HeartbeatExecutor-0] HTTP PUT http://localhost:8761/eureka/apps/USER-MANAGEMENT/192.168.1.4:user-management:8888?status=UP&lastDirtyTimestamp=1744897969423
2025-04-17 23:32:07,777 DEBUG o.s.c.l.CompositeLog [DiscoveryClient-CacheRefreshExecutor-0] HTTP GET http://localhost:8761/eureka/apps/delta
2025-04-17 23:32:07,778 DEBUG o.s.c.l.CompositeLog [DiscoveryClient-HeartbeatExecutor-0] Accept=[application/json, application/*+json]
2025-04-17 23:32:07,778 DEBUG o.s.c.l.CompositeLog [DiscoveryClient-CacheRefreshExecutor-0] Accept=[application/json, application/*+json]
2025-04-17 23:32:07,794 DEBUG o.s.c.l.CompositeLog [DiscoveryClient-HeartbeatExecutor-0] Response 200 OK
2025-04-17 23:32:07,794 DEBUG o.s.c.l.CompositeLog [DiscoveryClient-CacheRefreshExecutor-0] Response 200 OK
2025-04-17 23:32:07,794 DEBUG o.s.c.l.CompositeLog [DiscoveryClient-CacheRefreshExecutor-0] Reading to [org.springframework.cloud.netflix.eureka.http.EurekaApplications]
2025-04-17 23:32:37,796 DEBUG o.s.c.l.CompositeLog [DiscoveryClient-CacheRefreshExecutor-0] HTTP GET http://localhost:8761/eureka/apps/delta
2025-04-17 23:32:37,796 DEBUG o.s.c.l.CompositeLog [DiscoveryClient-HeartbeatExecutor-0] HTTP PUT http://localhost:8761/eureka/apps/USER-MANAGEMENT/192.168.1.4:user-management:8888?status=UP&lastDirtyTimestamp=1744897969423
2025-04-17 23:32:37,797 DEBUG o.s.c.l.CompositeLog [DiscoveryClient-HeartbeatExecutor-0] Accept=[application/json, application/*+json]
2025-04-17 23:32:37,797 DEBUG o.s.c.l.CompositeLog [DiscoveryClient-CacheRefreshExecutor-0] Accept=[application/json, application/*+json]
2025-04-17 23:32:37,812 DEBUG o.s.c.l.CompositeLog [DiscoveryClient-CacheRefreshExecutor-0] Response 200 OK
2025-04-17 23:32:37,812 DEBUG o.s.c.l.CompositeLog [DiscoveryClient-HeartbeatExecutor-0] Response 200 OK
2025-04-17 23:32:37,812 DEBUG o.s.c.l.CompositeLog [DiscoveryClient-CacheRefreshExecutor-0] Reading to [org.springframework.cloud.netflix.eureka.http.EurekaApplications]
2025-04-17 23:33:07,815 DEBUG o.s.c.l.CompositeLog [DiscoveryClient-CacheRefreshExecutor-0] HTTP GET http://localhost:8761/eureka/apps/delta
2025-04-17 23:33:07,815 DEBUG o.s.c.l.CompositeLog [DiscoveryClient-HeartbeatExecutor-0] HTTP PUT http://localhost:8761/eureka/apps/USER-MANAGEMENT/192.168.1.4:user-management:8888?status=UP&lastDirtyTimestamp=1744897969423
2025-04-17 23:33:07,815 DEBUG o.s.c.l.CompositeLog [DiscoveryClient-HeartbeatExecutor-0] Accept=[application/json, application/*+json]
2025-04-17 23:33:07,815 DEBUG o.s.c.l.CompositeLog [DiscoveryClient-CacheRefreshExecutor-0] Accept=[application/json, application/*+json]
2025-04-17 23:33:07,830 DEBUG o.s.c.l.CompositeLog [DiscoveryClient-HeartbeatExecutor-0] Response 200 OK
2025-04-17 23:33:07,830 DEBUG o.s.c.l.CompositeLog [DiscoveryClient-CacheRefreshExecutor-0] Response 200 OK
2025-04-17 23:33:07,830 DEBUG o.s.c.l.CompositeLog [DiscoveryClient-CacheRefreshExecutor-0] Reading to [org.springframework.cloud.netflix.eureka.http.EurekaApplications]
2025-04-17 23:33:37,846 DEBUG o.s.c.l.CompositeLog [DiscoveryClient-HeartbeatExecutor-0] HTTP PUT http://localhost:8761/eureka/apps/USER-MANAGEMENT/192.168.1.4:user-management:8888?status=UP&lastDirtyTimestamp=1744897969423
2025-04-17 23:33:37,846 DEBUG o.s.c.l.CompositeLog [DiscoveryClient-CacheRefreshExecutor-0] HTTP GET http://localhost:8761/eureka/apps/delta
2025-04-17 23:33:37,846 DEBUG o.s.c.l.CompositeLog [DiscoveryClient-HeartbeatExecutor-0] Accept=[application/json, application/*+json]
2025-04-17 23:33:37,846 DEBUG o.s.c.l.CompositeLog [DiscoveryClient-CacheRefreshExecutor-0] Accept=[application/json, application/*+json]
2025-04-17 23:33:37,862 DEBUG o.s.c.l.CompositeLog [DiscoveryClient-CacheRefreshExecutor-0] Response 200 OK
2025-04-17 23:33:37,862 DEBUG o.s.c.l.CompositeLog [DiscoveryClient-HeartbeatExecutor-0] Response 200 OK
2025-04-17 23:33:37,862 DEBUG o.s.c.l.CompositeLog [DiscoveryClient-CacheRefreshExecutor-0] Reading to [org.springframework.cloud.netflix.eureka.http.EurekaApplications]
2025-04-17 23:34:07,868 DEBUG o.s.c.l.CompositeLog [DiscoveryClient-CacheRefreshExecutor-0] HTTP GET http://localhost:8761/eureka/apps/delta
2025-04-17 23:34:07,868 DEBUG o.s.c.l.CompositeLog [DiscoveryClient-HeartbeatExecutor-0] HTTP PUT http://localhost:8761/eureka/apps/USER-MANAGEMENT/192.168.1.4:user-management:8888?status=UP&lastDirtyTimestamp=1744897969423
2025-04-17 23:34:07,868 DEBUG o.s.c.l.CompositeLog [DiscoveryClient-HeartbeatExecutor-0] Accept=[application/json, application/*+json]
2025-04-17 23:34:07,868 DEBUG o.s.c.l.CompositeLog [DiscoveryClient-CacheRefreshExecutor-0] Accept=[application/json, application/*+json]
2025-04-17 23:34:07,885 DEBUG o.s.c.l.CompositeLog [DiscoveryClient-HeartbeatExecutor-0] Response 200 OK
2025-04-17 23:34:07,885 DEBUG o.s.c.l.CompositeLog [DiscoveryClient-CacheRefreshExecutor-0] Response 200 OK
2025-04-17 23:34:07,886 DEBUG o.s.c.l.CompositeLog [DiscoveryClient-CacheRefreshExecutor-0] Reading to [org.springframework.cloud.netflix.eureka.http.EurekaApplications]
2025-04-17 23:34:37,890 DEBUG o.s.c.l.CompositeLog [DiscoveryClient-CacheRefreshExecutor-0] HTTP GET http://localhost:8761/eureka/apps/delta
2025-04-17 23:34:37,890 DEBUG o.s.c.l.CompositeLog [DiscoveryClient-HeartbeatExecutor-0] HTTP PUT http://localhost:8761/eureka/apps/USER-MANAGEMENT/192.168.1.4:user-management:8888?status=UP&lastDirtyTimestamp=1744897969423
2025-04-17 23:34:37,891 DEBUG o.s.c.l.CompositeLog [DiscoveryClient-CacheRefreshExecutor-0] Accept=[application/json, application/*+json]
2025-04-17 23:34:37,891 DEBUG o.s.c.l.CompositeLog [DiscoveryClient-HeartbeatExecutor-0] Accept=[application/json, application/*+json]
2025-04-17 23:34:37,908 DEBUG o.s.c.l.CompositeLog [DiscoveryClient-CacheRefreshExecutor-0] Response 200 OK
2025-04-17 23:34:37,908 DEBUG o.s.c.l.CompositeLog [DiscoveryClient-HeartbeatExecutor-0] Response 200 OK
2025-04-17 23:34:37,908 DEBUG o.s.c.l.CompositeLog [DiscoveryClient-CacheRefreshExecutor-0] Reading to [org.springframework.cloud.netflix.eureka.http.EurekaApplications]
2025-04-17 23:35:07,921 DEBUG o.s.c.l.CompositeLog [DiscoveryClient-HeartbeatExecutor-0] HTTP PUT http://localhost:8761/eureka/apps/USER-MANAGEMENT/192.168.1.4:user-management:8888?status=UP&lastDirtyTimestamp=1744897969423
2025-04-17 23:35:07,921 DEBUG o.s.c.l.CompositeLog [DiscoveryClient-CacheRefreshExecutor-0] HTTP GET http://localhost:8761/eureka/apps/delta
2025-04-17 23:35:07,922 DEBUG o.s.c.l.CompositeLog [DiscoveryClient-CacheRefreshExecutor-0] Accept=[application/json, application/*+json]
2025-04-17 23:35:07,922 DEBUG o.s.c.l.CompositeLog [DiscoveryClient-HeartbeatExecutor-0] Accept=[application/json, application/*+json]
2025-04-17 23:35:07,938 DEBUG o.s.c.l.CompositeLog [DiscoveryClient-HeartbeatExecutor-0] Response 200 OK
2025-04-17 23:35:07,937 DEBUG o.s.c.l.CompositeLog [DiscoveryClient-CacheRefreshExecutor-0] Response 200 OK
2025-04-17 23:35:07,938 DEBUG o.s.c.l.CompositeLog [DiscoveryClient-CacheRefreshExecutor-0] Reading to [org.springframework.cloud.netflix.eureka.http.EurekaApplications]
2025-04-17 23:35:37,939 DEBUG o.s.c.l.CompositeLog [DiscoveryClient-HeartbeatExecutor-0] HTTP PUT http://localhost:8761/eureka/apps/USER-MANAGEMENT/192.168.1.4:user-management:8888?status=UP&lastDirtyTimestamp=1744897969423
2025-04-17 23:35:37,939 DEBUG o.s.c.l.CompositeLog [DiscoveryClient-CacheRefreshExecutor-0] HTTP GET http://localhost:8761/eureka/apps/delta
2025-04-17 23:35:37,939 DEBUG o.s.c.l.CompositeLog [DiscoveryClient-CacheRefreshExecutor-0] Accept=[application/json, application/*+json]
2025-04-17 23:35:37,939 DEBUG o.s.c.l.CompositeLog [DiscoveryClient-HeartbeatExecutor-0] Accept=[application/json, application/*+json]
2025-04-17 23:35:37,955 DEBUG o.s.c.l.CompositeLog [DiscoveryClient-CacheRefreshExecutor-0] Response 200 OK
2025-04-17 23:35:37,955 DEBUG o.s.c.l.CompositeLog [DiscoveryClient-HeartbeatExecutor-0] Response 200 OK
2025-04-17 23:35:37,956 DEBUG o.s.c.l.CompositeLog [DiscoveryClient-CacheRefreshExecutor-0] Reading to [org.springframework.cloud.netflix.eureka.http.EurekaApplications]
2025-04-17 23:35:46,219 INFO c.n.d.s.r.a.ConfigClusterResolver [AsyncResolver-bootstrap-executor-0] Resolving eureka endpoints via configuration
2025-04-17 23:36:07,960 DEBUG o.s.c.l.CompositeLog [DiscoveryClient-HeartbeatExecutor-0] HTTP PUT http://localhost:8761/eureka/apps/USER-MANAGEMENT/192.168.1.4:user-management:8888?status=UP&lastDirtyTimestamp=1744897969423
2025-04-17 23:36:07,961 DEBUG o.s.c.l.CompositeLog [DiscoveryClient-HeartbeatExecutor-0] Accept=[application/json, application/*+json]
2025-04-17 23:36:07,961 DEBUG o.s.c.l.CompositeLog [DiscoveryClient-CacheRefreshExecutor-0] HTTP GET http://localhost:8761/eureka/apps/delta
2025-04-17 23:36:07,961 DEBUG o.s.c.l.CompositeLog [DiscoveryClient-CacheRefreshExecutor-0] Accept=[application/json, application/*+json]
2025-04-17 23:36:07,976 DEBUG o.s.c.l.CompositeLog [DiscoveryClient-CacheRefreshExecutor-0] Response 200 OK
2025-04-17 23:36:07,976 DEBUG o.s.c.l.CompositeLog [DiscoveryClient-HeartbeatExecutor-0] Response 200 OK
2025-04-17 23:36:07,976 DEBUG o.s.c.l.CompositeLog [DiscoveryClient-CacheRefreshExecutor-0] Reading to [org.springframework.cloud.netflix.eureka.http.EurekaApplications]
2025-04-17 23:36:37,984 DEBUG o.s.c.l.CompositeLog [DiscoveryClient-HeartbeatExecutor-0] HTTP PUT http://localhost:8761/eureka/apps/USER-MANAGEMENT/192.168.1.4:user-management:8888?status=UP&lastDirtyTimestamp=1744897969423
2025-04-17 23:36:37,984 DEBUG o.s.c.l.CompositeLog [DiscoveryClient-CacheRefreshExecutor-0] HTTP GET http://localhost:8761/eureka/apps/delta
2025-04-17 23:36:37,984 DEBUG o.s.c.l.CompositeLog [DiscoveryClient-HeartbeatExecutor-0] Accept=[application/json, application/*+json]
2025-04-17 23:36:37,984 DEBUG o.s.c.l.CompositeLog [DiscoveryClient-CacheRefreshExecutor-0] Accept=[application/json, application/*+json]
2025-04-17 23:36:38,000 DEBUG o.s.c.l.CompositeLog [DiscoveryClient-CacheRefreshExecutor-0] Response 200 OK
2025-04-17 23:36:38,000 DEBUG o.s.c.l.CompositeLog [DiscoveryClient-HeartbeatExecutor-0] Response 200 OK
2025-04-17 23:36:38,000 DEBUG o.s.c.l.CompositeLog [DiscoveryClient-CacheRefreshExecutor-0] Reading to [org.springframework.cloud.netflix.eureka.http.EurekaApplications]
2025-04-17 23:37:08,013 DEBUG o.s.c.l.CompositeLog [DiscoveryClient-CacheRefreshExecutor-0] HTTP GET http://localhost:8761/eureka/apps/delta
2025-04-17 23:37:08,013 DEBUG o.s.c.l.CompositeLog [DiscoveryClient-HeartbeatExecutor-0] HTTP PUT http://localhost:8761/eureka/apps/USER-MANAGEMENT/192.168.1.4:user-management:8888?status=UP&lastDirtyTimestamp=1744897969423
2025-04-17 23:37:08,013 DEBUG o.s.c.l.CompositeLog [DiscoveryClient-CacheRefreshExecutor-0] Accept=[application/json, application/*+json]
2025-04-17 23:37:08,013 DEBUG o.s.c.l.CompositeLog [DiscoveryClient-HeartbeatExecutor-0] Accept=[application/json, application/*+json]
2025-04-17 23:37:08,029 DEBUG o.s.c.l.CompositeLog [DiscoveryClient-CacheRefreshExecutor-0] Response 200 OK
2025-04-17 23:37:08,029 DEBUG o.s.c.l.CompositeLog [DiscoveryClient-HeartbeatExecutor-0] Response 200 OK
2025-04-17 23:37:08,030 DEBUG o.s.c.l.CompositeLog [DiscoveryClient-CacheRefreshExecutor-0] Reading to [org.springframework.cloud.netflix.eureka.http.EurekaApplications]
2025-04-17 23:37:38,033 DEBUG o.s.c.l.CompositeLog [DiscoveryClient-HeartbeatExecutor-0] HTTP PUT http://localhost:8761/eureka/apps/USER-MANAGEMENT/192.168.1.4:user-management:8888?status=UP&lastDirtyTimestamp=1744897969423
2025-04-17 23:37:38,033 DEBUG o.s.c.l.CompositeLog [DiscoveryClient-CacheRefreshExecutor-0] HTTP GET http://localhost:8761/eureka/apps/delta
2025-04-17 23:37:38,033 DEBUG o.s.c.l.CompositeLog [DiscoveryClient-CacheRefreshExecutor-0] Accept=[application/json, application/*+json]
2025-04-17 23:37:38,033 DEBUG o.s.c.l.CompositeLog [DiscoveryClient-HeartbeatExecutor-0] Accept=[application/json, application/*+json]
2025-04-17 23:37:38,049 DEBUG o.s.c.l.CompositeLog [DiscoveryClient-CacheRefreshExecutor-0] Response 200 OK
2025-04-17 23:37:38,049 DEBUG o.s.c.l.CompositeLog [DiscoveryClient-HeartbeatExecutor-0] Response 200 OK
2025-04-17 23:37:38,049 DEBUG o.s.c.l.CompositeLog [DiscoveryClient-CacheRefreshExecutor-0] Reading to [org.springframework.cloud.netflix.eureka.http.EurekaApplications]
2025-04-17 23:38:08,064 DEBUG o.s.c.l.CompositeLog [DiscoveryClient-HeartbeatExecutor-0] HTTP PUT http://localhost:8761/eureka/apps/USER-MANAGEMENT/192.168.1.4:user-management:8888?status=UP&lastDirtyTimestamp=1744897969423
2025-04-17 23:38:08,064 DEBUG o.s.c.l.CompositeLog [DiscoveryClient-CacheRefreshExecutor-0] HTTP GET http://localhost:8761/eureka/apps/delta
2025-04-17 23:38:08,064 DEBUG o.s.c.l.CompositeLog [DiscoveryClient-CacheRefreshExecutor-0] Accept=[application/json, application/*+json]
2025-04-17 23:38:08,064 DEBUG o.s.c.l.CompositeLog [DiscoveryClient-HeartbeatExecutor-0] Accept=[application/json, application/*+json]
2025-04-17 23:38:08,075 DEBUG o.s.c.l.CompositeLog [DiscoveryClient-HeartbeatExecutor-0] Response 200 OK
2025-04-17 23:38:08,075 DEBUG o.s.c.l.CompositeLog [DiscoveryClient-CacheRefreshExecutor-0] Response 200 OK
2025-04-17 23:38:08,075 DEBUG o.s.c.l.CompositeLog [DiscoveryClient-CacheRefreshExecutor-0] Reading to [org.springframework.cloud.netflix.eureka.http.EurekaApplications]
2025-04-17 23:38:38,081 DEBUG o.s.c.l.CompositeLog [DiscoveryClient-HeartbeatExecutor-0] HTTP PUT http://localhost:8761/eureka/apps/USER-MANAGEMENT/192.168.1.4:user-management:8888?status=UP&lastDirtyTimestamp=1744897969423
2025-04-17 23:38:38,081 DEBUG o.s.c.l.CompositeLog [DiscoveryClient-HeartbeatExecutor-0] Accept=[application/json, application/*+json]
2025-04-17 23:38:38,084 DEBUG o.s.c.l.CompositeLog [DiscoveryClient-CacheRefreshExecutor-0] HTTP GET http://localhost:8761/eureka/apps/delta
2025-04-17 23:38:38,088 DEBUG o.s.c.l.CompositeLog [DiscoveryClient-CacheRefreshExecutor-0] Accept=[application/json, application/*+json]
2025-04-17 23:38:38,091 DEBUG o.s.c.l.CompositeLog [DiscoveryClient-CacheRefreshExecutor-0] Response 200 OK
2025-04-17 23:38:38,091 DEBUG o.s.c.l.CompositeLog [DiscoveryClient-CacheRefreshExecutor-0] Reading to [org.springframework.cloud.netflix.eureka.http.EurekaApplications]
2025-04-17 23:38:38,097 DEBUG o.s.c.l.CompositeLog [DiscoveryClient-HeartbeatExecutor-0] Response 200 OK
2025-04-17 23:39:08,103 DEBUG o.s.c.l.CompositeLog [DiscoveryClient-HeartbeatExecutor-0] HTTP PUT http://localhost:8761/eureka/apps/USER-MANAGEMENT/192.168.1.4:user-management:8888?status=UP&lastDirtyTimestamp=1744897969423
2025-04-17 23:39:08,103 DEBUG o.s.c.l.CompositeLog [DiscoveryClient-CacheRefreshExecutor-0] HTTP GET http://localhost:8761/eureka/apps/delta
2025-04-17 23:39:08,104 DEBUG o.s.c.l.CompositeLog [DiscoveryClient-HeartbeatExecutor-0] Accept=[application/json, application/*+json]
2025-04-17 23:39:08,104 DEBUG o.s.c.l.CompositeLog [DiscoveryClient-CacheRefreshExecutor-0] Accept=[application/json, application/*+json]
2025-04-17 23:39:08,120 DEBUG o.s.c.l.CompositeLog [DiscoveryClient-CacheRefreshExecutor-0] Response 200 OK
2025-04-17 23:39:08,120 DEBUG o.s.c.l.CompositeLog [DiscoveryClient-HeartbeatExecutor-0] Response 200 OK
2025-04-17 23:39:08,120 DEBUG o.s.c.l.CompositeLog [DiscoveryClient-CacheRefreshExecutor-0] Reading to [org.springframework.cloud.netflix.eureka.http.EurekaApplications]
2025-04-17 23:39:38,130 DEBUG o.s.c.l.CompositeLog [DiscoveryClient-HeartbeatExecutor-0] HTTP PUT http://localhost:8761/eureka/apps/USER-MANAGEMENT/192.168.1.4:user-management:8888?status=UP&lastDirtyTimestamp=1744897969423
2025-04-17 23:39:38,130 DEBUG o.s.c.l.CompositeLog [DiscoveryClient-CacheRefreshExecutor-0] HTTP GET http://localhost:8761/eureka/apps/delta
2025-04-17 23:39:38,130 DEBUG o.s.c.l.CompositeLog [DiscoveryClient-HeartbeatExecutor-0] Accept=[application/json, application/*+json]
2025-04-17 23:39:38,130 DEBUG o.s.c.l.CompositeLog [DiscoveryClient-CacheRefreshExecutor-0] Accept=[application/json, application/*+json]
2025-04-17 23:39:38,147 DEBUG o.s.c.l.CompositeLog [DiscoveryClient-HeartbeatExecutor-0] Response 200 OK
2025-04-17 23:39:38,147 DEBUG o.s.c.l.CompositeLog [DiscoveryClient-CacheRefreshExecutor-0] Response 200 OK
2025-04-17 23:39:38,147 DEBUG o.s.c.l.CompositeLog [DiscoveryClient-CacheRefreshExecutor-0] Reading to [org.springframework.cloud.netflix.eureka.http.EurekaApplications]
2025-04-17 23:40:08,161 DEBUG o.s.c.l.CompositeLog [DiscoveryClient-HeartbeatExecutor-0] HTTP PUT http://localhost:8761/eureka/apps/USER-MANAGEMENT/192.168.1.4:user-management:8888?status=UP&lastDirtyTimestamp=1744897969423
2025-04-17 23:40:08,161 DEBUG o.s.c.l.CompositeLog [DiscoveryClient-CacheRefreshExecutor-0] HTTP GET http://localhost:8761/eureka/apps/delta
2025-04-17 23:40:08,161 DEBUG o.s.c.l.CompositeLog [DiscoveryClient-HeartbeatExecutor-0] Accept=[application/json, application/*+json]
2025-04-17 23:40:08,161 DEBUG o.s.c.l.CompositeLog [DiscoveryClient-CacheRefreshExecutor-0] Accept=[application/json, application/*+json]
2025-04-17 23:40:08,178 DEBUG o.s.c.l.CompositeLog [DiscoveryClient-HeartbeatExecutor-0] Response 200 OK
2025-04-17 23:40:08,178 DEBUG o.s.c.l.CompositeLog [DiscoveryClient-CacheRefreshExecutor-0] Response 200 OK
2025-04-17 23:40:08,178 DEBUG o.s.c.l.CompositeLog [DiscoveryClient-CacheRefreshExecutor-0] Reading to [org.springframework.cloud.netflix.eureka.http.EurekaApplications]
2025-04-17 23:40:38,185 DEBUG o.s.c.l.CompositeLog [DiscoveryClient-HeartbeatExecutor-0] HTTP PUT http://localhost:8761/eureka/apps/USER-MANAGEMENT/192.168.1.4:user-management:8888?status=UP&lastDirtyTimestamp=1744897969423
2025-04-17 23:40:38,185 DEBUG o.s.c.l.CompositeLog [DiscoveryClient-CacheRefreshExecutor-0] HTTP GET http://localhost:8761/eureka/apps/delta
2025-04-17 23:40:38,185 DEBUG o.s.c.l.CompositeLog [DiscoveryClient-HeartbeatExecutor-0] Accept=[application/json, application/*+json]
2025-04-17 23:40:38,185 DEBUG o.s.c.l.CompositeLog [DiscoveryClient-CacheRefreshExecutor-0] Accept=[application/json, application/*+json]
2025-04-17 23:40:38,201 DEBUG o.s.c.l.CompositeLog [DiscoveryClient-HeartbeatExecutor-0] Response 200 OK
2025-04-17 23:40:38,201 DEBUG o.s.c.l.CompositeLog [DiscoveryClient-CacheRefreshExecutor-0] Response 200 OK
2025-04-17 23:40:38,201 DEBUG o.s.c.l.CompositeLog [DiscoveryClient-CacheRefreshExecutor-0] Reading to [org.springframework.cloud.netflix.eureka.http.EurekaApplications]
2025-04-17 23:40:46,227 INFO c.n.d.s.r.a.ConfigClusterResolver [AsyncResolver-bootstrap-executor-0] Resolving eureka endpoints via configuration
2025-04-17 23:41:08,209 DEBUG o.s.c.l.CompositeLog [DiscoveryClient-HeartbeatExecutor-0] HTTP PUT http://localhost:8761/eureka/apps/USER-MANAGEMENT/192.168.1.4:user-management:8888?status=UP&lastDirtyTimestamp=1744897969423
2025-04-17 23:41:08,209 DEBUG o.s.c.l.CompositeLog [DiscoveryClient-CacheRefreshExecutor-0] HTTP GET http://localhost:8761/eureka/apps/delta
2025-04-17 23:41:08,209 DEBUG o.s.c.l.CompositeLog [DiscoveryClient-HeartbeatExecutor-0] Accept=[application/json, application/*+json]
2025-04-17 23:41:08,209 DEBUG o.s.c.l.CompositeLog [DiscoveryClient-CacheRefreshExecutor-0] Accept=[application/json, application/*+json]
2025-04-17 23:41:08,226 DEBUG o.s.c.l.CompositeLog [DiscoveryClient-HeartbeatExecutor-0] Response 200 OK
2025-04-17 23:41:08,226 DEBUG o.s.c.l.CompositeLog [DiscoveryClient-CacheRefreshExecutor-0] Response 200 OK
2025-04-17 23:41:08,226 DEBUG o.s.c.l.CompositeLog [DiscoveryClient-CacheRefreshExecutor-0] Reading to [org.springframework.cloud.netflix.eureka.http.EurekaApplications]
2025-04-17 23:41:38,247 DEBUG o.s.c.l.CompositeLog [DiscoveryClient-CacheRefreshExecutor-0] HTTP GET http://localhost:8761/eureka/apps/delta
2025-04-17 23:41:38,247 DEBUG o.s.c.l.CompositeLog [DiscoveryClient-HeartbeatExecutor-0] HTTP PUT http://localhost:8761/eureka/apps/USER-MANAGEMENT/192.168.1.4:user-management:8888?status=UP&lastDirtyTimestamp=1744897969423
2025-04-17 23:41:38,247 DEBUG o.s.c.l.CompositeLog [DiscoveryClient-CacheRefreshExecutor-0] Accept=[application/json, application/*+json]
2025-04-17 23:41:38,247 DEBUG o.s.c.l.CompositeLog [DiscoveryClient-HeartbeatExecutor-0] Accept=[application/json, application/*+json]
2025-04-17 23:41:38,259 DEBUG o.s.c.l.CompositeLog [DiscoveryClient-HeartbeatExecutor-0] Response 200 OK
2025-04-17 23:41:38,259 DEBUG o.s.c.l.CompositeLog [DiscoveryClient-CacheRefreshExecutor-0] Response 200 OK
2025-04-17 23:41:38,260 DEBUG o.s.c.l.CompositeLog [DiscoveryClient-CacheRefreshExecutor-0] Reading to [org.springframework.cloud.netflix.eureka.http.EurekaApplications]
2025-04-17 23:42:08,266 DEBUG o.s.c.l.CompositeLog [DiscoveryClient-CacheRefreshExecutor-0] HTTP GET http://localhost:8761/eureka/apps/delta
2025-04-17 23:42:08,266 DEBUG o.s.c.l.CompositeLog [DiscoveryClient-HeartbeatExecutor-0] HTTP PUT http://localhost:8761/eureka/apps/USER-MANAGEMENT/192.168.1.4:user-management:8888?status=UP&lastDirtyTimestamp=1744897969423
2025-04-17 23:42:08,267 DEBUG o.s.c.l.CompositeLog [DiscoveryClient-HeartbeatExecutor-0] Accept=[application/json, application/*+json]
2025-04-17 23:42:08,267 DEBUG o.s.c.l.CompositeLog [DiscoveryClient-CacheRefreshExecutor-0] Accept=[application/json, application/*+json]
2025-04-17 23:42:08,281 DEBUG o.s.c.l.CompositeLog [DiscoveryClient-HeartbeatExecutor-0] Response 200 OK
2025-04-17 23:42:08,282 DEBUG o.s.c.l.CompositeLog [DiscoveryClient-CacheRefreshExecutor-0] Response 200 OK
2025-04-17 23:42:08,282 DEBUG o.s.c.l.CompositeLog [DiscoveryClient-CacheRefreshExecutor-0] Reading to [org.springframework.cloud.netflix.eureka.http.EurekaApplications]
2025-04-17 23:42:38,283 DEBUG o.s.c.l.CompositeLog [DiscoveryClient-HeartbeatExecutor-0] HTTP PUT http://localhost:8761/eureka/apps/USER-MANAGEMENT/192.168.1.4:user-management:8888?status=UP&lastDirtyTimestamp=1744897969423
2025-04-17 23:42:38,283 DEBUG o.s.c.l.CompositeLog [DiscoveryClient-HeartbeatExecutor-0] Accept=[application/json, application/*+json]
2025-04-17 23:42:38,298 DEBUG o.s.c.l.CompositeLog [DiscoveryClient-CacheRefreshExecutor-0] HTTP GET http://localhost:8761/eureka/apps/delta
2025-04-17 23:42:38,298 DEBUG o.s.c.l.CompositeLog [DiscoveryClient-CacheRefreshExecutor-0] Accept=[application/json, application/*+json]
2025-04-17 23:42:38,299 DEBUG o.s.c.l.CompositeLog [DiscoveryClient-HeartbeatExecutor-0] Response 200 OK
2025-04-17 23:42:38,314 DEBUG o.s.c.l.CompositeLog [DiscoveryClient-CacheRefreshExecutor-0] Response 200 OK
2025-04-17 23:42:38,314 DEBUG o.s.c.l.CompositeLog [DiscoveryClient-CacheRefreshExecutor-0] Reading to [org.springframework.cloud.netflix.eureka.http.EurekaApplications]
2025-04-17 23:43:08,306 DEBUG o.s.c.l.CompositeLog [DiscoveryClient-HeartbeatExecutor-0] HTTP PUT http://localhost:8761/eureka/apps/USER-MANAGEMENT/192.168.1.4:user-management:8888?status=UP&lastDirtyTimestamp=1744897969423
2025-04-17 23:43:08,306 DEBUG o.s.c.l.CompositeLog [DiscoveryClient-HeartbeatExecutor-0] Accept=[application/json, application/*+json]
2025-04-17 23:43:08,320 DEBUG o.s.c.l.CompositeLog [DiscoveryClient-CacheRefreshExecutor-0] HTTP GET http://localhost:8761/eureka/apps/delta
2025-04-17 23:43:08,320 DEBUG o.s.c.l.CompositeLog [DiscoveryClient-CacheRefreshExecutor-0] Accept=[application/json, application/*+json]
2025-04-17 23:43:08,322 DEBUG o.s.c.l.CompositeLog [DiscoveryClient-HeartbeatExecutor-0] Response 200 OK
2025-04-17 23:43:08,336 DEBUG o.s.c.l.CompositeLog [DiscoveryClient-CacheRefreshExecutor-0] Response 200 OK
2025-04-17 23:43:08,336 DEBUG o.s.c.l.CompositeLog [DiscoveryClient-CacheRefreshExecutor-0] Reading to [org.springframework.cloud.netflix.eureka.http.EurekaApplications]
2025-04-17 23:43:38,336 DEBUG o.s.c.l.CompositeLog [DiscoveryClient-HeartbeatExecutor-0] HTTP PUT http://localhost:8761/eureka/apps/USER-MANAGEMENT/192.168.1.4:user-management:8888?status=UP&lastDirtyTimestamp=1744897969423
2025-04-17 23:43:38,337 DEBUG o.s.c.l.CompositeLog [DiscoveryClient-HeartbeatExecutor-0] Accept=[application/json, application/*+json]
2025-04-17 23:43:38,352 DEBUG o.s.c.l.CompositeLog [DiscoveryClient-CacheRefreshExecutor-0] HTTP GET http://localhost:8761/eureka/apps/delta
2025-04-17 23:43:38,352 DEBUG o.s.c.l.CompositeLog [DiscoveryClient-CacheRefreshExecutor-0] Accept=[application/json, application/*+json]
2025-04-17 23:43:38,353 DEBUG o.s.c.l.CompositeLog [DiscoveryClient-HeartbeatExecutor-0] Response 200 OK
2025-04-17 23:43:38,369 DEBUG o.s.c.l.CompositeLog [DiscoveryClient-CacheRefreshExecutor-0] Response 200 OK
2025-04-17 23:43:38,369 DEBUG o.s.c.l.CompositeLog [DiscoveryClient-CacheRefreshExecutor-0] Reading to [org.springframework.cloud.netflix.eureka.http.EurekaApplications]
2025-04-17 23:44:08,366 DEBUG o.s.c.l.CompositeLog [DiscoveryClient-HeartbeatExecutor-0] HTTP PUT http://localhost:8761/eureka/apps/USER-MANAGEMENT/192.168.1.4:user-management:8888?status=UP&lastDirtyTimestamp=1744897969423
2025-04-17 23:44:08,366 DEBUG o.s.c.l.CompositeLog [DiscoveryClient-HeartbeatExecutor-0] Accept=[application/json, application/*+json]
2025-04-17 23:44:08,381 DEBUG o.s.c.l.CompositeLog [DiscoveryClient-CacheRefreshExecutor-0] HTTP GET http://localhost:8761/eureka/apps/delta
2025-04-17 23:44:08,382 DEBUG o.s.c.l.CompositeLog [DiscoveryClient-CacheRefreshExecutor-0] Accept=[application/json, application/*+json]
2025-04-17 23:44:08,382 DEBUG o.s.c.l.CompositeLog [DiscoveryClient-HeartbeatExecutor-0] Response 200 OK
2025-04-17 23:44:08,397 DEBUG o.s.c.l.CompositeLog [DiscoveryClient-CacheRefreshExecutor-0] Response 200 OK
2025-04-17 23:44:08,397 DEBUG o.s.c.l.CompositeLog [DiscoveryClient-CacheRefreshExecutor-0] Reading to [org.springframework.cloud.netflix.eureka.http.EurekaApplications]
2025-04-17 23:44:38,385 DEBUG o.s.c.l.CompositeLog [DiscoveryClient-HeartbeatExecutor-0] HTTP PUT http://localhost:8761/eureka/apps/USER-MANAGEMENT/192.168.1.4:user-management:8888?status=UP&lastDirtyTimestamp=1744897969423
2025-04-17 23:44:38,385 DEBUG o.s.c.l.CompositeLog [DiscoveryClient-HeartbeatExecutor-0] Accept=[application/json, application/*+json]
2025-04-17 23:44:38,401 DEBUG o.s.c.l.CompositeLog [DiscoveryClient-CacheRefreshExecutor-0] HTTP GET http://localhost:8761/eureka/apps/delta
2025-04-17 23:44:38,401 DEBUG o.s.c.l.CompositeLog [DiscoveryClient-CacheRefreshExecutor-0] Accept=[application/json, application/*+json]
2025-04-17 23:44:38,401 DEBUG o.s.c.l.CompositeLog [DiscoveryClient-HeartbeatExecutor-0] Response 200 OK
2025-04-17 23:44:38,417 DEBUG o.s.c.l.CompositeLog [DiscoveryClient-CacheRefreshExecutor-0] Response 200 OK
2025-04-17 23:44:38,417 DEBUG o.s.c.l.CompositeLog [DiscoveryClient-CacheRefreshExecutor-0] Reading to [org.springframework.cloud.netflix.eureka.http.EurekaApplications]
2025-04-17 23:45:08,414 DEBUG o.s.c.l.CompositeLog [DiscoveryClient-HeartbeatExecutor-0] HTTP PUT http://localhost:8761/eureka/apps/USER-MANAGEMENT/192.168.1.4:user-management:8888?status=UP&lastDirtyTimestamp=1744897969423
2025-04-17 23:45:08,415 DEBUG o.s.c.l.CompositeLog [DiscoveryClient-HeartbeatExecutor-0] Accept=[application/json, application/*+json]
2025-04-17 23:45:08,430 DEBUG o.s.c.l.CompositeLog [DiscoveryClient-CacheRefreshExecutor-0] HTTP GET http://localhost:8761/eureka/apps/delta
2025-04-17 23:45:08,430 DEBUG o.s.c.l.CompositeLog [DiscoveryClient-CacheRefreshExecutor-0] Accept=[application/json, application/*+json]
2025-04-17 23:45:08,431 DEBUG o.s.c.l.CompositeLog [DiscoveryClient-HeartbeatExecutor-0] Response 200 OK
2025-04-17 23:45:08,447 DEBUG o.s.c.l.CompositeLog [DiscoveryClient-CacheRefreshExecutor-0] Response 200 OK
2025-04-17 23:45:08,447 DEBUG o.s.c.l.CompositeLog [DiscoveryClient-CacheRefreshExecutor-0] Reading to [org.springframework.cloud.netflix.eureka.http.EurekaApplications]
2025-04-17 23:45:38,438 DEBUG o.s.c.l.CompositeLog [DiscoveryClient-HeartbeatExecutor-0] HTTP PUT http://localhost:8761/eureka/apps/USER-MANAGEMENT/192.168.1.4:user-management:8888?status=UP&lastDirtyTimestamp=1744897969423
2025-04-17 23:45:38,438 DEBUG o.s.c.l.CompositeLog [DiscoveryClient-HeartbeatExecutor-0] Accept=[application/json, application/*+json]
2025-04-17 23:45:38,454 DEBUG o.s.c.l.CompositeLog [DiscoveryClient-CacheRefreshExecutor-0] HTTP GET http://localhost:8761/eureka/apps/delta
2025-04-17 23:45:38,454 DEBUG o.s.c.l.CompositeLog [DiscoveryClient-CacheRefreshExecutor-0] Accept=[application/json, application/*+json]
2025-04-17 23:45:38,455 DEBUG o.s.c.l.CompositeLog [DiscoveryClient-HeartbeatExecutor-0] Response 200 OK
2025-04-17 23:45:38,470 DEBUG o.s.c.l.CompositeLog [DiscoveryClient-CacheRefreshExecutor-0] Response 200 OK
2025-04-17 23:45:38,470 DEBUG o.s.c.l.CompositeLog [DiscoveryClient-CacheRefreshExecutor-0] Reading to [org.springframework.cloud.netflix.eureka.http.EurekaApplications]
2025-04-17 23:45:46,237 INFO c.n.d.s.r.a.ConfigClusterResolver [AsyncResolver-bootstrap-executor-0] Resolving eureka endpoints via configuration
2025-04-17 23:46:08,457 DEBUG o.s.c.l.CompositeLog [DiscoveryClient-HeartbeatExecutor-0] HTTP PUT http://localhost:8761/eureka/apps/USER-MANAGEMENT/192.168.1.4:user-management:8888?status=UP&lastDirtyTimestamp=1744897969423
2025-04-17 23:46:08,458 DEBUG o.s.c.l.CompositeLog [DiscoveryClient-HeartbeatExecutor-0] Accept=[application/json, application/*+json]
2025-04-17 23:46:08,472 DEBUG o.s.c.l.CompositeLog [DiscoveryClient-CacheRefreshExecutor-0] HTTP GET http://localhost:8761/eureka/apps/delta
2025-04-17 23:46:08,473 DEBUG o.s.c.l.CompositeLog [DiscoveryClient-CacheRefreshExecutor-0] Accept=[application/json, application/*+json]
2025-04-17 23:46:08,473 DEBUG o.s.c.l.CompositeLog [DiscoveryClient-HeartbeatExecutor-0] Response 200 OK
2025-04-17 23:46:08,489 DEBUG o.s.c.l.CompositeLog [DiscoveryClient-CacheRefreshExecutor-0] Response 200 OK
2025-04-17 23:46:08,490 DEBUG o.s.c.l.CompositeLog [DiscoveryClient-CacheRefreshExecutor-0] Reading to [org.springframework.cloud.netflix.eureka.http.EurekaApplications]
2025-04-17 23:46:38,474 DEBUG o.s.c.l.CompositeLog [DiscoveryClient-HeartbeatExecutor-0] HTTP PUT http://localhost:8761/eureka/apps/USER-MANAGEMENT/192.168.1.4:user-management:8888?status=UP&lastDirtyTimestamp=1744897969423
2025-04-17 23:46:38,475 DEBUG o.s.c.l.CompositeLog [DiscoveryClient-HeartbeatExecutor-0] Accept=[application/json, application/*+json]
2025-04-17 23:46:38,491 DEBUG o.s.c.l.CompositeLog [DiscoveryClient-HeartbeatExecutor-0] Response 200 OK
2025-04-17 23:46:38,492 DEBUG o.s.c.l.CompositeLog [DiscoveryClient-CacheRefreshExecutor-0] HTTP GET http://localhost:8761/eureka/apps/delta
2025-04-17 23:46:38,492 DEBUG o.s.c.l.CompositeLog [DiscoveryClient-CacheRefreshExecutor-0] Accept=[application/json, application/*+json]
2025-04-17 23:46:38,506 DEBUG o.s.c.l.CompositeLog [DiscoveryClient-CacheRefreshExecutor-0] Response 200 OK
2025-04-17 23:46:38,507 DEBUG o.s.c.l.CompositeLog [DiscoveryClient-CacheRefreshExecutor-0] Reading to [org.springframework.cloud.netflix.eureka.http.EurekaApplications]
2025-04-17 23:47:08,503 DEBUG o.s.c.l.CompositeLog [DiscoveryClient-HeartbeatExecutor-0] HTTP PUT http://localhost:8761/eureka/apps/USER-MANAGEMENT/192.168.1.4:user-management:8888?status=UP&lastDirtyTimestamp=1744897969423
2025-04-17 23:47:08,503 DEBUG o.s.c.l.CompositeLog [DiscoveryClient-HeartbeatExecutor-0] Accept=[application/json, application/*+json]
2025-04-17 23:47:08,519 DEBUG o.s.c.l.CompositeLog [DiscoveryClient-CacheRefreshExecutor-0] HTTP GET http://localhost:8761/eureka/apps/delta
2025-04-17 23:47:08,519 DEBUG o.s.c.l.CompositeLog [DiscoveryClient-CacheRefreshExecutor-0] Accept=[application/json, application/*+json]
2025-04-17 23:47:08,520 DEBUG o.s.c.l.CompositeLog [DiscoveryClient-HeartbeatExecutor-0] Response 200 OK
2025-04-17 23:47:08,536 DEBUG o.s.c.l.CompositeLog [DiscoveryClient-CacheRefreshExecutor-0] Response 200 OK
2025-04-17 23:47:08,536 DEBUG o.s.c.l.CompositeLog [DiscoveryClient-CacheRefreshExecutor-0] Reading to [org.springframework.cloud.netflix.eureka.http.EurekaApplications]
2025-04-17 23:47:38,534 DEBUG o.s.c.l.CompositeLog [DiscoveryClient-HeartbeatExecutor-0] HTTP PUT http://localhost:8761/eureka/apps/USER-MANAGEMENT/192.168.1.4:user-management:8888?status=UP&lastDirtyTimestamp=1744897969423
2025-04-17 23:47:38,535 DEBUG o.s.c.l.CompositeLog [DiscoveryClient-HeartbeatExecutor-0] Accept=[application/json, application/*+json]
2025-04-17 23:47:38,550 DEBUG o.s.c.l.CompositeLog [DiscoveryClient-CacheRefreshExecutor-0] HTTP GET http://localhost:8761/eureka/apps/delta
2025-04-17 23:47:38,550 DEBUG o.s.c.l.CompositeLog [DiscoveryClient-CacheRefreshExecutor-0] Accept=[application/json, application/*+json]
2025-04-17 23:47:38,551 DEBUG o.s.c.l.CompositeLog [DiscoveryClient-HeartbeatExecutor-0] Response 200 OK
2025-04-17 23:47:38,567 DEBUG o.s.c.l.CompositeLog [DiscoveryClient-CacheRefreshExecutor-0] Response 200 OK
2025-04-17 23:47:38,567 DEBUG o.s.c.l.CompositeLog [DiscoveryClient-CacheRefreshExecutor-0] Reading to [org.springframework.cloud.netflix.eureka.http.EurekaApplications]
2025-04-17 23:48:08,559 DEBUG o.s.c.l.CompositeLog [DiscoveryClient-HeartbeatExecutor-0] HTTP PUT http://localhost:8761/eureka/apps/USER-MANAGEMENT/192.168.1.4:user-management:8888?status=UP&lastDirtyTimestamp=1744897969423
2025-04-17 23:48:08,560 DEBUG o.s.c.l.CompositeLog [DiscoveryClient-HeartbeatExecutor-0] Accept=[application/json, application/*+json]
2025-04-17 23:48:08,574 DEBUG o.s.c.l.CompositeLog [DiscoveryClient-CacheRefreshExecutor-0] HTTP GET http://localhost:8761/eureka/apps/delta
2025-04-17 23:48:08,574 DEBUG o.s.c.l.CompositeLog [DiscoveryClient-CacheRefreshExecutor-0] Accept=[application/json, application/*+json]
2025-04-17 23:48:08,575 DEBUG o.s.c.l.CompositeLog [DiscoveryClient-HeartbeatExecutor-0] Response 200 OK
2025-04-17 23:48:08,591 DEBUG o.s.c.l.CompositeLog [DiscoveryClient-CacheRefreshExecutor-0] Response 200 OK
2025-04-17 23:48:08,591 DEBUG o.s.c.l.CompositeLog [DiscoveryClient-CacheRefreshExecutor-0] Reading to [org.springframework.cloud.netflix.eureka.http.EurekaApplications]
2025-04-17 23:48:38,589 DEBUG o.s.c.l.CompositeLog [DiscoveryClient-HeartbeatExecutor-0] HTTP PUT http://localhost:8761/eureka/apps/USER-MANAGEMENT/192.168.1.4:user-management:8888?status=UP&lastDirtyTimestamp=1744897969423
2025-04-17 23:48:38,589 DEBUG o.s.c.l.CompositeLog [DiscoveryClient-HeartbeatExecutor-0] Accept=[application/json, application/*+json]
2025-04-17 23:48:38,604 DEBUG o.s.c.l.CompositeLog [DiscoveryClient-CacheRefreshExecutor-0] HTTP GET http://localhost:8761/eureka/apps/delta
2025-04-17 23:48:38,604 DEBUG o.s.c.l.CompositeLog [DiscoveryClient-CacheRefreshExecutor-0] Accept=[application/json, application/*+json]
2025-04-17 23:48:38,605 DEBUG o.s.c.l.CompositeLog [DiscoveryClient-HeartbeatExecutor-0] Response 200 OK
2025-04-17 23:48:38,620 DEBUG o.s.c.l.CompositeLog [DiscoveryClient-CacheRefreshExecutor-0] Response 200 OK
2025-04-17 23:48:38,621 DEBUG o.s.c.l.CompositeLog [DiscoveryClient-CacheRefreshExecutor-0] Reading to [org.springframework.cloud.netflix.eureka.http.EurekaApplications]
2025-04-17 23:49:08,611 DEBUG o.s.c.l.CompositeLog [DiscoveryClient-HeartbeatExecutor-0] HTTP PUT http://localhost:8761/eureka/apps/USER-MANAGEMENT/192.168.1.4:user-management:8888?status=UP&lastDirtyTimestamp=1744897969423
2025-04-17 23:49:08,612 DEBUG o.s.c.l.CompositeLog [DiscoveryClient-HeartbeatExecutor-0] Accept=[application/json, application/*+json]
2025-04-17 23:49:08,626 DEBUG o.s.c.l.CompositeLog [DiscoveryClient-CacheRefreshExecutor-0] HTTP GET http://localhost:8761/eureka/apps/delta
2025-04-17 23:49:08,627 DEBUG o.s.c.l.CompositeLog [DiscoveryClient-CacheRefreshExecutor-0] Accept=[application/json, application/*+json]
2025-04-17 23:49:08,627 DEBUG o.s.c.l.CompositeLog [DiscoveryClient-HeartbeatExecutor-0] Response 200 OK
2025-04-17 23:49:08,643 DEBUG o.s.c.l.CompositeLog [DiscoveryClient-CacheRefreshExecutor-0] Response 200 OK
2025-04-17 23:49:08,643 DEBUG o.s.c.l.CompositeLog [DiscoveryClient-CacheRefreshExecutor-0] Reading to [org.springframework.cloud.netflix.eureka.http.EurekaApplications]
2025-04-17 23:49:38,643 DEBUG o.s.c.l.CompositeLog [DiscoveryClient-HeartbeatExecutor-0] HTTP PUT http://localhost:8761/eureka/apps/USER-MANAGEMENT/192.168.1.4:user-management:8888?status=UP&lastDirtyTimestamp=1744897969423
2025-04-17 23:49:38,644 DEBUG o.s.c.l.CompositeLog [DiscoveryClient-HeartbeatExecutor-0] Accept=[application/json, application/*+json]
2025-04-17 23:49:38,658 DEBUG o.s.c.l.CompositeLog [DiscoveryClient-CacheRefreshExecutor-0] HTTP GET http://localhost:8761/eureka/apps/delta
2025-04-17 23:49:38,658 DEBUG o.s.c.l.CompositeLog [DiscoveryClient-CacheRefreshExecutor-0] Accept=[application/json, application/*+json]
2025-04-17 23:49:38,660 DEBUG o.s.c.l.CompositeLog [DiscoveryClient-HeartbeatExecutor-0] Response 200 OK
2025-04-17 23:49:38,674 DEBUG o.s.c.l.CompositeLog [DiscoveryClient-CacheRefreshExecutor-0] Response 200 OK
2025-04-17 23:49:38,675 DEBUG o.s.c.l.CompositeLog [DiscoveryClient-CacheRefreshExecutor-0] Reading to [org.springframework.cloud.netflix.eureka.http.EurekaApplications]
2025-04-17 23:50:08,669 DEBUG o.s.c.l.CompositeLog [DiscoveryClient-HeartbeatExecutor-0] HTTP PUT http://localhost:8761/eureka/apps/USER-MANAGEMENT/192.168.1.4:user-management:8888?status=UP&lastDirtyTimestamp=1744897969423
2025-04-17 23:50:08,669 DEBUG o.s.c.l.CompositeLog [DiscoveryClient-HeartbeatExecutor-0] Accept=[application/json, application/*+json]
2025-04-17 23:50:08,684 DEBUG o.s.c.l.CompositeLog [DiscoveryClient-CacheRefreshExecutor-0] HTTP GET http://localhost:8761/eureka/apps/delta
2025-04-17 23:50:08,684 DEBUG o.s.c.l.CompositeLog [DiscoveryClient-CacheRefreshExecutor-0] Accept=[application/json, application/*+json]
2025-04-17 23:50:08,685 DEBUG o.s.c.l.CompositeLog [DiscoveryClient-HeartbeatExecutor-0] Response 200 OK
2025-04-17 23:50:08,701 DEBUG o.s.c.l.CompositeLog [DiscoveryClient-CacheRefreshExecutor-0] Response 200 OK
2025-04-17 23:50:08,701 DEBUG o.s.c.l.CompositeLog [DiscoveryClient-CacheRefreshExecutor-0] Reading to [org.springframework.cloud.netflix.eureka.http.EurekaApplications]
2025-04-17 23:50:38,687 DEBUG o.s.c.l.CompositeLog [DiscoveryClient-HeartbeatExecutor-0] HTTP PUT http://localhost:8761/eureka/apps/USER-MANAGEMENT/192.168.1.4:user-management:8888?status=UP&lastDirtyTimestamp=1744897969423
2025-04-17 23:50:38,687 DEBUG o.s.c.l.CompositeLog [DiscoveryClient-HeartbeatExecutor-0] Accept=[application/json, application/*+json]
2025-04-17 23:50:38,703 DEBUG o.s.c.l.CompositeLog [DiscoveryClient-CacheRefreshExecutor-0] HTTP GET http://localhost:8761/eureka/apps/delta
2025-04-17 23:50:38,703 DEBUG o.s.c.l.CompositeLog [DiscoveryClient-CacheRefreshExecutor-0] Accept=[application/json, application/*+json]
2025-04-17 23:50:38,703 DEBUG o.s.c.l.CompositeLog [DiscoveryClient-HeartbeatExecutor-0] Response 200 OK
2025-04-17 23:50:38,718 DEBUG o.s.c.l.CompositeLog [DiscoveryClient-CacheRefreshExecutor-0] Response 200 OK
2025-04-17 23:50:38,718 DEBUG o.s.c.l.CompositeLog [DiscoveryClient-CacheRefreshExecutor-0] Reading to [org.springframework.cloud.netflix.eureka.http.EurekaApplications]
2025-04-17 23:50:46,242 INFO c.n.d.s.r.a.ConfigClusterResolver [AsyncResolver-bootstrap-executor-0] Resolving eureka endpoints via configuration
2025-04-17 23:51:08,712 DEBUG o.s.c.l.CompositeLog [DiscoveryClient-HeartbeatExecutor-0] HTTP PUT http://localhost:8761/eureka/apps/USER-MANAGEMENT/192.168.1.4:user-management:8888?status=UP&lastDirtyTimestamp=1744897969423
2025-04-17 23:51:08,712 DEBUG o.s.c.l.CompositeLog [DiscoveryClient-HeartbeatExecutor-0] Accept=[application/json, application/*+json]
2025-04-17 23:51:08,727 DEBUG o.s.c.l.CompositeLog [DiscoveryClient-CacheRefreshExecutor-0] HTTP GET http://localhost:8761/eureka/apps/delta
2025-04-17 23:51:08,727 DEBUG o.s.c.l.CompositeLog [DiscoveryClient-CacheRefreshExecutor-0] Accept=[application/json, application/*+json]
2025-04-17 23:51:08,728 DEBUG o.s.c.l.CompositeLog [DiscoveryClient-HeartbeatExecutor-0] Response 200 OK
2025-04-17 23:51:08,743 DEBUG o.s.c.l.CompositeLog [DiscoveryClient-CacheRefreshExecutor-0] Response 200 OK
2025-04-17 23:51:08,743 DEBUG o.s.c.l.CompositeLog [DiscoveryClient-CacheRefreshExecutor-0] Reading to [org.springframework.cloud.netflix.eureka.http.EurekaApplications]
2025-04-17 23:51:38,744 DEBUG o.s.c.l.CompositeLog [DiscoveryClient-HeartbeatExecutor-0] HTTP PUT http://localhost:8761/eureka/apps/USER-MANAGEMENT/192.168.1.4:user-management:8888?status=UP&lastDirtyTimestamp=1744897969423
2025-04-17 23:51:38,747 DEBUG o.s.c.l.CompositeLog [DiscoveryClient-HeartbeatExecutor-0] Accept=[application/json, application/*+json]
2025-04-17 23:51:38,751 DEBUG o.s.c.l.CompositeLog [DiscoveryClient-HeartbeatExecutor-0] Response 200 OK
2025-04-17 23:51:38,751 DEBUG o.s.c.l.CompositeLog [DiscoveryClient-CacheRefreshExecutor-0] HTTP GET http://localhost:8761/eureka/apps/delta
2025-04-17 23:51:38,751 DEBUG o.s.c.l.CompositeLog [DiscoveryClient-CacheRefreshExecutor-0] Accept=[application/json, application/*+json]
2025-04-17 23:51:38,757 DEBUG o.s.c.l.CompositeLog [DiscoveryClient-CacheRefreshExecutor-0] Response 200 OK
2025-04-17 23:51:38,757 DEBUG o.s.c.l.CompositeLog [DiscoveryClient-CacheRefreshExecutor-0] Reading to [org.springframework.cloud.netflix.eureka.http.EurekaApplications]
2025-04-17 23:52:08,766 DEBUG o.s.c.l.CompositeLog [DiscoveryClient-HeartbeatExecutor-0] HTTP PUT http://localhost:8761/eureka/apps/USER-MANAGEMENT/192.168.1.4:user-management:8888?status=UP&lastDirtyTimestamp=1744897969423
2025-04-17 23:52:08,766 DEBUG o.s.c.l.CompositeLog [DiscoveryClient-CacheRefreshExecutor-0] HTTP GET http://localhost:8761/eureka/apps/delta
2025-04-17 23:52:08,766 DEBUG o.s.c.l.CompositeLog [DiscoveryClient-HeartbeatExecutor-0] Accept=[application/json, application/*+json]
2025-04-17 23:52:08,766 DEBUG o.s.c.l.CompositeLog [DiscoveryClient-CacheRefreshExecutor-0] Accept=[application/json, application/*+json]
2025-04-17 23:52:08,782 DEBUG o.s.c.l.CompositeLog [DiscoveryClient-HeartbeatExecutor-0] Response 200 OK
2025-04-17 23:52:08,782 DEBUG o.s.c.l.CompositeLog [DiscoveryClient-CacheRefreshExecutor-0] Response 200 OK
2025-04-17 23:52:08,782 DEBUG o.s.c.l.CompositeLog [DiscoveryClient-CacheRefreshExecutor-0] Reading to [org.springframework.cloud.netflix.eureka.http.EurekaApplications]
2025-04-17 23:52:38,793 DEBUG o.s.c.l.CompositeLog [DiscoveryClient-HeartbeatExecutor-0] HTTP PUT http://localhost:8761/eureka/apps/USER-MANAGEMENT/192.168.1.4:user-management:8888?status=UP&lastDirtyTimestamp=1744897969423
2025-04-17 23:52:38,793 DEBUG o.s.c.l.CompositeLog [DiscoveryClient-CacheRefreshExecutor-0] HTTP GET http://localhost:8761/eureka/apps/delta
2025-04-17 23:52:38,793 DEBUG o.s.c.l.CompositeLog [DiscoveryClient-HeartbeatExecutor-0] Accept=[application/json, application/*+json]
2025-04-17 23:52:38,793 DEBUG o.s.c.l.CompositeLog [DiscoveryClient-CacheRefreshExecutor-0] Accept=[application/json, application/*+json]
2025-04-17 23:52:38,802 DEBUG o.s.c.l.CompositeLog [DiscoveryClient-CacheRefreshExecutor-0] Response 200 OK
2025-04-17 23:52:38,802 DEBUG o.s.c.l.CompositeLog [DiscoveryClient-HeartbeatExecutor-0] Response 200 OK
2025-04-17 23:52:38,803 DEBUG o.s.c.l.CompositeLog [DiscoveryClient-CacheRefreshExecutor-0] Reading to [org.springframework.cloud.netflix.eureka.http.EurekaApplications]
2025-04-17 23:53:08,809 DEBUG o.s.c.l.CompositeLog [DiscoveryClient-HeartbeatExecutor-0] HTTP PUT http://localhost:8761/eureka/apps/USER-MANAGEMENT/192.168.1.4:user-management:8888?status=UP&lastDirtyTimestamp=1744897969423
2025-04-17 23:53:08,809 DEBUG o.s.c.l.CompositeLog [DiscoveryClient-HeartbeatExecutor-0] Accept=[application/json, application/*+json]
2025-04-17 23:53:08,813 DEBUG o.s.c.l.CompositeLog [DiscoveryClient-CacheRefreshExecutor-0] HTTP GET http://localhost:8761/eureka/apps/delta
2025-04-17 23:53:08,817 DEBUG o.s.c.l.CompositeLog [DiscoveryClient-CacheRefreshExecutor-0] Accept=[application/json, application/*+json]
2025-04-17 23:53:08,821 DEBUG o.s.c.l.CompositeLog [DiscoveryClient-CacheRefreshExecutor-0] Response 200 OK
2025-04-17 23:53:08,822 DEBUG o.s.c.l.CompositeLog [DiscoveryClient-CacheRefreshExecutor-0] Reading to [org.springframework.cloud.netflix.eureka.http.EurekaApplications]
2025-04-17 23:53:08,825 DEBUG o.s.c.l.CompositeLog [DiscoveryClient-HeartbeatExecutor-0] Response 200 OK
2025-04-17 23:53:38,832 DEBUG o.s.c.l.CompositeLog [DiscoveryClient-CacheRefreshExecutor-0] HTTP GET http://localhost:8761/eureka/apps/delta
2025-04-17 23:53:38,832 DEBUG o.s.c.l.CompositeLog [DiscoveryClient-HeartbeatExecutor-0] HTTP PUT http://localhost:8761/eureka/apps/USER-MANAGEMENT/192.168.1.4:user-management:8888?status=UP&lastDirtyTimestamp=1744897969423
2025-04-17 23:53:38,833 DEBUG o.s.c.l.CompositeLog [DiscoveryClient-HeartbeatExecutor-0] Accept=[application/json, application/*+json]
2025-04-17 23:53:38,833 DEBUG o.s.c.l.CompositeLog [DiscoveryClient-CacheRefreshExecutor-0] Accept=[application/json, application/*+json]
2025-04-17 23:53:38,849 DEBUG o.s.c.l.CompositeLog [DiscoveryClient-CacheRefreshExecutor-0] Response 200 OK
2025-04-17 23:53:38,849 DEBUG o.s.c.l.CompositeLog [DiscoveryClient-HeartbeatExecutor-0] Response 200 OK
2025-04-17 23:53:38,849 DEBUG o.s.c.l.CompositeLog [DiscoveryClient-CacheRefreshExecutor-0] Reading to [org.springframework.cloud.netflix.eureka.http.EurekaApplications]
2025-04-17 23:54:08,860 DEBUG o.s.c.l.CompositeLog [DiscoveryClient-HeartbeatExecutor-0] HTTP PUT http://localhost:8761/eureka/apps/USER-MANAGEMENT/192.168.1.4:user-management:8888?status=UP&lastDirtyTimestamp=1744897969423
2025-04-17 23:54:08,860 DEBUG o.s.c.l.CompositeLog [DiscoveryClient-CacheRefreshExecutor-0] HTTP GET http://localhost:8761/eureka/apps/delta
2025-04-17 23:54:08,861 DEBUG o.s.c.l.CompositeLog [DiscoveryClient-CacheRefreshExecutor-0] Accept=[application/json, application/*+json]
2025-04-17 23:54:08,861 DEBUG o.s.c.l.CompositeLog [DiscoveryClient-HeartbeatExecutor-0] Accept=[application/json, application/*+json]
2025-04-17 23:54:08,875 DEBUG o.s.c.l.CompositeLog [DiscoveryClient-CacheRefreshExecutor-0] Response 200 OK
2025-04-17 23:54:08,876 DEBUG o.s.c.l.CompositeLog [DiscoveryClient-CacheRefreshExecutor-0] Reading to [org.springframework.cloud.netflix.eureka.http.EurekaApplications]
2025-04-17 23:54:08,876 DEBUG o.s.c.l.CompositeLog [DiscoveryClient-HeartbeatExecutor-0] Response 200 OK
2025-04-17 23:54:38,888 DEBUG o.s.c.l.CompositeLog [DiscoveryClient-HeartbeatExecutor-0] HTTP PUT http://localhost:8761/eureka/apps/USER-MANAGEMENT/192.168.1.4:user-management:8888?status=UP&lastDirtyTimestamp=1744897969423
2025-04-17 23:54:38,888 DEBUG o.s.c.l.CompositeLog [DiscoveryClient-CacheRefreshExecutor-0] HTTP GET http://localhost:8761/eureka/apps/delta
2025-04-17 23:54:38,889 DEBUG o.s.c.l.CompositeLog [DiscoveryClient-HeartbeatExecutor-0] Accept=[application/json, application/*+json]
2025-04-17 23:54:38,889 DEBUG o.s.c.l.CompositeLog [DiscoveryClient-CacheRefreshExecutor-0] Accept=[application/json, application/*+json]
2025-04-17 23:54:38,905 DEBUG o.s.c.l.CompositeLog [DiscoveryClient-CacheRefreshExecutor-0] Response 200 OK
2025-04-17 23:54:38,905 DEBUG o.s.c.l.CompositeLog [DiscoveryClient-HeartbeatExecutor-0] Response 200 OK
2025-04-17 23:54:38,905 DEBUG o.s.c.l.CompositeLog [DiscoveryClient-CacheRefreshExecutor-0] Reading to [org.springframework.cloud.netflix.eureka.http.EurekaApplications]
2025-04-17 23:55:08,922 DEBUG o.s.c.l.CompositeLog [DiscoveryClient-CacheRefreshExecutor-0] HTTP GET http://localhost:8761/eureka/apps/delta
2025-04-17 23:55:08,922 DEBUG o.s.c.l.CompositeLog [DiscoveryClient-HeartbeatExecutor-0] HTTP PUT http://localhost:8761/eureka/apps/USER-MANAGEMENT/192.168.1.4:user-management:8888?status=UP&lastDirtyTimestamp=1744897969423
2025-04-17 23:55:08,922 DEBUG o.s.c.l.CompositeLog [DiscoveryClient-HeartbeatExecutor-0] Accept=[application/json, application/*+json]
2025-04-17 23:55:08,922 DEBUG o.s.c.l.CompositeLog [DiscoveryClient-CacheRefreshExecutor-0] Accept=[application/json, application/*+json]
2025-04-17 23:55:08,929 DEBUG o.s.c.l.CompositeLog [DiscoveryClient-CacheRefreshExecutor-0] Response 200 OK
2025-04-17 23:55:08,929 DEBUG o.s.c.l.CompositeLog [DiscoveryClient-HeartbeatExecutor-0] Response 200 OK
2025-04-17 23:55:08,929 DEBUG o.s.c.l.CompositeLog [DiscoveryClient-CacheRefreshExecutor-0] Reading to [org.springframework.cloud.netflix.eureka.http.EurekaApplications]
2025-04-17 23:55:38,934 DEBUG o.s.c.l.CompositeLog [DiscoveryClient-HeartbeatExecutor-0] HTTP PUT http://localhost:8761/eureka/apps/USER-MANAGEMENT/192.168.1.4:user-management:8888?status=UP&lastDirtyTimestamp=1744897969423
2025-04-17 23:55:38,934 DEBUG o.s.c.l.CompositeLog [DiscoveryClient-CacheRefreshExecutor-0] HTTP GET http://localhost:8761/eureka/apps/delta
2025-04-17 23:55:38,934 DEBUG o.s.c.l.CompositeLog [DiscoveryClient-HeartbeatExecutor-0] Accept=[application/json, application/*+json]
2025-04-17 23:55:38,934 DEBUG o.s.c.l.CompositeLog [DiscoveryClient-CacheRefreshExecutor-0] Accept=[application/json, application/*+json]
2025-04-17 23:55:38,950 DEBUG o.s.c.l.CompositeLog [DiscoveryClient-CacheRefreshExecutor-0] Response 200 OK
2025-04-17 23:55:38,950 DEBUG o.s.c.l.CompositeLog [DiscoveryClient-HeartbeatExecutor-0] Response 200 OK
2025-04-17 23:55:38,950 DEBUG o.s.c.l.CompositeLog [DiscoveryClient-CacheRefreshExecutor-0] Reading to [org.springframework.cloud.netflix.eureka.http.EurekaApplications]
2025-04-17 23:55:46,248 INFO c.n.d.s.r.a.ConfigClusterResolver [AsyncResolver-bootstrap-executor-0] Resolving eureka endpoints via configuration
2025-04-17 23:56:08,960 DEBUG o.s.c.l.CompositeLog [DiscoveryClient-CacheRefreshExecutor-0] HTTP GET http://localhost:8761/eureka/apps/delta
2025-04-17 23:56:08,960 DEBUG o.s.c.l.CompositeLog [DiscoveryClient-HeartbeatExecutor-0] HTTP PUT http://localhost:8761/eureka/apps/USER-MANAGEMENT/192.168.1.4:user-management:8888?status=UP&lastDirtyTimestamp=1744897969423
2025-04-17 23:56:08,961 DEBUG o.s.c.l.CompositeLog [DiscoveryClient-HeartbeatExecutor-0] Accept=[application/json, application/*+json]
2025-04-17 23:56:08,961 DEBUG o.s.c.l.CompositeLog [DiscoveryClient-CacheRefreshExecutor-0] Accept=[application/json, application/*+json]
2025-04-17 23:56:08,977 DEBUG o.s.c.l.CompositeLog [DiscoveryClient-HeartbeatExecutor-0] Response 200 OK
2025-04-17 23:56:08,977 DEBUG o.s.c.l.CompositeLog [DiscoveryClient-CacheRefreshExecutor-0] Response 200 OK
2025-04-17 23:56:08,978 DEBUG o.s.c.l.CompositeLog [DiscoveryClient-CacheRefreshExecutor-0] Reading to [org.springframework.cloud.netflix.eureka.http.EurekaApplications]
2025-04-17 23:56:38,982 DEBUG o.s.c.l.CompositeLog [DiscoveryClient-CacheRefreshExecutor-0] HTTP GET http://localhost:8761/eureka/apps/delta
2025-04-17 23:56:38,982 DEBUG o.s.c.l.CompositeLog [DiscoveryClient-HeartbeatExecutor-0] HTTP PUT http://localhost:8761/eureka/apps/USER-MANAGEMENT/192.168.1.4:user-management:8888?status=UP&lastDirtyTimestamp=1744897969423
2025-04-17 23:56:38,982 DEBUG o.s.c.l.CompositeLog [DiscoveryClient-HeartbeatExecutor-0] Accept=[application/json, application/*+json]
2025-04-17 23:56:38,982 DEBUG o.s.c.l.CompositeLog [DiscoveryClient-CacheRefreshExecutor-0] Accept=[application/json, application/*+json]
2025-04-17 23:56:38,998 DEBUG o.s.c.l.CompositeLog [DiscoveryClient-CacheRefreshExecutor-0] Response 200 OK
2025-04-17 23:56:38,998 DEBUG o.s.c.l.CompositeLog [DiscoveryClient-HeartbeatExecutor-0] Response 200 OK
2025-04-17 23:56:38,998 DEBUG o.s.c.l.CompositeLog [DiscoveryClient-CacheRefreshExecutor-0] Reading to [org.springframework.cloud.netflix.eureka.http.EurekaApplications]
2025-04-17 23:57:09,000 DEBUG o.s.c.l.CompositeLog [DiscoveryClient-HeartbeatExecutor-0] HTTP PUT http://localhost:8761/eureka/apps/USER-MANAGEMENT/192.168.1.4:user-management:8888?status=UP&lastDirtyTimestamp=1744897969423
2025-04-17 23:57:09,000 DEBUG o.s.c.l.CompositeLog [DiscoveryClient-CacheRefreshExecutor-0] HTTP GET http://localhost:8761/eureka/apps/delta
2025-04-17 23:57:09,000 DEBUG o.s.c.l.CompositeLog [DiscoveryClient-HeartbeatExecutor-0] Accept=[application/json, application/*+json]
2025-04-17 23:57:09,000 DEBUG o.s.c.l.CompositeLog [DiscoveryClient-CacheRefreshExecutor-0] Accept=[application/json, application/*+json]
2025-04-17 23:57:09,017 DEBUG o.s.c.l.CompositeLog [DiscoveryClient-HeartbeatExecutor-0] Response 200 OK
2025-04-17 23:57:09,017 DEBUG o.s.c.l.CompositeLog [DiscoveryClient-CacheRefreshExecutor-0] Response 200 OK
2025-04-17 23:57:09,018 DEBUG o.s.c.l.CompositeLog [DiscoveryClient-CacheRefreshExecutor-0] Reading to [org.springframework.cloud.netflix.eureka.http.EurekaApplications]
2025-04-17 23:57:39,022 DEBUG o.s.c.l.CompositeLog [DiscoveryClient-HeartbeatExecutor-0] HTTP PUT http://localhost:8761/eureka/apps/USER-MANAGEMENT/192.168.1.4:user-management:8888?status=UP&lastDirtyTimestamp=1744897969423
2025-04-17 23:57:39,022 DEBUG o.s.c.l.CompositeLog [DiscoveryClient-CacheRefreshExecutor-0] HTTP GET http://localhost:8761/eureka/apps/delta
2025-04-17 23:57:39,023 DEBUG o.s.c.l.CompositeLog [DiscoveryClient-CacheRefreshExecutor-0] Accept=[application/json, application/*+json]
2025-04-17 23:57:39,023 DEBUG o.s.c.l.CompositeLog [DiscoveryClient-HeartbeatExecutor-0] Accept=[application/json, application/*+json]
2025-04-17 23:57:39,039 DEBUG o.s.c.l.CompositeLog [DiscoveryClient-CacheRefreshExecutor-0] Response 200 OK
2025-04-17 23:57:39,039 DEBUG o.s.c.l.CompositeLog [DiscoveryClient-HeartbeatExecutor-0] Response 200 OK
2025-04-17 23:57:39,040 DEBUG o.s.c.l.CompositeLog [DiscoveryClient-CacheRefreshExecutor-0] Reading to [org.springframework.cloud.netflix.eureka.http.EurekaApplications]
2025-04-17 23:58:09,046 DEBUG o.s.c.l.CompositeLog [DiscoveryClient-CacheRefreshExecutor-0] HTTP GET http://localhost:8761/eureka/apps/delta
2025-04-17 23:58:09,046 DEBUG o.s.c.l.CompositeLog [DiscoveryClient-HeartbeatExecutor-0] HTTP PUT http://localhost:8761/eureka/apps/USER-MANAGEMENT/192.168.1.4:user-management:8888?status=UP&lastDirtyTimestamp=1744897969423
2025-04-17 23:58:09,046 DEBUG o.s.c.l.CompositeLog [DiscoveryClient-HeartbeatExecutor-0] Accept=[application/json, application/*+json]
2025-04-17 23:58:09,048 DEBUG o.s.c.l.CompositeLog [DiscoveryClient-CacheRefreshExecutor-0] Accept=[application/json, application/*+json]
2025-04-17 23:58:09,063 DEBUG o.s.c.l.CompositeLog [DiscoveryClient-HeartbeatExecutor-0] Response 200 OK
2025-04-17 23:58:09,063 DEBUG o.s.c.l.CompositeLog [DiscoveryClient-CacheRefreshExecutor-0] Response 200 OK
2025-04-17 23:58:09,063 DEBUG o.s.c.l.CompositeLog [DiscoveryClient-CacheRefreshExecutor-0] Reading to [org.springframework.cloud.netflix.eureka.http.EurekaApplications]
2025-04-17 23:58:39,065 DEBUG o.s.c.l.CompositeLog [DiscoveryClient-HeartbeatExecutor-0] HTTP PUT http://localhost:8761/eureka/apps/USER-MANAGEMENT/192.168.1.4:user-management:8888?status=UP&lastDirtyTimestamp=1744897969423
2025-04-17 23:58:39,065 DEBUG o.s.c.l.CompositeLog [DiscoveryClient-CacheRefreshExecutor-0] HTTP GET http://localhost:8761/eureka/apps/delta
2025-04-17 23:58:39,065 DEBUG o.s.c.l.CompositeLog [DiscoveryClient-HeartbeatExecutor-0] Accept=[application/json, application/*+json]
2025-04-17 23:58:39,065 DEBUG o.s.c.l.CompositeLog [DiscoveryClient-CacheRefreshExecutor-0] Accept=[application/json, application/*+json]
2025-04-17 23:58:39,082 DEBUG o.s.c.l.CompositeLog [DiscoveryClient-HeartbeatExecutor-0] Response 200 OK
2025-04-17 23:58:39,082 DEBUG o.s.c.l.CompositeLog [DiscoveryClient-CacheRefreshExecutor-0] Response 200 OK
2025-04-17 23:58:39,082 DEBUG o.s.c.l.CompositeLog [DiscoveryClient-CacheRefreshExecutor-0] Reading to [org.springframework.cloud.netflix.eureka.http.EurekaApplications]
2025-04-17 23:59:09,090 DEBUG o.s.c.l.CompositeLog [DiscoveryClient-CacheRefreshExecutor-0] HTTP GET http://localhost:8761/eureka/apps/delta
2025-04-17 23:59:09,090 DEBUG o.s.c.l.CompositeLog [DiscoveryClient-HeartbeatExecutor-0] HTTP PUT http://localhost:8761/eureka/apps/USER-MANAGEMENT/192.168.1.4:user-management:8888?status=UP&lastDirtyTimestamp=1744897969423
2025-04-17 23:59:09,090 DEBUG o.s.c.l.CompositeLog [DiscoveryClient-CacheRefreshExecutor-0] Accept=[application/json, application/*+json]
2025-04-17 23:59:09,090 DEBUG o.s.c.l.CompositeLog [DiscoveryClient-HeartbeatExecutor-0] Accept=[application/json, application/*+json]
2025-04-17 23:59:09,106 DEBUG o.s.c.l.CompositeLog [DiscoveryClient-HeartbeatExecutor-0] Response 200 OK
2025-04-17 23:59:09,107 DEBUG o.s.c.l.CompositeLog [DiscoveryClient-CacheRefreshExecutor-0] Response 200 OK
2025-04-17 23:59:09,107 DEBUG o.s.c.l.CompositeLog [DiscoveryClient-CacheRefreshExecutor-0] Reading to [org.springframework.cloud.netflix.eureka.http.EurekaApplications]
2025-04-17 23:59:39,166 DEBUG o.s.c.l.CompositeLog [DiscoveryClient-HeartbeatExecutor-0] HTTP PUT http://localhost:8761/eureka/apps/USER-MANAGEMENT/192.168.1.4:user-management:8888?status=UP&lastDirtyTimestamp=1744897969423
2025-04-17 23:59:39,166 DEBUG o.s.c.l.CompositeLog [DiscoveryClient-CacheRefreshExecutor-0] HTTP GET http://localhost:8761/eureka/apps/delta
2025-04-17 23:59:39,167 DEBUG o.s.c.l.CompositeLog [DiscoveryClient-HeartbeatExecutor-0] Accept=[application/json, application/*+json]
2025-04-17 23:59:39,167 DEBUG o.s.c.l.CompositeLog [DiscoveryClient-CacheRefreshExecutor-0] Accept=[application/json, application/*+json]
2025-04-17 23:59:39,177 DEBUG o.s.c.l.CompositeLog [DiscoveryClient-HeartbeatExecutor-0] Response 200 OK
2025-04-17 23:59:39,177 DEBUG o.s.c.l.CompositeLog [DiscoveryClient-CacheRefreshExecutor-0] Response 200 OK
2025-04-17 23:59:39,178 DEBUG o.s.c.l.CompositeLog [DiscoveryClient-CacheRefreshExecutor-0] Reading to [org.springframework.cloud.netflix.eureka.http.EurekaApplications]
