2025-04-13 23:21:59,065 INFO o.s.b.StartupInfoLogger [restartedMain] Starting UserOrgManagementApplication using Java 17.0.12 with PID 29360 (D:\Courses\BackEnd\Spring\Sb\User_Management_System\user-org-management\target\classes started by mtoaima in D:\Courses\BackEnd\Spring\Sb\User_Management_System\user-org-management)
2025-04-13 23:21:59,066 INFO o.s.b.SpringApplication [restartedMain] No active profile set, falling back to 1 default profile: "default"
2025-04-13 23:21:59,068 INFO o.s.b.l.DeferredLog [restartedMain] Fetching config from server at : http://localhost:8081
2025-04-13 23:21:59,069 INFO o.s.b.l.DeferredLog [restartedMain] Located environment: name=user-management, profiles=[default], label=null, version=ef3ccb72180485ea77e71aa24e8a6021544ae2b5, state=
2025-04-13 23:21:59,377 INFO o.s.d.r.c.RepositoryConfigurationDelegate [restartedMain] Bootstrapping Spring Data JPA repositories in DEFAULT mode.
2025-04-13 23:21:59,421 INFO o.s.d.r.c.RepositoryConfigurationDelegate [restartedMain] Finished Spring Data repository scanning in 43 ms. Found 3 JPA repository interfaces.
2025-04-13 23:21:59,542 INFO o.s.c.c.s.GenericScope [restartedMain] BeanFactory id=f74d915f-4514-3717-bfc9-0ab6e98804f7
2025-04-13 23:21:59,572 WARN o.s.c.s.PostProcessorRegistrationDelegate$BeanPostProcessorChecker [restartedMain] Bean 'org.springframework.cloud.client.loadbalancer.LoadBalancerAutoConfiguration$LoadBalancerInterceptorConfig' of type [org.springframework.cloud.client.loadbalancer.LoadBalancerAutoConfiguration$LoadBalancerInterceptorConfig] is not eligible for getting processed by all BeanPostProcessors (for example: not eligible for auto-proxying). The currently created BeanPostProcessor [lbRestClientPostProcessor] is declared through a non-static factory method on that class; consider declaring it as static instead.
2025-04-13 23:21:59,574 WARN o.s.c.s.PostProcessorRegistrationDelegate$BeanPostProcessorChecker [restartedMain] Bean 'org.springframework.cloud.loadbalancer.config.BlockingLoadBalancerClientAutoConfiguration' of type [org.springframework.cloud.loadbalancer.config.BlockingLoadBalancerClientAutoConfiguration] is not eligible for getting processed by all BeanPostProcessors (for example: not eligible for auto-proxying). Is this bean getting eagerly injected into a currently created BeanPostProcessor [lbRestClientPostProcessor]? Check the corresponding BeanPostProcessor declaration and its dependencies.
2025-04-13 23:21:59,575 WARN o.s.c.s.PostProcessorRegistrationDelegate$BeanPostProcessorChecker [restartedMain] Bean 'org.springframework.cloud.loadbalancer.config.LoadBalancerAutoConfiguration' of type [org.springframework.cloud.loadbalancer.config.LoadBalancerAutoConfiguration] is not eligible for getting processed by all BeanPostProcessors (for example: not eligible for auto-proxying). Is this bean getting eagerly injected into a currently created BeanPostProcessor [lbRestClientPostProcessor]? Check the corresponding BeanPostProcessor declaration and its dependencies.
2025-04-13 23:21:59,580 WARN o.s.c.s.PostProcessorRegistrationDelegate$BeanPostProcessorChecker [restartedMain] Bean 'org.springframework.cloud.commons.config.CommonsConfigAutoConfiguration' of type [org.springframework.cloud.commons.config.CommonsConfigAutoConfiguration] is not eligible for getting processed by all BeanPostProcessors (for example: not eligible for auto-proxying). Is this bean getting eagerly injected into a currently created BeanPostProcessor [lbRestClientPostProcessor]? Check the corresponding BeanPostProcessor declaration and its dependencies.
2025-04-13 23:21:59,583 WARN o.s.c.s.PostProcessorRegistrationDelegate$BeanPostProcessorChecker [restartedMain] Bean 'org.springframework.cloud.client.loadbalancer.LoadBalancerDefaultMappingsProviderAutoConfiguration' of type [org.springframework.cloud.client.loadbalancer.LoadBalancerDefaultMappingsProviderAutoConfiguration] is not eligible for getting processed by all BeanPostProcessors (for example: not eligible for auto-proxying). Is this bean getting eagerly injected into a currently created BeanPostProcessor [lbRestClientPostProcessor]? Check the corresponding BeanPostProcessor declaration and its dependencies.
2025-04-13 23:21:59,584 WARN o.s.c.s.PostProcessorRegistrationDelegate$BeanPostProcessorChecker [restartedMain] Bean 'loadBalancerClientsDefaultsMappingsProvider' of type [org.springframework.cloud.client.loadbalancer.LoadBalancerDefaultMappingsProviderAutoConfiguration$$Lambda$696/0x000001a2bc4abed0] is not eligible for getting processed by all BeanPostProcessors (for example: not eligible for auto-proxying). Is this bean getting eagerly injected into a currently created BeanPostProcessor [lbRestClientPostProcessor]? Check the corresponding BeanPostProcessor declaration and its dependencies.
2025-04-13 23:21:59,587 WARN o.s.c.s.PostProcessorRegistrationDelegate$BeanPostProcessorChecker [restartedMain] Bean 'defaultsBindHandlerAdvisor' of type [org.springframework.cloud.commons.config.DefaultsBindHandlerAdvisor] is not eligible for getting processed by all BeanPostProcessors (for example: not eligible for auto-proxying). Is this bean getting eagerly injected into a currently created BeanPostProcessor [lbRestClientPostProcessor]? Check the corresponding BeanPostProcessor declaration and its dependencies.
2025-04-13 23:21:59,590 WARN o.s.c.s.PostProcessorRegistrationDelegate$BeanPostProcessorChecker [restartedMain] Bean 'spring.cloud.loadbalancer-org.springframework.cloud.client.loadbalancer.LoadBalancerClientsProperties' of type [org.springframework.cloud.client.loadbalancer.LoadBalancerClientsProperties] is not eligible for getting processed by all BeanPostProcessors (for example: not eligible for auto-proxying). Is this bean getting eagerly injected into a currently created BeanPostProcessor [lbRestClientPostProcessor]? Check the corresponding BeanPostProcessor declaration and its dependencies.
2025-04-13 23:21:59,594 WARN o.s.c.s.PostProcessorRegistrationDelegate$BeanPostProcessorChecker [restartedMain] Bean 'default.org.springframework.cloud.loadbalancer.config.LoadBalancerAutoConfiguration.LoadBalancerClientSpecification' of type [org.springframework.cloud.loadbalancer.annotation.LoadBalancerClientSpecification] is not eligible for getting processed by all BeanPostProcessors (for example: not eligible for auto-proxying). Is this bean getting eagerly injected into a currently created BeanPostProcessor [lbRestClientPostProcessor]? Check the corresponding BeanPostProcessor declaration and its dependencies.
2025-04-13 23:21:59,596 WARN o.s.c.s.PostProcessorRegistrationDelegate$BeanPostProcessorChecker [restartedMain] Bean 'default.org.springframework.cloud.loadbalancer.config.BlockingLoadBalancerClientAutoConfiguration.LoadBalancerClientSpecification' of type [org.springframework.cloud.loadbalancer.annotation.LoadBalancerClientSpecification] is not eligible for getting processed by all BeanPostProcessors (for example: not eligible for auto-proxying). Is this bean getting eagerly injected into a currently created BeanPostProcessor [lbRestClientPostProcessor]? Check the corresponding BeanPostProcessor declaration and its dependencies.
2025-04-13 23:21:59,598 WARN o.s.c.s.PostProcessorRegistrationDelegate$BeanPostProcessorChecker [restartedMain] Bean 'default.org.springframework.cloud.netflix.eureka.loadbalancer.LoadBalancerEurekaAutoConfiguration.LoadBalancerClientSpecification' of type [org.springframework.cloud.loadbalancer.annotation.LoadBalancerClientSpecification] is not eligible for getting processed by all BeanPostProcessors (for example: not eligible for auto-proxying). Is this bean getting eagerly injected into a currently created BeanPostProcessor [lbRestClientPostProcessor]? Check the corresponding BeanPostProcessor declaration and its dependencies.
2025-04-13 23:21:59,599 WARN o.s.c.s.PostProcessorRegistrationDelegate$BeanPostProcessorChecker [restartedMain] Bean 'loadBalancerClientFactory' of type [org.springframework.cloud.loadbalancer.support.LoadBalancerClientFactory] is not eligible for getting processed by all BeanPostProcessors (for example: not eligible for auto-proxying). Is this bean getting eagerly injected into a currently created BeanPostProcessor [lbRestClientPostProcessor]? Check the corresponding BeanPostProcessor declaration and its dependencies.
2025-04-13 23:21:59,603 WARN o.s.c.s.PostProcessorRegistrationDelegate$BeanPostProcessorChecker [restartedMain] Bean 'blockingLoadBalancerClient' of type [org.springframework.cloud.loadbalancer.blocking.client.BlockingLoadBalancerClient] is not eligible for getting processed by all BeanPostProcessors (for example: not eligible for auto-proxying). Is this bean getting eagerly injected into a currently created BeanPostProcessor [lbRestClientPostProcessor]? Check the corresponding BeanPostProcessor declaration and its dependencies.
2025-04-13 23:21:59,608 WARN o.s.c.s.PostProcessorRegistrationDelegate$BeanPostProcessorChecker [restartedMain] Bean 'loadBalancerServiceInstanceCookieTransformer' of type [org.springframework.cloud.loadbalancer.core.LoadBalancerServiceInstanceCookieTransformer] is not eligible for getting processed by all BeanPostProcessors (for example: not eligible for auto-proxying). Is this bean getting eagerly injected into a currently created BeanPostProcessor [lbRestClientPostProcessor]? Check the corresponding BeanPostProcessor declaration and its dependencies.
2025-04-13 23:21:59,610 WARN o.s.c.s.PostProcessorRegistrationDelegate$BeanPostProcessorChecker [restartedMain] Bean 'xForwarderHeadersTransformer' of type [org.springframework.cloud.loadbalancer.blocking.XForwardedHeadersTransformer] is not eligible for getting processed by all BeanPostProcessors (for example: not eligible for auto-proxying). Is this bean getting eagerly injected into a currently created BeanPostProcessor [lbRestClientPostProcessor]? Check the corresponding BeanPostProcessor declaration and its dependencies.
2025-04-13 23:21:59,611 WARN o.s.c.s.PostProcessorRegistrationDelegate$BeanPostProcessorChecker [restartedMain] Bean 'org.springframework.cloud.client.loadbalancer.LoadBalancerAutoConfiguration' of type [org.springframework.cloud.client.loadbalancer.LoadBalancerAutoConfiguration] is not eligible for getting processed by all BeanPostProcessors (for example: not eligible for auto-proxying). Is this bean getting eagerly injected into a currently created BeanPostProcessor [lbRestClientPostProcessor]? Check the corresponding BeanPostProcessor declaration and its dependencies.
2025-04-13 23:21:59,613 WARN o.s.c.s.PostProcessorRegistrationDelegate$BeanPostProcessorChecker [restartedMain] Bean 'loadBalancerRequestFactory' of type [org.springframework.cloud.client.loadbalancer.LoadBalancerRequestFactory] is not eligible for getting processed by all BeanPostProcessors (for example: not eligible for auto-proxying). Is this bean getting eagerly injected into a currently created BeanPostProcessor [lbRestClientPostProcessor]? Check the corresponding BeanPostProcessor declaration and its dependencies.
2025-04-13 23:21:59,615 WARN o.s.c.s.PostProcessorRegistrationDelegate$BeanPostProcessorChecker [restartedMain] Bean 'loadBalancerInterceptor' of type [org.springframework.cloud.client.loadbalancer.LoadBalancerInterceptor] is not eligible for getting processed by all BeanPostProcessors (for example: not eligible for auto-proxying). Is this bean getting eagerly injected into a currently created BeanPostProcessor [lbRestClientPostProcessor]? Check the corresponding BeanPostProcessor declaration and its dependencies.
2025-04-13 23:21:59,738 INFO o.s.b.w.e.t.TomcatWebServer [restartedMain] Tomcat initialized with port 8888 (http)
2025-04-13 23:21:59,739 INFO o.a.j.l.DirectJDKLog [restartedMain] Starting service [Tomcat]
2025-04-13 23:21:59,740 INFO o.a.j.l.DirectJDKLog [restartedMain] Starting Servlet engine: [Apache Tomcat/10.1.19]
2025-04-13 23:21:59,784 INFO o.a.j.l.DirectJDKLog [restartedMain] Initializing Spring embedded WebApplicationContext
2025-04-13 23:21:59,785 INFO o.s.b.w.s.c.ServletWebServerApplicationContext [restartedMain] Root WebApplicationContext: initialization completed in 715 ms
2025-04-13 23:21:59,867 INFO c.z.h.HikariDataSource [restartedMain] HikariPool-2 - Starting...
2025-04-13 23:21:59,903 INFO c.z.h.p.HikariPool [restartedMain] HikariPool-2 - Added connection com.mysql.cj.jdbc.ConnectionImpl@2be7ea28
2025-04-13 23:21:59,903 INFO c.z.h.HikariDataSource [restartedMain] HikariPool-2 - Start completed.
2025-04-13 23:22:00,242 INFO l.l.c.JavaLogger [restartedMain] Reading from mydatabase.DATABASECHANGELOG
2025-04-13 23:22:00,302 INFO l.l.c.JavaLogger [restartedMain] UPDATE SUMMARY
2025-04-13 23:22:00,302 INFO l.l.c.JavaLogger [restartedMain] Run:                          0
2025-04-13 23:22:00,303 INFO l.l.c.JavaLogger [restartedMain] Previously run:               3
2025-04-13 23:22:00,303 INFO l.l.c.JavaLogger [restartedMain] Filtered out:                 0
2025-04-13 23:22:00,303 INFO l.l.c.JavaLogger [restartedMain] -------------------------------
2025-04-13 23:22:00,303 INFO l.l.c.JavaLogger [restartedMain] Total change sets:            3
2025-04-13 23:22:00,304 INFO l.l.c.JavaLogger [restartedMain] Update summary generated
2025-04-13 23:22:00,318 INFO l.l.c.JavaLogger [restartedMain] Successfully released change log lock
2025-04-13 23:22:00,321 INFO l.l.c.JavaLogger [restartedMain] Command execution complete
2025-04-13 23:22:00,425 INFO o.h.j.i.u.LogHelper [restartedMain] HHH000204: Processing PersistenceUnitInfo [name: default]
2025-04-13 23:22:00,431 INFO o.h.c.i.RegionFactoryInitiator [restartedMain] HHH000026: Second-level cache disabled
2025-04-13 23:22:00,439 INFO o.s.o.j.p.SpringPersistenceUnitInfo [restartedMain] No LoadTimeWeaver setup: ignoring JPA class transformer
2025-04-13 23:22:00,442 WARN o.h.e.j.d.i.DialectFactoryImpl [restartedMain] HHH90000025: MySQL8Dialect does not need to be specified explicitly using 'hibernate.dialect' (remove the property setting and it will be selected by default)
2025-04-13 23:22:00,444 WARN o.h.e.j.d.i.DialectFactoryImpl [restartedMain] HHH90000026: MySQL8Dialect has been deprecated; use org.hibernate.dialect.MySQLDialect instead
2025-04-13 23:22:00,608 INFO o.h.e.t.j.p.i.JtaPlatformInitiator [restartedMain] HHH000489: No JTA platform available (set 'hibernate.transaction.jta.platform' to enable JTA platform integration)
2025-04-13 23:22:00,609 INFO o.s.o.j.AbstractEntityManagerFactoryBean [restartedMain] Initialized JPA EntityManagerFactory for persistence unit 'default'
2025-04-13 23:22:00,907 WARN o.s.b.a.o.j.JpaBaseConfiguration$JpaWebConfiguration [restartedMain] spring.jpa.open-in-view is enabled by default. Therefore, database queries may be performed during view rendering. Explicitly configure spring.jpa.open-in-view to disable this warning
2025-04-13 23:22:00,973 DEBUG o.s.w.s.h.AbstractHandlerMethodMapping [restartedMain] 16 mappings in 'requestMappingHandlerMapping'
2025-04-13 23:22:01,066 DEBUG o.s.w.s.h.SimpleUrlHandlerMapping [restartedMain] Patterns [/webjars/**, /**] in 'resourceHandlerMapping'
2025-04-13 23:22:01,081 INFO o.s.s.w.DefaultSecurityFilterChain [restartedMain] Will secure any request with [org.springframework.security.web.session.DisableEncodeUrlFilter@7416602f, org.springframework.security.web.context.request.async.WebAsyncManagerIntegrationFilter@490add36, org.springframework.security.web.context.SecurityContextHolderFilter@c1c428b, org.springframework.security.web.header.HeaderWriterFilter@50e07b4, org.springframework.security.web.authentication.logout.LogoutFilter@37714a19, com.user_organization_management.security.JwtRequestFilter@7f2e262, org.springframework.security.web.savedrequest.RequestCacheAwareFilter@30065d01, org.springframework.security.web.servletapi.SecurityContextHolderAwareRequestFilter@2c51d223, org.springframework.security.web.authentication.AnonymousAuthenticationFilter@13f01b4b, org.springframework.security.web.access.ExceptionTranslationFilter@7edc52f0, org.springframework.security.web.access.intercept.AuthorizationFilter@17ffebe9]
2025-04-13 23:22:01,146 DEBUG o.s.w.s.m.m.a.RequestMappingHandlerAdapter [restartedMain] ControllerAdvice beans: 0 @ModelAttribute, 0 @InitBinder, 1 RequestBodyAdvice, 1 ResponseBodyAdvice
2025-04-13 23:22:01,158 DEBUG o.s.w.s.m.m.a.ExceptionHandlerExceptionResolver [restartedMain] ControllerAdvice beans: 1 @ExceptionHandler, 1 ResponseBodyAdvice
2025-04-13 23:22:01,246 WARN o.s.b.d.a.OptionalLiveReloadServer [restartedMain] Unable to start LiveReload server
2025-04-13 23:22:01,526 INFO o.s.c.n.e.c.DiscoveryClientOptionalArgsConfiguration [restartedMain] Eureka HTTP Client uses RestTemplate.
2025-04-13 23:22:01,811 WARN o.s.c.l.c.LoadBalancerCacheAutoConfiguration$LoadBalancerCaffeineWarnLogger [restartedMain] Spring Cloud LoadBalancer is currently working with the default cache. While this cache implementation is useful for development and tests, it's recommended to use Caffeine cache in production.You can switch to using Caffeine cache, by adding it and org.springframework.cache.caffeine.CaffeineCacheManager to the classpath.
2025-04-13 23:22:01,817 INFO o.s.c.n.e.InstanceInfoFactory [restartedMain] Setting initial instance status as: STARTING
2025-04-13 23:22:01,820 INFO c.n.d.DiscoveryClient [restartedMain] Initializing Eureka in region us-east-1
2025-04-13 23:22:01,820 INFO c.n.d.s.r.a.ConfigClusterResolver [restartedMain] Resolving eureka endpoints via configuration
2025-04-13 23:22:01,831 INFO c.n.d.DiscoveryClient [restartedMain] Disable delta property : false
2025-04-13 23:22:01,831 INFO c.n.d.DiscoveryClient [restartedMain] Single vip registry refresh property : null
2025-04-13 23:22:01,831 INFO c.n.d.DiscoveryClient [restartedMain] Force full registry fetch : false
2025-04-13 23:22:01,831 INFO c.n.d.DiscoveryClient [restartedMain] Application is null : false
2025-04-13 23:22:01,831 INFO c.n.d.DiscoveryClient [restartedMain] Registered Applications size is zero : true
2025-04-13 23:22:01,831 INFO c.n.d.DiscoveryClient [restartedMain] Application version is -1: true
2025-04-13 23:22:01,832 INFO c.n.d.DiscoveryClient [restartedMain] Getting all instance registry info from the eureka server
2025-04-13 23:22:01,837 DEBUG o.s.c.l.CompositeLog [restartedMain] HTTP GET http://localhost:8761/eureka/apps/
2025-04-13 23:22:01,845 DEBUG o.s.c.l.CompositeLog [restartedMain] Accept=[application/json, application/*+json]
2025-04-13 23:22:01,848 DEBUG o.s.c.l.CompositeLog [restartedMain] Response 200 OK
2025-04-13 23:22:01,849 DEBUG o.s.c.l.CompositeLog [restartedMain] Reading to [org.springframework.cloud.netflix.eureka.http.EurekaApplications]
2025-04-13 23:22:01,852 INFO c.n.d.DiscoveryClient [restartedMain] The response status is 200
2025-04-13 23:22:01,854 INFO c.n.d.DiscoveryClient [restartedMain] Starting heartbeat executor: renew interval is: 30
2025-04-13 23:22:01,854 INFO c.n.d.InstanceInfoReplicator [restartedMain] InstanceInfoReplicator onDemand update allowed rate per min is 4
2025-04-13 23:22:01,855 INFO c.n.d.DiscoveryClient [restartedMain] Discovery Client initialized at timestamp 1744579321855 with initial instances count: 3
2025-04-13 23:22:01,859 INFO o.s.c.n.e.s.EurekaServiceRegistry [restartedMain] Registering application USER-MANAGEMENT with eureka with status UP
2025-04-13 23:22:01,860 INFO c.n.d.DiscoveryClient$3 [restartedMain] Saw local status change event StatusChangeEvent [timestamp=1744579321860, current=UP, previous=STARTING]
2025-04-13 23:22:01,860 INFO c.n.d.DiscoveryClient [DiscoveryClient-InstanceInfoReplicator-0] DiscoveryClient_USER-MANAGEMENT/192.168.1.4:user-management:8888: registering service...
2025-04-13 23:22:01,863 DEBUG o.s.c.l.CompositeLog [DiscoveryClient-InstanceInfoReplicator-0] HTTP POST http://localhost:8761/eureka/apps/USER-MANAGEMENT
2025-04-13 23:22:01,864 DEBUG o.s.c.l.CompositeLog [DiscoveryClient-InstanceInfoReplicator-0] Accept=[application/json, application/*+json]
2025-04-13 23:22:01,866 DEBUG o.s.c.l.CompositeLog [DiscoveryClient-InstanceInfoReplicator-0] Writing [InstanceInfo [instanceId = 192.168.1.4:user-management:8888, appName = USER-MANAGEMENT, hostName = 192.168.1.4, status = UP, ipAddr = 192.168.1.4, port = 8888, securePort = 443, dataCenterInfo = com.netflix.appinfo.MyDataCenterInfo@21c19523] as "application/json"
2025-04-13 23:22:01,866 INFO o.s.b.w.e.t.TomcatWebServer [restartedMain] Tomcat started on port 8888 (http) with context path ''
2025-04-13 23:22:01,867 INFO o.s.c.n.e.s.EurekaAutoServiceRegistration [restartedMain] Updating port to 8888
2025-04-13 23:22:01,873 DEBUG o.s.c.l.CompositeLog [DiscoveryClient-InstanceInfoReplicator-0] Response 204 NO_CONTENT
2025-04-13 23:22:01,874 INFO c.n.d.DiscoveryClient [DiscoveryClient-InstanceInfoReplicator-0] DiscoveryClient_USER-MANAGEMENT/192.168.1.4:user-management:8888 - registration status: 204
2025-04-13 23:22:02,156 INFO o.s.b.StartupInfoLogger [restartedMain] Started UserOrgManagementApplication in 4.319 seconds (process running for 858.983)
2025-04-13 23:22:02,159 INFO o.s.b.d.a.ConditionEvaluationDeltaLoggingListener [restartedMain] Condition evaluation unchanged
2025-04-13 23:22:27,209 INFO o.s.b.d.a.LocalDevToolsAutoConfiguration$RestartingClassPathChangeChangedEventListener [File Watcher] Restarting due to 1 class path change (0 additions, 0 deletions, 1 modification)
2025-04-13 23:22:27,210 INFO o.s.c.n.e.s.EurekaServiceRegistry [Thread-7] Unregistering application USER-MANAGEMENT with eureka with status DOWN
2025-04-13 23:22:27,210 INFO c.n.d.DiscoveryClient$3 [Thread-7] Saw local status change event StatusChangeEvent [timestamp=1744579347210, current=DOWN, previous=UP]
2025-04-13 23:22:27,210 INFO c.n.d.DiscoveryClient [DiscoveryClient-InstanceInfoReplicator-0] DiscoveryClient_USER-MANAGEMENT/192.168.1.4:user-management:8888: registering service...
2025-04-13 23:22:27,211 DEBUG o.s.c.l.CompositeLog [DiscoveryClient-InstanceInfoReplicator-0] HTTP POST http://localhost:8761/eureka/apps/USER-MANAGEMENT
2025-04-13 23:22:27,211 DEBUG o.s.c.l.CompositeLog [DiscoveryClient-InstanceInfoReplicator-0] Accept=[application/json, application/*+json]
2025-04-13 23:22:27,211 DEBUG o.s.c.l.CompositeLog [DiscoveryClient-InstanceInfoReplicator-0] Writing [InstanceInfo [instanceId = 192.168.1.4:user-management:8888, appName = USER-MANAGEMENT, hostName = 192.168.1.4, status = DOWN, ipAddr = 192.168.1.4, port = 8888, securePort = 443, dataCenterInfo = com.netflix.appinfo.MyDataCenterInfo@21c19523] as "application/json"
2025-04-13 23:22:27,226 DEBUG o.s.c.l.CompositeLog [DiscoveryClient-InstanceInfoReplicator-0] Response 204 NO_CONTENT
2025-04-13 23:22:27,226 INFO c.n.d.DiscoveryClient [DiscoveryClient-InstanceInfoReplicator-0] DiscoveryClient_USER-MANAGEMENT/192.168.1.4:user-management:8888 - registration status: 204
2025-04-13 23:22:27,238 INFO o.s.o.j.AbstractEntityManagerFactoryBean [Thread-7] Closing JPA EntityManagerFactory for persistence unit 'default'
2025-04-13 23:22:27,239 INFO c.z.h.HikariDataSource [Thread-7] HikariPool-2 - Shutdown initiated...
2025-04-13 23:22:27,252 INFO c.z.h.HikariDataSource [Thread-7] HikariPool-2 - Shutdown completed.
2025-04-13 23:22:27,253 INFO c.n.d.DiscoveryClient [Thread-7] Shutting down DiscoveryClient ...
2025-04-13 23:22:30,261 INFO c.n.d.DiscoveryClient [Thread-7] Unregistering ...
2025-04-13 23:22:30,262 DEBUG o.s.c.l.CompositeLog [Thread-7] HTTP DELETE http://localhost:8761/eureka/apps/USER-MANAGEMENT/192.168.1.4:user-management:8888
2025-04-13 23:22:30,263 DEBUG o.s.c.l.CompositeLog [Thread-7] Accept=[application/json, application/*+json]
2025-04-13 23:22:30,277 DEBUG o.s.c.l.CompositeLog [Thread-7] Response 200 OK
2025-04-13 23:22:30,278 INFO c.n.d.DiscoveryClient [Thread-7] DiscoveryClient_USER-MANAGEMENT/192.168.1.4:user-management:8888 - deregister  status: 200
2025-04-13 23:22:30,281 INFO c.n.d.DiscoveryClient [Thread-7] Completed shut down of DiscoveryClient
2025-04-13 23:22:31,779 INFO o.s.b.StartupInfoLogger [restartedMain] Starting UserOrgManagementApplication using Java 17.0.12 with PID 29360 (D:\Courses\BackEnd\Spring\Sb\User_Management_System\user-org-management\target\classes started by mtoaima in D:\Courses\BackEnd\Spring\Sb\User_Management_System\user-org-management)
2025-04-13 23:22:31,780 INFO o.s.b.SpringApplication [restartedMain] No active profile set, falling back to 1 default profile: "default"
2025-04-13 23:22:31,781 INFO o.s.b.l.DeferredLog [restartedMain] Fetching config from server at : http://localhost:8081
2025-04-13 23:22:31,781 INFO o.s.b.l.DeferredLog [restartedMain] Located environment: name=user-management, profiles=[default], label=null, version=ef3ccb72180485ea77e71aa24e8a6021544ae2b5, state=
2025-04-13 23:22:31,986 INFO o.s.d.r.c.RepositoryConfigurationDelegate [restartedMain] Bootstrapping Spring Data JPA repositories in DEFAULT mode.
2025-04-13 23:22:32,029 INFO o.s.d.r.c.RepositoryConfigurationDelegate [restartedMain] Finished Spring Data repository scanning in 42 ms. Found 3 JPA repository interfaces.
2025-04-13 23:22:32,102 INFO o.s.c.c.s.GenericScope [restartedMain] BeanFactory id=f74d915f-4514-3717-bfc9-0ab6e98804f7
2025-04-13 23:22:32,124 WARN o.s.c.s.PostProcessorRegistrationDelegate$BeanPostProcessorChecker [restartedMain] Bean 'org.springframework.cloud.client.loadbalancer.LoadBalancerAutoConfiguration$LoadBalancerInterceptorConfig' of type [org.springframework.cloud.client.loadbalancer.LoadBalancerAutoConfiguration$LoadBalancerInterceptorConfig] is not eligible for getting processed by all BeanPostProcessors (for example: not eligible for auto-proxying). The currently created BeanPostProcessor [lbRestClientPostProcessor] is declared through a non-static factory method on that class; consider declaring it as static instead.
2025-04-13 23:22:32,125 WARN o.s.c.s.PostProcessorRegistrationDelegate$BeanPostProcessorChecker [restartedMain] Bean 'org.springframework.cloud.loadbalancer.config.BlockingLoadBalancerClientAutoConfiguration' of type [org.springframework.cloud.loadbalancer.config.BlockingLoadBalancerClientAutoConfiguration] is not eligible for getting processed by all BeanPostProcessors (for example: not eligible for auto-proxying). Is this bean getting eagerly injected into a currently created BeanPostProcessor [lbRestClientPostProcessor]? Check the corresponding BeanPostProcessor declaration and its dependencies.
2025-04-13 23:22:32,126 WARN o.s.c.s.PostProcessorRegistrationDelegate$BeanPostProcessorChecker [restartedMain] Bean 'org.springframework.cloud.loadbalancer.config.LoadBalancerAutoConfiguration' of type [org.springframework.cloud.loadbalancer.config.LoadBalancerAutoConfiguration] is not eligible for getting processed by all BeanPostProcessors (for example: not eligible for auto-proxying). Is this bean getting eagerly injected into a currently created BeanPostProcessor [lbRestClientPostProcessor]? Check the corresponding BeanPostProcessor declaration and its dependencies.
2025-04-13 23:22:32,129 WARN o.s.c.s.PostProcessorRegistrationDelegate$BeanPostProcessorChecker [restartedMain] Bean 'org.springframework.cloud.commons.config.CommonsConfigAutoConfiguration' of type [org.springframework.cloud.commons.config.CommonsConfigAutoConfiguration] is not eligible for getting processed by all BeanPostProcessors (for example: not eligible for auto-proxying). Is this bean getting eagerly injected into a currently created BeanPostProcessor [lbRestClientPostProcessor]? Check the corresponding BeanPostProcessor declaration and its dependencies.
2025-04-13 23:22:32,130 WARN o.s.c.s.PostProcessorRegistrationDelegate$BeanPostProcessorChecker [restartedMain] Bean 'org.springframework.cloud.client.loadbalancer.LoadBalancerDefaultMappingsProviderAutoConfiguration' of type [org.springframework.cloud.client.loadbalancer.LoadBalancerDefaultMappingsProviderAutoConfiguration] is not eligible for getting processed by all BeanPostProcessors (for example: not eligible for auto-proxying). Is this bean getting eagerly injected into a currently created BeanPostProcessor [lbRestClientPostProcessor]? Check the corresponding BeanPostProcessor declaration and its dependencies.
2025-04-13 23:22:32,130 WARN o.s.c.s.PostProcessorRegistrationDelegate$BeanPostProcessorChecker [restartedMain] Bean 'loadBalancerClientsDefaultsMappingsProvider' of type [org.springframework.cloud.client.loadbalancer.LoadBalancerDefaultMappingsProviderAutoConfiguration$$Lambda$696/0x000001a2bc4abed0] is not eligible for getting processed by all BeanPostProcessors (for example: not eligible for auto-proxying). Is this bean getting eagerly injected into a currently created BeanPostProcessor [lbRestClientPostProcessor]? Check the corresponding BeanPostProcessor declaration and its dependencies.
2025-04-13 23:22:32,131 WARN o.s.c.s.PostProcessorRegistrationDelegate$BeanPostProcessorChecker [restartedMain] Bean 'defaultsBindHandlerAdvisor' of type [org.springframework.cloud.commons.config.DefaultsBindHandlerAdvisor] is not eligible for getting processed by all BeanPostProcessors (for example: not eligible for auto-proxying). Is this bean getting eagerly injected into a currently created BeanPostProcessor [lbRestClientPostProcessor]? Check the corresponding BeanPostProcessor declaration and its dependencies.
2025-04-13 23:22:32,133 WARN o.s.c.s.PostProcessorRegistrationDelegate$BeanPostProcessorChecker [restartedMain] Bean 'spring.cloud.loadbalancer-org.springframework.cloud.client.loadbalancer.LoadBalancerClientsProperties' of type [org.springframework.cloud.client.loadbalancer.LoadBalancerClientsProperties] is not eligible for getting processed by all BeanPostProcessors (for example: not eligible for auto-proxying). Is this bean getting eagerly injected into a currently created BeanPostProcessor [lbRestClientPostProcessor]? Check the corresponding BeanPostProcessor declaration and its dependencies.
2025-04-13 23:22:32,136 WARN o.s.c.s.PostProcessorRegistrationDelegate$BeanPostProcessorChecker [restartedMain] Bean 'default.org.springframework.cloud.loadbalancer.config.LoadBalancerAutoConfiguration.LoadBalancerClientSpecification' of type [org.springframework.cloud.loadbalancer.annotation.LoadBalancerClientSpecification] is not eligible for getting processed by all BeanPostProcessors (for example: not eligible for auto-proxying). Is this bean getting eagerly injected into a currently created BeanPostProcessor [lbRestClientPostProcessor]? Check the corresponding BeanPostProcessor declaration and its dependencies.
2025-04-13 23:22:32,138 WARN o.s.c.s.PostProcessorRegistrationDelegate$BeanPostProcessorChecker [restartedMain] Bean 'default.org.springframework.cloud.loadbalancer.config.BlockingLoadBalancerClientAutoConfiguration.LoadBalancerClientSpecification' of type [org.springframework.cloud.loadbalancer.annotation.LoadBalancerClientSpecification] is not eligible for getting processed by all BeanPostProcessors (for example: not eligible for auto-proxying). Is this bean getting eagerly injected into a currently created BeanPostProcessor [lbRestClientPostProcessor]? Check the corresponding BeanPostProcessor declaration and its dependencies.
2025-04-13 23:22:32,138 WARN o.s.c.s.PostProcessorRegistrationDelegate$BeanPostProcessorChecker [restartedMain] Bean 'default.org.springframework.cloud.netflix.eureka.loadbalancer.LoadBalancerEurekaAutoConfiguration.LoadBalancerClientSpecification' of type [org.springframework.cloud.loadbalancer.annotation.LoadBalancerClientSpecification] is not eligible for getting processed by all BeanPostProcessors (for example: not eligible for auto-proxying). Is this bean getting eagerly injected into a currently created BeanPostProcessor [lbRestClientPostProcessor]? Check the corresponding BeanPostProcessor declaration and its dependencies.
2025-04-13 23:22:32,139 WARN o.s.c.s.PostProcessorRegistrationDelegate$BeanPostProcessorChecker [restartedMain] Bean 'loadBalancerClientFactory' of type [org.springframework.cloud.loadbalancer.support.LoadBalancerClientFactory] is not eligible for getting processed by all BeanPostProcessors (for example: not eligible for auto-proxying). Is this bean getting eagerly injected into a currently created BeanPostProcessor [lbRestClientPostProcessor]? Check the corresponding BeanPostProcessor declaration and its dependencies.
2025-04-13 23:22:32,142 WARN o.s.c.s.PostProcessorRegistrationDelegate$BeanPostProcessorChecker [restartedMain] Bean 'blockingLoadBalancerClient' of type [org.springframework.cloud.loadbalancer.blocking.client.BlockingLoadBalancerClient] is not eligible for getting processed by all BeanPostProcessors (for example: not eligible for auto-proxying). Is this bean getting eagerly injected into a currently created BeanPostProcessor [lbRestClientPostProcessor]? Check the corresponding BeanPostProcessor declaration and its dependencies.
2025-04-13 23:22:32,149 WARN o.s.c.s.PostProcessorRegistrationDelegate$BeanPostProcessorChecker [restartedMain] Bean 'loadBalancerServiceInstanceCookieTransformer' of type [org.springframework.cloud.loadbalancer.core.LoadBalancerServiceInstanceCookieTransformer] is not eligible for getting processed by all BeanPostProcessors (for example: not eligible for auto-proxying). Is this bean getting eagerly injected into a currently created BeanPostProcessor [lbRestClientPostProcessor]? Check the corresponding BeanPostProcessor declaration and its dependencies.
2025-04-13 23:22:32,151 WARN o.s.c.s.PostProcessorRegistrationDelegate$BeanPostProcessorChecker [restartedMain] Bean 'xForwarderHeadersTransformer' of type [org.springframework.cloud.loadbalancer.blocking.XForwardedHeadersTransformer] is not eligible for getting processed by all BeanPostProcessors (for example: not eligible for auto-proxying). Is this bean getting eagerly injected into a currently created BeanPostProcessor [lbRestClientPostProcessor]? Check the corresponding BeanPostProcessor declaration and its dependencies.
2025-04-13 23:22:32,152 WARN o.s.c.s.PostProcessorRegistrationDelegate$BeanPostProcessorChecker [restartedMain] Bean 'org.springframework.cloud.client.loadbalancer.LoadBalancerAutoConfiguration' of type [org.springframework.cloud.client.loadbalancer.LoadBalancerAutoConfiguration] is not eligible for getting processed by all BeanPostProcessors (for example: not eligible for auto-proxying). Is this bean getting eagerly injected into a currently created BeanPostProcessor [lbRestClientPostProcessor]? Check the corresponding BeanPostProcessor declaration and its dependencies.
2025-04-13 23:22:32,153 WARN o.s.c.s.PostProcessorRegistrationDelegate$BeanPostProcessorChecker [restartedMain] Bean 'loadBalancerRequestFactory' of type [org.springframework.cloud.client.loadbalancer.LoadBalancerRequestFactory] is not eligible for getting processed by all BeanPostProcessors (for example: not eligible for auto-proxying). Is this bean getting eagerly injected into a currently created BeanPostProcessor [lbRestClientPostProcessor]? Check the corresponding BeanPostProcessor declaration and its dependencies.
2025-04-13 23:22:32,154 WARN o.s.c.s.PostProcessorRegistrationDelegate$BeanPostProcessorChecker [restartedMain] Bean 'loadBalancerInterceptor' of type [org.springframework.cloud.client.loadbalancer.LoadBalancerInterceptor] is not eligible for getting processed by all BeanPostProcessors (for example: not eligible for auto-proxying). Is this bean getting eagerly injected into a currently created BeanPostProcessor [lbRestClientPostProcessor]? Check the corresponding BeanPostProcessor declaration and its dependencies.
2025-04-13 23:22:32,233 INFO o.s.b.w.e.t.TomcatWebServer [restartedMain] Tomcat initialized with port 8888 (http)
2025-04-13 23:22:32,234 INFO o.a.j.l.DirectJDKLog [restartedMain] Starting service [Tomcat]
2025-04-13 23:22:32,234 INFO o.a.j.l.DirectJDKLog [restartedMain] Starting Servlet engine: [Apache Tomcat/10.1.19]
2025-04-13 23:22:32,279 INFO o.a.j.l.DirectJDKLog [restartedMain] Initializing Spring embedded WebApplicationContext
2025-04-13 23:22:32,279 INFO o.s.b.w.s.c.ServletWebServerApplicationContext [restartedMain] Root WebApplicationContext: initialization completed in 497 ms
2025-04-13 23:22:32,319 INFO c.z.h.HikariDataSource [restartedMain] HikariPool-3 - Starting...
2025-04-13 23:22:32,344 INFO c.z.h.p.HikariPool [restartedMain] HikariPool-3 - Added connection com.mysql.cj.jdbc.ConnectionImpl@6e937105
2025-04-13 23:22:32,344 INFO c.z.h.HikariDataSource [restartedMain] HikariPool-3 - Start completed.
2025-04-13 23:22:32,630 INFO l.l.c.JavaLogger [restartedMain] Reading from mydatabase.DATABASECHANGELOG
2025-04-13 23:22:32,659 INFO l.l.c.JavaLogger [restartedMain] UPDATE SUMMARY
2025-04-13 23:22:32,659 INFO l.l.c.JavaLogger [restartedMain] Run:                          0
2025-04-13 23:22:32,659 INFO l.l.c.JavaLogger [restartedMain] Previously run:               3
2025-04-13 23:22:32,660 INFO l.l.c.JavaLogger [restartedMain] Filtered out:                 0
2025-04-13 23:22:32,661 INFO l.l.c.JavaLogger [restartedMain] -------------------------------
2025-04-13 23:22:32,662 INFO l.l.c.JavaLogger [restartedMain] Total change sets:            3
2025-04-13 23:22:32,662 INFO l.l.c.JavaLogger [restartedMain] Update summary generated
2025-04-13 23:22:32,669 INFO l.l.c.JavaLogger [restartedMain] Successfully released change log lock
2025-04-13 23:22:32,671 INFO l.l.c.JavaLogger [restartedMain] Command execution complete
2025-04-13 23:22:32,724 INFO o.h.j.i.u.LogHelper [restartedMain] HHH000204: Processing PersistenceUnitInfo [name: default]
2025-04-13 23:22:32,727 INFO o.h.c.i.RegionFactoryInitiator [restartedMain] HHH000026: Second-level cache disabled
2025-04-13 23:22:32,734 INFO o.s.o.j.p.SpringPersistenceUnitInfo [restartedMain] No LoadTimeWeaver setup: ignoring JPA class transformer
2025-04-13 23:22:32,737 WARN o.h.e.j.d.i.DialectFactoryImpl [restartedMain] HHH90000025: MySQL8Dialect does not need to be specified explicitly using 'hibernate.dialect' (remove the property setting and it will be selected by default)
2025-04-13 23:22:32,738 WARN o.h.e.j.d.i.DialectFactoryImpl [restartedMain] HHH90000026: MySQL8Dialect has been deprecated; use org.hibernate.dialect.MySQLDialect instead
2025-04-13 23:22:32,890 INFO o.h.e.t.j.p.i.JtaPlatformInitiator [restartedMain] HHH000489: No JTA platform available (set 'hibernate.transaction.jta.platform' to enable JTA platform integration)
2025-04-13 23:22:32,891 INFO o.s.o.j.AbstractEntityManagerFactoryBean [restartedMain] Initialized JPA EntityManagerFactory for persistence unit 'default'
2025-04-13 23:22:33,185 WARN o.s.b.a.o.j.JpaBaseConfiguration$JpaWebConfiguration [restartedMain] spring.jpa.open-in-view is enabled by default. Therefore, database queries may be performed during view rendering. Explicitly configure spring.jpa.open-in-view to disable this warning
2025-04-13 23:22:33,227 DEBUG o.s.w.s.h.AbstractHandlerMethodMapping [restartedMain] 16 mappings in 'requestMappingHandlerMapping'
2025-04-13 23:22:33,283 DEBUG o.s.w.s.h.SimpleUrlHandlerMapping [restartedMain] Patterns [/webjars/**, /**] in 'resourceHandlerMapping'
2025-04-13 23:22:33,295 INFO o.s.s.w.DefaultSecurityFilterChain [restartedMain] Will secure any request with [org.springframework.security.web.session.DisableEncodeUrlFilter@6b65bbc7, org.springframework.security.web.context.request.async.WebAsyncManagerIntegrationFilter@7071a82d, org.springframework.security.web.context.SecurityContextHolderFilter@661014c0, org.springframework.security.web.header.HeaderWriterFilter@3ad9c36d, org.springframework.security.web.authentication.logout.LogoutFilter@22c72917, com.user_organization_management.security.JwtRequestFilter@5fd62da5, org.springframework.security.web.savedrequest.RequestCacheAwareFilter@45496d5f, org.springframework.security.web.servletapi.SecurityContextHolderAwareRequestFilter@3021fc83, org.springframework.security.web.authentication.AnonymousAuthenticationFilter@83f2305, org.springframework.security.web.access.ExceptionTranslationFilter@57e1c61, org.springframework.security.web.access.intercept.AuthorizationFilter@1390af6f]
2025-04-13 23:22:33,340 DEBUG o.s.w.s.m.m.a.RequestMappingHandlerAdapter [restartedMain] ControllerAdvice beans: 0 @ModelAttribute, 0 @InitBinder, 1 RequestBodyAdvice, 1 ResponseBodyAdvice
2025-04-13 23:22:33,350 DEBUG o.s.w.s.m.m.a.ExceptionHandlerExceptionResolver [restartedMain] ControllerAdvice beans: 1 @ExceptionHandler, 1 ResponseBodyAdvice
2025-04-13 23:22:33,430 WARN o.s.b.d.a.OptionalLiveReloadServer [restartedMain] Unable to start LiveReload server
2025-04-13 23:22:33,729 INFO o.s.c.n.e.c.DiscoveryClientOptionalArgsConfiguration [restartedMain] Eureka HTTP Client uses RestTemplate.
2025-04-13 23:22:34,111 WARN o.s.c.l.c.LoadBalancerCacheAutoConfiguration$LoadBalancerCaffeineWarnLogger [restartedMain] Spring Cloud LoadBalancer is currently working with the default cache. While this cache implementation is useful for development and tests, it's recommended to use Caffeine cache in production.You can switch to using Caffeine cache, by adding it and org.springframework.cache.caffeine.CaffeineCacheManager to the classpath.
2025-04-13 23:22:34,117 INFO o.s.c.n.e.InstanceInfoFactory [restartedMain] Setting initial instance status as: STARTING
2025-04-13 23:22:34,120 INFO c.n.d.DiscoveryClient [restartedMain] Initializing Eureka in region us-east-1
2025-04-13 23:22:34,120 INFO c.n.d.s.r.a.ConfigClusterResolver [restartedMain] Resolving eureka endpoints via configuration
2025-04-13 23:22:34,121 INFO c.n.d.DiscoveryClient [restartedMain] Disable delta property : false
2025-04-13 23:22:34,121 INFO c.n.d.DiscoveryClient [restartedMain] Single vip registry refresh property : null
2025-04-13 23:22:34,121 INFO c.n.d.DiscoveryClient [restartedMain] Force full registry fetch : false
2025-04-13 23:22:34,121 INFO c.n.d.DiscoveryClient [restartedMain] Application is null : false
2025-04-13 23:22:34,121 INFO c.n.d.DiscoveryClient [restartedMain] Registered Applications size is zero : true
2025-04-13 23:22:34,122 INFO c.n.d.DiscoveryClient [restartedMain] Application version is -1: true
2025-04-13 23:22:34,122 INFO c.n.d.DiscoveryClient [restartedMain] Getting all instance registry info from the eureka server
2025-04-13 23:22:34,128 DEBUG o.s.c.l.CompositeLog [restartedMain] HTTP GET http://localhost:8761/eureka/apps/
2025-04-13 23:22:34,137 DEBUG o.s.c.l.CompositeLog [restartedMain] Accept=[application/json, application/*+json]
2025-04-13 23:22:34,140 DEBUG o.s.c.l.CompositeLog [restartedMain] Response 200 OK
2025-04-13 23:22:34,140 DEBUG o.s.c.l.CompositeLog [restartedMain] Reading to [org.springframework.cloud.netflix.eureka.http.EurekaApplications]
2025-04-13 23:22:34,142 INFO c.n.d.DiscoveryClient [restartedMain] The response status is 200
2025-04-13 23:22:34,143 INFO c.n.d.DiscoveryClient [restartedMain] Starting heartbeat executor: renew interval is: 30
2025-04-13 23:22:34,144 INFO c.n.d.InstanceInfoReplicator [restartedMain] InstanceInfoReplicator onDemand update allowed rate per min is 4
2025-04-13 23:22:34,145 INFO c.n.d.DiscoveryClient [restartedMain] Discovery Client initialized at timestamp 1744579354145 with initial instances count: 3
2025-04-13 23:22:34,149 INFO o.s.c.n.e.s.EurekaServiceRegistry [restartedMain] Registering application USER-MANAGEMENT with eureka with status UP
2025-04-13 23:22:34,150 INFO c.n.d.DiscoveryClient$3 [restartedMain] Saw local status change event StatusChangeEvent [timestamp=1744579354150, current=UP, previous=STARTING]
2025-04-13 23:22:34,150 INFO c.n.d.DiscoveryClient [DiscoveryClient-InstanceInfoReplicator-0] DiscoveryClient_USER-MANAGEMENT/192.168.1.4:user-management:8888: registering service...
2025-04-13 23:22:34,153 DEBUG o.s.c.l.CompositeLog [DiscoveryClient-InstanceInfoReplicator-0] HTTP POST http://localhost:8761/eureka/apps/USER-MANAGEMENT
2025-04-13 23:22:34,154 DEBUG o.s.c.l.CompositeLog [DiscoveryClient-InstanceInfoReplicator-0] Accept=[application/json, application/*+json]
2025-04-13 23:22:34,156 DEBUG o.s.c.l.CompositeLog [DiscoveryClient-InstanceInfoReplicator-0] Writing [InstanceInfo [instanceId = 192.168.1.4:user-management:8888, appName = USER-MANAGEMENT, hostName = 192.168.1.4, status = UP, ipAddr = 192.168.1.4, port = 8888, securePort = 443, dataCenterInfo = com.netflix.appinfo.MyDataCenterInfo@24b61d99] as "application/json"
2025-04-13 23:22:34,156 INFO o.s.b.w.e.t.TomcatWebServer [restartedMain] Tomcat started on port 8888 (http) with context path ''
2025-04-13 23:22:34,156 INFO o.s.c.n.e.s.EurekaAutoServiceRegistration [restartedMain] Updating port to 8888
2025-04-13 23:22:34,162 DEBUG o.s.c.l.CompositeLog [DiscoveryClient-InstanceInfoReplicator-0] Response 204 NO_CONTENT
2025-04-13 23:22:34,162 INFO c.n.d.DiscoveryClient [DiscoveryClient-InstanceInfoReplicator-0] DiscoveryClient_USER-MANAGEMENT/192.168.1.4:user-management:8888 - registration status: 204
2025-04-13 23:22:34,428 INFO o.s.b.StartupInfoLogger [restartedMain] Started UserOrgManagementApplication in 4.086 seconds (process running for 891.254)
2025-04-13 23:22:34,429 INFO o.s.b.d.a.ConditionEvaluationDeltaLoggingListener [restartedMain] Condition evaluation unchanged
2025-04-13 23:23:04,147 DEBUG o.s.c.l.CompositeLog [DiscoveryClient-CacheRefreshExecutor-0] HTTP GET http://localhost:8761/eureka/apps/delta
2025-04-13 23:23:04,147 DEBUG o.s.c.l.CompositeLog [DiscoveryClient-HeartbeatExecutor-0] HTTP PUT http://localhost:8761/eureka/apps/USER-MANAGEMENT/192.168.1.4:user-management:8888?status=UP&lastDirtyTimestamp=1744579354150
2025-04-13 23:23:04,148 DEBUG o.s.c.l.CompositeLog [DiscoveryClient-CacheRefreshExecutor-0] Accept=[application/json, application/*+json]
2025-04-13 23:23:04,157 DEBUG o.s.c.l.CompositeLog [DiscoveryClient-HeartbeatExecutor-0] Accept=[application/json, application/*+json]
2025-04-13 23:23:04,163 DEBUG o.s.c.l.CompositeLog [DiscoveryClient-HeartbeatExecutor-0] Response 200 OK
2025-04-13 23:23:04,163 DEBUG o.s.c.l.CompositeLog [DiscoveryClient-CacheRefreshExecutor-0] Response 200 OK
2025-04-13 23:23:04,164 DEBUG o.s.c.l.CompositeLog [DiscoveryClient-CacheRefreshExecutor-0] Reading to [org.springframework.cloud.netflix.eureka.http.EurekaApplications]
2025-04-13 23:23:34,174 DEBUG o.s.c.l.CompositeLog [DiscoveryClient-HeartbeatExecutor-0] HTTP PUT http://localhost:8761/eureka/apps/USER-MANAGEMENT/192.168.1.4:user-management:8888?status=UP&lastDirtyTimestamp=1744579354150
2025-04-13 23:23:34,174 DEBUG o.s.c.l.CompositeLog [DiscoveryClient-CacheRefreshExecutor-0] HTTP GET http://localhost:8761/eureka/apps/delta
2025-04-13 23:23:34,175 DEBUG o.s.c.l.CompositeLog [DiscoveryClient-HeartbeatExecutor-0] Accept=[application/json, application/*+json]
2025-04-13 23:23:34,175 DEBUG o.s.c.l.CompositeLog [DiscoveryClient-CacheRefreshExecutor-0] Accept=[application/json, application/*+json]
2025-04-13 23:23:34,192 DEBUG o.s.c.l.CompositeLog [DiscoveryClient-CacheRefreshExecutor-0] Response 200 OK
2025-04-13 23:23:34,192 DEBUG o.s.c.l.CompositeLog [DiscoveryClient-HeartbeatExecutor-0] Response 200 OK
2025-04-13 23:23:34,193 DEBUG o.s.c.l.CompositeLog [DiscoveryClient-CacheRefreshExecutor-0] Reading to [org.springframework.cloud.netflix.eureka.http.EurekaApplications]
2025-04-13 23:24:04,198 DEBUG o.s.c.l.CompositeLog [DiscoveryClient-HeartbeatExecutor-0] HTTP PUT http://localhost:8761/eureka/apps/USER-MANAGEMENT/192.168.1.4:user-management:8888?status=UP&lastDirtyTimestamp=1744579354150
2025-04-13 23:24:04,198 DEBUG o.s.c.l.CompositeLog [DiscoveryClient-CacheRefreshExecutor-0] HTTP GET http://localhost:8761/eureka/apps/delta
2025-04-13 23:24:04,198 DEBUG o.s.c.l.CompositeLog [DiscoveryClient-HeartbeatExecutor-0] Accept=[application/json, application/*+json]
2025-04-13 23:24:04,198 DEBUG o.s.c.l.CompositeLog [DiscoveryClient-CacheRefreshExecutor-0] Accept=[application/json, application/*+json]
2025-04-13 23:24:04,215 DEBUG o.s.c.l.CompositeLog [DiscoveryClient-CacheRefreshExecutor-0] Response 200 OK
2025-04-13 23:24:04,215 DEBUG o.s.c.l.CompositeLog [DiscoveryClient-HeartbeatExecutor-0] Response 200 OK
2025-04-13 23:24:04,215 DEBUG o.s.c.l.CompositeLog [DiscoveryClient-CacheRefreshExecutor-0] Reading to [org.springframework.cloud.netflix.eureka.http.EurekaApplications]
2025-04-13 23:24:34,225 DEBUG o.s.c.l.CompositeLog [DiscoveryClient-CacheRefreshExecutor-0] HTTP GET http://localhost:8761/eureka/apps/delta
2025-04-13 23:24:34,225 DEBUG o.s.c.l.CompositeLog [DiscoveryClient-HeartbeatExecutor-0] HTTP PUT http://localhost:8761/eureka/apps/USER-MANAGEMENT/192.168.1.4:user-management:8888?status=UP&lastDirtyTimestamp=1744579354150
2025-04-13 23:24:34,226 DEBUG o.s.c.l.CompositeLog [DiscoveryClient-CacheRefreshExecutor-0] Accept=[application/json, application/*+json]
2025-04-13 23:24:34,226 DEBUG o.s.c.l.CompositeLog [DiscoveryClient-HeartbeatExecutor-0] Accept=[application/json, application/*+json]
2025-04-13 23:24:34,246 DEBUG o.s.c.l.CompositeLog [DiscoveryClient-HeartbeatExecutor-0] Response 200 OK
2025-04-13 23:24:34,246 DEBUG o.s.c.l.CompositeLog [DiscoveryClient-CacheRefreshExecutor-0] Response 200 OK
2025-04-13 23:24:34,246 DEBUG o.s.c.l.CompositeLog [DiscoveryClient-CacheRefreshExecutor-0] Reading to [org.springframework.cloud.netflix.eureka.http.EurekaApplications]
2025-04-13 23:25:04,255 DEBUG o.s.c.l.CompositeLog [DiscoveryClient-CacheRefreshExecutor-0] HTTP GET http://localhost:8761/eureka/apps/delta
2025-04-13 23:25:04,255 DEBUG o.s.c.l.CompositeLog [DiscoveryClient-HeartbeatExecutor-0] HTTP PUT http://localhost:8761/eureka/apps/USER-MANAGEMENT/192.168.1.4:user-management:8888?status=UP&lastDirtyTimestamp=1744579354150
2025-04-13 23:25:04,255 DEBUG o.s.c.l.CompositeLog [DiscoveryClient-HeartbeatExecutor-0] Accept=[application/json, application/*+json]
2025-04-13 23:25:04,255 DEBUG o.s.c.l.CompositeLog [DiscoveryClient-CacheRefreshExecutor-0] Accept=[application/json, application/*+json]
2025-04-13 23:25:04,272 DEBUG o.s.c.l.CompositeLog [DiscoveryClient-CacheRefreshExecutor-0] Response 200 OK
2025-04-13 23:25:04,272 DEBUG o.s.c.l.CompositeLog [DiscoveryClient-HeartbeatExecutor-0] Response 200 OK
2025-04-13 23:25:04,272 DEBUG o.s.c.l.CompositeLog [DiscoveryClient-CacheRefreshExecutor-0] Reading to [org.springframework.cloud.netflix.eureka.http.EurekaApplications]
2025-04-13 23:25:34,281 DEBUG o.s.c.l.CompositeLog [DiscoveryClient-HeartbeatExecutor-0] HTTP PUT http://localhost:8761/eureka/apps/USER-MANAGEMENT/192.168.1.4:user-management:8888?status=UP&lastDirtyTimestamp=1744579354150
2025-04-13 23:25:34,281 DEBUG o.s.c.l.CompositeLog [DiscoveryClient-CacheRefreshExecutor-0] HTTP GET http://localhost:8761/eureka/apps/delta
2025-04-13 23:25:34,282 DEBUG o.s.c.l.CompositeLog [DiscoveryClient-HeartbeatExecutor-0] Accept=[application/json, application/*+json]
2025-04-13 23:25:34,282 DEBUG o.s.c.l.CompositeLog [DiscoveryClient-CacheRefreshExecutor-0] Accept=[application/json, application/*+json]
2025-04-13 23:25:34,298 DEBUG o.s.c.l.CompositeLog [DiscoveryClient-HeartbeatExecutor-0] Response 200 OK
2025-04-13 23:25:34,298 DEBUG o.s.c.l.CompositeLog [DiscoveryClient-CacheRefreshExecutor-0] Response 200 OK
2025-04-13 23:25:34,299 DEBUG o.s.c.l.CompositeLog [DiscoveryClient-CacheRefreshExecutor-0] Reading to [org.springframework.cloud.netflix.eureka.http.EurekaApplications]
2025-04-13 23:25:45,000 INFO o.a.j.l.DirectJDKLog [http-nio-8888-exec-1] Initializing Spring DispatcherServlet 'dispatcherServlet'
2025-04-13 23:25:45,000 INFO o.s.w.s.FrameworkServlet [http-nio-8888-exec-1] Initializing Servlet 'dispatcherServlet'
2025-04-13 23:25:45,001 DEBUG o.s.w.s.DispatcherServlet [http-nio-8888-exec-1] Detected StandardServletMultipartResolver
2025-04-13 23:25:45,001 DEBUG o.s.w.s.DispatcherServlet [http-nio-8888-exec-1] Detected AcceptHeaderLocaleResolver
2025-04-13 23:25:45,001 DEBUG o.s.w.s.DispatcherServlet [http-nio-8888-exec-1] Detected FixedThemeResolver
2025-04-13 23:25:45,002 DEBUG o.s.w.s.DispatcherServlet [http-nio-8888-exec-1] Detected org.springframework.web.servlet.view.DefaultRequestToViewNameTranslator@5d88e00f
2025-04-13 23:25:45,002 DEBUG o.s.w.s.DispatcherServlet [http-nio-8888-exec-1] Detected org.springframework.web.servlet.support.SessionFlashMapManager@48882f6
2025-04-13 23:25:45,003 DEBUG o.s.w.s.FrameworkServlet [http-nio-8888-exec-1] enableLoggingRequestDetails='false': request parameters and headers will be masked to prevent unsafe logging of potentially sensitive data
2025-04-13 23:25:45,003 INFO o.s.w.s.FrameworkServlet [http-nio-8888-exec-1] Completed initialization in 3 ms
2025-04-13 23:25:45,044 ERROR o.a.j.l.DirectJDKLog [http-nio-8888-exec-1] Servlet.service() for servlet [dispatcherServlet] in context with path [] threw exception
io.jsonwebtoken.io.DecodingException: Illegal base64url character: ' '
	at io.jsonwebtoken.io.Base64.ctoi(Base64.java:221)
	at io.jsonwebtoken.io.Base64.decodeFast(Base64.java:270)
	at io.jsonwebtoken.io.Base64Decoder.decode(Base64Decoder.java:36)
	at io.jsonwebtoken.io.Base64Decoder.decode(Base64Decoder.java:23)
	at io.jsonwebtoken.io.ExceptionPropagatingDecoder.decode(ExceptionPropagatingDecoder.java:36)
	at io.jsonwebtoken.impl.DefaultJwtParser.parse(DefaultJwtParser.java:288)
	at io.jsonwebtoken.impl.DefaultJwtParser.parse(DefaultJwtParser.java:529)
	at io.jsonwebtoken.impl.DefaultJwtParser.parseClaimsJws(DefaultJwtParser.java:589)
	at com.user_organization_management.security.JwtUtil.extractUsername(JwtUtil.java:29)
	at com.user_organization_management.security.JwtRequestFilter.doFilterInternal(JwtRequestFilter.java:32)
	at org.springframework.web.filter.OncePerRequestFilter.doFilter(OncePerRequestFilter.java:116)
	at org.springframework.security.web.FilterChainProxy$VirtualFilterChain.doFilter(FilterChainProxy.java:374)
	at org.springframework.security.web.authentication.logout.LogoutFilter.doFilter(LogoutFilter.java:107)
	at org.springframework.security.web.authentication.logout.LogoutFilter.doFilter(LogoutFilter.java:93)
	at org.springframework.security.web.FilterChainProxy$VirtualFilterChain.doFilter(FilterChainProxy.java:374)
	at org.springframework.security.web.header.HeaderWriterFilter.doHeadersAfter(HeaderWriterFilter.java:90)
	at org.springframework.security.web.header.HeaderWriterFilter.doFilterInternal(HeaderWriterFilter.java:75)
	at org.springframework.web.filter.OncePerRequestFilter.doFilter(OncePerRequestFilter.java:116)
	at org.springframework.security.web.FilterChainProxy$VirtualFilterChain.doFilter(FilterChainProxy.java:374)
	at org.springframework.security.web.context.SecurityContextHolderFilter.doFilter(SecurityContextHolderFilter.java:82)
	at org.springframework.security.web.context.SecurityContextHolderFilter.doFilter(SecurityContextHolderFilter.java:69)
	at org.springframework.security.web.FilterChainProxy$VirtualFilterChain.doFilter(FilterChainProxy.java:374)
	at org.springframework.security.web.context.request.async.WebAsyncManagerIntegrationFilter.doFilterInternal(WebAsyncManagerIntegrationFilter.java:62)
	at org.springframework.web.filter.OncePerRequestFilter.doFilter(OncePerRequestFilter.java:116)
	at org.springframework.security.web.FilterChainProxy$VirtualFilterChain.doFilter(FilterChainProxy.java:374)
	at org.springframework.security.web.session.DisableEncodeUrlFilter.doFilterInternal(DisableEncodeUrlFilter.java:42)
	at org.springframework.web.filter.OncePerRequestFilter.doFilter(OncePerRequestFilter.java:116)
	at org.springframework.security.web.FilterChainProxy$VirtualFilterChain.doFilter(FilterChainProxy.java:374)
	at org.springframework.security.web.FilterChainProxy.doFilterInternal(FilterChainProxy.java:233)
	at org.springframework.security.web.FilterChainProxy.doFilter(FilterChainProxy.java:191)
	at org.springframework.web.filter.CompositeFilter$VirtualFilterChain.doFilter(CompositeFilter.java:113)
	at org.springframework.web.servlet.handler.HandlerMappingIntrospector.lambda$createCacheFilter$3(HandlerMappingIntrospector.java:195)
	at org.springframework.web.filter.CompositeFilter$VirtualFilterChain.doFilter(CompositeFilter.java:113)
	at org.springframework.web.filter.CompositeFilter.doFilter(CompositeFilter.java:74)
	at org.springframework.security.config.annotation.web.configuration.WebMvcSecurityConfiguration$CompositeFilterChainProxy.doFilter(WebMvcSecurityConfiguration.java:230)
	at org.springframework.web.filter.DelegatingFilterProxy.invokeDelegate(DelegatingFilterProxy.java:352)
	at org.springframework.web.filter.DelegatingFilterProxy.doFilter(DelegatingFilterProxy.java:268)
	at org.apache.catalina.core.ApplicationFilterChain.internalDoFilter(ApplicationFilterChain.java:174)
	at org.apache.catalina.core.ApplicationFilterChain.doFilter(ApplicationFilterChain.java:149)
	at org.springframework.web.filter.RequestContextFilter.doFilterInternal(RequestContextFilter.java:100)
	at org.springframework.web.filter.OncePerRequestFilter.doFilter(OncePerRequestFilter.java:116)
	at org.apache.catalina.core.ApplicationFilterChain.internalDoFilter(ApplicationFilterChain.java:174)
	at org.apache.catalina.core.ApplicationFilterChain.doFilter(ApplicationFilterChain.java:149)
	at org.springframework.web.filter.FormContentFilter.doFilterInternal(FormContentFilter.java:93)
	at org.springframework.web.filter.OncePerRequestFilter.doFilter(OncePerRequestFilter.java:116)
	at org.apache.catalina.core.ApplicationFilterChain.internalDoFilter(ApplicationFilterChain.java:174)
	at org.apache.catalina.core.ApplicationFilterChain.doFilter(ApplicationFilterChain.java:149)
	at org.springframework.web.filter.CharacterEncodingFilter.doFilterInternal(CharacterEncodingFilter.java:201)
	at org.springframework.web.filter.OncePerRequestFilter.doFilter(OncePerRequestFilter.java:116)
	at org.apache.catalina.core.ApplicationFilterChain.internalDoFilter(ApplicationFilterChain.java:174)
	at org.apache.catalina.core.ApplicationFilterChain.doFilter(ApplicationFilterChain.java:149)
	at org.apache.catalina.core.StandardWrapperValve.invoke(StandardWrapperValve.java:167)
	at org.apache.catalina.core.StandardContextValve.invoke(StandardContextValve.java:90)
	at org.apache.catalina.authenticator.AuthenticatorBase.invoke(AuthenticatorBase.java:482)
	at org.apache.catalina.core.StandardHostValve.invoke(StandardHostValve.java:115)
	at org.apache.catalina.valves.ErrorReportValve.invoke(ErrorReportValve.java:93)
	at org.apache.catalina.core.StandardEngineValve.invoke(StandardEngineValve.java:74)
	at org.apache.catalina.connector.CoyoteAdapter.service(CoyoteAdapter.java:344)
	at org.apache.coyote.http11.Http11Processor.service(Http11Processor.java:391)
	at org.apache.coyote.AbstractProcessorLight.process(AbstractProcessorLight.java:63)
	at org.apache.coyote.AbstractProtocol$ConnectionHandler.process(AbstractProtocol.java:896)
	at org.apache.tomcat.util.net.NioEndpoint$SocketProcessor.doRun(NioEndpoint.java:1744)
	at org.apache.tomcat.util.net.SocketProcessorBase.run(SocketProcessorBase.java:52)
	at org.apache.tomcat.util.threads.ThreadPoolExecutor.runWorker(ThreadPoolExecutor.java:1191)
	at org.apache.tomcat.util.threads.ThreadPoolExecutor$Worker.run(ThreadPoolExecutor.java:659)
	at org.apache.tomcat.util.threads.TaskThread$WrappingRunnable.run(TaskThread.java:63)
	at java.base/java.lang.Thread.run(Thread.java:842)
2025-04-13 23:26:04,303 DEBUG o.s.c.l.CompositeLog [DiscoveryClient-HeartbeatExecutor-0] HTTP PUT http://localhost:8761/eureka/apps/USER-MANAGEMENT/192.168.1.4:user-management:8888?status=UP&lastDirtyTimestamp=1744579354150
2025-04-13 23:26:04,303 DEBUG o.s.c.l.CompositeLog [DiscoveryClient-CacheRefreshExecutor-0] HTTP GET http://localhost:8761/eureka/apps/delta
2025-04-13 23:26:04,303 DEBUG o.s.c.l.CompositeLog [DiscoveryClient-HeartbeatExecutor-0] Accept=[application/json, application/*+json]
2025-04-13 23:26:04,303 DEBUG o.s.c.l.CompositeLog [DiscoveryClient-CacheRefreshExecutor-0] Accept=[application/json, application/*+json]
2025-04-13 23:26:04,319 DEBUG o.s.c.l.CompositeLog [DiscoveryClient-CacheRefreshExecutor-0] Response 200 OK
2025-04-13 23:26:04,319 DEBUG o.s.c.l.CompositeLog [DiscoveryClient-HeartbeatExecutor-0] Response 200 OK
2025-04-13 23:26:04,319 DEBUG o.s.c.l.CompositeLog [DiscoveryClient-CacheRefreshExecutor-0] Reading to [org.springframework.cloud.netflix.eureka.http.EurekaApplications]
2025-04-13 23:26:15,317 DEBUG o.s.c.l.LogFormatUtils [http-nio-8888-exec-2] POST "/auth/login", parameters={}
2025-04-13 23:26:15,318 DEBUG o.s.w.s.h.AbstractHandlerMapping [http-nio-8888-exec-2] Mapped to com.user_organization_management.controller.AuthController#login(AuthRequest)
2025-04-13 23:26:15,330 DEBUG o.s.c.l.LogFormatUtils [http-nio-8888-exec-2] Read "application/json;charset=UTF-8" to [com.user_organization_management.model.AuthRequest@e4fcb61]
2025-04-13 23:26:15,336 INFO c.u.a.LoggingAspect [http-nio-8888-exec-2] =================> Method Name is >> login 
2025-04-13 23:26:15,336 INFO c.u.a.LoggingAspect [http-nio-8888-exec-2] ====> argument >> com.user_organization_management.model.AuthRequest@e4fcb61
2025-04-13 23:26:15,336 INFO c.u.a.LoggingAspect [http-nio-8888-exec-2] =================> Method Name is >> login 
2025-04-13 23:26:15,336 INFO c.u.a.LoggingAspect [http-nio-8888-exec-2] ====> argument >> com.user_organization_management.model.AuthRequest@e4fcb61
2025-04-13 23:26:15,337 INFO c.u.a.LoggingAspect [http-nio-8888-exec-2] =================> Method Name is >> disableLogin 
2025-04-13 23:26:15,337 INFO c.u.a.LoggingAspect [http-nio-8888-exec-2] ====> argument >> testAdmin@gmail.com
2025-04-13 23:26:15,339 INFO c.u.a.LoggingAspect [http-nio-8888-exec-2] =================> Method Name is >> findByEmail 
2025-04-13 23:26:15,339 INFO c.u.a.LoggingAspect [http-nio-8888-exec-2] ====> argument >> testAdmin@gmail.com
2025-04-13 23:26:15,415 DEBUG o.h.e.j.s.SqlStatementLogger [http-nio-8888-exec-2] 
    select
        ue1_0.id,
        ue1_0.created_by,
        ue1_0.created_date,
        ue1_0.email,
        ue1_0.failed_count,
        ue1_0.last_modified_by,
        ue1_0.last_modified_date,
        ue1_0.locked,
        ue1_0.mobile,
        ue1_0.name,
        ue1_0.organization_id,
        ue1_0.password,
        ue1_0.role_id 
    from
        users ue1_0 
    where
        ue1_0.email=?
2025-04-13 23:26:15,431 DEBUG o.h.e.j.s.SqlStatementLogger [http-nio-8888-exec-2] 
    select
        re1_0.id,
        re1_0.created_by,
        re1_0.created_date,
        re1_0.last_modified_by,
        re1_0.last_modified_date,
        re1_0.name 
    from
        roles re1_0 
    where
        re1_0.id=?
2025-04-13 23:26:15,454 INFO c.u.a.MeasurementAspect [http-nio-8888-exec-2] KPI[method-execution]	for: void com.user_organization_management.service.UserService.disableLogin(String)	withArgs: [testAdmin@gmail.com]	took: 117 ms. 
2025-04-13 23:26:15,563 INFO c.u.a.LoggingAspect [http-nio-8888-exec-2] =================> Method Name is >> getUserByEmail 
2025-04-13 23:26:15,564 INFO c.u.a.LoggingAspect [http-nio-8888-exec-2] ====> argument >> testAdmin@gmail.com
2025-04-13 23:26:15,564 INFO c.u.a.LoggingAspect [http-nio-8888-exec-2] =================> Method Name is >> findByEmail 
2025-04-13 23:26:15,565 INFO c.u.a.LoggingAspect [http-nio-8888-exec-2] ====> argument >> testAdmin@gmail.com
2025-04-13 23:26:15,567 DEBUG o.h.e.j.s.SqlStatementLogger [http-nio-8888-exec-2] 
    select
        ue1_0.id,
        ue1_0.created_by,
        ue1_0.created_date,
        ue1_0.email,
        ue1_0.failed_count,
        ue1_0.last_modified_by,
        ue1_0.last_modified_date,
        ue1_0.locked,
        ue1_0.mobile,
        ue1_0.name,
        ue1_0.organization_id,
        ue1_0.password,
        ue1_0.role_id 
    from
        users ue1_0 
    where
        ue1_0.email=?
2025-04-13 23:26:15,572 INFO c.u.a.MeasurementAspect [http-nio-8888-exec-2] KPI[method-execution]	for: UserDTO com.user_organization_management.service.UserService.getUserByEmail(String)	withArgs: [testAdmin@gmail.com]	took: 8 ms. 
2025-04-13 23:26:15,573 INFO c.u.s.CustomUserDetailsService [http-nio-8888-exec-2] User testAdmin@gmail.com has role ROLE_ADMIN
2025-04-13 23:26:15,660 INFO c.u.a.LoggingAspect [http-nio-8888-exec-2] =================> Method Name is >> resetFailedLoginAttempts 
2025-04-13 23:26:15,660 INFO c.u.a.LoggingAspect [http-nio-8888-exec-2] ====> argument >> testAdmin@gmail.com
2025-04-13 23:26:15,661 INFO c.u.a.LoggingAspect [http-nio-8888-exec-2] =================> Method Name is >> findByEmail 
2025-04-13 23:26:15,661 INFO c.u.a.LoggingAspect [http-nio-8888-exec-2] ====> argument >> testAdmin@gmail.com
2025-04-13 23:26:15,662 DEBUG o.h.e.j.s.SqlStatementLogger [http-nio-8888-exec-2] 
    select
        ue1_0.id,
        ue1_0.created_by,
        ue1_0.created_date,
        ue1_0.email,
        ue1_0.failed_count,
        ue1_0.last_modified_by,
        ue1_0.last_modified_date,
        ue1_0.locked,
        ue1_0.mobile,
        ue1_0.name,
        ue1_0.organization_id,
        ue1_0.password,
        ue1_0.role_id 
    from
        users ue1_0 
    where
        ue1_0.email=?
2025-04-13 23:26:15,665 INFO c.u.a.MeasurementAspect [http-nio-8888-exec-2] KPI[method-execution]	for: void com.user_organization_management.service.UserService.resetFailedLoginAttempts(String)	withArgs: [testAdmin@gmail.com]	took: 5 ms. 
2025-04-13 23:26:15,665 INFO c.u.a.LoggingAspect [http-nio-8888-exec-2] =================> Method Name is >> getUserByEmail 
2025-04-13 23:26:15,665 INFO c.u.a.LoggingAspect [http-nio-8888-exec-2] ====> argument >> testAdmin@gmail.com
2025-04-13 23:26:15,666 INFO c.u.a.LoggingAspect [http-nio-8888-exec-2] =================> Method Name is >> findByEmail 
2025-04-13 23:26:15,666 INFO c.u.a.LoggingAspect [http-nio-8888-exec-2] ====> argument >> testAdmin@gmail.com
2025-04-13 23:26:15,667 DEBUG o.h.e.j.s.SqlStatementLogger [http-nio-8888-exec-2] 
    select
        ue1_0.id,
        ue1_0.created_by,
        ue1_0.created_date,
        ue1_0.email,
        ue1_0.failed_count,
        ue1_0.last_modified_by,
        ue1_0.last_modified_date,
        ue1_0.locked,
        ue1_0.mobile,
        ue1_0.name,
        ue1_0.organization_id,
        ue1_0.password,
        ue1_0.role_id 
    from
        users ue1_0 
    where
        ue1_0.email=?
2025-04-13 23:26:15,670 INFO c.u.a.MeasurementAspect [http-nio-8888-exec-2] KPI[method-execution]	for: UserDTO com.user_organization_management.service.UserService.getUserByEmail(String)	withArgs: [testAdmin@gmail.com]	took: 4 ms. 
2025-04-13 23:26:15,671 INFO c.u.s.CustomUserDetailsService [http-nio-8888-exec-2] User testAdmin@gmail.com has role ROLE_ADMIN
2025-04-13 23:26:15,682 INFO c.u.a.MeasurementAspect [http-nio-8888-exec-2] KPI[method-execution]	for: Map com.user_organization_management.service.AuthService.login(AuthRequest)	withArgs: [com.user_organization_management.model.AuthRequest@e4fcb61]	took: 345 ms. 
2025-04-13 23:26:15,686 DEBUG o.s.w.s.m.m.a.AbstractMessageConverterMethodProcessor [http-nio-8888-exec-2] Using 'application/json', given [*/*] and supported [application/json, application/*+json]
2025-04-13 23:26:15,687 DEBUG o.s.c.l.LogFormatUtils [http-nio-8888-exec-2] Writing [{token=eyJhbGciOiJIUzI1NiJ9.eyJzdWIiOiJ0ZXN0QWRtaW5AZ21haWwuY29tIiwiaWF0IjoxNzQ0NTc5NTc1LCJleHAiOjE3 (truncated)...]
2025-04-13 23:26:15,692 DEBUG o.s.w.s.FrameworkServlet [http-nio-8888-exec-2] Completed 200 OK
2025-04-13 23:26:29,455 ERROR o.a.j.l.DirectJDKLog [http-nio-8888-exec-3] Servlet.service() for servlet [dispatcherServlet] in context with path [] threw exception
io.jsonwebtoken.io.DecodingException: Illegal base64url character: ' '
	at io.jsonwebtoken.io.Base64.ctoi(Base64.java:221)
	at io.jsonwebtoken.io.Base64.decodeFast(Base64.java:270)
	at io.jsonwebtoken.io.Base64Decoder.decode(Base64Decoder.java:36)
	at io.jsonwebtoken.io.Base64Decoder.decode(Base64Decoder.java:23)
	at io.jsonwebtoken.io.ExceptionPropagatingDecoder.decode(ExceptionPropagatingDecoder.java:36)
	at io.jsonwebtoken.impl.DefaultJwtParser.parse(DefaultJwtParser.java:288)
	at io.jsonwebtoken.impl.DefaultJwtParser.parse(DefaultJwtParser.java:529)
	at io.jsonwebtoken.impl.DefaultJwtParser.parseClaimsJws(DefaultJwtParser.java:589)
	at com.user_organization_management.security.JwtUtil.extractUsername(JwtUtil.java:29)
	at com.user_organization_management.security.JwtRequestFilter.doFilterInternal(JwtRequestFilter.java:32)
	at org.springframework.web.filter.OncePerRequestFilter.doFilter(OncePerRequestFilter.java:116)
	at org.springframework.security.web.FilterChainProxy$VirtualFilterChain.doFilter(FilterChainProxy.java:374)
	at org.springframework.security.web.authentication.logout.LogoutFilter.doFilter(LogoutFilter.java:107)
	at org.springframework.security.web.authentication.logout.LogoutFilter.doFilter(LogoutFilter.java:93)
	at org.springframework.security.web.FilterChainProxy$VirtualFilterChain.doFilter(FilterChainProxy.java:374)
	at org.springframework.security.web.header.HeaderWriterFilter.doHeadersAfter(HeaderWriterFilter.java:90)
	at org.springframework.security.web.header.HeaderWriterFilter.doFilterInternal(HeaderWriterFilter.java:75)
	at org.springframework.web.filter.OncePerRequestFilter.doFilter(OncePerRequestFilter.java:116)
	at org.springframework.security.web.FilterChainProxy$VirtualFilterChain.doFilter(FilterChainProxy.java:374)
	at org.springframework.security.web.context.SecurityContextHolderFilter.doFilter(SecurityContextHolderFilter.java:82)
	at org.springframework.security.web.context.SecurityContextHolderFilter.doFilter(SecurityContextHolderFilter.java:69)
	at org.springframework.security.web.FilterChainProxy$VirtualFilterChain.doFilter(FilterChainProxy.java:374)
	at org.springframework.security.web.context.request.async.WebAsyncManagerIntegrationFilter.doFilterInternal(WebAsyncManagerIntegrationFilter.java:62)
	at org.springframework.web.filter.OncePerRequestFilter.doFilter(OncePerRequestFilter.java:116)
	at org.springframework.security.web.FilterChainProxy$VirtualFilterChain.doFilter(FilterChainProxy.java:374)
	at org.springframework.security.web.session.DisableEncodeUrlFilter.doFilterInternal(DisableEncodeUrlFilter.java:42)
	at org.springframework.web.filter.OncePerRequestFilter.doFilter(OncePerRequestFilter.java:116)
	at org.springframework.security.web.FilterChainProxy$VirtualFilterChain.doFilter(FilterChainProxy.java:374)
	at org.springframework.security.web.FilterChainProxy.doFilterInternal(FilterChainProxy.java:233)
	at org.springframework.security.web.FilterChainProxy.doFilter(FilterChainProxy.java:191)
	at org.springframework.web.filter.CompositeFilter$VirtualFilterChain.doFilter(CompositeFilter.java:113)
	at org.springframework.web.servlet.handler.HandlerMappingIntrospector.lambda$createCacheFilter$3(HandlerMappingIntrospector.java:195)
	at org.springframework.web.filter.CompositeFilter$VirtualFilterChain.doFilter(CompositeFilter.java:113)
	at org.springframework.web.filter.CompositeFilter.doFilter(CompositeFilter.java:74)
	at org.springframework.security.config.annotation.web.configuration.WebMvcSecurityConfiguration$CompositeFilterChainProxy.doFilter(WebMvcSecurityConfiguration.java:230)
	at org.springframework.web.filter.DelegatingFilterProxy.invokeDelegate(DelegatingFilterProxy.java:352)
	at org.springframework.web.filter.DelegatingFilterProxy.doFilter(DelegatingFilterProxy.java:268)
	at org.apache.catalina.core.ApplicationFilterChain.internalDoFilter(ApplicationFilterChain.java:174)
	at org.apache.catalina.core.ApplicationFilterChain.doFilter(ApplicationFilterChain.java:149)
	at org.springframework.web.filter.RequestContextFilter.doFilterInternal(RequestContextFilter.java:100)
	at org.springframework.web.filter.OncePerRequestFilter.doFilter(OncePerRequestFilter.java:116)
	at org.apache.catalina.core.ApplicationFilterChain.internalDoFilter(ApplicationFilterChain.java:174)
	at org.apache.catalina.core.ApplicationFilterChain.doFilter(ApplicationFilterChain.java:149)
	at org.springframework.web.filter.FormContentFilter.doFilterInternal(FormContentFilter.java:93)
	at org.springframework.web.filter.OncePerRequestFilter.doFilter(OncePerRequestFilter.java:116)
	at org.apache.catalina.core.ApplicationFilterChain.internalDoFilter(ApplicationFilterChain.java:174)
	at org.apache.catalina.core.ApplicationFilterChain.doFilter(ApplicationFilterChain.java:149)
	at org.springframework.web.filter.CharacterEncodingFilter.doFilterInternal(CharacterEncodingFilter.java:201)
	at org.springframework.web.filter.OncePerRequestFilter.doFilter(OncePerRequestFilter.java:116)
	at org.apache.catalina.core.ApplicationFilterChain.internalDoFilter(ApplicationFilterChain.java:174)
	at org.apache.catalina.core.ApplicationFilterChain.doFilter(ApplicationFilterChain.java:149)
	at org.apache.catalina.core.StandardWrapperValve.invoke(StandardWrapperValve.java:167)
	at org.apache.catalina.core.StandardContextValve.invoke(StandardContextValve.java:90)
	at org.apache.catalina.authenticator.AuthenticatorBase.invoke(AuthenticatorBase.java:482)
	at org.apache.catalina.core.StandardHostValve.invoke(StandardHostValve.java:115)
	at org.apache.catalina.valves.ErrorReportValve.invoke(ErrorReportValve.java:93)
	at org.apache.catalina.core.StandardEngineValve.invoke(StandardEngineValve.java:74)
	at org.apache.catalina.connector.CoyoteAdapter.service(CoyoteAdapter.java:344)
	at org.apache.coyote.http11.Http11Processor.service(Http11Processor.java:391)
	at org.apache.coyote.AbstractProcessorLight.process(AbstractProcessorLight.java:63)
	at org.apache.coyote.AbstractProtocol$ConnectionHandler.process(AbstractProtocol.java:896)
	at org.apache.tomcat.util.net.NioEndpoint$SocketProcessor.doRun(NioEndpoint.java:1744)
	at org.apache.tomcat.util.net.SocketProcessorBase.run(SocketProcessorBase.java:52)
	at org.apache.tomcat.util.threads.ThreadPoolExecutor.runWorker(ThreadPoolExecutor.java:1191)
	at org.apache.tomcat.util.threads.ThreadPoolExecutor$Worker.run(ThreadPoolExecutor.java:659)
	at org.apache.tomcat.util.threads.TaskThread$WrappingRunnable.run(TaskThread.java:63)
	at java.base/java.lang.Thread.run(Thread.java:842)
2025-04-13 23:26:34,335 DEBUG o.s.c.l.CompositeLog [DiscoveryClient-HeartbeatExecutor-0] HTTP PUT http://localhost:8761/eureka/apps/USER-MANAGEMENT/192.168.1.4:user-management:8888?status=UP&lastDirtyTimestamp=1744579354150
2025-04-13 23:26:34,335 DEBUG o.s.c.l.CompositeLog [DiscoveryClient-CacheRefreshExecutor-0] HTTP GET http://localhost:8761/eureka/apps/delta
2025-04-13 23:26:34,336 DEBUG o.s.c.l.CompositeLog [DiscoveryClient-HeartbeatExecutor-0] Accept=[application/json, application/*+json]
2025-04-13 23:26:34,336 DEBUG o.s.c.l.CompositeLog [DiscoveryClient-CacheRefreshExecutor-0] Accept=[application/json, application/*+json]
2025-04-13 23:26:34,351 DEBUG o.s.c.l.CompositeLog [DiscoveryClient-HeartbeatExecutor-0] Response 200 OK
2025-04-13 23:26:34,351 DEBUG o.s.c.l.CompositeLog [DiscoveryClient-CacheRefreshExecutor-0] Response 200 OK
2025-04-13 23:26:34,352 DEBUG o.s.c.l.CompositeLog [DiscoveryClient-CacheRefreshExecutor-0] Reading to [org.springframework.cloud.netflix.eureka.http.EurekaApplications]
2025-04-13 23:26:39,190 ERROR o.a.j.l.DirectJDKLog [http-nio-8888-exec-4] Servlet.service() for servlet [dispatcherServlet] in context with path [] threw exception
io.jsonwebtoken.io.DecodingException: Illegal base64url character: ' '
	at io.jsonwebtoken.io.Base64.ctoi(Base64.java:221)
	at io.jsonwebtoken.io.Base64.decodeFast(Base64.java:270)
	at io.jsonwebtoken.io.Base64Decoder.decode(Base64Decoder.java:36)
	at io.jsonwebtoken.io.Base64Decoder.decode(Base64Decoder.java:23)
	at io.jsonwebtoken.io.ExceptionPropagatingDecoder.decode(ExceptionPropagatingDecoder.java:36)
	at io.jsonwebtoken.impl.DefaultJwtParser.parse(DefaultJwtParser.java:288)
	at io.jsonwebtoken.impl.DefaultJwtParser.parse(DefaultJwtParser.java:529)
	at io.jsonwebtoken.impl.DefaultJwtParser.parseClaimsJws(DefaultJwtParser.java:589)
	at com.user_organization_management.security.JwtUtil.extractUsername(JwtUtil.java:29)
	at com.user_organization_management.security.JwtRequestFilter.doFilterInternal(JwtRequestFilter.java:32)
	at org.springframework.web.filter.OncePerRequestFilter.doFilter(OncePerRequestFilter.java:116)
	at org.springframework.security.web.FilterChainProxy$VirtualFilterChain.doFilter(FilterChainProxy.java:374)
	at org.springframework.security.web.authentication.logout.LogoutFilter.doFilter(LogoutFilter.java:107)
	at org.springframework.security.web.authentication.logout.LogoutFilter.doFilter(LogoutFilter.java:93)
	at org.springframework.security.web.FilterChainProxy$VirtualFilterChain.doFilter(FilterChainProxy.java:374)
	at org.springframework.security.web.header.HeaderWriterFilter.doHeadersAfter(HeaderWriterFilter.java:90)
	at org.springframework.security.web.header.HeaderWriterFilter.doFilterInternal(HeaderWriterFilter.java:75)
	at org.springframework.web.filter.OncePerRequestFilter.doFilter(OncePerRequestFilter.java:116)
	at org.springframework.security.web.FilterChainProxy$VirtualFilterChain.doFilter(FilterChainProxy.java:374)
	at org.springframework.security.web.context.SecurityContextHolderFilter.doFilter(SecurityContextHolderFilter.java:82)
	at org.springframework.security.web.context.SecurityContextHolderFilter.doFilter(SecurityContextHolderFilter.java:69)
	at org.springframework.security.web.FilterChainProxy$VirtualFilterChain.doFilter(FilterChainProxy.java:374)
	at org.springframework.security.web.context.request.async.WebAsyncManagerIntegrationFilter.doFilterInternal(WebAsyncManagerIntegrationFilter.java:62)
	at org.springframework.web.filter.OncePerRequestFilter.doFilter(OncePerRequestFilter.java:116)
	at org.springframework.security.web.FilterChainProxy$VirtualFilterChain.doFilter(FilterChainProxy.java:374)
	at org.springframework.security.web.session.DisableEncodeUrlFilter.doFilterInternal(DisableEncodeUrlFilter.java:42)
	at org.springframework.web.filter.OncePerRequestFilter.doFilter(OncePerRequestFilter.java:116)
	at org.springframework.security.web.FilterChainProxy$VirtualFilterChain.doFilter(FilterChainProxy.java:374)
	at org.springframework.security.web.FilterChainProxy.doFilterInternal(FilterChainProxy.java:233)
	at org.springframework.security.web.FilterChainProxy.doFilter(FilterChainProxy.java:191)
	at org.springframework.web.filter.CompositeFilter$VirtualFilterChain.doFilter(CompositeFilter.java:113)
	at org.springframework.web.servlet.handler.HandlerMappingIntrospector.lambda$createCacheFilter$3(HandlerMappingIntrospector.java:195)
	at org.springframework.web.filter.CompositeFilter$VirtualFilterChain.doFilter(CompositeFilter.java:113)
	at org.springframework.web.filter.CompositeFilter.doFilter(CompositeFilter.java:74)
	at org.springframework.security.config.annotation.web.configuration.WebMvcSecurityConfiguration$CompositeFilterChainProxy.doFilter(WebMvcSecurityConfiguration.java:230)
	at org.springframework.web.filter.DelegatingFilterProxy.invokeDelegate(DelegatingFilterProxy.java:352)
	at org.springframework.web.filter.DelegatingFilterProxy.doFilter(DelegatingFilterProxy.java:268)
	at org.apache.catalina.core.ApplicationFilterChain.internalDoFilter(ApplicationFilterChain.java:174)
	at org.apache.catalina.core.ApplicationFilterChain.doFilter(ApplicationFilterChain.java:149)
	at org.springframework.web.filter.RequestContextFilter.doFilterInternal(RequestContextFilter.java:100)
	at org.springframework.web.filter.OncePerRequestFilter.doFilter(OncePerRequestFilter.java:116)
	at org.apache.catalina.core.ApplicationFilterChain.internalDoFilter(ApplicationFilterChain.java:174)
	at org.apache.catalina.core.ApplicationFilterChain.doFilter(ApplicationFilterChain.java:149)
	at org.springframework.web.filter.FormContentFilter.doFilterInternal(FormContentFilter.java:93)
	at org.springframework.web.filter.OncePerRequestFilter.doFilter(OncePerRequestFilter.java:116)
	at org.apache.catalina.core.ApplicationFilterChain.internalDoFilter(ApplicationFilterChain.java:174)
	at org.apache.catalina.core.ApplicationFilterChain.doFilter(ApplicationFilterChain.java:149)
	at org.springframework.web.filter.CharacterEncodingFilter.doFilterInternal(CharacterEncodingFilter.java:201)
	at org.springframework.web.filter.OncePerRequestFilter.doFilter(OncePerRequestFilter.java:116)
	at org.apache.catalina.core.ApplicationFilterChain.internalDoFilter(ApplicationFilterChain.java:174)
	at org.apache.catalina.core.ApplicationFilterChain.doFilter(ApplicationFilterChain.java:149)
	at org.apache.catalina.core.StandardWrapperValve.invoke(StandardWrapperValve.java:167)
	at org.apache.catalina.core.StandardContextValve.invoke(StandardContextValve.java:90)
	at org.apache.catalina.authenticator.AuthenticatorBase.invoke(AuthenticatorBase.java:482)
	at org.apache.catalina.core.StandardHostValve.invoke(StandardHostValve.java:115)
	at org.apache.catalina.valves.ErrorReportValve.invoke(ErrorReportValve.java:93)
	at org.apache.catalina.core.StandardEngineValve.invoke(StandardEngineValve.java:74)
	at org.apache.catalina.connector.CoyoteAdapter.service(CoyoteAdapter.java:344)
	at org.apache.coyote.http11.Http11Processor.service(Http11Processor.java:391)
	at org.apache.coyote.AbstractProcessorLight.process(AbstractProcessorLight.java:63)
	at org.apache.coyote.AbstractProtocol$ConnectionHandler.process(AbstractProtocol.java:896)
	at org.apache.tomcat.util.net.NioEndpoint$SocketProcessor.doRun(NioEndpoint.java:1744)
	at org.apache.tomcat.util.net.SocketProcessorBase.run(SocketProcessorBase.java:52)
	at org.apache.tomcat.util.threads.ThreadPoolExecutor.runWorker(ThreadPoolExecutor.java:1191)
	at org.apache.tomcat.util.threads.ThreadPoolExecutor$Worker.run(ThreadPoolExecutor.java:659)
	at org.apache.tomcat.util.threads.TaskThread$WrappingRunnable.run(TaskThread.java:63)
	at java.base/java.lang.Thread.run(Thread.java:842)
2025-04-13 23:27:04,353 DEBUG o.s.c.l.CompositeLog [DiscoveryClient-HeartbeatExecutor-0] HTTP PUT http://localhost:8761/eureka/apps/USER-MANAGEMENT/192.168.1.4:user-management:8888?status=UP&lastDirtyTimestamp=1744579354150
2025-04-13 23:27:04,353 DEBUG o.s.c.l.CompositeLog [DiscoveryClient-HeartbeatExecutor-0] Accept=[application/json, application/*+json]
2025-04-13 23:27:04,369 DEBUG o.s.c.l.CompositeLog [DiscoveryClient-CacheRefreshExecutor-0] HTTP GET http://localhost:8761/eureka/apps/delta
2025-04-13 23:27:04,369 DEBUG o.s.c.l.CompositeLog [DiscoveryClient-CacheRefreshExecutor-0] Accept=[application/json, application/*+json]
2025-04-13 23:27:04,370 DEBUG o.s.c.l.CompositeLog [DiscoveryClient-HeartbeatExecutor-0] Response 200 OK
2025-04-13 23:27:04,385 DEBUG o.s.c.l.CompositeLog [DiscoveryClient-CacheRefreshExecutor-0] Response 200 OK
2025-04-13 23:27:04,385 DEBUG o.s.c.l.CompositeLog [DiscoveryClient-CacheRefreshExecutor-0] Reading to [org.springframework.cloud.netflix.eureka.http.EurekaApplications]
2025-04-13 23:27:34,130 INFO c.n.d.s.r.a.ConfigClusterResolver [AsyncResolver-bootstrap-executor-0] Resolving eureka endpoints via configuration
2025-04-13 23:27:34,358 INFO o.s.c.n.e.s.EurekaServiceRegistry [SpringApplicationShutdownHook] Unregistering application USER-MANAGEMENT with eureka with status DOWN
2025-04-13 23:27:34,359 INFO c.n.d.DiscoveryClient$3 [SpringApplicationShutdownHook] Saw local status change event StatusChangeEvent [timestamp=1744579654359, current=DOWN, previous=UP]
2025-04-13 23:27:34,359 INFO c.n.d.DiscoveryClient [DiscoveryClient-InstanceInfoReplicator-0] DiscoveryClient_USER-MANAGEMENT/192.168.1.4:user-management:8888: registering service...
2025-04-13 23:27:34,359 DEBUG o.s.c.l.CompositeLog [DiscoveryClient-InstanceInfoReplicator-0] HTTP POST http://localhost:8761/eureka/apps/USER-MANAGEMENT
2025-04-13 23:27:34,360 DEBUG o.s.c.l.CompositeLog [DiscoveryClient-InstanceInfoReplicator-0] Accept=[application/json, application/*+json]
2025-04-13 23:27:34,360 DEBUG o.s.c.l.CompositeLog [DiscoveryClient-InstanceInfoReplicator-0] Writing [InstanceInfo [instanceId = 192.168.1.4:user-management:8888, appName = USER-MANAGEMENT, hostName = 192.168.1.4, status = DOWN, ipAddr = 192.168.1.4, port = 8888, securePort = 443, dataCenterInfo = com.netflix.appinfo.MyDataCenterInfo@24b61d99] as "application/json"
2025-04-13 23:27:34,379 DEBUG o.s.c.l.CompositeLog [DiscoveryClient-HeartbeatExecutor-0] HTTP PUT http://localhost:8761/eureka/apps/USER-MANAGEMENT/192.168.1.4:user-management:8888?status=DOWN&lastDirtyTimestamp=1744579654359
2025-04-13 23:27:34,380 DEBUG o.s.c.l.CompositeLog [DiscoveryClient-HeartbeatExecutor-0] Accept=[application/json, application/*+json]
2025-04-13 23:27:34,381 DEBUG o.s.c.l.CompositeLog [DiscoveryClient-InstanceInfoReplicator-0] Response 204 NO_CONTENT
2025-04-13 23:27:34,382 INFO c.n.d.DiscoveryClient [DiscoveryClient-InstanceInfoReplicator-0] DiscoveryClient_USER-MANAGEMENT/192.168.1.4:user-management:8888 - registration status: 204
2025-04-13 23:27:34,386 DEBUG o.s.c.l.CompositeLog [DiscoveryClient-HeartbeatExecutor-0] Response 200 OK
2025-04-13 23:27:34,388 DEBUG o.s.c.l.CompositeLog [DiscoveryClient-CacheRefreshExecutor-0] HTTP GET http://localhost:8761/eureka/apps/delta
2025-04-13 23:27:34,389 DEBUG o.s.c.l.CompositeLog [DiscoveryClient-CacheRefreshExecutor-0] Accept=[application/json, application/*+json]
2025-04-13 23:27:34,395 DEBUG o.s.c.l.CompositeLog [DiscoveryClient-CacheRefreshExecutor-0] Response 200 OK
2025-04-13 23:27:34,396 DEBUG o.s.c.l.CompositeLog [DiscoveryClient-CacheRefreshExecutor-0] Reading to [org.springframework.cloud.netflix.eureka.http.EurekaApplications]
2025-04-13 23:27:34,412 INFO o.s.o.j.AbstractEntityManagerFactoryBean [SpringApplicationShutdownHook] Closing JPA EntityManagerFactory for persistence unit 'default'
2025-04-13 23:27:34,413 INFO c.z.h.HikariDataSource [SpringApplicationShutdownHook] HikariPool-3 - Shutdown initiated...
2025-04-13 23:27:34,429 INFO c.z.h.HikariDataSource [SpringApplicationShutdownHook] HikariPool-3 - Shutdown completed.
2025-04-13 23:27:34,429 INFO c.n.d.DiscoveryClient [SpringApplicationShutdownHook] Shutting down DiscoveryClient ...
2025-04-13 23:27:37,442 INFO c.n.d.DiscoveryClient [SpringApplicationShutdownHook] Unregistering ...
2025-04-13 23:27:37,442 DEBUG o.s.c.l.CompositeLog [SpringApplicationShutdownHook] HTTP DELETE http://localhost:8761/eureka/apps/USER-MANAGEMENT/192.168.1.4:user-management:8888
2025-04-13 23:27:37,443 DEBUG o.s.c.l.CompositeLog [SpringApplicationShutdownHook] Accept=[application/json, application/*+json]
2025-04-13 23:27:37,458 DEBUG o.s.c.l.CompositeLog [SpringApplicationShutdownHook] Response 200 OK
2025-04-13 23:27:37,459 INFO c.n.d.DiscoveryClient [SpringApplicationShutdownHook] DiscoveryClient_USER-MANAGEMENT/192.168.1.4:user-management:8888 - deregister  status: 200
2025-04-13 23:27:37,461 INFO c.n.d.DiscoveryClient [SpringApplicationShutdownHook] Completed shut down of DiscoveryClient
2025-04-13 23:27:44,610 INFO o.h.v.i.u.Version [background-preinit] HV000001: Hibernate Validator 8.0.1.Final
2025-04-13 23:27:44,649 INFO o.s.b.StartupInfoLogger [restartedMain] Starting UserOrgManagementApplication using Java 17.0.12 with PID 25288 (D:\Courses\BackEnd\Spring\Sb\User_Management_System\user-org-management\target\classes started by mtoaima in D:\Courses\BackEnd\Spring\Sb\User_Management_System\user-org-management)
2025-04-13 23:27:44,650 INFO o.s.b.SpringApplication [restartedMain] No active profile set, falling back to 1 default profile: "default"
2025-04-13 23:27:44,709 INFO o.s.b.l.DeferredLog [restartedMain] Fetching config from server at : http://localhost:8081
2025-04-13 23:27:44,709 INFO o.s.b.l.DeferredLog [restartedMain] Located environment: name=user-management, profiles=[default], label=null, version=ef3ccb72180485ea77e71aa24e8a6021544ae2b5, state=
2025-04-13 23:27:44,713 INFO o.s.b.l.DeferredLog [restartedMain] Devtools property defaults active! Set 'spring.devtools.add-properties' to 'false' to disable
2025-04-13 23:27:44,716 INFO o.s.b.l.DeferredLog [restartedMain] For additional web related logging consider setting the 'logging.level.web' property to 'DEBUG'
2025-04-13 23:27:45,548 INFO o.s.d.r.c.RepositoryConfigurationDelegate [restartedMain] Bootstrapping Spring Data JPA repositories in DEFAULT mode.
2025-04-13 23:27:45,693 INFO o.s.d.r.c.RepositoryConfigurationDelegate [restartedMain] Finished Spring Data repository scanning in 140 ms. Found 3 JPA repository interfaces.
2025-04-13 23:27:46,007 INFO o.s.c.c.s.GenericScope [restartedMain] BeanFactory id=f74d915f-4514-3717-bfc9-0ab6e98804f7
2025-04-13 23:27:46,318 WARN o.s.c.s.PostProcessorRegistrationDelegate$BeanPostProcessorChecker [restartedMain] Bean 'org.springframework.cloud.client.loadbalancer.LoadBalancerAutoConfiguration$LoadBalancerInterceptorConfig' of type [org.springframework.cloud.client.loadbalancer.LoadBalancerAutoConfiguration$LoadBalancerInterceptorConfig] is not eligible for getting processed by all BeanPostProcessors (for example: not eligible for auto-proxying). The currently created BeanPostProcessor [lbRestClientPostProcessor] is declared through a non-static factory method on that class; consider declaring it as static instead.
2025-04-13 23:27:46,321 WARN o.s.c.s.PostProcessorRegistrationDelegate$BeanPostProcessorChecker [restartedMain] Bean 'org.springframework.cloud.loadbalancer.config.BlockingLoadBalancerClientAutoConfiguration' of type [org.springframework.cloud.loadbalancer.config.BlockingLoadBalancerClientAutoConfiguration] is not eligible for getting processed by all BeanPostProcessors (for example: not eligible for auto-proxying). Is this bean getting eagerly injected into a currently created BeanPostProcessor [lbRestClientPostProcessor]? Check the corresponding BeanPostProcessor declaration and its dependencies.
2025-04-13 23:27:46,325 WARN o.s.c.s.PostProcessorRegistrationDelegate$BeanPostProcessorChecker [restartedMain] Bean 'org.springframework.cloud.loadbalancer.config.LoadBalancerAutoConfiguration' of type [org.springframework.cloud.loadbalancer.config.LoadBalancerAutoConfiguration] is not eligible for getting processed by all BeanPostProcessors (for example: not eligible for auto-proxying). Is this bean getting eagerly injected into a currently created BeanPostProcessor [lbRestClientPostProcessor]? Check the corresponding BeanPostProcessor declaration and its dependencies.
2025-04-13 23:27:46,345 WARN o.s.c.s.PostProcessorRegistrationDelegate$BeanPostProcessorChecker [restartedMain] Bean 'org.springframework.cloud.commons.config.CommonsConfigAutoConfiguration' of type [org.springframework.cloud.commons.config.CommonsConfigAutoConfiguration] is not eligible for getting processed by all BeanPostProcessors (for example: not eligible for auto-proxying). Is this bean getting eagerly injected into a currently created BeanPostProcessor [lbRestClientPostProcessor]? Check the corresponding BeanPostProcessor declaration and its dependencies.
2025-04-13 23:27:46,353 WARN o.s.c.s.PostProcessorRegistrationDelegate$BeanPostProcessorChecker [restartedMain] Bean 'org.springframework.cloud.client.loadbalancer.LoadBalancerDefaultMappingsProviderAutoConfiguration' of type [org.springframework.cloud.client.loadbalancer.LoadBalancerDefaultMappingsProviderAutoConfiguration] is not eligible for getting processed by all BeanPostProcessors (for example: not eligible for auto-proxying). Is this bean getting eagerly injected into a currently created BeanPostProcessor [lbRestClientPostProcessor]? Check the corresponding BeanPostProcessor declaration and its dependencies.
2025-04-13 23:27:46,355 WARN o.s.c.s.PostProcessorRegistrationDelegate$BeanPostProcessorChecker [restartedMain] Bean 'loadBalancerClientsDefaultsMappingsProvider' of type [org.springframework.cloud.client.loadbalancer.LoadBalancerDefaultMappingsProviderAutoConfiguration$$Lambda$775/0x0000014ecd4ec328] is not eligible for getting processed by all BeanPostProcessors (for example: not eligible for auto-proxying). Is this bean getting eagerly injected into a currently created BeanPostProcessor [lbRestClientPostProcessor]? Check the corresponding BeanPostProcessor declaration and its dependencies.
2025-04-13 23:27:46,359 WARN o.s.c.s.PostProcessorRegistrationDelegate$BeanPostProcessorChecker [restartedMain] Bean 'defaultsBindHandlerAdvisor' of type [org.springframework.cloud.commons.config.DefaultsBindHandlerAdvisor] is not eligible for getting processed by all BeanPostProcessors (for example: not eligible for auto-proxying). Is this bean getting eagerly injected into a currently created BeanPostProcessor [lbRestClientPostProcessor]? Check the corresponding BeanPostProcessor declaration and its dependencies.
2025-04-13 23:27:46,369 WARN o.s.c.s.PostProcessorRegistrationDelegate$BeanPostProcessorChecker [restartedMain] Bean 'spring.cloud.loadbalancer-org.springframework.cloud.client.loadbalancer.LoadBalancerClientsProperties' of type [org.springframework.cloud.client.loadbalancer.LoadBalancerClientsProperties] is not eligible for getting processed by all BeanPostProcessors (for example: not eligible for auto-proxying). Is this bean getting eagerly injected into a currently created BeanPostProcessor [lbRestClientPostProcessor]? Check the corresponding BeanPostProcessor declaration and its dependencies.
2025-04-13 23:27:46,379 WARN o.s.c.s.PostProcessorRegistrationDelegate$BeanPostProcessorChecker [restartedMain] Bean 'default.org.springframework.cloud.loadbalancer.config.LoadBalancerAutoConfiguration.LoadBalancerClientSpecification' of type [org.springframework.cloud.loadbalancer.annotation.LoadBalancerClientSpecification] is not eligible for getting processed by all BeanPostProcessors (for example: not eligible for auto-proxying). Is this bean getting eagerly injected into a currently created BeanPostProcessor [lbRestClientPostProcessor]? Check the corresponding BeanPostProcessor declaration and its dependencies.
2025-04-13 23:27:46,383 WARN o.s.c.s.PostProcessorRegistrationDelegate$BeanPostProcessorChecker [restartedMain] Bean 'default.org.springframework.cloud.loadbalancer.config.BlockingLoadBalancerClientAutoConfiguration.LoadBalancerClientSpecification' of type [org.springframework.cloud.loadbalancer.annotation.LoadBalancerClientSpecification] is not eligible for getting processed by all BeanPostProcessors (for example: not eligible for auto-proxying). Is this bean getting eagerly injected into a currently created BeanPostProcessor [lbRestClientPostProcessor]? Check the corresponding BeanPostProcessor declaration and its dependencies.
2025-04-13 23:27:46,384 WARN o.s.c.s.PostProcessorRegistrationDelegate$BeanPostProcessorChecker [restartedMain] Bean 'default.org.springframework.cloud.netflix.eureka.loadbalancer.LoadBalancerEurekaAutoConfiguration.LoadBalancerClientSpecification' of type [org.springframework.cloud.loadbalancer.annotation.LoadBalancerClientSpecification] is not eligible for getting processed by all BeanPostProcessors (for example: not eligible for auto-proxying). Is this bean getting eagerly injected into a currently created BeanPostProcessor [lbRestClientPostProcessor]? Check the corresponding BeanPostProcessor declaration and its dependencies.
2025-04-13 23:27:46,386 WARN o.s.c.s.PostProcessorRegistrationDelegate$BeanPostProcessorChecker [restartedMain] Bean 'loadBalancerClientFactory' of type [org.springframework.cloud.loadbalancer.support.LoadBalancerClientFactory] is not eligible for getting processed by all BeanPostProcessors (for example: not eligible for auto-proxying). Is this bean getting eagerly injected into a currently created BeanPostProcessor [lbRestClientPostProcessor]? Check the corresponding BeanPostProcessor declaration and its dependencies.
2025-04-13 23:27:46,402 WARN o.s.c.s.PostProcessorRegistrationDelegate$BeanPostProcessorChecker [restartedMain] Bean 'blockingLoadBalancerClient' of type [org.springframework.cloud.loadbalancer.blocking.client.BlockingLoadBalancerClient] is not eligible for getting processed by all BeanPostProcessors (for example: not eligible for auto-proxying). Is this bean getting eagerly injected into a currently created BeanPostProcessor [lbRestClientPostProcessor]? Check the corresponding BeanPostProcessor declaration and its dependencies.
2025-04-13 23:27:46,416 WARN o.s.c.s.PostProcessorRegistrationDelegate$BeanPostProcessorChecker [restartedMain] Bean 'loadBalancerServiceInstanceCookieTransformer' of type [org.springframework.cloud.loadbalancer.core.LoadBalancerServiceInstanceCookieTransformer] is not eligible for getting processed by all BeanPostProcessors (for example: not eligible for auto-proxying). Is this bean getting eagerly injected into a currently created BeanPostProcessor [lbRestClientPostProcessor]? Check the corresponding BeanPostProcessor declaration and its dependencies.
2025-04-13 23:27:46,420 WARN o.s.c.s.PostProcessorRegistrationDelegate$BeanPostProcessorChecker [restartedMain] Bean 'xForwarderHeadersTransformer' of type [org.springframework.cloud.loadbalancer.blocking.XForwardedHeadersTransformer] is not eligible for getting processed by all BeanPostProcessors (for example: not eligible for auto-proxying). Is this bean getting eagerly injected into a currently created BeanPostProcessor [lbRestClientPostProcessor]? Check the corresponding BeanPostProcessor declaration and its dependencies.
2025-04-13 23:27:46,421 WARN o.s.c.s.PostProcessorRegistrationDelegate$BeanPostProcessorChecker [restartedMain] Bean 'org.springframework.cloud.client.loadbalancer.LoadBalancerAutoConfiguration' of type [org.springframework.cloud.client.loadbalancer.LoadBalancerAutoConfiguration] is not eligible for getting processed by all BeanPostProcessors (for example: not eligible for auto-proxying). Is this bean getting eagerly injected into a currently created BeanPostProcessor [lbRestClientPostProcessor]? Check the corresponding BeanPostProcessor declaration and its dependencies.
2025-04-13 23:27:46,426 WARN o.s.c.s.PostProcessorRegistrationDelegate$BeanPostProcessorChecker [restartedMain] Bean 'loadBalancerRequestFactory' of type [org.springframework.cloud.client.loadbalancer.LoadBalancerRequestFactory] is not eligible for getting processed by all BeanPostProcessors (for example: not eligible for auto-proxying). Is this bean getting eagerly injected into a currently created BeanPostProcessor [lbRestClientPostProcessor]? Check the corresponding BeanPostProcessor declaration and its dependencies.
2025-04-13 23:27:46,428 WARN o.s.c.s.PostProcessorRegistrationDelegate$BeanPostProcessorChecker [restartedMain] Bean 'loadBalancerInterceptor' of type [org.springframework.cloud.client.loadbalancer.LoadBalancerInterceptor] is not eligible for getting processed by all BeanPostProcessors (for example: not eligible for auto-proxying). Is this bean getting eagerly injected into a currently created BeanPostProcessor [lbRestClientPostProcessor]? Check the corresponding BeanPostProcessor declaration and its dependencies.
2025-04-13 23:27:47,119 INFO o.s.b.w.e.t.TomcatWebServer [restartedMain] Tomcat initialized with port 8888 (http)
2025-04-13 23:27:47,132 INFO o.a.j.l.DirectJDKLog [restartedMain] Initializing ProtocolHandler ["http-nio-8888"]
2025-04-13 23:27:47,135 INFO o.a.j.l.DirectJDKLog [restartedMain] Starting service [Tomcat]
2025-04-13 23:27:47,135 INFO o.a.j.l.DirectJDKLog [restartedMain] Starting Servlet engine: [Apache Tomcat/10.1.19]
2025-04-13 23:27:47,205 INFO o.a.j.l.DirectJDKLog [restartedMain] Initializing Spring embedded WebApplicationContext
2025-04-13 23:27:47,207 INFO o.s.b.w.s.c.ServletWebServerApplicationContext [restartedMain] Root WebApplicationContext: initialization completed in 2489 ms
2025-04-13 23:27:47,383 INFO c.z.h.HikariDataSource [restartedMain] HikariPool-1 - Starting...
2025-04-13 23:27:47,692 INFO c.z.h.p.HikariPool [restartedMain] HikariPool-1 - Added connection com.mysql.cj.jdbc.ConnectionImpl@676d3820
2025-04-13 23:27:47,695 INFO c.z.h.HikariDataSource [restartedMain] HikariPool-1 - Start completed.
2025-04-13 23:27:48,804 INFO l.l.c.JavaLogger [restartedMain] Reading from mydatabase.DATABASECHANGELOG
2025-04-13 23:27:48,934 INFO l.l.c.JavaLogger [restartedMain] Reading from mydatabase.DATABASECHANGELOG
2025-04-13 23:27:48,949 INFO l.l.c.JavaLogger [restartedMain] UPDATE SUMMARY
2025-04-13 23:27:48,951 INFO l.l.c.JavaLogger [restartedMain] Run:                          0
2025-04-13 23:27:48,951 INFO l.l.c.JavaLogger [restartedMain] Previously run:               3
2025-04-13 23:27:48,951 INFO l.l.c.JavaLogger [restartedMain] Filtered out:                 0
2025-04-13 23:27:48,952 INFO l.l.c.JavaLogger [restartedMain] -------------------------------
2025-04-13 23:27:48,952 INFO l.l.c.JavaLogger [restartedMain] Total change sets:            3
2025-04-13 23:27:48,953 INFO l.l.c.JavaLogger [restartedMain] Update summary generated
2025-04-13 23:27:48,997 INFO l.l.c.JavaLogger [restartedMain] Successfully released change log lock
2025-04-13 23:27:49,003 INFO l.l.c.JavaLogger [restartedMain] Command execution complete
2025-04-13 23:27:49,156 INFO o.h.j.i.u.LogHelper [restartedMain] HHH000204: Processing PersistenceUnitInfo [name: default]
2025-04-13 23:27:49,228 INFO o.h.Version [restartedMain] HHH000412: Hibernate ORM core version 6.4.4.Final
2025-04-13 23:27:49,272 INFO o.h.c.i.RegionFactoryInitiator [restartedMain] HHH000026: Second-level cache disabled
2025-04-13 23:27:49,589 INFO o.s.o.j.p.SpringPersistenceUnitInfo [restartedMain] No LoadTimeWeaver setup: ignoring JPA class transformer
2025-04-13 23:27:49,643 WARN o.h.e.j.d.i.DialectFactoryImpl [restartedMain] HHH90000025: MySQL8Dialect does not need to be specified explicitly using 'hibernate.dialect' (remove the property setting and it will be selected by default)
2025-04-13 23:27:49,644 WARN o.h.e.j.d.i.DialectFactoryImpl [restartedMain] HHH90000026: MySQL8Dialect has been deprecated; use org.hibernate.dialect.MySQLDialect instead
2025-04-13 23:27:50,544 INFO o.h.e.t.j.p.i.JtaPlatformInitiator [restartedMain] HHH000489: No JTA platform available (set 'hibernate.transaction.jta.platform' to enable JTA platform integration)
2025-04-13 23:27:50,546 INFO o.s.o.j.AbstractEntityManagerFactoryBean [restartedMain] Initialized JPA EntityManagerFactory for persistence unit 'default'
2025-04-13 23:27:50,991 INFO o.s.d.j.r.q.QueryEnhancerFactory [restartedMain] Hibernate is in classpath; If applicable, HQL parser will be used.
2025-04-13 23:27:52,031 WARN o.s.b.a.o.j.JpaBaseConfiguration$JpaWebConfiguration [restartedMain] spring.jpa.open-in-view is enabled by default. Therefore, database queries may be performed during view rendering. Explicitly configure spring.jpa.open-in-view to disable this warning
2025-04-13 23:27:52,301 DEBUG o.s.w.s.h.AbstractHandlerMethodMapping [restartedMain] 16 mappings in 'requestMappingHandlerMapping'
2025-04-13 23:27:52,500 DEBUG o.s.w.s.h.SimpleUrlHandlerMapping [restartedMain] Patterns [/webjars/**, /**] in 'resourceHandlerMapping'
2025-04-13 23:27:52,564 INFO o.s.s.w.DefaultSecurityFilterChain [restartedMain] Will secure any request with [org.springframework.security.web.session.DisableEncodeUrlFilter@70f6eec7, org.springframework.security.web.context.request.async.WebAsyncManagerIntegrationFilter@2392169a, org.springframework.security.web.context.SecurityContextHolderFilter@19e34df9, org.springframework.security.web.header.HeaderWriterFilter@3a60ec9c, org.springframework.security.web.authentication.logout.LogoutFilter@272938e5, com.user_organization_management.security.JwtRequestFilter@2eceaa85, org.springframework.security.web.savedrequest.RequestCacheAwareFilter@7f8692c5, org.springframework.security.web.servletapi.SecurityContextHolderAwareRequestFilter@14db386f, org.springframework.security.web.authentication.AnonymousAuthenticationFilter@218ac50, org.springframework.security.web.access.ExceptionTranslationFilter@76cda062, org.springframework.security.web.access.intercept.AuthorizationFilter@16c6edbd]
2025-04-13 23:27:52,725 DEBUG o.s.w.s.m.m.a.RequestMappingHandlerAdapter [restartedMain] ControllerAdvice beans: 0 @ModelAttribute, 0 @InitBinder, 1 RequestBodyAdvice, 1 ResponseBodyAdvice
2025-04-13 23:27:52,777 DEBUG o.s.w.s.m.m.a.ExceptionHandlerExceptionResolver [restartedMain] ControllerAdvice beans: 1 @ExceptionHandler, 1 ResponseBodyAdvice
2025-04-13 23:27:53,115 WARN o.s.b.d.a.OptionalLiveReloadServer [restartedMain] Unable to start LiveReload server
2025-04-13 23:27:53,620 INFO o.s.c.n.e.c.DiscoveryClientOptionalArgsConfiguration [restartedMain] Eureka HTTP Client uses RestTemplate.
2025-04-13 23:27:54,088 WARN o.s.c.l.c.LoadBalancerCacheAutoConfiguration$LoadBalancerCaffeineWarnLogger [restartedMain] Spring Cloud LoadBalancer is currently working with the default cache. While this cache implementation is useful for development and tests, it's recommended to use Caffeine cache in production.You can switch to using Caffeine cache, by adding it and org.springframework.cache.caffeine.CaffeineCacheManager to the classpath.
2025-04-13 23:27:54,131 INFO o.s.c.n.e.InstanceInfoFactory [restartedMain] Setting initial instance status as: STARTING
2025-04-13 23:27:54,251 INFO c.n.d.DiscoveryClient [restartedMain] Initializing Eureka in region us-east-1
2025-04-13 23:27:54,259 INFO c.n.d.s.r.a.ConfigClusterResolver [restartedMain] Resolving eureka endpoints via configuration
2025-04-13 23:27:54,292 INFO c.n.d.DiscoveryClient [restartedMain] Disable delta property : false
2025-04-13 23:27:54,292 INFO c.n.d.DiscoveryClient [restartedMain] Single vip registry refresh property : null
2025-04-13 23:27:54,292 INFO c.n.d.DiscoveryClient [restartedMain] Force full registry fetch : false
2025-04-13 23:27:54,293 INFO c.n.d.DiscoveryClient [restartedMain] Application is null : false
2025-04-13 23:27:54,293 INFO c.n.d.DiscoveryClient [restartedMain] Registered Applications size is zero : true
2025-04-13 23:27:54,293 INFO c.n.d.DiscoveryClient [restartedMain] Application version is -1: true
2025-04-13 23:27:54,294 INFO c.n.d.DiscoveryClient [restartedMain] Getting all instance registry info from the eureka server
2025-04-13 23:27:54,487 DEBUG o.s.c.l.CompositeLog [restartedMain] HTTP GET http://localhost:8761/eureka/apps/
2025-04-13 23:27:54,578 DEBUG o.s.c.l.CompositeLog [restartedMain] Accept=[application/json, application/*+json]
2025-04-13 23:27:54,674 DEBUG o.s.c.l.CompositeLog [restartedMain] Response 200 OK
2025-04-13 23:27:54,677 DEBUG o.s.c.l.CompositeLog [restartedMain] Reading to [org.springframework.cloud.netflix.eureka.http.EurekaApplications]
2025-04-13 23:27:54,695 INFO c.n.d.DiscoveryClient [restartedMain] The response status is 200
2025-04-13 23:27:54,700 INFO c.n.d.DiscoveryClient [restartedMain] Starting heartbeat executor: renew interval is: 30
2025-04-13 23:27:54,706 INFO c.n.d.InstanceInfoReplicator [restartedMain] InstanceInfoReplicator onDemand update allowed rate per min is 4
2025-04-13 23:27:54,711 INFO c.n.d.DiscoveryClient [restartedMain] Discovery Client initialized at timestamp 1744579674711 with initial instances count: 4
2025-04-13 23:27:54,721 INFO o.s.c.n.e.s.EurekaServiceRegistry [restartedMain] Registering application USER-MANAGEMENT with eureka with status UP
2025-04-13 23:27:54,722 INFO c.n.d.DiscoveryClient$3 [restartedMain] Saw local status change event StatusChangeEvent [timestamp=1744579674722, current=UP, previous=STARTING]
2025-04-13 23:27:54,724 INFO c.n.d.DiscoveryClient [DiscoveryClient-InstanceInfoReplicator-0] DiscoveryClient_USER-MANAGEMENT/192.168.1.4:user-management:8888: registering service...
2025-04-13 23:27:54,724 INFO o.a.j.l.DirectJDKLog [restartedMain] Starting ProtocolHandler ["http-nio-8888"]
2025-04-13 23:27:54,729 DEBUG o.s.c.l.CompositeLog [DiscoveryClient-InstanceInfoReplicator-0] HTTP POST http://localhost:8761/eureka/apps/USER-MANAGEMENT
2025-04-13 23:27:54,733 DEBUG o.s.c.l.CompositeLog [DiscoveryClient-InstanceInfoReplicator-0] Accept=[application/json, application/*+json]
2025-04-13 23:27:54,752 DEBUG o.s.c.l.CompositeLog [DiscoveryClient-InstanceInfoReplicator-0] Writing [InstanceInfo [instanceId = 192.168.1.4:user-management:8888, appName = USER-MANAGEMENT, hostName = 192.168.1.4, status = UP, ipAddr = 192.168.1.4, port = 8888, securePort = 443, dataCenterInfo = com.netflix.appinfo.MyDataCenterInfo@5111a5b2] as "application/json"
2025-04-13 23:27:54,763 INFO o.s.b.w.e.t.TomcatWebServer [restartedMain] Tomcat started on port 8888 (http) with context path ''
2025-04-13 23:27:54,764 INFO o.s.c.n.e.s.EurekaAutoServiceRegistration [restartedMain] Updating port to 8888
2025-04-13 23:27:54,781 DEBUG o.s.c.l.CompositeLog [DiscoveryClient-InstanceInfoReplicator-0] Response 204 NO_CONTENT
2025-04-13 23:27:54,781 INFO c.n.d.DiscoveryClient [DiscoveryClient-InstanceInfoReplicator-0] DiscoveryClient_USER-MANAGEMENT/192.168.1.4:user-management:8888 - registration status: 204
2025-04-13 23:27:55,243 INFO o.s.b.StartupInfoLogger [restartedMain] Started UserOrgManagementApplication in 12.426 seconds (process running for 13.301)
2025-04-13 23:28:07,195 INFO o.a.j.l.DirectJDKLog [http-nio-8888-exec-1] Initializing Spring DispatcherServlet 'dispatcherServlet'
2025-04-13 23:28:07,195 INFO o.s.w.s.FrameworkServlet [http-nio-8888-exec-1] Initializing Servlet 'dispatcherServlet'
2025-04-13 23:28:07,195 DEBUG o.s.w.s.DispatcherServlet [http-nio-8888-exec-1] Detected StandardServletMultipartResolver
2025-04-13 23:28:07,196 DEBUG o.s.w.s.DispatcherServlet [http-nio-8888-exec-1] Detected AcceptHeaderLocaleResolver
2025-04-13 23:28:07,196 DEBUG o.s.w.s.DispatcherServlet [http-nio-8888-exec-1] Detected FixedThemeResolver
2025-04-13 23:28:07,197 DEBUG o.s.w.s.DispatcherServlet [http-nio-8888-exec-1] Detected org.springframework.web.servlet.view.DefaultRequestToViewNameTranslator@689ea7b0
2025-04-13 23:28:07,198 DEBUG o.s.w.s.DispatcherServlet [http-nio-8888-exec-1] Detected org.springframework.web.servlet.support.SessionFlashMapManager@2d3e172c
2025-04-13 23:28:07,198 DEBUG o.s.w.s.FrameworkServlet [http-nio-8888-exec-1] enableLoggingRequestDetails='false': request parameters and headers will be masked to prevent unsafe logging of potentially sensitive data
2025-04-13 23:28:07,199 INFO o.s.w.s.FrameworkServlet [http-nio-8888-exec-1] Completed initialization in 3 ms
2025-04-13 23:28:07,241 ERROR o.a.j.l.DirectJDKLog [http-nio-8888-exec-1] Servlet.service() for servlet [dispatcherServlet] in context with path [] threw exception
io.jsonwebtoken.io.DecodingException: Illegal base64url character: ' '
	at io.jsonwebtoken.io.Base64.ctoi(Base64.java:221)
	at io.jsonwebtoken.io.Base64.decodeFast(Base64.java:270)
	at io.jsonwebtoken.io.Base64Decoder.decode(Base64Decoder.java:36)
	at io.jsonwebtoken.io.Base64Decoder.decode(Base64Decoder.java:23)
	at io.jsonwebtoken.io.ExceptionPropagatingDecoder.decode(ExceptionPropagatingDecoder.java:36)
	at io.jsonwebtoken.impl.DefaultJwtParser.parse(DefaultJwtParser.java:288)
	at io.jsonwebtoken.impl.DefaultJwtParser.parse(DefaultJwtParser.java:529)
	at io.jsonwebtoken.impl.DefaultJwtParser.parseClaimsJws(DefaultJwtParser.java:589)
	at com.user_organization_management.security.JwtUtil.extractUsername(JwtUtil.java:29)
	at com.user_organization_management.security.JwtRequestFilter.doFilterInternal(JwtRequestFilter.java:32)
	at org.springframework.web.filter.OncePerRequestFilter.doFilter(OncePerRequestFilter.java:116)
	at org.springframework.security.web.FilterChainProxy$VirtualFilterChain.doFilter(FilterChainProxy.java:374)
	at org.springframework.security.web.authentication.logout.LogoutFilter.doFilter(LogoutFilter.java:107)
	at org.springframework.security.web.authentication.logout.LogoutFilter.doFilter(LogoutFilter.java:93)
	at org.springframework.security.web.FilterChainProxy$VirtualFilterChain.doFilter(FilterChainProxy.java:374)
	at org.springframework.security.web.header.HeaderWriterFilter.doHeadersAfter(HeaderWriterFilter.java:90)
	at org.springframework.security.web.header.HeaderWriterFilter.doFilterInternal(HeaderWriterFilter.java:75)
	at org.springframework.web.filter.OncePerRequestFilter.doFilter(OncePerRequestFilter.java:116)
	at org.springframework.security.web.FilterChainProxy$VirtualFilterChain.doFilter(FilterChainProxy.java:374)
	at org.springframework.security.web.context.SecurityContextHolderFilter.doFilter(SecurityContextHolderFilter.java:82)
	at org.springframework.security.web.context.SecurityContextHolderFilter.doFilter(SecurityContextHolderFilter.java:69)
	at org.springframework.security.web.FilterChainProxy$VirtualFilterChain.doFilter(FilterChainProxy.java:374)
	at org.springframework.security.web.context.request.async.WebAsyncManagerIntegrationFilter.doFilterInternal(WebAsyncManagerIntegrationFilter.java:62)
	at org.springframework.web.filter.OncePerRequestFilter.doFilter(OncePerRequestFilter.java:116)
	at org.springframework.security.web.FilterChainProxy$VirtualFilterChain.doFilter(FilterChainProxy.java:374)
	at org.springframework.security.web.session.DisableEncodeUrlFilter.doFilterInternal(DisableEncodeUrlFilter.java:42)
	at org.springframework.web.filter.OncePerRequestFilter.doFilter(OncePerRequestFilter.java:116)
	at org.springframework.security.web.FilterChainProxy$VirtualFilterChain.doFilter(FilterChainProxy.java:374)
	at org.springframework.security.web.FilterChainProxy.doFilterInternal(FilterChainProxy.java:233)
	at org.springframework.security.web.FilterChainProxy.doFilter(FilterChainProxy.java:191)
	at org.springframework.web.filter.CompositeFilter$VirtualFilterChain.doFilter(CompositeFilter.java:113)
	at org.springframework.web.servlet.handler.HandlerMappingIntrospector.lambda$createCacheFilter$3(HandlerMappingIntrospector.java:195)
	at org.springframework.web.filter.CompositeFilter$VirtualFilterChain.doFilter(CompositeFilter.java:113)
	at org.springframework.web.filter.CompositeFilter.doFilter(CompositeFilter.java:74)
	at org.springframework.security.config.annotation.web.configuration.WebMvcSecurityConfiguration$CompositeFilterChainProxy.doFilter(WebMvcSecurityConfiguration.java:230)
	at org.springframework.web.filter.DelegatingFilterProxy.invokeDelegate(DelegatingFilterProxy.java:352)
	at org.springframework.web.filter.DelegatingFilterProxy.doFilter(DelegatingFilterProxy.java:268)
	at org.apache.catalina.core.ApplicationFilterChain.internalDoFilter(ApplicationFilterChain.java:174)
	at org.apache.catalina.core.ApplicationFilterChain.doFilter(ApplicationFilterChain.java:149)
	at org.springframework.web.filter.RequestContextFilter.doFilterInternal(RequestContextFilter.java:100)
	at org.springframework.web.filter.OncePerRequestFilter.doFilter(OncePerRequestFilter.java:116)
	at org.apache.catalina.core.ApplicationFilterChain.internalDoFilter(ApplicationFilterChain.java:174)
	at org.apache.catalina.core.ApplicationFilterChain.doFilter(ApplicationFilterChain.java:149)
	at org.springframework.web.filter.FormContentFilter.doFilterInternal(FormContentFilter.java:93)
	at org.springframework.web.filter.OncePerRequestFilter.doFilter(OncePerRequestFilter.java:116)
	at org.apache.catalina.core.ApplicationFilterChain.internalDoFilter(ApplicationFilterChain.java:174)
	at org.apache.catalina.core.ApplicationFilterChain.doFilter(ApplicationFilterChain.java:149)
	at org.springframework.web.filter.CharacterEncodingFilter.doFilterInternal(CharacterEncodingFilter.java:201)
	at org.springframework.web.filter.OncePerRequestFilter.doFilter(OncePerRequestFilter.java:116)
	at org.apache.catalina.core.ApplicationFilterChain.internalDoFilter(ApplicationFilterChain.java:174)
	at org.apache.catalina.core.ApplicationFilterChain.doFilter(ApplicationFilterChain.java:149)
	at org.apache.catalina.core.StandardWrapperValve.invoke(StandardWrapperValve.java:167)
	at org.apache.catalina.core.StandardContextValve.invoke(StandardContextValve.java:90)
	at org.apache.catalina.authenticator.AuthenticatorBase.invoke(AuthenticatorBase.java:482)
	at org.apache.catalina.core.StandardHostValve.invoke(StandardHostValve.java:115)
	at org.apache.catalina.valves.ErrorReportValve.invoke(ErrorReportValve.java:93)
	at org.apache.catalina.core.StandardEngineValve.invoke(StandardEngineValve.java:74)
	at org.apache.catalina.connector.CoyoteAdapter.service(CoyoteAdapter.java:344)
	at org.apache.coyote.http11.Http11Processor.service(Http11Processor.java:391)
	at org.apache.coyote.AbstractProcessorLight.process(AbstractProcessorLight.java:63)
	at org.apache.coyote.AbstractProtocol$ConnectionHandler.process(AbstractProtocol.java:896)
	at org.apache.tomcat.util.net.NioEndpoint$SocketProcessor.doRun(NioEndpoint.java:1744)
	at org.apache.tomcat.util.net.SocketProcessorBase.run(SocketProcessorBase.java:52)
	at org.apache.tomcat.util.threads.ThreadPoolExecutor.runWorker(ThreadPoolExecutor.java:1191)
	at org.apache.tomcat.util.threads.ThreadPoolExecutor$Worker.run(ThreadPoolExecutor.java:659)
	at org.apache.tomcat.util.threads.TaskThread$WrappingRunnable.run(TaskThread.java:63)
	at java.base/java.lang.Thread.run(Thread.java:842)
2025-04-13 23:28:13,825 ERROR o.a.j.l.DirectJDKLog [http-nio-8888-exec-2] Servlet.service() for servlet [dispatcherServlet] in context with path [] threw exception
io.jsonwebtoken.io.DecodingException: Illegal base64url character: ' '
	at io.jsonwebtoken.io.Base64.ctoi(Base64.java:221)
	at io.jsonwebtoken.io.Base64.decodeFast(Base64.java:270)
	at io.jsonwebtoken.io.Base64Decoder.decode(Base64Decoder.java:36)
	at io.jsonwebtoken.io.Base64Decoder.decode(Base64Decoder.java:23)
	at io.jsonwebtoken.io.ExceptionPropagatingDecoder.decode(ExceptionPropagatingDecoder.java:36)
	at io.jsonwebtoken.impl.DefaultJwtParser.parse(DefaultJwtParser.java:288)
	at io.jsonwebtoken.impl.DefaultJwtParser.parse(DefaultJwtParser.java:529)
	at io.jsonwebtoken.impl.DefaultJwtParser.parseClaimsJws(DefaultJwtParser.java:589)
	at com.user_organization_management.security.JwtUtil.extractUsername(JwtUtil.java:29)
	at com.user_organization_management.security.JwtRequestFilter.doFilterInternal(JwtRequestFilter.java:32)
	at org.springframework.web.filter.OncePerRequestFilter.doFilter(OncePerRequestFilter.java:116)
	at org.springframework.security.web.FilterChainProxy$VirtualFilterChain.doFilter(FilterChainProxy.java:374)
	at org.springframework.security.web.authentication.logout.LogoutFilter.doFilter(LogoutFilter.java:107)
	at org.springframework.security.web.authentication.logout.LogoutFilter.doFilter(LogoutFilter.java:93)
	at org.springframework.security.web.FilterChainProxy$VirtualFilterChain.doFilter(FilterChainProxy.java:374)
	at org.springframework.security.web.header.HeaderWriterFilter.doHeadersAfter(HeaderWriterFilter.java:90)
	at org.springframework.security.web.header.HeaderWriterFilter.doFilterInternal(HeaderWriterFilter.java:75)
	at org.springframework.web.filter.OncePerRequestFilter.doFilter(OncePerRequestFilter.java:116)
	at org.springframework.security.web.FilterChainProxy$VirtualFilterChain.doFilter(FilterChainProxy.java:374)
	at org.springframework.security.web.context.SecurityContextHolderFilter.doFilter(SecurityContextHolderFilter.java:82)
	at org.springframework.security.web.context.SecurityContextHolderFilter.doFilter(SecurityContextHolderFilter.java:69)
	at org.springframework.security.web.FilterChainProxy$VirtualFilterChain.doFilter(FilterChainProxy.java:374)
	at org.springframework.security.web.context.request.async.WebAsyncManagerIntegrationFilter.doFilterInternal(WebAsyncManagerIntegrationFilter.java:62)
	at org.springframework.web.filter.OncePerRequestFilter.doFilter(OncePerRequestFilter.java:116)
	at org.springframework.security.web.FilterChainProxy$VirtualFilterChain.doFilter(FilterChainProxy.java:374)
	at org.springframework.security.web.session.DisableEncodeUrlFilter.doFilterInternal(DisableEncodeUrlFilter.java:42)
	at org.springframework.web.filter.OncePerRequestFilter.doFilter(OncePerRequestFilter.java:116)
	at org.springframework.security.web.FilterChainProxy$VirtualFilterChain.doFilter(FilterChainProxy.java:374)
	at org.springframework.security.web.FilterChainProxy.doFilterInternal(FilterChainProxy.java:233)
	at org.springframework.security.web.FilterChainProxy.doFilter(FilterChainProxy.java:191)
	at org.springframework.web.filter.CompositeFilter$VirtualFilterChain.doFilter(CompositeFilter.java:113)
	at org.springframework.web.servlet.handler.HandlerMappingIntrospector.lambda$createCacheFilter$3(HandlerMappingIntrospector.java:195)
	at org.springframework.web.filter.CompositeFilter$VirtualFilterChain.doFilter(CompositeFilter.java:113)
	at org.springframework.web.filter.CompositeFilter.doFilter(CompositeFilter.java:74)
	at org.springframework.security.config.annotation.web.configuration.WebMvcSecurityConfiguration$CompositeFilterChainProxy.doFilter(WebMvcSecurityConfiguration.java:230)
	at org.springframework.web.filter.DelegatingFilterProxy.invokeDelegate(DelegatingFilterProxy.java:352)
	at org.springframework.web.filter.DelegatingFilterProxy.doFilter(DelegatingFilterProxy.java:268)
	at org.apache.catalina.core.ApplicationFilterChain.internalDoFilter(ApplicationFilterChain.java:174)
	at org.apache.catalina.core.ApplicationFilterChain.doFilter(ApplicationFilterChain.java:149)
	at org.springframework.web.filter.RequestContextFilter.doFilterInternal(RequestContextFilter.java:100)
	at org.springframework.web.filter.OncePerRequestFilter.doFilter(OncePerRequestFilter.java:116)
	at org.apache.catalina.core.ApplicationFilterChain.internalDoFilter(ApplicationFilterChain.java:174)
	at org.apache.catalina.core.ApplicationFilterChain.doFilter(ApplicationFilterChain.java:149)
	at org.springframework.web.filter.FormContentFilter.doFilterInternal(FormContentFilter.java:93)
	at org.springframework.web.filter.OncePerRequestFilter.doFilter(OncePerRequestFilter.java:116)
	at org.apache.catalina.core.ApplicationFilterChain.internalDoFilter(ApplicationFilterChain.java:174)
	at org.apache.catalina.core.ApplicationFilterChain.doFilter(ApplicationFilterChain.java:149)
	at org.springframework.web.filter.CharacterEncodingFilter.doFilterInternal(CharacterEncodingFilter.java:201)
	at org.springframework.web.filter.OncePerRequestFilter.doFilter(OncePerRequestFilter.java:116)
	at org.apache.catalina.core.ApplicationFilterChain.internalDoFilter(ApplicationFilterChain.java:174)
	at org.apache.catalina.core.ApplicationFilterChain.doFilter(ApplicationFilterChain.java:149)
	at org.apache.catalina.core.StandardWrapperValve.invoke(StandardWrapperValve.java:167)
	at org.apache.catalina.core.StandardContextValve.invoke(StandardContextValve.java:90)
	at org.apache.catalina.authenticator.AuthenticatorBase.invoke(AuthenticatorBase.java:482)
	at org.apache.catalina.core.StandardHostValve.invoke(StandardHostValve.java:115)
	at org.apache.catalina.valves.ErrorReportValve.invoke(ErrorReportValve.java:93)
	at org.apache.catalina.core.StandardEngineValve.invoke(StandardEngineValve.java:74)
	at org.apache.catalina.connector.CoyoteAdapter.service(CoyoteAdapter.java:344)
	at org.apache.coyote.http11.Http11Processor.service(Http11Processor.java:391)
	at org.apache.coyote.AbstractProcessorLight.process(AbstractProcessorLight.java:63)
	at org.apache.coyote.AbstractProtocol$ConnectionHandler.process(AbstractProtocol.java:896)
	at org.apache.tomcat.util.net.NioEndpoint$SocketProcessor.doRun(NioEndpoint.java:1744)
	at org.apache.tomcat.util.net.SocketProcessorBase.run(SocketProcessorBase.java:52)
	at org.apache.tomcat.util.threads.ThreadPoolExecutor.runWorker(ThreadPoolExecutor.java:1191)
	at org.apache.tomcat.util.threads.ThreadPoolExecutor$Worker.run(ThreadPoolExecutor.java:659)
	at org.apache.tomcat.util.threads.TaskThread$WrappingRunnable.run(TaskThread.java:63)
	at java.base/java.lang.Thread.run(Thread.java:842)
2025-04-13 23:28:18,353 DEBUG o.s.c.l.LogFormatUtils [http-nio-8888-exec-3] POST "/auth/login", parameters={}
2025-04-13 23:28:18,356 DEBUG o.s.w.s.h.AbstractHandlerMapping [http-nio-8888-exec-3] Mapped to com.user_organization_management.controller.AuthController#login(AuthRequest)
2025-04-13 23:28:18,388 DEBUG o.s.c.l.LogFormatUtils [http-nio-8888-exec-3] Read "application/json;charset=UTF-8" to [com.user_organization_management.model.AuthRequest@3418c925]
2025-04-13 23:28:18,399 INFO c.u.a.LoggingAspect [http-nio-8888-exec-3] =================> Method Name is >> login 
2025-04-13 23:28:18,399 INFO c.u.a.LoggingAspect [http-nio-8888-exec-3] ====> argument >> com.user_organization_management.model.AuthRequest@3418c925
2025-04-13 23:28:18,400 INFO c.u.a.LoggingAspect [http-nio-8888-exec-3] =================> Method Name is >> login 
2025-04-13 23:28:18,401 INFO c.u.a.LoggingAspect [http-nio-8888-exec-3] ====> argument >> com.user_organization_management.model.AuthRequest@3418c925
2025-04-13 23:28:18,401 INFO c.u.a.LoggingAspect [http-nio-8888-exec-3] =================> Method Name is >> disableLogin 
2025-04-13 23:28:18,402 INFO c.u.a.LoggingAspect [http-nio-8888-exec-3] ====> argument >> testAdmin@gmail.com
2025-04-13 23:28:18,407 INFO c.u.a.LoggingAspect [http-nio-8888-exec-3] =================> Method Name is >> findByEmail 
2025-04-13 23:28:18,408 INFO c.u.a.LoggingAspect [http-nio-8888-exec-3] ====> argument >> testAdmin@gmail.com
2025-04-13 23:28:18,583 DEBUG o.h.e.j.s.SqlStatementLogger [http-nio-8888-exec-3] 
    select
        ue1_0.id,
        ue1_0.created_by,
        ue1_0.created_date,
        ue1_0.email,
        ue1_0.failed_count,
        ue1_0.last_modified_by,
        ue1_0.last_modified_date,
        ue1_0.locked,
        ue1_0.mobile,
        ue1_0.name,
        ue1_0.organization_id,
        ue1_0.password,
        ue1_0.role_id 
    from
        users ue1_0 
    where
        ue1_0.email=?
2025-04-13 23:28:18,615 DEBUG o.h.e.j.s.SqlStatementLogger [http-nio-8888-exec-3] 
    select
        re1_0.id,
        re1_0.created_by,
        re1_0.created_date,
        re1_0.last_modified_by,
        re1_0.last_modified_date,
        re1_0.name 
    from
        roles re1_0 
    where
        re1_0.id=?
2025-04-13 23:28:18,649 INFO c.u.a.MeasurementAspect [http-nio-8888-exec-3] KPI[method-execution]	for: void com.user_organization_management.service.UserService.disableLogin(String)	withArgs: [testAdmin@gmail.com]	took: 247 ms. 
2025-04-13 23:28:18,760 INFO c.u.a.LoggingAspect [http-nio-8888-exec-3] =================> Method Name is >> getUserByEmail 
2025-04-13 23:28:18,761 INFO c.u.a.LoggingAspect [http-nio-8888-exec-3] ====> argument >> testAdmin@gmail.com
2025-04-13 23:28:18,761 INFO c.u.a.LoggingAspect [http-nio-8888-exec-3] =================> Method Name is >> findByEmail 
2025-04-13 23:28:18,761 INFO c.u.a.LoggingAspect [http-nio-8888-exec-3] ====> argument >> testAdmin@gmail.com
2025-04-13 23:28:18,764 DEBUG o.h.e.j.s.SqlStatementLogger [http-nio-8888-exec-3] 
    select
        ue1_0.id,
        ue1_0.created_by,
        ue1_0.created_date,
        ue1_0.email,
        ue1_0.failed_count,
        ue1_0.last_modified_by,
        ue1_0.last_modified_date,
        ue1_0.locked,
        ue1_0.mobile,
        ue1_0.name,
        ue1_0.organization_id,
        ue1_0.password,
        ue1_0.role_id 
    from
        users ue1_0 
    where
        ue1_0.email=?
2025-04-13 23:28:18,770 INFO c.u.a.MeasurementAspect [http-nio-8888-exec-3] KPI[method-execution]	for: UserDTO com.user_organization_management.service.UserService.getUserByEmail(String)	withArgs: [testAdmin@gmail.com]	took: 9 ms. 
2025-04-13 23:28:18,771 INFO c.u.s.CustomUserDetailsService [http-nio-8888-exec-3] User testAdmin@gmail.com has role ROLE_ADMIN
2025-04-13 23:28:18,864 INFO c.u.a.LoggingAspect [http-nio-8888-exec-3] =================> Method Name is >> resetFailedLoginAttempts 
2025-04-13 23:28:18,865 INFO c.u.a.LoggingAspect [http-nio-8888-exec-3] ====> argument >> testAdmin@gmail.com
2025-04-13 23:28:18,865 INFO c.u.a.LoggingAspect [http-nio-8888-exec-3] =================> Method Name is >> findByEmail 
2025-04-13 23:28:18,865 INFO c.u.a.LoggingAspect [http-nio-8888-exec-3] ====> argument >> testAdmin@gmail.com
2025-04-13 23:28:18,877 DEBUG o.h.e.j.s.SqlStatementLogger [http-nio-8888-exec-3] 
    select
        ue1_0.id,
        ue1_0.created_by,
        ue1_0.created_date,
        ue1_0.email,
        ue1_0.failed_count,
        ue1_0.last_modified_by,
        ue1_0.last_modified_date,
        ue1_0.locked,
        ue1_0.mobile,
        ue1_0.name,
        ue1_0.organization_id,
        ue1_0.password,
        ue1_0.role_id 
    from
        users ue1_0 
    where
        ue1_0.email=?
2025-04-13 23:28:18,883 INFO c.u.a.MeasurementAspect [http-nio-8888-exec-3] KPI[method-execution]	for: void com.user_organization_management.service.UserService.resetFailedLoginAttempts(String)	withArgs: [testAdmin@gmail.com]	took: 18 ms. 
2025-04-13 23:28:18,884 INFO c.u.a.LoggingAspect [http-nio-8888-exec-3] =================> Method Name is >> getUserByEmail 
2025-04-13 23:28:18,884 INFO c.u.a.LoggingAspect [http-nio-8888-exec-3] ====> argument >> testAdmin@gmail.com
2025-04-13 23:28:18,885 INFO c.u.a.LoggingAspect [http-nio-8888-exec-3] =================> Method Name is >> findByEmail 
2025-04-13 23:28:18,885 INFO c.u.a.LoggingAspect [http-nio-8888-exec-3] ====> argument >> testAdmin@gmail.com
2025-04-13 23:28:18,886 DEBUG o.h.e.j.s.SqlStatementLogger [http-nio-8888-exec-3] 
    select
        ue1_0.id,
        ue1_0.created_by,
        ue1_0.created_date,
        ue1_0.email,
        ue1_0.failed_count,
        ue1_0.last_modified_by,
        ue1_0.last_modified_date,
        ue1_0.locked,
        ue1_0.mobile,
        ue1_0.name,
        ue1_0.organization_id,
        ue1_0.password,
        ue1_0.role_id 
    from
        users ue1_0 
    where
        ue1_0.email=?
2025-04-13 23:28:18,892 INFO c.u.a.MeasurementAspect [http-nio-8888-exec-3] KPI[method-execution]	for: UserDTO com.user_organization_management.service.UserService.getUserByEmail(String)	withArgs: [testAdmin@gmail.com]	took: 7 ms. 
2025-04-13 23:28:18,893 INFO c.u.s.CustomUserDetailsService [http-nio-8888-exec-3] User testAdmin@gmail.com has role ROLE_ADMIN
2025-04-13 23:28:18,913 INFO c.u.a.MeasurementAspect [http-nio-8888-exec-3] KPI[method-execution]	for: Map com.user_organization_management.service.AuthService.login(AuthRequest)	withArgs: [com.user_organization_management.model.AuthRequest@3418c925]	took: 512 ms. 
2025-04-13 23:28:18,919 DEBUG o.s.w.s.m.m.a.AbstractMessageConverterMethodProcessor [http-nio-8888-exec-3] Using 'application/json', given [*/*] and supported [application/json, application/*+json]
2025-04-13 23:28:18,921 DEBUG o.s.c.l.LogFormatUtils [http-nio-8888-exec-3] Writing [{token=eyJhbGciOiJIUzI1NiJ9.eyJzdWIiOiJ0ZXN0QWRtaW5AZ21haWwuY29tIiwiaWF0IjoxNzQ0NTc5Njk4LCJleHAiOjE3 (truncated)...]
2025-04-13 23:28:18,943 DEBUG o.s.w.s.FrameworkServlet [http-nio-8888-exec-3] Completed 200 OK
2025-04-13 23:28:24,709 DEBUG o.s.c.l.CompositeLog [DiscoveryClient-CacheRefreshExecutor-0] HTTP GET http://localhost:8761/eureka/apps/delta
2025-04-13 23:28:24,710 DEBUG o.s.c.l.CompositeLog [DiscoveryClient-CacheRefreshExecutor-0] Accept=[application/json, application/*+json]
2025-04-13 23:28:24,710 DEBUG o.s.c.l.CompositeLog [DiscoveryClient-HeartbeatExecutor-0] HTTP PUT http://localhost:8761/eureka/apps/USER-MANAGEMENT/192.168.1.4:user-management:8888?status=UP&lastDirtyTimestamp=1744579674722
2025-04-13 23:28:24,717 DEBUG o.s.c.l.CompositeLog [DiscoveryClient-HeartbeatExecutor-0] Accept=[application/json, application/*+json]
2025-04-13 23:28:24,725 DEBUG o.s.c.l.CompositeLog [DiscoveryClient-HeartbeatExecutor-0] Response 200 OK
2025-04-13 23:28:24,725 DEBUG o.s.c.l.CompositeLog [DiscoveryClient-CacheRefreshExecutor-0] Response 200 OK
2025-04-13 23:28:24,726 DEBUG o.s.c.l.CompositeLog [DiscoveryClient-CacheRefreshExecutor-0] Reading to [org.springframework.cloud.netflix.eureka.http.EurekaApplications]
2025-04-13 23:28:54,734 DEBUG o.s.c.l.CompositeLog [DiscoveryClient-CacheRefreshExecutor-0] HTTP GET http://localhost:8761/eureka/apps/delta
2025-04-13 23:28:54,734 DEBUG o.s.c.l.CompositeLog [DiscoveryClient-HeartbeatExecutor-0] HTTP PUT http://localhost:8761/eureka/apps/USER-MANAGEMENT/192.168.1.4:user-management:8888?status=UP&lastDirtyTimestamp=1744579674722
2025-04-13 23:28:54,735 DEBUG o.s.c.l.CompositeLog [DiscoveryClient-CacheRefreshExecutor-0] Accept=[application/json, application/*+json]
2025-04-13 23:28:54,735 DEBUG o.s.c.l.CompositeLog [DiscoveryClient-HeartbeatExecutor-0] Accept=[application/json, application/*+json]
2025-04-13 23:28:54,752 DEBUG o.s.c.l.CompositeLog [DiscoveryClient-HeartbeatExecutor-0] Response 200 OK
2025-04-13 23:28:54,752 DEBUG o.s.c.l.CompositeLog [DiscoveryClient-CacheRefreshExecutor-0] Response 200 OK
2025-04-13 23:28:54,752 DEBUG o.s.c.l.CompositeLog [DiscoveryClient-CacheRefreshExecutor-0] Reading to [org.springframework.cloud.netflix.eureka.http.EurekaApplications]
2025-04-13 23:29:01,349 INFO o.s.b.d.a.LocalDevToolsAutoConfiguration$RestartingClassPathChangeChangedEventListener [File Watcher] Restarting due to 1 class path change (0 additions, 0 deletions, 1 modification)
2025-04-13 23:29:01,351 INFO o.s.c.n.e.s.EurekaServiceRegistry [Thread-1] Unregistering application USER-MANAGEMENT with eureka with status DOWN
2025-04-13 23:29:01,352 INFO c.n.d.DiscoveryClient$3 [Thread-1] Saw local status change event StatusChangeEvent [timestamp=1744579741352, current=DOWN, previous=UP]
2025-04-13 23:29:01,352 INFO c.n.d.DiscoveryClient [DiscoveryClient-InstanceInfoReplicator-0] DiscoveryClient_USER-MANAGEMENT/192.168.1.4:user-management:8888: registering service...
2025-04-13 23:29:01,352 DEBUG o.s.c.l.CompositeLog [DiscoveryClient-InstanceInfoReplicator-0] HTTP POST http://localhost:8761/eureka/apps/USER-MANAGEMENT
2025-04-13 23:29:01,352 DEBUG o.s.c.l.CompositeLog [DiscoveryClient-InstanceInfoReplicator-0] Accept=[application/json, application/*+json]
2025-04-13 23:29:01,353 DEBUG o.s.c.l.CompositeLog [DiscoveryClient-InstanceInfoReplicator-0] Writing [InstanceInfo [instanceId = 192.168.1.4:user-management:8888, appName = USER-MANAGEMENT, hostName = 192.168.1.4, status = DOWN, ipAddr = 192.168.1.4, port = 8888, securePort = 443, dataCenterInfo = com.netflix.appinfo.MyDataCenterInfo@5111a5b2] as "application/json"
2025-04-13 23:29:01,354 INFO o.a.j.l.DirectJDKLog [Thread-1] Stopping ProtocolHandler ["http-nio-8888"]
2025-04-13 23:29:01,365 DEBUG o.s.c.l.CompositeLog [DiscoveryClient-InstanceInfoReplicator-0] Response 204 NO_CONTENT
2025-04-13 23:29:01,365 INFO c.n.d.DiscoveryClient [DiscoveryClient-InstanceInfoReplicator-0] DiscoveryClient_USER-MANAGEMENT/192.168.1.4:user-management:8888 - registration status: 204
2025-04-13 23:29:01,396 INFO o.s.o.j.AbstractEntityManagerFactoryBean [Thread-1] Closing JPA EntityManagerFactory for persistence unit 'default'
2025-04-13 23:29:01,400 INFO c.z.h.HikariDataSource [Thread-1] HikariPool-1 - Shutdown initiated...
2025-04-13 23:29:01,444 INFO c.z.h.HikariDataSource [Thread-1] HikariPool-1 - Shutdown completed.
2025-04-13 23:29:01,446 INFO c.n.d.DiscoveryClient [Thread-1] Shutting down DiscoveryClient ...
2025-04-13 23:29:04,449 INFO c.n.d.DiscoveryClient [Thread-1] Unregistering ...
2025-04-13 23:29:04,451 DEBUG o.s.c.l.CompositeLog [Thread-1] HTTP DELETE http://localhost:8761/eureka/apps/USER-MANAGEMENT/192.168.1.4:user-management:8888
2025-04-13 23:29:04,451 DEBUG o.s.c.l.CompositeLog [Thread-1] Accept=[application/json, application/*+json]
2025-04-13 23:29:04,466 DEBUG o.s.c.l.CompositeLog [Thread-1] Response 200 OK
2025-04-13 23:29:04,466 INFO c.n.d.DiscoveryClient [Thread-1] DiscoveryClient_USER-MANAGEMENT/192.168.1.4:user-management:8888 - deregister  status: 200
2025-04-13 23:29:04,470 INFO c.n.d.DiscoveryClient [Thread-1] Completed shut down of DiscoveryClient
2025-04-13 23:29:04,931 ERROR o.s.b.d.LoggingFailureAnalysisReporter [restartedMain] 

***************************
APPLICATION FAILED TO START
***************************

Description:

No spring.config.import property has been defined

Action:

Add a spring.config.import=configserver: property to your configuration.
	If configuration is not required add spring.config.import=optional:configserver: instead.
	To disable this check, set spring.cloud.config.enabled=false or 
	spring.cloud.config.import-check.enabled=false.

2025-04-13 23:29:06,704 ERROR o.s.b.d.LoggingFailureAnalysisReporter [restartedMain] 

***************************
APPLICATION FAILED TO START
***************************

Description:

No spring.config.import property has been defined

Action:

Add a spring.config.import=configserver: property to your configuration.
	If configuration is not required add spring.config.import=optional:configserver: instead.
	To disable this check, set spring.cloud.config.enabled=false or 
	spring.cloud.config.import-check.enabled=false.

2025-04-13 23:29:15,143 INFO o.s.b.StartupInfoLogger [restartedMain] Starting UserOrgManagementApplication using Java 17.0.12 with PID 25288 (D:\Courses\BackEnd\Spring\Sb\User_Management_System\user-org-management\target\classes started by mtoaima in D:\Courses\BackEnd\Spring\Sb\User_Management_System\user-org-management)
2025-04-13 23:29:15,143 INFO o.s.b.SpringApplication [restartedMain] No active profile set, falling back to 1 default profile: "default"
2025-04-13 23:29:15,145 INFO o.s.b.l.DeferredLog [restartedMain] Fetching config from server at : http://localhost:8081
2025-04-13 23:29:15,146 INFO o.s.b.l.DeferredLog [restartedMain] Located environment: name=user-management, profiles=[default], label=null, version=ef3ccb72180485ea77e71aa24e8a6021544ae2b5, state=
2025-04-13 23:29:16,149 INFO o.s.d.r.c.RepositoryConfigurationDelegate [restartedMain] Bootstrapping Spring Data JPA repositories in DEFAULT mode.
2025-04-13 23:29:16,466 INFO o.s.d.r.c.RepositoryConfigurationDelegate [restartedMain] Finished Spring Data repository scanning in 316 ms. Found 3 JPA repository interfaces.
2025-04-13 23:29:16,588 INFO o.s.c.c.s.GenericScope [restartedMain] BeanFactory id=c108f007-03dd-364b-89d6-54b82f90add3
2025-04-13 23:29:16,639 WARN o.s.c.s.PostProcessorRegistrationDelegate$BeanPostProcessorChecker [restartedMain] Bean 'org.springframework.cloud.client.loadbalancer.LoadBalancerAutoConfiguration$LoadBalancerInterceptorConfig' of type [org.springframework.cloud.client.loadbalancer.LoadBalancerAutoConfiguration$LoadBalancerInterceptorConfig] is not eligible for getting processed by all BeanPostProcessors (for example: not eligible for auto-proxying). The currently created BeanPostProcessor [lbRestClientPostProcessor] is declared through a non-static factory method on that class; consider declaring it as static instead.
2025-04-13 23:29:16,647 WARN o.s.c.s.PostProcessorRegistrationDelegate$BeanPostProcessorChecker [restartedMain] Bean 'org.springframework.cloud.loadbalancer.config.BlockingLoadBalancerClientAutoConfiguration' of type [org.springframework.cloud.loadbalancer.config.BlockingLoadBalancerClientAutoConfiguration] is not eligible for getting processed by all BeanPostProcessors (for example: not eligible for auto-proxying). Is this bean getting eagerly injected into a currently created BeanPostProcessor [lbRestClientPostProcessor]? Check the corresponding BeanPostProcessor declaration and its dependencies.
2025-04-13 23:29:16,649 WARN o.s.c.s.PostProcessorRegistrationDelegate$BeanPostProcessorChecker [restartedMain] Bean 'org.springframework.cloud.loadbalancer.config.LoadBalancerAutoConfiguration' of type [org.springframework.cloud.loadbalancer.config.LoadBalancerAutoConfiguration] is not eligible for getting processed by all BeanPostProcessors (for example: not eligible for auto-proxying). Is this bean getting eagerly injected into a currently created BeanPostProcessor [lbRestClientPostProcessor]? Check the corresponding BeanPostProcessor declaration and its dependencies.
2025-04-13 23:29:16,656 WARN o.s.c.s.PostProcessorRegistrationDelegate$BeanPostProcessorChecker [restartedMain] Bean 'org.springframework.cloud.commons.config.CommonsConfigAutoConfiguration' of type [org.springframework.cloud.commons.config.CommonsConfigAutoConfiguration] is not eligible for getting processed by all BeanPostProcessors (for example: not eligible for auto-proxying). Is this bean getting eagerly injected into a currently created BeanPostProcessor [lbRestClientPostProcessor]? Check the corresponding BeanPostProcessor declaration and its dependencies.
2025-04-13 23:29:16,660 WARN o.s.c.s.PostProcessorRegistrationDelegate$BeanPostProcessorChecker [restartedMain] Bean 'org.springframework.cloud.client.loadbalancer.LoadBalancerDefaultMappingsProviderAutoConfiguration' of type [org.springframework.cloud.client.loadbalancer.LoadBalancerDefaultMappingsProviderAutoConfiguration] is not eligible for getting processed by all BeanPostProcessors (for example: not eligible for auto-proxying). Is this bean getting eagerly injected into a currently created BeanPostProcessor [lbRestClientPostProcessor]? Check the corresponding BeanPostProcessor declaration and its dependencies.
2025-04-13 23:29:16,661 WARN o.s.c.s.PostProcessorRegistrationDelegate$BeanPostProcessorChecker [restartedMain] Bean 'loadBalancerClientsDefaultsMappingsProvider' of type [org.springframework.cloud.client.loadbalancer.LoadBalancerDefaultMappingsProviderAutoConfiguration$$Lambda$775/0x0000014ecd4ec328] is not eligible for getting processed by all BeanPostProcessors (for example: not eligible for auto-proxying). Is this bean getting eagerly injected into a currently created BeanPostProcessor [lbRestClientPostProcessor]? Check the corresponding BeanPostProcessor declaration and its dependencies.
2025-04-13 23:29:16,663 WARN o.s.c.s.PostProcessorRegistrationDelegate$BeanPostProcessorChecker [restartedMain] Bean 'defaultsBindHandlerAdvisor' of type [org.springframework.cloud.commons.config.DefaultsBindHandlerAdvisor] is not eligible for getting processed by all BeanPostProcessors (for example: not eligible for auto-proxying). Is this bean getting eagerly injected into a currently created BeanPostProcessor [lbRestClientPostProcessor]? Check the corresponding BeanPostProcessor declaration and its dependencies.
2025-04-13 23:29:16,667 WARN o.s.c.s.PostProcessorRegistrationDelegate$BeanPostProcessorChecker [restartedMain] Bean 'spring.cloud.loadbalancer-org.springframework.cloud.client.loadbalancer.LoadBalancerClientsProperties' of type [org.springframework.cloud.client.loadbalancer.LoadBalancerClientsProperties] is not eligible for getting processed by all BeanPostProcessors (for example: not eligible for auto-proxying). Is this bean getting eagerly injected into a currently created BeanPostProcessor [lbRestClientPostProcessor]? Check the corresponding BeanPostProcessor declaration and its dependencies.
2025-04-13 23:29:16,674 WARN o.s.c.s.PostProcessorRegistrationDelegate$BeanPostProcessorChecker [restartedMain] Bean 'default.org.springframework.cloud.loadbalancer.config.LoadBalancerAutoConfiguration.LoadBalancerClientSpecification' of type [org.springframework.cloud.loadbalancer.annotation.LoadBalancerClientSpecification] is not eligible for getting processed by all BeanPostProcessors (for example: not eligible for auto-proxying). Is this bean getting eagerly injected into a currently created BeanPostProcessor [lbRestClientPostProcessor]? Check the corresponding BeanPostProcessor declaration and its dependencies.
2025-04-13 23:29:16,676 WARN o.s.c.s.PostProcessorRegistrationDelegate$BeanPostProcessorChecker [restartedMain] Bean 'default.org.springframework.cloud.loadbalancer.config.BlockingLoadBalancerClientAutoConfiguration.LoadBalancerClientSpecification' of type [org.springframework.cloud.loadbalancer.annotation.LoadBalancerClientSpecification] is not eligible for getting processed by all BeanPostProcessors (for example: not eligible for auto-proxying). Is this bean getting eagerly injected into a currently created BeanPostProcessor [lbRestClientPostProcessor]? Check the corresponding BeanPostProcessor declaration and its dependencies.
2025-04-13 23:29:16,677 WARN o.s.c.s.PostProcessorRegistrationDelegate$BeanPostProcessorChecker [restartedMain] Bean 'default.org.springframework.cloud.netflix.eureka.loadbalancer.LoadBalancerEurekaAutoConfiguration.LoadBalancerClientSpecification' of type [org.springframework.cloud.loadbalancer.annotation.LoadBalancerClientSpecification] is not eligible for getting processed by all BeanPostProcessors (for example: not eligible for auto-proxying). Is this bean getting eagerly injected into a currently created BeanPostProcessor [lbRestClientPostProcessor]? Check the corresponding BeanPostProcessor declaration and its dependencies.
2025-04-13 23:29:16,678 WARN o.s.c.s.PostProcessorRegistrationDelegate$BeanPostProcessorChecker [restartedMain] Bean 'loadBalancerClientFactory' of type [org.springframework.cloud.loadbalancer.support.LoadBalancerClientFactory] is not eligible for getting processed by all BeanPostProcessors (for example: not eligible for auto-proxying). Is this bean getting eagerly injected into a currently created BeanPostProcessor [lbRestClientPostProcessor]? Check the corresponding BeanPostProcessor declaration and its dependencies.
2025-04-13 23:29:16,686 WARN o.s.c.s.PostProcessorRegistrationDelegate$BeanPostProcessorChecker [restartedMain] Bean 'blockingLoadBalancerClient' of type [org.springframework.cloud.loadbalancer.blocking.client.BlockingLoadBalancerClient] is not eligible for getting processed by all BeanPostProcessors (for example: not eligible for auto-proxying). Is this bean getting eagerly injected into a currently created BeanPostProcessor [lbRestClientPostProcessor]? Check the corresponding BeanPostProcessor declaration and its dependencies.
2025-04-13 23:29:16,694 WARN o.s.c.s.PostProcessorRegistrationDelegate$BeanPostProcessorChecker [restartedMain] Bean 'loadBalancerServiceInstanceCookieTransformer' of type [org.springframework.cloud.loadbalancer.core.LoadBalancerServiceInstanceCookieTransformer] is not eligible for getting processed by all BeanPostProcessors (for example: not eligible for auto-proxying). Is this bean getting eagerly injected into a currently created BeanPostProcessor [lbRestClientPostProcessor]? Check the corresponding BeanPostProcessor declaration and its dependencies.
2025-04-13 23:29:16,696 WARN o.s.c.s.PostProcessorRegistrationDelegate$BeanPostProcessorChecker [restartedMain] Bean 'xForwarderHeadersTransformer' of type [org.springframework.cloud.loadbalancer.blocking.XForwardedHeadersTransformer] is not eligible for getting processed by all BeanPostProcessors (for example: not eligible for auto-proxying). Is this bean getting eagerly injected into a currently created BeanPostProcessor [lbRestClientPostProcessor]? Check the corresponding BeanPostProcessor declaration and its dependencies.
2025-04-13 23:29:16,697 WARN o.s.c.s.PostProcessorRegistrationDelegate$BeanPostProcessorChecker [restartedMain] Bean 'org.springframework.cloud.client.loadbalancer.LoadBalancerAutoConfiguration' of type [org.springframework.cloud.client.loadbalancer.LoadBalancerAutoConfiguration] is not eligible for getting processed by all BeanPostProcessors (for example: not eligible for auto-proxying). Is this bean getting eagerly injected into a currently created BeanPostProcessor [lbRestClientPostProcessor]? Check the corresponding BeanPostProcessor declaration and its dependencies.
2025-04-13 23:29:16,703 WARN o.s.c.s.PostProcessorRegistrationDelegate$BeanPostProcessorChecker [restartedMain] Bean 'loadBalancerRequestFactory' of type [org.springframework.cloud.client.loadbalancer.LoadBalancerRequestFactory] is not eligible for getting processed by all BeanPostProcessors (for example: not eligible for auto-proxying). Is this bean getting eagerly injected into a currently created BeanPostProcessor [lbRestClientPostProcessor]? Check the corresponding BeanPostProcessor declaration and its dependencies.
2025-04-13 23:29:16,706 WARN o.s.c.s.PostProcessorRegistrationDelegate$BeanPostProcessorChecker [restartedMain] Bean 'loadBalancerInterceptor' of type [org.springframework.cloud.client.loadbalancer.LoadBalancerInterceptor] is not eligible for getting processed by all BeanPostProcessors (for example: not eligible for auto-proxying). Is this bean getting eagerly injected into a currently created BeanPostProcessor [lbRestClientPostProcessor]? Check the corresponding BeanPostProcessor declaration and its dependencies.
2025-04-13 23:29:16,874 INFO o.s.b.w.e.t.TomcatWebServer [restartedMain] Tomcat initialized with port 8888 (http)
2025-04-13 23:29:16,874 INFO o.a.j.l.DirectJDKLog [restartedMain] Initializing ProtocolHandler ["http-nio-8888"]
2025-04-13 23:29:16,875 INFO o.a.j.l.DirectJDKLog [restartedMain] Starting service [Tomcat]
2025-04-13 23:29:16,876 INFO o.a.j.l.DirectJDKLog [restartedMain] Starting Servlet engine: [Apache Tomcat/10.1.19]
2025-04-13 23:29:16,936 INFO o.a.j.l.DirectJDKLog [restartedMain] Initializing Spring embedded WebApplicationContext
2025-04-13 23:29:16,937 INFO o.s.b.w.s.c.ServletWebServerApplicationContext [restartedMain] Root WebApplicationContext: initialization completed in 1791 ms
2025-04-13 23:29:17,019 INFO c.z.h.HikariDataSource [restartedMain] HikariPool-2 - Starting...
2025-04-13 23:29:17,077 INFO c.z.h.p.HikariPool [restartedMain] HikariPool-2 - Added connection com.mysql.cj.jdbc.ConnectionImpl@68eec4d
2025-04-13 23:29:17,079 INFO c.z.h.HikariDataSource [restartedMain] HikariPool-2 - Start completed.
2025-04-13 23:29:17,503 INFO l.l.c.JavaLogger [restartedMain] Reading from mydatabase.DATABASECHANGELOG
2025-04-13 23:29:17,587 INFO l.l.c.JavaLogger [restartedMain] UPDATE SUMMARY
2025-04-13 23:29:17,588 INFO l.l.c.JavaLogger [restartedMain] Run:                          0
2025-04-13 23:29:17,589 INFO l.l.c.JavaLogger [restartedMain] Previously run:               3
2025-04-13 23:29:17,590 INFO l.l.c.JavaLogger [restartedMain] Filtered out:                 0
2025-04-13 23:29:17,590 INFO l.l.c.JavaLogger [restartedMain] -------------------------------
2025-04-13 23:29:17,590 INFO l.l.c.JavaLogger [restartedMain] Total change sets:            3
2025-04-13 23:29:17,590 INFO l.l.c.JavaLogger [restartedMain] Update summary generated
2025-04-13 23:29:17,636 INFO l.l.c.JavaLogger [restartedMain] Successfully released change log lock
2025-04-13 23:29:17,642 INFO l.l.c.JavaLogger [restartedMain] Command execution complete
2025-04-13 23:29:17,708 INFO o.h.j.i.u.LogHelper [restartedMain] HHH000204: Processing PersistenceUnitInfo [name: default]
2025-04-13 23:29:17,714 INFO o.h.c.i.RegionFactoryInitiator [restartedMain] HHH000026: Second-level cache disabled
2025-04-13 23:29:17,722 INFO o.s.o.j.p.SpringPersistenceUnitInfo [restartedMain] No LoadTimeWeaver setup: ignoring JPA class transformer
2025-04-13 23:29:17,724 WARN o.h.e.j.d.i.DialectFactoryImpl [restartedMain] HHH90000025: MySQL8Dialect does not need to be specified explicitly using 'hibernate.dialect' (remove the property setting and it will be selected by default)
2025-04-13 23:29:17,726 WARN o.h.e.j.d.i.DialectFactoryImpl [restartedMain] HHH90000026: MySQL8Dialect has been deprecated; use org.hibernate.dialect.MySQLDialect instead
2025-04-13 23:29:17,983 INFO o.h.e.t.j.p.i.JtaPlatformInitiator [restartedMain] HHH000489: No JTA platform available (set 'hibernate.transaction.jta.platform' to enable JTA platform integration)
2025-04-13 23:29:17,984 INFO o.s.o.j.AbstractEntityManagerFactoryBean [restartedMain] Initialized JPA EntityManagerFactory for persistence unit 'default'
2025-04-13 23:29:18,385 WARN o.s.c.s.AbstractApplicationContext [restartedMain] Exception encountered during context initialization - cancelling refresh attempt: org.springframework.beans.factory.UnsatisfiedDependencyException: Error creating bean with name 'customUserDetailsService': Unsatisfied dependency expressed through field 'userService': Error creating bean with name 'userService': Unsatisfied dependency expressed through field 'organizationService': No qualifying bean of type 'com.user_organization_management.service.OrganizationService' available: expected at least 1 bean which qualifies as autowire candidate. Dependency annotations: {@org.springframework.beans.factory.annotation.Autowired(required=true)}
2025-04-13 23:29:18,386 INFO o.s.o.j.AbstractEntityManagerFactoryBean [restartedMain] Closing JPA EntityManagerFactory for persistence unit 'default'
2025-04-13 23:29:18,386 INFO c.z.h.HikariDataSource [restartedMain] HikariPool-2 - Shutdown initiated...
2025-04-13 23:29:18,487 INFO c.z.h.HikariDataSource [restartedMain] HikariPool-2 - Shutdown completed.
2025-04-13 23:29:18,488 INFO o.a.j.l.DirectJDKLog [restartedMain] Stopping service [Tomcat]
2025-04-13 23:29:18,499 INFO o.s.b.a.l.ConditionEvaluationReportLogger [restartedMain] 

Error starting ApplicationContext. To display the condition evaluation report re-run your application with 'debug' enabled.
2025-04-13 23:29:18,511 ERROR o.s.b.d.LoggingFailureAnalysisReporter [restartedMain] 

***************************
APPLICATION FAILED TO START
***************************

Description:

Field organizationService in com.user_organization_management.service.UserService required a bean of type 'com.user_organization_management.service.OrganizationService' that could not be found.

The injection point has the following annotations:
	- @org.springframework.beans.factory.annotation.Autowired(required=true)


Action:

Consider defining a bean of type 'com.user_organization_management.service.OrganizationService' in your configuration.

2025-04-13 23:29:25,436 INFO o.s.b.StartupInfoLogger [restartedMain] Starting UserOrgManagementApplication using Java 17.0.12 with PID 25288 (D:\Courses\BackEnd\Spring\Sb\User_Management_System\user-org-management\target\classes started by mtoaima in D:\Courses\BackEnd\Spring\Sb\User_Management_System\user-org-management)
2025-04-13 23:29:25,436 INFO o.s.b.SpringApplication [restartedMain] No active profile set, falling back to 1 default profile: "default"
2025-04-13 23:29:25,439 INFO o.s.b.l.DeferredLog [restartedMain] Fetching config from server at : http://localhost:8081
2025-04-13 23:29:25,439 INFO o.s.b.l.DeferredLog [restartedMain] Located environment: name=user-management, profiles=[default], label=null, version=ef3ccb72180485ea77e71aa24e8a6021544ae2b5, state=
2025-04-13 23:29:25,766 INFO o.s.d.r.c.RepositoryConfigurationDelegate [restartedMain] Bootstrapping Spring Data JPA repositories in DEFAULT mode.
2025-04-13 23:29:25,816 INFO o.s.d.r.c.RepositoryConfigurationDelegate [restartedMain] Finished Spring Data repository scanning in 49 ms. Found 3 JPA repository interfaces.
2025-04-13 23:29:25,912 INFO o.s.c.c.s.GenericScope [restartedMain] BeanFactory id=f74d915f-4514-3717-bfc9-0ab6e98804f7
2025-04-13 23:29:25,943 WARN o.s.c.s.PostProcessorRegistrationDelegate$BeanPostProcessorChecker [restartedMain] Bean 'org.springframework.cloud.client.loadbalancer.LoadBalancerAutoConfiguration$LoadBalancerInterceptorConfig' of type [org.springframework.cloud.client.loadbalancer.LoadBalancerAutoConfiguration$LoadBalancerInterceptorConfig] is not eligible for getting processed by all BeanPostProcessors (for example: not eligible for auto-proxying). The currently created BeanPostProcessor [lbRestClientPostProcessor] is declared through a non-static factory method on that class; consider declaring it as static instead.
2025-04-13 23:29:25,944 WARN o.s.c.s.PostProcessorRegistrationDelegate$BeanPostProcessorChecker [restartedMain] Bean 'org.springframework.cloud.loadbalancer.config.BlockingLoadBalancerClientAutoConfiguration' of type [org.springframework.cloud.loadbalancer.config.BlockingLoadBalancerClientAutoConfiguration] is not eligible for getting processed by all BeanPostProcessors (for example: not eligible for auto-proxying). Is this bean getting eagerly injected into a currently created BeanPostProcessor [lbRestClientPostProcessor]? Check the corresponding BeanPostProcessor declaration and its dependencies.
2025-04-13 23:29:25,946 WARN o.s.c.s.PostProcessorRegistrationDelegate$BeanPostProcessorChecker [restartedMain] Bean 'org.springframework.cloud.loadbalancer.config.LoadBalancerAutoConfiguration' of type [org.springframework.cloud.loadbalancer.config.LoadBalancerAutoConfiguration] is not eligible for getting processed by all BeanPostProcessors (for example: not eligible for auto-proxying). Is this bean getting eagerly injected into a currently created BeanPostProcessor [lbRestClientPostProcessor]? Check the corresponding BeanPostProcessor declaration and its dependencies.
2025-04-13 23:29:25,949 WARN o.s.c.s.PostProcessorRegistrationDelegate$BeanPostProcessorChecker [restartedMain] Bean 'org.springframework.cloud.commons.config.CommonsConfigAutoConfiguration' of type [org.springframework.cloud.commons.config.CommonsConfigAutoConfiguration] is not eligible for getting processed by all BeanPostProcessors (for example: not eligible for auto-proxying). Is this bean getting eagerly injected into a currently created BeanPostProcessor [lbRestClientPostProcessor]? Check the corresponding BeanPostProcessor declaration and its dependencies.
2025-04-13 23:29:25,950 WARN o.s.c.s.PostProcessorRegistrationDelegate$BeanPostProcessorChecker [restartedMain] Bean 'org.springframework.cloud.client.loadbalancer.LoadBalancerDefaultMappingsProviderAutoConfiguration' of type [org.springframework.cloud.client.loadbalancer.LoadBalancerDefaultMappingsProviderAutoConfiguration] is not eligible for getting processed by all BeanPostProcessors (for example: not eligible for auto-proxying). Is this bean getting eagerly injected into a currently created BeanPostProcessor [lbRestClientPostProcessor]? Check the corresponding BeanPostProcessor declaration and its dependencies.
2025-04-13 23:29:25,950 WARN o.s.c.s.PostProcessorRegistrationDelegate$BeanPostProcessorChecker [restartedMain] Bean 'loadBalancerClientsDefaultsMappingsProvider' of type [org.springframework.cloud.client.loadbalancer.LoadBalancerDefaultMappingsProviderAutoConfiguration$$Lambda$775/0x0000014ecd4ec328] is not eligible for getting processed by all BeanPostProcessors (for example: not eligible for auto-proxying). Is this bean getting eagerly injected into a currently created BeanPostProcessor [lbRestClientPostProcessor]? Check the corresponding BeanPostProcessor declaration and its dependencies.
2025-04-13 23:29:25,953 WARN o.s.c.s.PostProcessorRegistrationDelegate$BeanPostProcessorChecker [restartedMain] Bean 'defaultsBindHandlerAdvisor' of type [org.springframework.cloud.commons.config.DefaultsBindHandlerAdvisor] is not eligible for getting processed by all BeanPostProcessors (for example: not eligible for auto-proxying). Is this bean getting eagerly injected into a currently created BeanPostProcessor [lbRestClientPostProcessor]? Check the corresponding BeanPostProcessor declaration and its dependencies.
2025-04-13 23:29:25,956 WARN o.s.c.s.PostProcessorRegistrationDelegate$BeanPostProcessorChecker [restartedMain] Bean 'spring.cloud.loadbalancer-org.springframework.cloud.client.loadbalancer.LoadBalancerClientsProperties' of type [org.springframework.cloud.client.loadbalancer.LoadBalancerClientsProperties] is not eligible for getting processed by all BeanPostProcessors (for example: not eligible for auto-proxying). Is this bean getting eagerly injected into a currently created BeanPostProcessor [lbRestClientPostProcessor]? Check the corresponding BeanPostProcessor declaration and its dependencies.
2025-04-13 23:29:25,958 WARN o.s.c.s.PostProcessorRegistrationDelegate$BeanPostProcessorChecker [restartedMain] Bean 'default.org.springframework.cloud.loadbalancer.config.LoadBalancerAutoConfiguration.LoadBalancerClientSpecification' of type [org.springframework.cloud.loadbalancer.annotation.LoadBalancerClientSpecification] is not eligible for getting processed by all BeanPostProcessors (for example: not eligible for auto-proxying). Is this bean getting eagerly injected into a currently created BeanPostProcessor [lbRestClientPostProcessor]? Check the corresponding BeanPostProcessor declaration and its dependencies.
2025-04-13 23:29:25,959 WARN o.s.c.s.PostProcessorRegistrationDelegate$BeanPostProcessorChecker [restartedMain] Bean 'default.org.springframework.cloud.loadbalancer.config.BlockingLoadBalancerClientAutoConfiguration.LoadBalancerClientSpecification' of type [org.springframework.cloud.loadbalancer.annotation.LoadBalancerClientSpecification] is not eligible for getting processed by all BeanPostProcessors (for example: not eligible for auto-proxying). Is this bean getting eagerly injected into a currently created BeanPostProcessor [lbRestClientPostProcessor]? Check the corresponding BeanPostProcessor declaration and its dependencies.
2025-04-13 23:29:25,960 WARN o.s.c.s.PostProcessorRegistrationDelegate$BeanPostProcessorChecker [restartedMain] Bean 'default.org.springframework.cloud.netflix.eureka.loadbalancer.LoadBalancerEurekaAutoConfiguration.LoadBalancerClientSpecification' of type [org.springframework.cloud.loadbalancer.annotation.LoadBalancerClientSpecification] is not eligible for getting processed by all BeanPostProcessors (for example: not eligible for auto-proxying). Is this bean getting eagerly injected into a currently created BeanPostProcessor [lbRestClientPostProcessor]? Check the corresponding BeanPostProcessor declaration and its dependencies.
2025-04-13 23:29:25,960 WARN o.s.c.s.PostProcessorRegistrationDelegate$BeanPostProcessorChecker [restartedMain] Bean 'loadBalancerClientFactory' of type [org.springframework.cloud.loadbalancer.support.LoadBalancerClientFactory] is not eligible for getting processed by all BeanPostProcessors (for example: not eligible for auto-proxying). Is this bean getting eagerly injected into a currently created BeanPostProcessor [lbRestClientPostProcessor]? Check the corresponding BeanPostProcessor declaration and its dependencies.
2025-04-13 23:29:25,964 WARN o.s.c.s.PostProcessorRegistrationDelegate$BeanPostProcessorChecker [restartedMain] Bean 'blockingLoadBalancerClient' of type [org.springframework.cloud.loadbalancer.blocking.client.BlockingLoadBalancerClient] is not eligible for getting processed by all BeanPostProcessors (for example: not eligible for auto-proxying). Is this bean getting eagerly injected into a currently created BeanPostProcessor [lbRestClientPostProcessor]? Check the corresponding BeanPostProcessor declaration and its dependencies.
2025-04-13 23:29:25,970 WARN o.s.c.s.PostProcessorRegistrationDelegate$BeanPostProcessorChecker [restartedMain] Bean 'loadBalancerServiceInstanceCookieTransformer' of type [org.springframework.cloud.loadbalancer.core.LoadBalancerServiceInstanceCookieTransformer] is not eligible for getting processed by all BeanPostProcessors (for example: not eligible for auto-proxying). Is this bean getting eagerly injected into a currently created BeanPostProcessor [lbRestClientPostProcessor]? Check the corresponding BeanPostProcessor declaration and its dependencies.
2025-04-13 23:29:25,972 WARN o.s.c.s.PostProcessorRegistrationDelegate$BeanPostProcessorChecker [restartedMain] Bean 'xForwarderHeadersTransformer' of type [org.springframework.cloud.loadbalancer.blocking.XForwardedHeadersTransformer] is not eligible for getting processed by all BeanPostProcessors (for example: not eligible for auto-proxying). Is this bean getting eagerly injected into a currently created BeanPostProcessor [lbRestClientPostProcessor]? Check the corresponding BeanPostProcessor declaration and its dependencies.
2025-04-13 23:29:25,973 WARN o.s.c.s.PostProcessorRegistrationDelegate$BeanPostProcessorChecker [restartedMain] Bean 'org.springframework.cloud.client.loadbalancer.LoadBalancerAutoConfiguration' of type [org.springframework.cloud.client.loadbalancer.LoadBalancerAutoConfiguration] is not eligible for getting processed by all BeanPostProcessors (for example: not eligible for auto-proxying). Is this bean getting eagerly injected into a currently created BeanPostProcessor [lbRestClientPostProcessor]? Check the corresponding BeanPostProcessor declaration and its dependencies.
2025-04-13 23:29:25,974 WARN o.s.c.s.PostProcessorRegistrationDelegate$BeanPostProcessorChecker [restartedMain] Bean 'loadBalancerRequestFactory' of type [org.springframework.cloud.client.loadbalancer.LoadBalancerRequestFactory] is not eligible for getting processed by all BeanPostProcessors (for example: not eligible for auto-proxying). Is this bean getting eagerly injected into a currently created BeanPostProcessor [lbRestClientPostProcessor]? Check the corresponding BeanPostProcessor declaration and its dependencies.
2025-04-13 23:29:25,974 WARN o.s.c.s.PostProcessorRegistrationDelegate$BeanPostProcessorChecker [restartedMain] Bean 'loadBalancerInterceptor' of type [org.springframework.cloud.client.loadbalancer.LoadBalancerInterceptor] is not eligible for getting processed by all BeanPostProcessors (for example: not eligible for auto-proxying). Is this bean getting eagerly injected into a currently created BeanPostProcessor [lbRestClientPostProcessor]? Check the corresponding BeanPostProcessor declaration and its dependencies.
2025-04-13 23:29:26,078 INFO o.s.b.w.e.t.TomcatWebServer [restartedMain] Tomcat initialized with port 8888 (http)
2025-04-13 23:29:26,080 INFO o.a.j.l.DirectJDKLog [restartedMain] Initializing ProtocolHandler ["http-nio-8888"]
2025-04-13 23:29:26,081 INFO o.a.j.l.DirectJDKLog [restartedMain] Starting service [Tomcat]
2025-04-13 23:29:26,081 INFO o.a.j.l.DirectJDKLog [restartedMain] Starting Servlet engine: [Apache Tomcat/10.1.19]
2025-04-13 23:29:26,128 INFO o.a.j.l.DirectJDKLog [restartedMain] Initializing Spring embedded WebApplicationContext
2025-04-13 23:29:26,129 INFO o.s.b.w.s.c.ServletWebServerApplicationContext [restartedMain] Root WebApplicationContext: initialization completed in 689 ms
2025-04-13 23:29:26,198 INFO c.z.h.HikariDataSource [restartedMain] HikariPool-3 - Starting...
2025-04-13 23:29:26,229 INFO c.z.h.p.HikariPool [restartedMain] HikariPool-3 - Added connection com.mysql.cj.jdbc.ConnectionImpl@418376c1
2025-04-13 23:29:26,230 INFO c.z.h.HikariDataSource [restartedMain] HikariPool-3 - Start completed.
2025-04-13 23:29:26,708 INFO l.l.c.JavaLogger [restartedMain] Reading from mydatabase.DATABASECHANGELOG
2025-04-13 23:29:26,738 INFO l.l.c.JavaLogger [restartedMain] UPDATE SUMMARY
2025-04-13 23:29:26,738 INFO l.l.c.JavaLogger [restartedMain] Run:                          0
2025-04-13 23:29:26,738 INFO l.l.c.JavaLogger [restartedMain] Previously run:               3
2025-04-13 23:29:26,739 INFO l.l.c.JavaLogger [restartedMain] Filtered out:                 0
2025-04-13 23:29:26,739 INFO l.l.c.JavaLogger [restartedMain] -------------------------------
2025-04-13 23:29:26,739 INFO l.l.c.JavaLogger [restartedMain] Total change sets:            3
2025-04-13 23:29:26,739 INFO l.l.c.JavaLogger [restartedMain] Update summary generated
2025-04-13 23:29:26,747 INFO l.l.c.JavaLogger [restartedMain] Successfully released change log lock
2025-04-13 23:29:26,749 INFO l.l.c.JavaLogger [restartedMain] Command execution complete
2025-04-13 23:29:26,798 INFO o.h.j.i.u.LogHelper [restartedMain] HHH000204: Processing PersistenceUnitInfo [name: default]
2025-04-13 23:29:26,802 INFO o.h.c.i.RegionFactoryInitiator [restartedMain] HHH000026: Second-level cache disabled
2025-04-13 23:29:26,809 INFO o.s.o.j.p.SpringPersistenceUnitInfo [restartedMain] No LoadTimeWeaver setup: ignoring JPA class transformer
2025-04-13 23:29:26,811 WARN o.h.e.j.d.i.DialectFactoryImpl [restartedMain] HHH90000025: MySQL8Dialect does not need to be specified explicitly using 'hibernate.dialect' (remove the property setting and it will be selected by default)
2025-04-13 23:29:26,811 WARN o.h.e.j.d.i.DialectFactoryImpl [restartedMain] HHH90000026: MySQL8Dialect has been deprecated; use org.hibernate.dialect.MySQLDialect instead
2025-04-13 23:29:26,952 INFO o.h.e.t.j.p.i.JtaPlatformInitiator [restartedMain] HHH000489: No JTA platform available (set 'hibernate.transaction.jta.platform' to enable JTA platform integration)
2025-04-13 23:29:26,954 INFO o.s.o.j.AbstractEntityManagerFactoryBean [restartedMain] Initialized JPA EntityManagerFactory for persistence unit 'default'
2025-04-13 23:29:27,300 WARN o.s.b.a.o.j.JpaBaseConfiguration$JpaWebConfiguration [restartedMain] spring.jpa.open-in-view is enabled by default. Therefore, database queries may be performed during view rendering. Explicitly configure spring.jpa.open-in-view to disable this warning
2025-04-13 23:29:27,366 DEBUG o.s.w.s.h.AbstractHandlerMethodMapping [restartedMain] 16 mappings in 'requestMappingHandlerMapping'
2025-04-13 23:29:27,499 DEBUG o.s.w.s.h.SimpleUrlHandlerMapping [restartedMain] Patterns [/webjars/**, /**] in 'resourceHandlerMapping'
2025-04-13 23:29:27,537 INFO o.s.s.w.DefaultSecurityFilterChain [restartedMain] Will secure any request with [org.springframework.security.web.session.DisableEncodeUrlFilter@5f11d5bd, org.springframework.security.web.context.request.async.WebAsyncManagerIntegrationFilter@4ccd5436, org.springframework.security.web.context.SecurityContextHolderFilter@4c4aaa54, org.springframework.security.web.header.HeaderWriterFilter@5b6423cc, org.springframework.security.web.authentication.logout.LogoutFilter@2666b53c, com.user_organization_management.security.JwtRequestFilter@6b4f225c, org.springframework.security.web.savedrequest.RequestCacheAwareFilter@122204b9, org.springframework.security.web.servletapi.SecurityContextHolderAwareRequestFilter@456791ad, org.springframework.security.web.authentication.AnonymousAuthenticationFilter@73452878, org.springframework.security.web.access.ExceptionTranslationFilter@16783d45, org.springframework.security.web.access.intercept.AuthorizationFilter@5d707d4d]
2025-04-13 23:29:27,672 DEBUG o.s.w.s.m.m.a.RequestMappingHandlerAdapter [restartedMain] ControllerAdvice beans: 0 @ModelAttribute, 0 @InitBinder, 1 RequestBodyAdvice, 1 ResponseBodyAdvice
2025-04-13 23:29:27,692 DEBUG o.s.w.s.m.m.a.ExceptionHandlerExceptionResolver [restartedMain] ControllerAdvice beans: 1 @ExceptionHandler, 1 ResponseBodyAdvice
2025-04-13 23:29:27,869 WARN o.s.b.d.a.OptionalLiveReloadServer [restartedMain] Unable to start LiveReload server
2025-04-13 23:29:28,273 INFO o.s.c.n.e.c.DiscoveryClientOptionalArgsConfiguration [restartedMain] Eureka HTTP Client uses RestTemplate.
2025-04-13 23:29:28,837 WARN o.s.c.l.c.LoadBalancerCacheAutoConfiguration$LoadBalancerCaffeineWarnLogger [restartedMain] Spring Cloud LoadBalancer is currently working with the default cache. While this cache implementation is useful for development and tests, it's recommended to use Caffeine cache in production.You can switch to using Caffeine cache, by adding it and org.springframework.cache.caffeine.CaffeineCacheManager to the classpath.
2025-04-13 23:29:28,858 INFO o.s.c.n.e.InstanceInfoFactory [restartedMain] Setting initial instance status as: STARTING
2025-04-13 23:29:28,863 INFO c.n.d.DiscoveryClient [restartedMain] Initializing Eureka in region us-east-1
2025-04-13 23:29:28,864 INFO c.n.d.s.r.a.ConfigClusterResolver [restartedMain] Resolving eureka endpoints via configuration
2025-04-13 23:29:28,908 INFO c.n.d.DiscoveryClient [restartedMain] Disable delta property : false
2025-04-13 23:29:28,909 INFO c.n.d.DiscoveryClient [restartedMain] Single vip registry refresh property : null
2025-04-13 23:29:28,909 INFO c.n.d.DiscoveryClient [restartedMain] Force full registry fetch : false
2025-04-13 23:29:28,909 INFO c.n.d.DiscoveryClient [restartedMain] Application is null : false
2025-04-13 23:29:28,909 INFO c.n.d.DiscoveryClient [restartedMain] Registered Applications size is zero : true
2025-04-13 23:29:28,909 INFO c.n.d.DiscoveryClient [restartedMain] Application version is -1: true
2025-04-13 23:29:28,909 INFO c.n.d.DiscoveryClient [restartedMain] Getting all instance registry info from the eureka server
2025-04-13 23:29:28,943 DEBUG o.s.c.l.CompositeLog [restartedMain] HTTP GET http://localhost:8761/eureka/apps/
2025-04-13 23:29:28,989 DEBUG o.s.c.l.CompositeLog [restartedMain] Accept=[application/json, application/*+json]
2025-04-13 23:29:29,012 DEBUG o.s.c.l.CompositeLog [restartedMain] Response 200 OK
2025-04-13 23:29:29,012 DEBUG o.s.c.l.CompositeLog [restartedMain] Reading to [org.springframework.cloud.netflix.eureka.http.EurekaApplications]
2025-04-13 23:29:29,015 INFO c.n.d.DiscoveryClient [restartedMain] The response status is 200
2025-04-13 23:29:29,017 INFO c.n.d.DiscoveryClient [restartedMain] Starting heartbeat executor: renew interval is: 30
2025-04-13 23:29:29,018 INFO c.n.d.InstanceInfoReplicator [restartedMain] InstanceInfoReplicator onDemand update allowed rate per min is 4
2025-04-13 23:29:29,020 INFO c.n.d.DiscoveryClient [restartedMain] Discovery Client initialized at timestamp 1744579769019 with initial instances count: 4
2025-04-13 23:29:29,033 INFO o.s.c.n.e.s.EurekaServiceRegistry [restartedMain] Registering application USER-MANAGEMENT with eureka with status UP
2025-04-13 23:29:29,034 INFO c.n.d.DiscoveryClient$3 [restartedMain] Saw local status change event StatusChangeEvent [timestamp=1744579769034, current=UP, previous=STARTING]
2025-04-13 23:29:29,034 INFO o.a.j.l.DirectJDKLog [restartedMain] Starting ProtocolHandler ["http-nio-8888"]
2025-04-13 23:29:29,052 INFO o.s.b.w.e.t.TomcatWebServer [restartedMain] Tomcat started on port 8888 (http) with context path ''
2025-04-13 23:29:29,053 INFO o.s.c.n.e.s.EurekaAutoServiceRegistration [restartedMain] Updating port to 8888
2025-04-13 23:29:29,084 INFO c.n.d.DiscoveryClient [DiscoveryClient-InstanceInfoReplicator-0] DiscoveryClient_USER-MANAGEMENT/192.168.1.4:user-management:8888: registering service...
2025-04-13 23:29:29,089 DEBUG o.s.c.l.CompositeLog [DiscoveryClient-InstanceInfoReplicator-0] HTTP POST http://localhost:8761/eureka/apps/USER-MANAGEMENT
2025-04-13 23:29:29,090 DEBUG o.s.c.l.CompositeLog [DiscoveryClient-InstanceInfoReplicator-0] Accept=[application/json, application/*+json]
2025-04-13 23:29:29,096 DEBUG o.s.c.l.CompositeLog [DiscoveryClient-InstanceInfoReplicator-0] Writing [InstanceInfo [instanceId = 192.168.1.4:user-management:8888, appName = USER-MANAGEMENT, hostName = 192.168.1.4, status = UP, ipAddr = 192.168.1.4, port = 8888, securePort = 443, dataCenterInfo = com.netflix.appinfo.MyDataCenterInfo@504d51d0] as "application/json"
2025-04-13 23:29:29,106 DEBUG o.s.c.l.CompositeLog [DiscoveryClient-InstanceInfoReplicator-0] Response 204 NO_CONTENT
2025-04-13 23:29:29,109 INFO c.n.d.DiscoveryClient [DiscoveryClient-InstanceInfoReplicator-0] DiscoveryClient_USER-MANAGEMENT/192.168.1.4:user-management:8888 - registration status: 204
2025-04-13 23:29:29,565 INFO o.s.b.StartupInfoLogger [restartedMain] Started UserOrgManagementApplication in 7.56 seconds (process running for 107.624)
2025-04-13 23:29:29,568 INFO o.s.b.d.a.ConditionEvaluationDeltaLoggingListener [restartedMain] Condition evaluation unchanged
2025-04-13 23:29:30,236 INFO c.u.s.UserService [main] check User with id :{ %s }
2025-04-13 23:29:30,260 INFO c.u.s.UserService [main] check User with id :{ %s }
2025-04-13 23:29:30,261 INFO c.u.s.UserService [main] user  deleted: { %s }
2025-04-13 23:29:30,288 INFO c.u.s.UserService [main] ============== >> Updating user with ID: { %s }
2025-04-13 23:29:30,291 INFO c.u.s.UserService [main] ============== >> User { %s } assigned to organization ID: { %s }
2025-04-13 23:29:30,313 INFO c.u.s.UserService [main] un assign user: { %s }
2025-04-13 23:29:30,314 INFO c.u.s.UserService [main] user after un assign : { %s }
2025-04-13 23:29:30,322 INFO c.u.s.UserService [main] ============== >> create a new user with email: { %s }
2025-04-13 23:29:30,326 INFO c.u.s.UserService [main] ============== >> User { %s } is being assigned to organization with ID: { %s }
2025-04-13 23:29:30,335 INFO c.u.s.UserService [main] ============== >> Assigning user with ID { %s } to organization with ID { %s }
2025-04-13 23:29:30,344 INFO c.u.s.UserService [main] ============== >> create a new user with email: { %s }
2025-04-13 23:29:30,345 WARN c.u.s.UserService [main] Email { %s } already exists.
2025-04-13 23:29:30,360 WARN c.u.s.UserService [main] Email { %s } already exists.
2025-04-13 23:29:30,515 INFO o.s.t.c.s.AnnotationConfigContextLoaderUtils [main] Could not detect default configuration classes for test class [com.user_organization_management.UserOrgManagementApplicationTests]: UserOrgManagementApplicationTests does not declare any static, non-private, non-final, nested classes annotated with @Configuration.
2025-04-13 23:29:30,650 INFO o.s.b.t.c.SpringBootTestContextBootstrapper [main] Found @SpringBootConfiguration com.user_organization_management.UserOrgManagementApplication for test class com.user_organization_management.UserOrgManagementApplicationTests
2025-04-13 23:29:30,876 INFO o.s.b.d.r.RestartApplicationListener [main] Restart disabled due to context in which it is running
2025-04-13 23:29:34,463 INFO o.h.v.i.u.Version [background-preinit] HV000001: Hibernate Validator 8.0.1.Final
2025-04-13 23:29:34,500 INFO o.s.b.StartupInfoLogger [main] Starting UserOrgManagementApplicationTests using Java 17.0.12 with PID 12168 (started by mtoaima in D:\Courses\BackEnd\Spring\Sb\User_Management_System\user-org-management)
2025-04-13 23:29:34,501 INFO o.s.b.SpringApplication [main] No active profile set, falling back to 1 default profile: "default"
2025-04-13 23:29:34,539 INFO o.s.b.l.DeferredLog [main] Fetching config from server at : http://localhost:8081
2025-04-13 23:29:34,540 INFO o.s.b.l.DeferredLog [main] Located environment: name=user-management, profiles=[default], label=null, version=ef3ccb72180485ea77e71aa24e8a6021544ae2b5, state=
2025-04-13 23:29:34,543 DEBUG o.s.c.s.AbstractApplicationContext [main] Refreshing org.springframework.web.context.support.GenericWebApplicationContext@6bb4cc0e
2025-04-13 23:29:35,380 INFO o.s.d.r.c.RepositoryConfigurationDelegate [main] Bootstrapping Spring Data JPA repositories in DEFAULT mode.
2025-04-13 23:29:35,528 INFO o.s.d.r.c.RepositoryConfigurationDelegate [main] Finished Spring Data repository scanning in 138 ms. Found 3 JPA repository interfaces.
2025-04-13 23:29:35,815 INFO o.s.c.c.s.GenericScope [main] BeanFactory id=799680f3-3f5c-373d-b9d9-8bd0bc8fa448
2025-04-13 23:29:36,133 WARN o.s.c.s.PostProcessorRegistrationDelegate$BeanPostProcessorChecker [main] Bean 'org.springframework.cloud.client.loadbalancer.LoadBalancerAutoConfiguration$LoadBalancerInterceptorConfig' of type [org.springframework.cloud.client.loadbalancer.LoadBalancerAutoConfiguration$LoadBalancerInterceptorConfig] is not eligible for getting processed by all BeanPostProcessors (for example: not eligible for auto-proxying). The currently created BeanPostProcessor [lbRestClientPostProcessor] is declared through a non-static factory method on that class; consider declaring it as static instead.
2025-04-13 23:29:36,137 WARN o.s.c.s.PostProcessorRegistrationDelegate$BeanPostProcessorChecker [main] Bean 'org.springframework.cloud.loadbalancer.config.BlockingLoadBalancerClientAutoConfiguration' of type [org.springframework.cloud.loadbalancer.config.BlockingLoadBalancerClientAutoConfiguration] is not eligible for getting processed by all BeanPostProcessors (for example: not eligible for auto-proxying). Is this bean getting eagerly injected into a currently created BeanPostProcessor [lbRestClientPostProcessor]? Check the corresponding BeanPostProcessor declaration and its dependencies.
2025-04-13 23:29:36,140 WARN o.s.c.s.PostProcessorRegistrationDelegate$BeanPostProcessorChecker [main] Bean 'org.springframework.cloud.loadbalancer.config.LoadBalancerAutoConfiguration' of type [org.springframework.cloud.loadbalancer.config.LoadBalancerAutoConfiguration] is not eligible for getting processed by all BeanPostProcessors (for example: not eligible for auto-proxying). Is this bean getting eagerly injected into a currently created BeanPostProcessor [lbRestClientPostProcessor]? Check the corresponding BeanPostProcessor declaration and its dependencies.
2025-04-13 23:29:36,151 WARN o.s.c.s.PostProcessorRegistrationDelegate$BeanPostProcessorChecker [main] Bean 'org.springframework.cloud.commons.config.CommonsConfigAutoConfiguration' of type [org.springframework.cloud.commons.config.CommonsConfigAutoConfiguration] is not eligible for getting processed by all BeanPostProcessors (for example: not eligible for auto-proxying). Is this bean getting eagerly injected into a currently created BeanPostProcessor [lbRestClientPostProcessor]? Check the corresponding BeanPostProcessor declaration and its dependencies.
2025-04-13 23:29:36,157 WARN o.s.c.s.PostProcessorRegistrationDelegate$BeanPostProcessorChecker [main] Bean 'org.springframework.cloud.client.loadbalancer.LoadBalancerDefaultMappingsProviderAutoConfiguration' of type [org.springframework.cloud.client.loadbalancer.LoadBalancerDefaultMappingsProviderAutoConfiguration] is not eligible for getting processed by all BeanPostProcessors (for example: not eligible for auto-proxying). Is this bean getting eagerly injected into a currently created BeanPostProcessor [lbRestClientPostProcessor]? Check the corresponding BeanPostProcessor declaration and its dependencies.
2025-04-13 23:29:36,159 WARN o.s.c.s.PostProcessorRegistrationDelegate$BeanPostProcessorChecker [main] Bean 'loadBalancerClientsDefaultsMappingsProvider' of type [org.springframework.cloud.client.loadbalancer.LoadBalancerDefaultMappingsProviderAutoConfiguration$$Lambda$1270/0x000002b716708250] is not eligible for getting processed by all BeanPostProcessors (for example: not eligible for auto-proxying). Is this bean getting eagerly injected into a currently created BeanPostProcessor [lbRestClientPostProcessor]? Check the corresponding BeanPostProcessor declaration and its dependencies.
2025-04-13 23:29:36,162 WARN o.s.c.s.PostProcessorRegistrationDelegate$BeanPostProcessorChecker [main] Bean 'defaultsBindHandlerAdvisor' of type [org.springframework.cloud.commons.config.DefaultsBindHandlerAdvisor] is not eligible for getting processed by all BeanPostProcessors (for example: not eligible for auto-proxying). Is this bean getting eagerly injected into a currently created BeanPostProcessor [lbRestClientPostProcessor]? Check the corresponding BeanPostProcessor declaration and its dependencies.
2025-04-13 23:29:36,170 WARN o.s.c.s.PostProcessorRegistrationDelegate$BeanPostProcessorChecker [main] Bean 'spring.cloud.loadbalancer-org.springframework.cloud.client.loadbalancer.LoadBalancerClientsProperties' of type [org.springframework.cloud.client.loadbalancer.LoadBalancerClientsProperties] is not eligible for getting processed by all BeanPostProcessors (for example: not eligible for auto-proxying). Is this bean getting eagerly injected into a currently created BeanPostProcessor [lbRestClientPostProcessor]? Check the corresponding BeanPostProcessor declaration and its dependencies.
2025-04-13 23:29:36,180 WARN o.s.c.s.PostProcessorRegistrationDelegate$BeanPostProcessorChecker [main] Bean 'default.org.springframework.cloud.loadbalancer.config.LoadBalancerAutoConfiguration.LoadBalancerClientSpecification' of type [org.springframework.cloud.loadbalancer.annotation.LoadBalancerClientSpecification] is not eligible for getting processed by all BeanPostProcessors (for example: not eligible for auto-proxying). Is this bean getting eagerly injected into a currently created BeanPostProcessor [lbRestClientPostProcessor]? Check the corresponding BeanPostProcessor declaration and its dependencies.
2025-04-13 23:29:36,183 WARN o.s.c.s.PostProcessorRegistrationDelegate$BeanPostProcessorChecker [main] Bean 'default.org.springframework.cloud.loadbalancer.config.BlockingLoadBalancerClientAutoConfiguration.LoadBalancerClientSpecification' of type [org.springframework.cloud.loadbalancer.annotation.LoadBalancerClientSpecification] is not eligible for getting processed by all BeanPostProcessors (for example: not eligible for auto-proxying). Is this bean getting eagerly injected into a currently created BeanPostProcessor [lbRestClientPostProcessor]? Check the corresponding BeanPostProcessor declaration and its dependencies.
2025-04-13 23:29:36,185 WARN o.s.c.s.PostProcessorRegistrationDelegate$BeanPostProcessorChecker [main] Bean 'default.org.springframework.cloud.netflix.eureka.loadbalancer.LoadBalancerEurekaAutoConfiguration.LoadBalancerClientSpecification' of type [org.springframework.cloud.loadbalancer.annotation.LoadBalancerClientSpecification] is not eligible for getting processed by all BeanPostProcessors (for example: not eligible for auto-proxying). Is this bean getting eagerly injected into a currently created BeanPostProcessor [lbRestClientPostProcessor]? Check the corresponding BeanPostProcessor declaration and its dependencies.
2025-04-13 23:29:36,186 WARN o.s.c.s.PostProcessorRegistrationDelegate$BeanPostProcessorChecker [main] Bean 'loadBalancerClientFactory' of type [org.springframework.cloud.loadbalancer.support.LoadBalancerClientFactory] is not eligible for getting processed by all BeanPostProcessors (for example: not eligible for auto-proxying). Is this bean getting eagerly injected into a currently created BeanPostProcessor [lbRestClientPostProcessor]? Check the corresponding BeanPostProcessor declaration and its dependencies.
2025-04-13 23:29:36,204 WARN o.s.c.s.PostProcessorRegistrationDelegate$BeanPostProcessorChecker [main] Bean 'blockingLoadBalancerClient' of type [org.springframework.cloud.loadbalancer.blocking.client.BlockingLoadBalancerClient] is not eligible for getting processed by all BeanPostProcessors (for example: not eligible for auto-proxying). Is this bean getting eagerly injected into a currently created BeanPostProcessor [lbRestClientPostProcessor]? Check the corresponding BeanPostProcessor declaration and its dependencies.
2025-04-13 23:29:36,217 WARN o.s.c.s.PostProcessorRegistrationDelegate$BeanPostProcessorChecker [main] Bean 'loadBalancerServiceInstanceCookieTransformer' of type [org.springframework.cloud.loadbalancer.core.LoadBalancerServiceInstanceCookieTransformer] is not eligible for getting processed by all BeanPostProcessors (for example: not eligible for auto-proxying). Is this bean getting eagerly injected into a currently created BeanPostProcessor [lbRestClientPostProcessor]? Check the corresponding BeanPostProcessor declaration and its dependencies.
2025-04-13 23:29:36,219 WARN o.s.c.s.PostProcessorRegistrationDelegate$BeanPostProcessorChecker [main] Bean 'xForwarderHeadersTransformer' of type [org.springframework.cloud.loadbalancer.blocking.XForwardedHeadersTransformer] is not eligible for getting processed by all BeanPostProcessors (for example: not eligible for auto-proxying). Is this bean getting eagerly injected into a currently created BeanPostProcessor [lbRestClientPostProcessor]? Check the corresponding BeanPostProcessor declaration and its dependencies.
2025-04-13 23:29:36,221 WARN o.s.c.s.PostProcessorRegistrationDelegate$BeanPostProcessorChecker [main] Bean 'org.springframework.cloud.client.loadbalancer.LoadBalancerAutoConfiguration' of type [org.springframework.cloud.client.loadbalancer.LoadBalancerAutoConfiguration] is not eligible for getting processed by all BeanPostProcessors (for example: not eligible for auto-proxying). Is this bean getting eagerly injected into a currently created BeanPostProcessor [lbRestClientPostProcessor]? Check the corresponding BeanPostProcessor declaration and its dependencies.
2025-04-13 23:29:36,225 WARN o.s.c.s.PostProcessorRegistrationDelegate$BeanPostProcessorChecker [main] Bean 'loadBalancerRequestFactory' of type [org.springframework.cloud.client.loadbalancer.LoadBalancerRequestFactory] is not eligible for getting processed by all BeanPostProcessors (for example: not eligible for auto-proxying). Is this bean getting eagerly injected into a currently created BeanPostProcessor [lbRestClientPostProcessor]? Check the corresponding BeanPostProcessor declaration and its dependencies.
2025-04-13 23:29:36,227 WARN o.s.c.s.PostProcessorRegistrationDelegate$BeanPostProcessorChecker [main] Bean 'loadBalancerInterceptor' of type [org.springframework.cloud.client.loadbalancer.LoadBalancerInterceptor] is not eligible for getting processed by all BeanPostProcessors (for example: not eligible for auto-proxying). Is this bean getting eagerly injected into a currently created BeanPostProcessor [lbRestClientPostProcessor]? Check the corresponding BeanPostProcessor declaration and its dependencies.
2025-04-13 23:29:36,357 INFO c.z.h.HikariDataSource [main] HikariPool-1 - Starting...
2025-04-13 23:29:36,784 INFO c.z.h.p.HikariPool [main] HikariPool-1 - Added connection com.mysql.cj.jdbc.ConnectionImpl@748fa354
2025-04-13 23:29:36,789 INFO c.z.h.HikariDataSource [main] HikariPool-1 - Start completed.
2025-04-13 23:29:37,616 INFO l.l.c.JavaLogger [main] Reading from mydatabase.DATABASECHANGELOG
2025-04-13 23:29:37,672 INFO l.l.c.JavaLogger [main] Reading from mydatabase.DATABASECHANGELOG
2025-04-13 23:29:37,682 INFO l.l.c.JavaLogger [main] UPDATE SUMMARY
2025-04-13 23:29:37,683 INFO l.l.c.JavaLogger [main] Run:                          0
2025-04-13 23:29:37,683 INFO l.l.c.JavaLogger [main] Previously run:               3
2025-04-13 23:29:37,683 INFO l.l.c.JavaLogger [main] Filtered out:                 0
2025-04-13 23:29:37,683 INFO l.l.c.JavaLogger [main] -------------------------------
2025-04-13 23:29:37,683 INFO l.l.c.JavaLogger [main] Total change sets:            3
2025-04-13 23:29:37,683 INFO l.l.c.JavaLogger [main] Update summary generated
2025-04-13 23:29:37,710 INFO l.l.c.JavaLogger [main] Successfully released change log lock
2025-04-13 23:29:37,713 INFO l.l.c.JavaLogger [main] Command execution complete
2025-04-13 23:29:37,834 INFO o.h.j.i.u.LogHelper [main] HHH000204: Processing PersistenceUnitInfo [name: default]
2025-04-13 23:29:37,910 INFO o.h.Version [main] HHH000412: Hibernate ORM core version 6.4.4.Final
2025-04-13 23:29:37,952 INFO o.h.c.i.RegionFactoryInitiator [main] HHH000026: Second-level cache disabled
2025-04-13 23:29:38,041 INFO o.s.o.j.p.SpringPersistenceUnitInfo [main] No LoadTimeWeaver setup: ignoring JPA class transformer
2025-04-13 23:29:38,072 WARN o.h.e.j.d.i.DialectFactoryImpl [main] HHH90000025: MySQL8Dialect does not need to be specified explicitly using 'hibernate.dialect' (remove the property setting and it will be selected by default)
2025-04-13 23:29:38,073 WARN o.h.e.j.d.i.DialectFactoryImpl [main] HHH90000026: MySQL8Dialect has been deprecated; use org.hibernate.dialect.MySQLDialect instead
2025-04-13 23:29:39,118 INFO o.h.e.t.j.p.i.JtaPlatformInitiator [main] HHH000489: No JTA platform available (set 'hibernate.transaction.jta.platform' to enable JTA platform integration)
2025-04-13 23:29:39,120 INFO o.s.o.j.AbstractEntityManagerFactoryBean [main] Initialized JPA EntityManagerFactory for persistence unit 'default'
2025-04-13 23:29:39,745 INFO o.s.d.j.r.q.QueryEnhancerFactory [main] Hibernate is in classpath; If applicable, HQL parser will be used.
2025-04-13 23:29:40,326 WARN o.s.b.a.o.j.JpaBaseConfiguration$JpaWebConfiguration [main] spring.jpa.open-in-view is enabled by default. Therefore, database queries may be performed during view rendering. Explicitly configure spring.jpa.open-in-view to disable this warning
2025-04-13 23:29:40,518 DEBUG o.s.w.s.h.AbstractHandlerMethodMapping [main] 16 mappings in 'requestMappingHandlerMapping'
2025-04-13 23:29:40,697 DEBUG o.s.w.s.h.SimpleUrlHandlerMapping [main] Patterns [/webjars/**, /**] in 'resourceHandlerMapping'
2025-04-13 23:29:40,748 INFO o.s.s.w.DefaultSecurityFilterChain [main] Will secure any request with [org.springframework.security.web.session.DisableEncodeUrlFilter@14f31f10, org.springframework.security.web.context.request.async.WebAsyncManagerIntegrationFilter@719d7341, org.springframework.security.web.context.SecurityContextHolderFilter@599cc8a8, org.springframework.security.web.header.HeaderWriterFilter@355ea7fc, org.springframework.security.web.authentication.logout.LogoutFilter@394e21b9, com.user_organization_management.security.JwtRequestFilter@682c0560, org.springframework.security.web.savedrequest.RequestCacheAwareFilter@7a5f612f, org.springframework.security.web.servletapi.SecurityContextHolderAwareRequestFilter@6b3aae03, org.springframework.security.web.authentication.AnonymousAuthenticationFilter@18744e18, org.springframework.security.web.access.ExceptionTranslationFilter@66844ccf, org.springframework.security.web.access.intercept.AuthorizationFilter@1edeebc9]
2025-04-13 23:29:41,047 DEBUG o.s.w.s.m.m.a.RequestMappingHandlerAdapter [main] ControllerAdvice beans: 0 @ModelAttribute, 0 @InitBinder, 1 RequestBodyAdvice, 1 ResponseBodyAdvice
2025-04-13 23:29:41,104 DEBUG o.s.w.s.m.m.a.ExceptionHandlerExceptionResolver [main] ControllerAdvice beans: 1 @ExceptionHandler, 1 ResponseBodyAdvice
2025-04-13 23:29:41,799 INFO o.s.c.n.e.c.DiscoveryClientOptionalArgsConfiguration [main] Eureka HTTP Client uses RestTemplate.
2025-04-13 23:29:42,179 WARN o.s.c.l.c.LoadBalancerCacheAutoConfiguration$LoadBalancerCaffeineWarnLogger [main] Spring Cloud LoadBalancer is currently working with the default cache. While this cache implementation is useful for development and tests, it's recommended to use Caffeine cache in production.You can switch to using Caffeine cache, by adding it and org.springframework.cache.caffeine.CaffeineCacheManager to the classpath.
2025-04-13 23:29:42,205 INFO o.s.c.n.e.InstanceInfoFactory [main] Setting initial instance status as: STARTING
2025-04-13 23:29:42,297 INFO c.n.d.DiscoveryClient [main] Initializing Eureka in region us-east-1
2025-04-13 23:29:42,302 INFO c.n.d.s.r.a.ConfigClusterResolver [main] Resolving eureka endpoints via configuration
2025-04-13 23:29:42,325 INFO c.n.d.DiscoveryClient [main] Disable delta property : false
2025-04-13 23:29:42,326 INFO c.n.d.DiscoveryClient [main] Single vip registry refresh property : null
2025-04-13 23:29:42,326 INFO c.n.d.DiscoveryClient [main] Force full registry fetch : false
2025-04-13 23:29:42,327 INFO c.n.d.DiscoveryClient [main] Application is null : false
2025-04-13 23:29:42,327 INFO c.n.d.DiscoveryClient [main] Registered Applications size is zero : true
2025-04-13 23:29:42,327 INFO c.n.d.DiscoveryClient [main] Application version is -1: true
2025-04-13 23:29:42,327 INFO c.n.d.DiscoveryClient [main] Getting all instance registry info from the eureka server
2025-04-13 23:29:42,437 DEBUG o.s.c.l.CompositeLog [main] HTTP GET http://localhost:8761/eureka/apps/
2025-04-13 23:29:42,476 DEBUG o.s.c.l.CompositeLog [main] Accept=[application/json, application/*+json]
2025-04-13 23:29:42,559 DEBUG o.s.c.l.CompositeLog [main] Response 200 OK
2025-04-13 23:29:42,560 DEBUG o.s.c.l.CompositeLog [main] Reading to [org.springframework.cloud.netflix.eureka.http.EurekaApplications]
2025-04-13 23:29:42,600 INFO c.n.d.DiscoveryClient [main] The response status is 200
2025-04-13 23:29:42,604 INFO c.n.d.DiscoveryClient [main] Starting heartbeat executor: renew interval is: 30
2025-04-13 23:29:42,607 INFO c.n.d.InstanceInfoReplicator [main] InstanceInfoReplicator onDemand update allowed rate per min is 4
2025-04-13 23:29:42,612 INFO c.n.d.DiscoveryClient [main] Discovery Client initialized at timestamp 1744579782612 with initial instances count: 4
2025-04-13 23:29:42,620 INFO o.s.c.n.e.s.EurekaServiceRegistry [main] Registering application USER-MANAGEMENT with eureka with status UP
2025-04-13 23:29:42,621 INFO c.n.d.DiscoveryClient$3 [main] Saw local status change event StatusChangeEvent [timestamp=1744579782621, current=UP, previous=STARTING]
2025-04-13 23:29:42,625 INFO c.n.d.DiscoveryClient [DiscoveryClient-InstanceInfoReplicator-0] DiscoveryClient_USER-MANAGEMENT/192.168.1.4:user-management:8888: registering service...
2025-04-13 23:29:42,630 DEBUG o.s.c.l.CompositeLog [DiscoveryClient-InstanceInfoReplicator-0] HTTP POST http://localhost:8761/eureka/apps/USER-MANAGEMENT
2025-04-13 23:29:42,633 DEBUG o.s.c.l.CompositeLog [DiscoveryClient-InstanceInfoReplicator-0] Accept=[application/json, application/*+json]
2025-04-13 23:29:42,639 INFO o.s.b.StartupInfoLogger [main] Started UserOrgManagementApplicationTests in 11.788 seconds (process running for 15.882)
2025-04-13 23:29:42,650 DEBUG o.s.c.l.CompositeLog [DiscoveryClient-InstanceInfoReplicator-0] Writing [InstanceInfo [instanceId = 192.168.1.4:user-management:8888, appName = USER-MANAGEMENT, hostName = 192.168.1.4, status = UP, ipAddr = 192.168.1.4, port = 8888, securePort = 443, dataCenterInfo = com.netflix.appinfo.MyDataCenterInfo@7b0f4923] as "application/json"
2025-04-13 23:29:42,672 DEBUG o.s.c.l.CompositeLog [DiscoveryClient-InstanceInfoReplicator-0] Response 204 NO_CONTENT
2025-04-13 23:29:42,672 INFO c.n.d.DiscoveryClient [DiscoveryClient-InstanceInfoReplicator-0] DiscoveryClient_USER-MANAGEMENT/192.168.1.4:user-management:8888 - registration status: 204
2025-04-13 23:29:42,710 DEBUG o.s.c.s.AbstractApplicationContext [SpringApplicationShutdownHook] Closing org.springframework.web.context.support.GenericWebApplicationContext@6bb4cc0e, started on Sun Apr 13 23:29:34 EET 2025
2025-04-13 23:29:42,712 INFO o.s.c.n.e.s.EurekaServiceRegistry [SpringApplicationShutdownHook] Unregistering application USER-MANAGEMENT with eureka with status DOWN
2025-04-13 23:29:42,713 INFO c.n.d.DiscoveryClient$3 [SpringApplicationShutdownHook] Saw local status change event StatusChangeEvent [timestamp=1744579782713, current=DOWN, previous=UP]
2025-04-13 23:29:42,714 INFO c.n.d.DiscoveryClient [DiscoveryClient-InstanceInfoReplicator-0] DiscoveryClient_USER-MANAGEMENT/192.168.1.4:user-management:8888: registering service...
2025-04-13 23:29:42,714 DEBUG o.s.c.l.CompositeLog [DiscoveryClient-InstanceInfoReplicator-0] HTTP POST http://localhost:8761/eureka/apps/USER-MANAGEMENT
2025-04-13 23:29:42,715 DEBUG o.s.c.l.CompositeLog [DiscoveryClient-InstanceInfoReplicator-0] Accept=[application/json, application/*+json]
2025-04-13 23:29:42,716 DEBUG o.s.c.l.CompositeLog [DiscoveryClient-InstanceInfoReplicator-0] Writing [InstanceInfo [instanceId = 192.168.1.4:user-management:8888, appName = USER-MANAGEMENT, hostName = 192.168.1.4, status = DOWN, ipAddr = 192.168.1.4, port = 8888, securePort = 443, dataCenterInfo = com.netflix.appinfo.MyDataCenterInfo@7b0f4923] as "application/json"
2025-04-13 23:29:42,720 DEBUG o.s.c.l.CompositeLog [DiscoveryClient-InstanceInfoReplicator-0] Response 204 NO_CONTENT
2025-04-13 23:29:42,720 INFO c.n.d.DiscoveryClient [DiscoveryClient-InstanceInfoReplicator-0] DiscoveryClient_USER-MANAGEMENT/192.168.1.4:user-management:8888 - registration status: 204
2025-04-13 23:29:42,725 INFO o.s.o.j.AbstractEntityManagerFactoryBean [SpringApplicationShutdownHook] Closing JPA EntityManagerFactory for persistence unit 'default'
2025-04-13 23:29:42,727 INFO c.z.h.HikariDataSource [SpringApplicationShutdownHook] HikariPool-1 - Shutdown initiated...
2025-04-13 23:29:42,751 INFO c.z.h.HikariDataSource [SpringApplicationShutdownHook] HikariPool-1 - Shutdown completed.
2025-04-13 23:29:42,752 INFO c.n.d.DiscoveryClient [SpringApplicationShutdownHook] Shutting down DiscoveryClient ...
2025-04-13 23:29:45,760 INFO c.n.d.DiscoveryClient [SpringApplicationShutdownHook] Unregistering ...
2025-04-13 23:29:45,762 DEBUG o.s.c.l.CompositeLog [SpringApplicationShutdownHook] HTTP DELETE http://localhost:8761/eureka/apps/USER-MANAGEMENT/192.168.1.4:user-management:8888
2025-04-13 23:29:45,762 DEBUG o.s.c.l.CompositeLog [SpringApplicationShutdownHook] Accept=[application/json, application/*+json]
2025-04-13 23:29:45,776 DEBUG o.s.c.l.CompositeLog [SpringApplicationShutdownHook] Response 200 OK
2025-04-13 23:29:45,777 INFO c.n.d.DiscoveryClient [SpringApplicationShutdownHook] DiscoveryClient_USER-MANAGEMENT/192.168.1.4:user-management:8888 - deregister  status: 200
2025-04-13 23:29:45,780 INFO c.n.d.DiscoveryClient [SpringApplicationShutdownHook] Completed shut down of DiscoveryClient
2025-04-13 23:29:59,021 DEBUG o.s.c.l.CompositeLog [DiscoveryClient-CacheRefreshExecutor-0] HTTP GET http://localhost:8761/eureka/apps/delta
2025-04-13 23:29:59,021 DEBUG o.s.c.l.CompositeLog [DiscoveryClient-HeartbeatExecutor-0] HTTP PUT http://localhost:8761/eureka/apps/USER-MANAGEMENT/192.168.1.4:user-management:8888?status=UP&lastDirtyTimestamp=1744579769034
2025-04-13 23:29:59,021 DEBUG o.s.c.l.CompositeLog [DiscoveryClient-CacheRefreshExecutor-0] Accept=[application/json, application/*+json]
2025-04-13 23:29:59,027 DEBUG o.s.c.l.CompositeLog [DiscoveryClient-HeartbeatExecutor-0] Accept=[application/json, application/*+json]
2025-04-13 23:29:59,036 DEBUG o.s.c.l.CompositeLog [DiscoveryClient-CacheRefreshExecutor-0] Response 200 OK
2025-04-13 23:29:59,037 DEBUG o.s.c.l.CompositeLog [DiscoveryClient-CacheRefreshExecutor-0] Reading to [org.springframework.cloud.netflix.eureka.http.EurekaApplications]
2025-04-13 23:29:59,046 DEBUG o.s.c.l.CompositeLog [DiscoveryClient-HeartbeatExecutor-0] Response 404 NOT_FOUND
2025-04-13 23:29:59,047 INFO c.n.d.DiscoveryClient [DiscoveryClient-HeartbeatExecutor-0] DiscoveryClient_USER-MANAGEMENT/192.168.1.4:user-management:8888 - Re-registering apps/USER-MANAGEMENT
2025-04-13 23:29:59,048 INFO c.n.d.DiscoveryClient [DiscoveryClient-HeartbeatExecutor-0] DiscoveryClient_USER-MANAGEMENT/192.168.1.4:user-management:8888: registering service...
2025-04-13 23:29:59,048 DEBUG o.s.c.l.CompositeLog [DiscoveryClient-HeartbeatExecutor-0] HTTP POST http://localhost:8761/eureka/apps/USER-MANAGEMENT
2025-04-13 23:29:59,048 DEBUG o.s.c.l.CompositeLog [DiscoveryClient-HeartbeatExecutor-0] Accept=[application/json, application/*+json]
2025-04-13 23:29:59,048 DEBUG o.s.c.l.CompositeLog [DiscoveryClient-HeartbeatExecutor-0] Writing [InstanceInfo [instanceId = 192.168.1.4:user-management:8888, appName = USER-MANAGEMENT, hostName = 192.168.1.4, status = UP, ipAddr = 192.168.1.4, port = 8888, securePort = 443, dataCenterInfo = com.netflix.appinfo.MyDataCenterInfo@504d51d0] as "application/json"
2025-04-13 23:29:59,051 DEBUG o.s.c.l.CompositeLog [DiscoveryClient-HeartbeatExecutor-0] Response 204 NO_CONTENT
2025-04-13 23:29:59,051 INFO c.n.d.DiscoveryClient [DiscoveryClient-HeartbeatExecutor-0] DiscoveryClient_USER-MANAGEMENT/192.168.1.4:user-management:8888 - registration status: 204
2025-04-13 23:30:02,345 INFO o.s.c.n.e.s.EurekaServiceRegistry [SpringApplicationShutdownHook] Unregistering application USER-MANAGEMENT with eureka with status DOWN
2025-04-13 23:30:02,345 INFO c.n.d.DiscoveryClient$3 [SpringApplicationShutdownHook] Saw local status change event StatusChangeEvent [timestamp=1744579802345, current=DOWN, previous=UP]
2025-04-13 23:30:02,346 INFO c.n.d.DiscoveryClient [DiscoveryClient-InstanceInfoReplicator-0] DiscoveryClient_USER-MANAGEMENT/192.168.1.4:user-management:8888: registering service...
2025-04-13 23:30:02,346 DEBUG o.s.c.l.CompositeLog [DiscoveryClient-InstanceInfoReplicator-0] HTTP POST http://localhost:8761/eureka/apps/USER-MANAGEMENT
2025-04-13 23:30:02,346 DEBUG o.s.c.l.CompositeLog [DiscoveryClient-InstanceInfoReplicator-0] Accept=[application/json, application/*+json]
2025-04-13 23:30:02,347 DEBUG o.s.c.l.CompositeLog [DiscoveryClient-InstanceInfoReplicator-0] Writing [InstanceInfo [instanceId = 192.168.1.4:user-management:8888, appName = USER-MANAGEMENT, hostName = 192.168.1.4, status = DOWN, ipAddr = 192.168.1.4, port = 8888, securePort = 443, dataCenterInfo = com.netflix.appinfo.MyDataCenterInfo@504d51d0] as "application/json"
2025-04-13 23:30:02,361 DEBUG o.s.c.l.CompositeLog [DiscoveryClient-InstanceInfoReplicator-0] Response 204 NO_CONTENT
2025-04-13 23:30:02,362 INFO c.n.d.DiscoveryClient [DiscoveryClient-InstanceInfoReplicator-0] DiscoveryClient_USER-MANAGEMENT/192.168.1.4:user-management:8888 - registration status: 204
2025-04-13 23:30:02,377 INFO o.s.o.j.AbstractEntityManagerFactoryBean [SpringApplicationShutdownHook] Closing JPA EntityManagerFactory for persistence unit 'default'
2025-04-13 23:30:02,377 INFO c.z.h.HikariDataSource [SpringApplicationShutdownHook] HikariPool-3 - Shutdown initiated...
2025-04-13 23:30:02,393 INFO c.z.h.HikariDataSource [SpringApplicationShutdownHook] HikariPool-3 - Shutdown completed.
2025-04-13 23:30:02,394 INFO c.n.d.DiscoveryClient [SpringApplicationShutdownHook] Shutting down DiscoveryClient ...
2025-04-13 23:30:05,408 INFO c.n.d.DiscoveryClient [SpringApplicationShutdownHook] Unregistering ...
2025-04-13 23:30:05,409 DEBUG o.s.c.l.CompositeLog [SpringApplicationShutdownHook] HTTP DELETE http://localhost:8761/eureka/apps/USER-MANAGEMENT/192.168.1.4:user-management:8888
2025-04-13 23:30:05,410 DEBUG o.s.c.l.CompositeLog [SpringApplicationShutdownHook] Accept=[application/json, application/*+json]
2025-04-13 23:30:05,423 DEBUG o.s.c.l.CompositeLog [SpringApplicationShutdownHook] Response 200 OK
2025-04-13 23:30:05,424 INFO c.n.d.DiscoveryClient [SpringApplicationShutdownHook] DiscoveryClient_USER-MANAGEMENT/192.168.1.4:user-management:8888 - deregister  status: 200
2025-04-13 23:30:05,426 INFO c.n.d.DiscoveryClient [SpringApplicationShutdownHook] Completed shut down of DiscoveryClient
2025-04-13 23:30:12,918 INFO o.h.v.i.u.Version [background-preinit] HV000001: Hibernate Validator 8.0.1.Final
2025-04-13 23:30:12,954 INFO o.s.b.StartupInfoLogger [restartedMain] Starting UserOrgManagementApplication using Java 17.0.12 with PID 8368 (D:\Courses\BackEnd\Spring\Sb\User_Management_System\user-org-management\target\classes started by mtoaima in D:\Courses\BackEnd\Spring\Sb\User_Management_System\user-org-management)
2025-04-13 23:30:12,955 INFO o.s.b.SpringApplication [restartedMain] No active profile set, falling back to 1 default profile: "default"
2025-04-13 23:30:13,006 INFO o.s.b.l.DeferredLog [restartedMain] Fetching config from server at : http://localhost:8081
2025-04-13 23:30:13,007 INFO o.s.b.l.DeferredLog [restartedMain] Located environment: name=user-management, profiles=[default], label=null, version=ef3ccb72180485ea77e71aa24e8a6021544ae2b5, state=
2025-04-13 23:30:13,009 INFO o.s.b.l.DeferredLog [restartedMain] Devtools property defaults active! Set 'spring.devtools.add-properties' to 'false' to disable
2025-04-13 23:30:13,010 INFO o.s.b.l.DeferredLog [restartedMain] For additional web related logging consider setting the 'logging.level.web' property to 'DEBUG'
2025-04-13 23:30:13,795 INFO o.s.d.r.c.RepositoryConfigurationDelegate [restartedMain] Bootstrapping Spring Data JPA repositories in DEFAULT mode.
2025-04-13 23:30:13,947 INFO o.s.d.r.c.RepositoryConfigurationDelegate [restartedMain] Finished Spring Data repository scanning in 145 ms. Found 3 JPA repository interfaces.
2025-04-13 23:30:14,250 INFO o.s.c.c.s.GenericScope [restartedMain] BeanFactory id=f74d915f-4514-3717-bfc9-0ab6e98804f7
2025-04-13 23:30:14,562 WARN o.s.c.s.PostProcessorRegistrationDelegate$BeanPostProcessorChecker [restartedMain] Bean 'org.springframework.cloud.client.loadbalancer.LoadBalancerAutoConfiguration$LoadBalancerInterceptorConfig' of type [org.springframework.cloud.client.loadbalancer.LoadBalancerAutoConfiguration$LoadBalancerInterceptorConfig] is not eligible for getting processed by all BeanPostProcessors (for example: not eligible for auto-proxying). The currently created BeanPostProcessor [lbRestClientPostProcessor] is declared through a non-static factory method on that class; consider declaring it as static instead.
2025-04-13 23:30:14,568 WARN o.s.c.s.PostProcessorRegistrationDelegate$BeanPostProcessorChecker [restartedMain] Bean 'org.springframework.cloud.loadbalancer.config.BlockingLoadBalancerClientAutoConfiguration' of type [org.springframework.cloud.loadbalancer.config.BlockingLoadBalancerClientAutoConfiguration] is not eligible for getting processed by all BeanPostProcessors (for example: not eligible for auto-proxying). Is this bean getting eagerly injected into a currently created BeanPostProcessor [lbRestClientPostProcessor]? Check the corresponding BeanPostProcessor declaration and its dependencies.
2025-04-13 23:30:14,572 WARN o.s.c.s.PostProcessorRegistrationDelegate$BeanPostProcessorChecker [restartedMain] Bean 'org.springframework.cloud.loadbalancer.config.LoadBalancerAutoConfiguration' of type [org.springframework.cloud.loadbalancer.config.LoadBalancerAutoConfiguration] is not eligible for getting processed by all BeanPostProcessors (for example: not eligible for auto-proxying). Is this bean getting eagerly injected into a currently created BeanPostProcessor [lbRestClientPostProcessor]? Check the corresponding BeanPostProcessor declaration and its dependencies.
2025-04-13 23:30:14,593 WARN o.s.c.s.PostProcessorRegistrationDelegate$BeanPostProcessorChecker [restartedMain] Bean 'org.springframework.cloud.commons.config.CommonsConfigAutoConfiguration' of type [org.springframework.cloud.commons.config.CommonsConfigAutoConfiguration] is not eligible for getting processed by all BeanPostProcessors (for example: not eligible for auto-proxying). Is this bean getting eagerly injected into a currently created BeanPostProcessor [lbRestClientPostProcessor]? Check the corresponding BeanPostProcessor declaration and its dependencies.
2025-04-13 23:30:14,603 WARN o.s.c.s.PostProcessorRegistrationDelegate$BeanPostProcessorChecker [restartedMain] Bean 'org.springframework.cloud.client.loadbalancer.LoadBalancerDefaultMappingsProviderAutoConfiguration' of type [org.springframework.cloud.client.loadbalancer.LoadBalancerDefaultMappingsProviderAutoConfiguration] is not eligible for getting processed by all BeanPostProcessors (for example: not eligible for auto-proxying). Is this bean getting eagerly injected into a currently created BeanPostProcessor [lbRestClientPostProcessor]? Check the corresponding BeanPostProcessor declaration and its dependencies.
2025-04-13 23:30:14,605 WARN o.s.c.s.PostProcessorRegistrationDelegate$BeanPostProcessorChecker [restartedMain] Bean 'loadBalancerClientsDefaultsMappingsProvider' of type [org.springframework.cloud.client.loadbalancer.LoadBalancerDefaultMappingsProviderAutoConfiguration$$Lambda$775/0x00000277944ec130] is not eligible for getting processed by all BeanPostProcessors (for example: not eligible for auto-proxying). Is this bean getting eagerly injected into a currently created BeanPostProcessor [lbRestClientPostProcessor]? Check the corresponding BeanPostProcessor declaration and its dependencies.
2025-04-13 23:30:14,609 WARN o.s.c.s.PostProcessorRegistrationDelegate$BeanPostProcessorChecker [restartedMain] Bean 'defaultsBindHandlerAdvisor' of type [org.springframework.cloud.commons.config.DefaultsBindHandlerAdvisor] is not eligible for getting processed by all BeanPostProcessors (for example: not eligible for auto-proxying). Is this bean getting eagerly injected into a currently created BeanPostProcessor [lbRestClientPostProcessor]? Check the corresponding BeanPostProcessor declaration and its dependencies.
2025-04-13 23:30:14,618 WARN o.s.c.s.PostProcessorRegistrationDelegate$BeanPostProcessorChecker [restartedMain] Bean 'spring.cloud.loadbalancer-org.springframework.cloud.client.loadbalancer.LoadBalancerClientsProperties' of type [org.springframework.cloud.client.loadbalancer.LoadBalancerClientsProperties] is not eligible for getting processed by all BeanPostProcessors (for example: not eligible for auto-proxying). Is this bean getting eagerly injected into a currently created BeanPostProcessor [lbRestClientPostProcessor]? Check the corresponding BeanPostProcessor declaration and its dependencies.
2025-04-13 23:30:14,630 WARN o.s.c.s.PostProcessorRegistrationDelegate$BeanPostProcessorChecker [restartedMain] Bean 'default.org.springframework.cloud.loadbalancer.config.LoadBalancerAutoConfiguration.LoadBalancerClientSpecification' of type [org.springframework.cloud.loadbalancer.annotation.LoadBalancerClientSpecification] is not eligible for getting processed by all BeanPostProcessors (for example: not eligible for auto-proxying). Is this bean getting eagerly injected into a currently created BeanPostProcessor [lbRestClientPostProcessor]? Check the corresponding BeanPostProcessor declaration and its dependencies.
2025-04-13 23:30:14,636 WARN o.s.c.s.PostProcessorRegistrationDelegate$BeanPostProcessorChecker [restartedMain] Bean 'default.org.springframework.cloud.loadbalancer.config.BlockingLoadBalancerClientAutoConfiguration.LoadBalancerClientSpecification' of type [org.springframework.cloud.loadbalancer.annotation.LoadBalancerClientSpecification] is not eligible for getting processed by all BeanPostProcessors (for example: not eligible for auto-proxying). Is this bean getting eagerly injected into a currently created BeanPostProcessor [lbRestClientPostProcessor]? Check the corresponding BeanPostProcessor declaration and its dependencies.
2025-04-13 23:30:14,637 WARN o.s.c.s.PostProcessorRegistrationDelegate$BeanPostProcessorChecker [restartedMain] Bean 'default.org.springframework.cloud.netflix.eureka.loadbalancer.LoadBalancerEurekaAutoConfiguration.LoadBalancerClientSpecification' of type [org.springframework.cloud.loadbalancer.annotation.LoadBalancerClientSpecification] is not eligible for getting processed by all BeanPostProcessors (for example: not eligible for auto-proxying). Is this bean getting eagerly injected into a currently created BeanPostProcessor [lbRestClientPostProcessor]? Check the corresponding BeanPostProcessor declaration and its dependencies.
2025-04-13 23:30:14,640 WARN o.s.c.s.PostProcessorRegistrationDelegate$BeanPostProcessorChecker [restartedMain] Bean 'loadBalancerClientFactory' of type [org.springframework.cloud.loadbalancer.support.LoadBalancerClientFactory] is not eligible for getting processed by all BeanPostProcessors (for example: not eligible for auto-proxying). Is this bean getting eagerly injected into a currently created BeanPostProcessor [lbRestClientPostProcessor]? Check the corresponding BeanPostProcessor declaration and its dependencies.
2025-04-13 23:30:14,663 WARN o.s.c.s.PostProcessorRegistrationDelegate$BeanPostProcessorChecker [restartedMain] Bean 'blockingLoadBalancerClient' of type [org.springframework.cloud.loadbalancer.blocking.client.BlockingLoadBalancerClient] is not eligible for getting processed by all BeanPostProcessors (for example: not eligible for auto-proxying). Is this bean getting eagerly injected into a currently created BeanPostProcessor [lbRestClientPostProcessor]? Check the corresponding BeanPostProcessor declaration and its dependencies.
2025-04-13 23:30:14,679 WARN o.s.c.s.PostProcessorRegistrationDelegate$BeanPostProcessorChecker [restartedMain] Bean 'loadBalancerServiceInstanceCookieTransformer' of type [org.springframework.cloud.loadbalancer.core.LoadBalancerServiceInstanceCookieTransformer] is not eligible for getting processed by all BeanPostProcessors (for example: not eligible for auto-proxying). Is this bean getting eagerly injected into a currently created BeanPostProcessor [lbRestClientPostProcessor]? Check the corresponding BeanPostProcessor declaration and its dependencies.
2025-04-13 23:30:14,682 WARN o.s.c.s.PostProcessorRegistrationDelegate$BeanPostProcessorChecker [restartedMain] Bean 'xForwarderHeadersTransformer' of type [org.springframework.cloud.loadbalancer.blocking.XForwardedHeadersTransformer] is not eligible for getting processed by all BeanPostProcessors (for example: not eligible for auto-proxying). Is this bean getting eagerly injected into a currently created BeanPostProcessor [lbRestClientPostProcessor]? Check the corresponding BeanPostProcessor declaration and its dependencies.
2025-04-13 23:30:14,683 WARN o.s.c.s.PostProcessorRegistrationDelegate$BeanPostProcessorChecker [restartedMain] Bean 'org.springframework.cloud.client.loadbalancer.LoadBalancerAutoConfiguration' of type [org.springframework.cloud.client.loadbalancer.LoadBalancerAutoConfiguration] is not eligible for getting processed by all BeanPostProcessors (for example: not eligible for auto-proxying). Is this bean getting eagerly injected into a currently created BeanPostProcessor [lbRestClientPostProcessor]? Check the corresponding BeanPostProcessor declaration and its dependencies.
2025-04-13 23:30:14,686 WARN o.s.c.s.PostProcessorRegistrationDelegate$BeanPostProcessorChecker [restartedMain] Bean 'loadBalancerRequestFactory' of type [org.springframework.cloud.client.loadbalancer.LoadBalancerRequestFactory] is not eligible for getting processed by all BeanPostProcessors (for example: not eligible for auto-proxying). Is this bean getting eagerly injected into a currently created BeanPostProcessor [lbRestClientPostProcessor]? Check the corresponding BeanPostProcessor declaration and its dependencies.
2025-04-13 23:30:14,688 WARN o.s.c.s.PostProcessorRegistrationDelegate$BeanPostProcessorChecker [restartedMain] Bean 'loadBalancerInterceptor' of type [org.springframework.cloud.client.loadbalancer.LoadBalancerInterceptor] is not eligible for getting processed by all BeanPostProcessors (for example: not eligible for auto-proxying). Is this bean getting eagerly injected into a currently created BeanPostProcessor [lbRestClientPostProcessor]? Check the corresponding BeanPostProcessor declaration and its dependencies.
2025-04-13 23:30:15,389 INFO o.s.b.w.e.t.TomcatWebServer [restartedMain] Tomcat initialized with port 8888 (http)
2025-04-13 23:30:15,400 INFO o.a.j.l.DirectJDKLog [restartedMain] Initializing ProtocolHandler ["http-nio-8888"]
2025-04-13 23:30:15,402 INFO o.a.j.l.DirectJDKLog [restartedMain] Starting service [Tomcat]
2025-04-13 23:30:15,403 INFO o.a.j.l.DirectJDKLog [restartedMain] Starting Servlet engine: [Apache Tomcat/10.1.19]
2025-04-13 23:30:15,471 INFO o.a.j.l.DirectJDKLog [restartedMain] Initializing Spring embedded WebApplicationContext
2025-04-13 23:30:15,473 INFO o.s.b.w.s.c.ServletWebServerApplicationContext [restartedMain] Root WebApplicationContext: initialization completed in 2461 ms
2025-04-13 23:30:15,641 INFO c.z.h.HikariDataSource [restartedMain] HikariPool-1 - Starting...
2025-04-13 23:30:15,960 INFO c.z.h.p.HikariPool [restartedMain] HikariPool-1 - Added connection com.mysql.cj.jdbc.ConnectionImpl@3142e91a
2025-04-13 23:30:15,963 INFO c.z.h.HikariDataSource [restartedMain] HikariPool-1 - Start completed.
2025-04-13 23:30:16,768 INFO l.l.c.JavaLogger [restartedMain] Reading from mydatabase.DATABASECHANGELOG
2025-04-13 23:30:16,822 INFO l.l.c.JavaLogger [restartedMain] Reading from mydatabase.DATABASECHANGELOG
2025-04-13 23:30:16,833 INFO l.l.c.JavaLogger [restartedMain] UPDATE SUMMARY
2025-04-13 23:30:16,833 INFO l.l.c.JavaLogger [restartedMain] Run:                          0
2025-04-13 23:30:16,833 INFO l.l.c.JavaLogger [restartedMain] Previously run:               3
2025-04-13 23:30:16,834 INFO l.l.c.JavaLogger [restartedMain] Filtered out:                 0
2025-04-13 23:30:16,834 INFO l.l.c.JavaLogger [restartedMain] -------------------------------
2025-04-13 23:30:16,834 INFO l.l.c.JavaLogger [restartedMain] Total change sets:            3
2025-04-13 23:30:16,835 INFO l.l.c.JavaLogger [restartedMain] Update summary generated
2025-04-13 23:30:16,861 INFO l.l.c.JavaLogger [restartedMain] Successfully released change log lock
2025-04-13 23:30:16,864 INFO l.l.c.JavaLogger [restartedMain] Command execution complete
2025-04-13 23:30:16,964 INFO o.h.j.i.u.LogHelper [restartedMain] HHH000204: Processing PersistenceUnitInfo [name: default]
2025-04-13 23:30:17,029 INFO o.h.Version [restartedMain] HHH000412: Hibernate ORM core version 6.4.4.Final
2025-04-13 23:30:17,082 INFO o.h.c.i.RegionFactoryInitiator [restartedMain] HHH000026: Second-level cache disabled
2025-04-13 23:30:17,329 INFO o.s.o.j.p.SpringPersistenceUnitInfo [restartedMain] No LoadTimeWeaver setup: ignoring JPA class transformer
2025-04-13 23:30:17,375 WARN o.h.e.j.d.i.DialectFactoryImpl [restartedMain] HHH90000025: MySQL8Dialect does not need to be specified explicitly using 'hibernate.dialect' (remove the property setting and it will be selected by default)
2025-04-13 23:30:17,376 WARN o.h.e.j.d.i.DialectFactoryImpl [restartedMain] HHH90000026: MySQL8Dialect has been deprecated; use org.hibernate.dialect.MySQLDialect instead
2025-04-13 23:30:18,375 INFO o.h.e.t.j.p.i.JtaPlatformInitiator [restartedMain] HHH000489: No JTA platform available (set 'hibernate.transaction.jta.platform' to enable JTA platform integration)
2025-04-13 23:30:18,379 INFO o.s.o.j.AbstractEntityManagerFactoryBean [restartedMain] Initialized JPA EntityManagerFactory for persistence unit 'default'
2025-04-13 23:30:19,094 INFO o.s.d.j.r.q.QueryEnhancerFactory [restartedMain] Hibernate is in classpath; If applicable, HQL parser will be used.
2025-04-13 23:30:19,960 WARN o.s.b.a.o.j.JpaBaseConfiguration$JpaWebConfiguration [restartedMain] spring.jpa.open-in-view is enabled by default. Therefore, database queries may be performed during view rendering. Explicitly configure spring.jpa.open-in-view to disable this warning
2025-04-13 23:30:20,166 DEBUG o.s.w.s.h.AbstractHandlerMethodMapping [restartedMain] 16 mappings in 'requestMappingHandlerMapping'
2025-04-13 23:30:20,310 DEBUG o.s.w.s.h.SimpleUrlHandlerMapping [restartedMain] Patterns [/webjars/**, /**] in 'resourceHandlerMapping'
2025-04-13 23:30:20,355 INFO o.s.s.w.DefaultSecurityFilterChain [restartedMain] Will secure any request with [org.springframework.security.web.session.DisableEncodeUrlFilter@3d745fbd, org.springframework.security.web.context.request.async.WebAsyncManagerIntegrationFilter@648ee2a3, org.springframework.security.web.context.SecurityContextHolderFilter@42655c6d, org.springframework.security.web.header.HeaderWriterFilter@bccee0, org.springframework.security.web.authentication.logout.LogoutFilter@51378d00, com.user_organization_management.security.JwtRequestFilter@6fec8d6d, org.springframework.security.web.savedrequest.RequestCacheAwareFilter@2fc28db5, org.springframework.security.web.servletapi.SecurityContextHolderAwareRequestFilter@3b8a0d2f, org.springframework.security.web.authentication.AnonymousAuthenticationFilter@3353c24, org.springframework.security.web.access.ExceptionTranslationFilter@74627353, org.springframework.security.web.access.intercept.AuthorizationFilter@1acce18]
2025-04-13 23:30:20,489 DEBUG o.s.w.s.m.m.a.RequestMappingHandlerAdapter [restartedMain] ControllerAdvice beans: 0 @ModelAttribute, 0 @InitBinder, 1 RequestBodyAdvice, 1 ResponseBodyAdvice
2025-04-13 23:30:20,546 DEBUG o.s.w.s.m.m.a.ExceptionHandlerExceptionResolver [restartedMain] ControllerAdvice beans: 1 @ExceptionHandler, 1 ResponseBodyAdvice
2025-04-13 23:30:20,799 WARN o.s.b.d.a.OptionalLiveReloadServer [restartedMain] Unable to start LiveReload server
2025-04-13 23:30:21,179 INFO o.s.c.n.e.c.DiscoveryClientOptionalArgsConfiguration [restartedMain] Eureka HTTP Client uses RestTemplate.
2025-04-13 23:30:21,546 WARN o.s.c.l.c.LoadBalancerCacheAutoConfiguration$LoadBalancerCaffeineWarnLogger [restartedMain] Spring Cloud LoadBalancer is currently working with the default cache. While this cache implementation is useful for development and tests, it's recommended to use Caffeine cache in production.You can switch to using Caffeine cache, by adding it and org.springframework.cache.caffeine.CaffeineCacheManager to the classpath.
2025-04-13 23:30:21,574 INFO o.s.c.n.e.InstanceInfoFactory [restartedMain] Setting initial instance status as: STARTING
2025-04-13 23:30:21,685 INFO c.n.d.DiscoveryClient [restartedMain] Initializing Eureka in region us-east-1
2025-04-13 23:30:21,692 INFO c.n.d.s.r.a.ConfigClusterResolver [restartedMain] Resolving eureka endpoints via configuration
2025-04-13 23:30:21,712 INFO c.n.d.DiscoveryClient [restartedMain] Disable delta property : false
2025-04-13 23:30:21,713 INFO c.n.d.DiscoveryClient [restartedMain] Single vip registry refresh property : null
2025-04-13 23:30:21,713 INFO c.n.d.DiscoveryClient [restartedMain] Force full registry fetch : false
2025-04-13 23:30:21,713 INFO c.n.d.DiscoveryClient [restartedMain] Application is null : false
2025-04-13 23:30:21,713 INFO c.n.d.DiscoveryClient [restartedMain] Registered Applications size is zero : true
2025-04-13 23:30:21,713 INFO c.n.d.DiscoveryClient [restartedMain] Application version is -1: true
2025-04-13 23:30:21,713 INFO c.n.d.DiscoveryClient [restartedMain] Getting all instance registry info from the eureka server
2025-04-13 23:30:21,868 DEBUG o.s.c.l.CompositeLog [restartedMain] HTTP GET http://localhost:8761/eureka/apps/
2025-04-13 23:30:21,911 DEBUG o.s.c.l.CompositeLog [restartedMain] Accept=[application/json, application/*+json]
2025-04-13 23:30:21,962 DEBUG o.s.c.l.CompositeLog [restartedMain] Response 200 OK
2025-04-13 23:30:21,964 DEBUG o.s.c.l.CompositeLog [restartedMain] Reading to [org.springframework.cloud.netflix.eureka.http.EurekaApplications]
2025-04-13 23:30:21,976 INFO c.n.d.DiscoveryClient [restartedMain] The response status is 200
2025-04-13 23:30:21,980 INFO c.n.d.DiscoveryClient [restartedMain] Starting heartbeat executor: renew interval is: 30
2025-04-13 23:30:21,984 INFO c.n.d.InstanceInfoReplicator [restartedMain] InstanceInfoReplicator onDemand update allowed rate per min is 4
2025-04-13 23:30:21,989 INFO c.n.d.DiscoveryClient [restartedMain] Discovery Client initialized at timestamp 1744579821989 with initial instances count: 4
2025-04-13 23:30:21,997 INFO o.s.c.n.e.s.EurekaServiceRegistry [restartedMain] Registering application USER-MANAGEMENT with eureka with status UP
2025-04-13 23:30:21,997 INFO c.n.d.DiscoveryClient$3 [restartedMain] Saw local status change event StatusChangeEvent [timestamp=1744579821997, current=UP, previous=STARTING]
2025-04-13 23:30:21,999 INFO c.n.d.DiscoveryClient [DiscoveryClient-InstanceInfoReplicator-0] DiscoveryClient_USER-MANAGEMENT/192.168.1.4:user-management:8888: registering service...
2025-04-13 23:30:22,000 INFO o.a.j.l.DirectJDKLog [restartedMain] Starting ProtocolHandler ["http-nio-8888"]
2025-04-13 23:30:22,004 DEBUG o.s.c.l.CompositeLog [DiscoveryClient-InstanceInfoReplicator-0] HTTP POST http://localhost:8761/eureka/apps/USER-MANAGEMENT
2025-04-13 23:30:22,007 DEBUG o.s.c.l.CompositeLog [DiscoveryClient-InstanceInfoReplicator-0] Accept=[application/json, application/*+json]
2025-04-13 23:30:22,023 DEBUG o.s.c.l.CompositeLog [DiscoveryClient-InstanceInfoReplicator-0] Writing [InstanceInfo [instanceId = 192.168.1.4:user-management:8888, appName = USER-MANAGEMENT, hostName = 192.168.1.4, status = UP, ipAddr = 192.168.1.4, port = 8888, securePort = 443, dataCenterInfo = com.netflix.appinfo.MyDataCenterInfo@4fc55649] as "application/json"
2025-04-13 23:30:22,033 INFO o.s.b.w.e.t.TomcatWebServer [restartedMain] Tomcat started on port 8888 (http) with context path ''
2025-04-13 23:30:22,034 INFO o.s.c.n.e.s.EurekaAutoServiceRegistration [restartedMain] Updating port to 8888
2025-04-13 23:30:22,045 DEBUG o.s.c.l.CompositeLog [DiscoveryClient-InstanceInfoReplicator-0] Response 204 NO_CONTENT
2025-04-13 23:30:22,045 INFO c.n.d.DiscoveryClient [DiscoveryClient-InstanceInfoReplicator-0] DiscoveryClient_USER-MANAGEMENT/192.168.1.4:user-management:8888 - registration status: 204
2025-04-13 23:30:22,444 INFO o.s.b.StartupInfoLogger [restartedMain] Started UserOrgManagementApplication in 11.869 seconds (process running for 12.698)
2025-04-13 23:30:51,982 DEBUG o.s.c.l.CompositeLog [DiscoveryClient-CacheRefreshExecutor-0] HTTP GET http://localhost:8761/eureka/apps/delta
2025-04-13 23:30:51,983 DEBUG o.s.c.l.CompositeLog [DiscoveryClient-CacheRefreshExecutor-0] Accept=[application/json, application/*+json]
2025-04-13 23:30:51,998 DEBUG o.s.c.l.CompositeLog [DiscoveryClient-CacheRefreshExecutor-0] Response 200 OK
2025-04-13 23:30:51,998 DEBUG o.s.c.l.CompositeLog [DiscoveryClient-CacheRefreshExecutor-0] Reading to [org.springframework.cloud.netflix.eureka.http.EurekaApplications]
2025-04-13 23:30:51,998 DEBUG o.s.c.l.CompositeLog [DiscoveryClient-HeartbeatExecutor-0] HTTP PUT http://localhost:8761/eureka/apps/USER-MANAGEMENT/192.168.1.4:user-management:8888?status=UP&lastDirtyTimestamp=1744579821997
2025-04-13 23:30:52,008 DEBUG o.s.c.l.CompositeLog [DiscoveryClient-HeartbeatExecutor-0] Accept=[application/json, application/*+json]
2025-04-13 23:30:52,012 DEBUG o.s.c.l.CompositeLog [DiscoveryClient-HeartbeatExecutor-0] Response 200 OK
2025-04-13 23:30:54,991 INFO o.a.j.l.DirectJDKLog [http-nio-8888-exec-1] Initializing Spring DispatcherServlet 'dispatcherServlet'
2025-04-13 23:30:54,991 INFO o.s.w.s.FrameworkServlet [http-nio-8888-exec-1] Initializing Servlet 'dispatcherServlet'
2025-04-13 23:30:54,991 DEBUG o.s.w.s.DispatcherServlet [http-nio-8888-exec-1] Detected StandardServletMultipartResolver
2025-04-13 23:30:54,992 DEBUG o.s.w.s.DispatcherServlet [http-nio-8888-exec-1] Detected AcceptHeaderLocaleResolver
2025-04-13 23:30:54,992 DEBUG o.s.w.s.DispatcherServlet [http-nio-8888-exec-1] Detected FixedThemeResolver
2025-04-13 23:30:54,993 DEBUG o.s.w.s.DispatcherServlet [http-nio-8888-exec-1] Detected org.springframework.web.servlet.view.DefaultRequestToViewNameTranslator@6d6b8d78
2025-04-13 23:30:54,993 DEBUG o.s.w.s.DispatcherServlet [http-nio-8888-exec-1] Detected org.springframework.web.servlet.support.SessionFlashMapManager@66920dae
2025-04-13 23:30:54,994 DEBUG o.s.w.s.FrameworkServlet [http-nio-8888-exec-1] enableLoggingRequestDetails='false': request parameters and headers will be masked to prevent unsafe logging of potentially sensitive data
2025-04-13 23:30:54,995 INFO o.s.w.s.FrameworkServlet [http-nio-8888-exec-1] Completed initialization in 4 ms
2025-04-13 23:30:55,032 ERROR o.a.j.l.DirectJDKLog [http-nio-8888-exec-1] Servlet.service() for servlet [dispatcherServlet] in context with path [] threw exception
io.jsonwebtoken.io.DecodingException: Illegal base64url character: ' '
	at io.jsonwebtoken.io.Base64.ctoi(Base64.java:221)
	at io.jsonwebtoken.io.Base64.decodeFast(Base64.java:270)
	at io.jsonwebtoken.io.Base64Decoder.decode(Base64Decoder.java:36)
	at io.jsonwebtoken.io.Base64Decoder.decode(Base64Decoder.java:23)
	at io.jsonwebtoken.io.ExceptionPropagatingDecoder.decode(ExceptionPropagatingDecoder.java:36)
	at io.jsonwebtoken.impl.DefaultJwtParser.parse(DefaultJwtParser.java:288)
	at io.jsonwebtoken.impl.DefaultJwtParser.parse(DefaultJwtParser.java:529)
	at io.jsonwebtoken.impl.DefaultJwtParser.parseClaimsJws(DefaultJwtParser.java:589)
	at com.user_organization_management.security.JwtUtil.extractUsername(JwtUtil.java:29)
	at com.user_organization_management.security.JwtRequestFilter.doFilterInternal(JwtRequestFilter.java:32)
	at org.springframework.web.filter.OncePerRequestFilter.doFilter(OncePerRequestFilter.java:116)
	at org.springframework.security.web.FilterChainProxy$VirtualFilterChain.doFilter(FilterChainProxy.java:374)
	at org.springframework.security.web.authentication.logout.LogoutFilter.doFilter(LogoutFilter.java:107)
	at org.springframework.security.web.authentication.logout.LogoutFilter.doFilter(LogoutFilter.java:93)
	at org.springframework.security.web.FilterChainProxy$VirtualFilterChain.doFilter(FilterChainProxy.java:374)
	at org.springframework.security.web.header.HeaderWriterFilter.doHeadersAfter(HeaderWriterFilter.java:90)
	at org.springframework.security.web.header.HeaderWriterFilter.doFilterInternal(HeaderWriterFilter.java:75)
	at org.springframework.web.filter.OncePerRequestFilter.doFilter(OncePerRequestFilter.java:116)
	at org.springframework.security.web.FilterChainProxy$VirtualFilterChain.doFilter(FilterChainProxy.java:374)
	at org.springframework.security.web.context.SecurityContextHolderFilter.doFilter(SecurityContextHolderFilter.java:82)
	at org.springframework.security.web.context.SecurityContextHolderFilter.doFilter(SecurityContextHolderFilter.java:69)
	at org.springframework.security.web.FilterChainProxy$VirtualFilterChain.doFilter(FilterChainProxy.java:374)
	at org.springframework.security.web.context.request.async.WebAsyncManagerIntegrationFilter.doFilterInternal(WebAsyncManagerIntegrationFilter.java:62)
	at org.springframework.web.filter.OncePerRequestFilter.doFilter(OncePerRequestFilter.java:116)
	at org.springframework.security.web.FilterChainProxy$VirtualFilterChain.doFilter(FilterChainProxy.java:374)
	at org.springframework.security.web.session.DisableEncodeUrlFilter.doFilterInternal(DisableEncodeUrlFilter.java:42)
	at org.springframework.web.filter.OncePerRequestFilter.doFilter(OncePerRequestFilter.java:116)
	at org.springframework.security.web.FilterChainProxy$VirtualFilterChain.doFilter(FilterChainProxy.java:374)
	at org.springframework.security.web.FilterChainProxy.doFilterInternal(FilterChainProxy.java:233)
	at org.springframework.security.web.FilterChainProxy.doFilter(FilterChainProxy.java:191)
	at org.springframework.web.filter.CompositeFilter$VirtualFilterChain.doFilter(CompositeFilter.java:113)
	at org.springframework.web.servlet.handler.HandlerMappingIntrospector.lambda$createCacheFilter$3(HandlerMappingIntrospector.java:195)
	at org.springframework.web.filter.CompositeFilter$VirtualFilterChain.doFilter(CompositeFilter.java:113)
	at org.springframework.web.filter.CompositeFilter.doFilter(CompositeFilter.java:74)
	at org.springframework.security.config.annotation.web.configuration.WebMvcSecurityConfiguration$CompositeFilterChainProxy.doFilter(WebMvcSecurityConfiguration.java:230)
	at org.springframework.web.filter.DelegatingFilterProxy.invokeDelegate(DelegatingFilterProxy.java:352)
	at org.springframework.web.filter.DelegatingFilterProxy.doFilter(DelegatingFilterProxy.java:268)
	at org.apache.catalina.core.ApplicationFilterChain.internalDoFilter(ApplicationFilterChain.java:174)
	at org.apache.catalina.core.ApplicationFilterChain.doFilter(ApplicationFilterChain.java:149)
	at org.springframework.web.filter.RequestContextFilter.doFilterInternal(RequestContextFilter.java:100)
	at org.springframework.web.filter.OncePerRequestFilter.doFilter(OncePerRequestFilter.java:116)
	at org.apache.catalina.core.ApplicationFilterChain.internalDoFilter(ApplicationFilterChain.java:174)
	at org.apache.catalina.core.ApplicationFilterChain.doFilter(ApplicationFilterChain.java:149)
	at org.springframework.web.filter.FormContentFilter.doFilterInternal(FormContentFilter.java:93)
	at org.springframework.web.filter.OncePerRequestFilter.doFilter(OncePerRequestFilter.java:116)
	at org.apache.catalina.core.ApplicationFilterChain.internalDoFilter(ApplicationFilterChain.java:174)
	at org.apache.catalina.core.ApplicationFilterChain.doFilter(ApplicationFilterChain.java:149)
	at org.springframework.web.filter.CharacterEncodingFilter.doFilterInternal(CharacterEncodingFilter.java:201)
	at org.springframework.web.filter.OncePerRequestFilter.doFilter(OncePerRequestFilter.java:116)
	at org.apache.catalina.core.ApplicationFilterChain.internalDoFilter(ApplicationFilterChain.java:174)
	at org.apache.catalina.core.ApplicationFilterChain.doFilter(ApplicationFilterChain.java:149)
	at org.apache.catalina.core.StandardWrapperValve.invoke(StandardWrapperValve.java:167)
	at org.apache.catalina.core.StandardContextValve.invoke(StandardContextValve.java:90)
	at org.apache.catalina.authenticator.AuthenticatorBase.invoke(AuthenticatorBase.java:482)
	at org.apache.catalina.core.StandardHostValve.invoke(StandardHostValve.java:115)
	at org.apache.catalina.valves.ErrorReportValve.invoke(ErrorReportValve.java:93)
	at org.apache.catalina.core.StandardEngineValve.invoke(StandardEngineValve.java:74)
	at org.apache.catalina.connector.CoyoteAdapter.service(CoyoteAdapter.java:344)
	at org.apache.coyote.http11.Http11Processor.service(Http11Processor.java:391)
	at org.apache.coyote.AbstractProcessorLight.process(AbstractProcessorLight.java:63)
	at org.apache.coyote.AbstractProtocol$ConnectionHandler.process(AbstractProtocol.java:896)
	at org.apache.tomcat.util.net.NioEndpoint$SocketProcessor.doRun(NioEndpoint.java:1744)
	at org.apache.tomcat.util.net.SocketProcessorBase.run(SocketProcessorBase.java:52)
	at org.apache.tomcat.util.threads.ThreadPoolExecutor.runWorker(ThreadPoolExecutor.java:1191)
	at org.apache.tomcat.util.threads.ThreadPoolExecutor$Worker.run(ThreadPoolExecutor.java:659)
	at org.apache.tomcat.util.threads.TaskThread$WrappingRunnable.run(TaskThread.java:63)
	at java.base/java.lang.Thread.run(Thread.java:842)
2025-04-13 23:31:05,015 DEBUG o.s.c.l.LogFormatUtils [http-nio-8888-exec-2] POST "/auth/login", parameters={}
2025-04-13 23:31:05,017 DEBUG o.s.w.s.h.AbstractHandlerMapping [http-nio-8888-exec-2] Mapped to com.user_organization_management.controller.AuthController#login(AuthRequest)
2025-04-13 23:31:05,033 DEBUG o.s.c.l.LogFormatUtils [http-nio-8888-exec-2] Read "application/json;charset=UTF-8" to [com.user_organization_management.model.AuthRequest@5513c960]
2025-04-13 23:31:05,041 INFO c.u.a.LoggingAspect [http-nio-8888-exec-2] =================> Method Name is >> login 
2025-04-13 23:31:05,041 INFO c.u.a.LoggingAspect [http-nio-8888-exec-2] ====> argument >> com.user_organization_management.model.AuthRequest@5513c960
2025-04-13 23:31:05,042 INFO c.u.a.LoggingAspect [http-nio-8888-exec-2] =================> Method Name is >> login 
2025-04-13 23:31:05,042 INFO c.u.a.LoggingAspect [http-nio-8888-exec-2] ====> argument >> com.user_organization_management.model.AuthRequest@5513c960
2025-04-13 23:31:05,043 INFO c.u.a.LoggingAspect [http-nio-8888-exec-2] =================> Method Name is >> disableLogin 
2025-04-13 23:31:05,043 INFO c.u.a.LoggingAspect [http-nio-8888-exec-2] ====> argument >> testAdmin@gmail.com
2025-04-13 23:31:05,045 INFO c.u.a.LoggingAspect [http-nio-8888-exec-2] =================> Method Name is >> findByEmail 
2025-04-13 23:31:05,045 INFO c.u.a.LoggingAspect [http-nio-8888-exec-2] ====> argument >> testAdmin@gmail.com
2025-04-13 23:31:05,119 DEBUG o.h.e.j.s.SqlStatementLogger [http-nio-8888-exec-2] 
    select
        ue1_0.id,
        ue1_0.created_by,
        ue1_0.created_date,
        ue1_0.email,
        ue1_0.failed_count,
        ue1_0.last_modified_by,
        ue1_0.last_modified_date,
        ue1_0.locked,
        ue1_0.mobile,
        ue1_0.name,
        ue1_0.organization_id,
        ue1_0.password,
        ue1_0.role_id 
    from
        users ue1_0 
    where
        ue1_0.email=?
2025-04-13 23:31:05,137 DEBUG o.h.e.j.s.SqlStatementLogger [http-nio-8888-exec-2] 
    select
        re1_0.id,
        re1_0.created_by,
        re1_0.created_date,
        re1_0.last_modified_by,
        re1_0.last_modified_date,
        re1_0.name 
    from
        roles re1_0 
    where
        re1_0.id=?
2025-04-13 23:31:05,160 INFO c.u.a.MeasurementAspect [http-nio-8888-exec-2] KPI[method-execution]	for: void com.user_organization_management.service.UserService.disableLogin(String)	withArgs: [testAdmin@gmail.com]	took: 117 ms. 
2025-04-13 23:31:05,244 INFO c.u.a.LoggingAspect [http-nio-8888-exec-2] =================> Method Name is >> getUserByEmail 
2025-04-13 23:31:05,244 INFO c.u.a.LoggingAspect [http-nio-8888-exec-2] ====> argument >> testAdmin@gmail.com
2025-04-13 23:31:05,245 INFO c.u.a.LoggingAspect [http-nio-8888-exec-2] =================> Method Name is >> findByEmail 
2025-04-13 23:31:05,245 INFO c.u.a.LoggingAspect [http-nio-8888-exec-2] ====> argument >> testAdmin@gmail.com
2025-04-13 23:31:05,246 DEBUG o.h.e.j.s.SqlStatementLogger [http-nio-8888-exec-2] 
    select
        ue1_0.id,
        ue1_0.created_by,
        ue1_0.created_date,
        ue1_0.email,
        ue1_0.failed_count,
        ue1_0.last_modified_by,
        ue1_0.last_modified_date,
        ue1_0.locked,
        ue1_0.mobile,
        ue1_0.name,
        ue1_0.organization_id,
        ue1_0.password,
        ue1_0.role_id 
    from
        users ue1_0 
    where
        ue1_0.email=?
2025-04-13 23:31:05,251 INFO c.u.a.MeasurementAspect [http-nio-8888-exec-2] KPI[method-execution]	for: UserDTO com.user_organization_management.service.UserService.getUserByEmail(String)	withArgs: [testAdmin@gmail.com]	took: 6 ms. 
2025-04-13 23:31:05,252 INFO c.u.s.CustomUserDetailsService [http-nio-8888-exec-2] User testAdmin@gmail.com has role ROLE_ADMIN
2025-04-13 23:31:05,331 INFO c.u.a.LoggingAspect [http-nio-8888-exec-2] =================> Method Name is >> resetFailedLoginAttempts 
2025-04-13 23:31:05,332 INFO c.u.a.LoggingAspect [http-nio-8888-exec-2] ====> argument >> testAdmin@gmail.com
2025-04-13 23:31:05,333 INFO c.u.a.LoggingAspect [http-nio-8888-exec-2] =================> Method Name is >> findByEmail 
2025-04-13 23:31:05,333 INFO c.u.a.LoggingAspect [http-nio-8888-exec-2] ====> argument >> testAdmin@gmail.com
2025-04-13 23:31:05,334 DEBUG o.h.e.j.s.SqlStatementLogger [http-nio-8888-exec-2] 
    select
        ue1_0.id,
        ue1_0.created_by,
        ue1_0.created_date,
        ue1_0.email,
        ue1_0.failed_count,
        ue1_0.last_modified_by,
        ue1_0.last_modified_date,
        ue1_0.locked,
        ue1_0.mobile,
        ue1_0.name,
        ue1_0.organization_id,
        ue1_0.password,
        ue1_0.role_id 
    from
        users ue1_0 
    where
        ue1_0.email=?
2025-04-13 23:31:05,337 INFO c.u.a.MeasurementAspect [http-nio-8888-exec-2] KPI[method-execution]	for: void com.user_organization_management.service.UserService.resetFailedLoginAttempts(String)	withArgs: [testAdmin@gmail.com]	took: 4 ms. 
2025-04-13 23:31:05,339 INFO c.u.a.LoggingAspect [http-nio-8888-exec-2] =================> Method Name is >> getUserByEmail 
2025-04-13 23:31:05,339 INFO c.u.a.LoggingAspect [http-nio-8888-exec-2] ====> argument >> testAdmin@gmail.com
2025-04-13 23:31:05,339 INFO c.u.a.LoggingAspect [http-nio-8888-exec-2] =================> Method Name is >> findByEmail 
2025-04-13 23:31:05,339 INFO c.u.a.LoggingAspect [http-nio-8888-exec-2] ====> argument >> testAdmin@gmail.com
2025-04-13 23:31:05,340 DEBUG o.h.e.j.s.SqlStatementLogger [http-nio-8888-exec-2] 
    select
        ue1_0.id,
        ue1_0.created_by,
        ue1_0.created_date,
        ue1_0.email,
        ue1_0.failed_count,
        ue1_0.last_modified_by,
        ue1_0.last_modified_date,
        ue1_0.locked,
        ue1_0.mobile,
        ue1_0.name,
        ue1_0.organization_id,
        ue1_0.password,
        ue1_0.role_id 
    from
        users ue1_0 
    where
        ue1_0.email=?
2025-04-13 23:31:05,343 INFO c.u.a.MeasurementAspect [http-nio-8888-exec-2] KPI[method-execution]	for: UserDTO com.user_organization_management.service.UserService.getUserByEmail(String)	withArgs: [testAdmin@gmail.com]	took: 4 ms. 
2025-04-13 23:31:05,344 INFO c.u.s.CustomUserDetailsService [http-nio-8888-exec-2] User testAdmin@gmail.com has role ROLE_ADMIN
2025-04-13 23:31:05,358 INFO c.u.a.MeasurementAspect [http-nio-8888-exec-2] KPI[method-execution]	for: Map com.user_organization_management.service.AuthService.login(AuthRequest)	withArgs: [com.user_organization_management.model.AuthRequest@5513c960]	took: 316 ms. 
2025-04-13 23:31:05,362 DEBUG o.s.w.s.m.m.a.AbstractMessageConverterMethodProcessor [http-nio-8888-exec-2] Using 'application/json', given [*/*] and supported [application/json, application/*+json]
2025-04-13 23:31:05,363 DEBUG o.s.c.l.LogFormatUtils [http-nio-8888-exec-2] Writing [{token=eyJhbGciOiJIUzI1NiJ9.eyJzdWIiOiJ0ZXN0QWRtaW5AZ21haWwuY29tIiwiaWF0IjoxNzQ0NTc5ODY1LCJleHAiOjE3 (truncated)...]
2025-04-13 23:31:05,368 DEBUG o.s.w.s.FrameworkServlet [http-nio-8888-exec-2] Completed 200 OK
2025-04-13 23:31:22,006 DEBUG o.s.c.l.CompositeLog [DiscoveryClient-CacheRefreshExecutor-0] HTTP GET http://localhost:8761/eureka/apps/delta
2025-04-13 23:31:22,007 DEBUG o.s.c.l.CompositeLog [DiscoveryClient-CacheRefreshExecutor-0] Accept=[application/json, application/*+json]
2025-04-13 23:31:22,021 DEBUG o.s.c.l.CompositeLog [DiscoveryClient-HeartbeatExecutor-0] HTTP PUT http://localhost:8761/eureka/apps/USER-MANAGEMENT/192.168.1.4:user-management:8888?status=UP&lastDirtyTimestamp=1744579821997
2025-04-13 23:31:22,021 DEBUG o.s.c.l.CompositeLog [DiscoveryClient-HeartbeatExecutor-0] Accept=[application/json, application/*+json]
2025-04-13 23:31:22,022 DEBUG o.s.c.l.CompositeLog [DiscoveryClient-CacheRefreshExecutor-0] Response 200 OK
2025-04-13 23:31:22,023 DEBUG o.s.c.l.CompositeLog [DiscoveryClient-CacheRefreshExecutor-0] Reading to [org.springframework.cloud.netflix.eureka.http.EurekaApplications]
2025-04-13 23:31:22,038 DEBUG o.s.c.l.CompositeLog [DiscoveryClient-HeartbeatExecutor-0] Response 200 OK
2025-04-13 23:31:22,145 INFO c.u.a.LoggingAspect [http-nio-8888-exec-4] =================> Method Name is >> getUserByEmail 
2025-04-13 23:31:22,146 INFO c.u.a.LoggingAspect [http-nio-8888-exec-4] ====> argument >> testAdmin@gmail.com
2025-04-13 23:31:22,146 INFO c.u.a.LoggingAspect [http-nio-8888-exec-4] =================> Method Name is >> findByEmail 
2025-04-13 23:31:22,146 INFO c.u.a.LoggingAspect [http-nio-8888-exec-4] ====> argument >> testAdmin@gmail.com
2025-04-13 23:31:22,172 DEBUG o.h.e.j.s.SqlStatementLogger [http-nio-8888-exec-4] 
    select
        ue1_0.id,
        ue1_0.created_by,
        ue1_0.created_date,
        ue1_0.email,
        ue1_0.failed_count,
        ue1_0.last_modified_by,
        ue1_0.last_modified_date,
        ue1_0.locked,
        ue1_0.mobile,
        ue1_0.name,
        ue1_0.organization_id,
        ue1_0.password,
        ue1_0.role_id 
    from
        users ue1_0 
    where
        ue1_0.email=?
2025-04-13 23:31:22,177 DEBUG o.h.e.j.s.SqlStatementLogger [http-nio-8888-exec-4] 
    select
        re1_0.id,
        re1_0.created_by,
        re1_0.created_date,
        re1_0.last_modified_by,
        re1_0.last_modified_date,
        re1_0.name 
    from
        roles re1_0 
    where
        re1_0.id=?
2025-04-13 23:31:22,181 INFO c.u.a.MeasurementAspect [http-nio-8888-exec-4] KPI[method-execution]	for: UserDTO com.user_organization_management.service.UserService.getUserByEmail(String)	withArgs: [testAdmin@gmail.com]	took: 35 ms. 
2025-04-13 23:31:22,181 INFO c.u.s.CustomUserDetailsService [http-nio-8888-exec-4] User testAdmin@gmail.com has role ROLE_ADMIN
2025-04-13 23:31:22,184 DEBUG o.s.c.l.LogFormatUtils [http-nio-8888-exec-4] POST "/organizations/create", parameters={}
2025-04-13 23:31:22,185 DEBUG o.s.w.s.h.AbstractHandlerMapping [http-nio-8888-exec-4] Mapped to com.user_organization_management.controller.OrganizationController#createOrganization(OrganizationDTO)
2025-04-13 23:31:22,188 DEBUG o.s.c.l.LogFormatUtils [http-nio-8888-exec-4] Read "application/json;charset=UTF-8" to [com.user_organization_management.dto.OrganizationDTO@6ed40e74]
2025-04-13 23:31:22,221 INFO c.u.a.LoggingAspect [http-nio-8888-exec-4] =================> Method Name is >> createOrganization 
2025-04-13 23:31:22,221 INFO c.u.a.LoggingAspect [http-nio-8888-exec-4] ====> argument >> com.user_organization_management.dto.OrganizationDTO@6ed40e74
2025-04-13 23:31:22,221 INFO c.u.a.LoggingAspect [http-nio-8888-exec-4] =================> Method Name is >> createOrganization 
2025-04-13 23:31:22,221 INFO c.u.a.LoggingAspect [http-nio-8888-exec-4] ====> argument >> com.user_organization_management.dto.OrganizationDTO@6ed40e74
2025-04-13 23:31:22,222 INFO c.u.s.OrganizationService [http-nio-8888-exec-4] Creating organization with name: { %s }
2025-04-13 23:31:22,223 INFO c.u.a.LoggingAspect [http-nio-8888-exec-4] =================> Method Name is >> existsByName 
2025-04-13 23:31:22,223 INFO c.u.a.LoggingAspect [http-nio-8888-exec-4] ====> argument >> testttt
2025-04-13 23:31:22,236 DEBUG o.h.e.j.s.SqlStatementLogger [http-nio-8888-exec-4] 
    select
        oe1_0.id 
    from
        organizations oe1_0 
    where
        oe1_0.name=? 
    limit
        ?
2025-04-13 23:31:22,242 WARN c.u.s.OrganizationService [http-nio-8888-exec-4] Organization name '{ %s }' already exists.
2025-04-13 23:31:22,244 DEBUG o.s.w.s.m.m.a.ExceptionHandlerExceptionResolver [http-nio-8888-exec-4] Using @ExceptionHandler com.user_organization_management.exception.GlobalExceptionHandler#handleIllegalArgument(IllegalArgumentException)
2025-04-13 23:31:22,245 WARN c.u.e.ErrorResponseUtil [http-nio-8888-exec-4] IllegalArgumentException: Organization name already exists
2025-04-13 23:31:22,247 DEBUG o.s.w.s.m.m.a.AbstractMessageConverterMethodProcessor [http-nio-8888-exec-4] Using 'application/json', given [*/*] and supported [application/json, application/*+json]
2025-04-13 23:31:22,247 DEBUG o.s.c.l.LogFormatUtils [http-nio-8888-exec-4] Writing [com.user_organization_management.model.CustomErrorResponse@171c7180]
2025-04-13 23:31:22,249 WARN o.s.w.s.h.AbstractHandlerExceptionResolver [http-nio-8888-exec-4] Resolved [java.lang.IllegalArgumentException: Organization name already exists]
2025-04-13 23:31:22,249 DEBUG o.s.w.s.FrameworkServlet [http-nio-8888-exec-4] Completed 400 BAD_REQUEST
2025-04-13 23:31:52,034 DEBUG o.s.c.l.CompositeLog [DiscoveryClient-CacheRefreshExecutor-0] HTTP GET http://localhost:8761/eureka/apps/delta
2025-04-13 23:31:52,034 DEBUG o.s.c.l.CompositeLog [DiscoveryClient-CacheRefreshExecutor-0] Accept=[application/json, application/*+json]
2025-04-13 23:31:52,048 DEBUG o.s.c.l.CompositeLog [DiscoveryClient-HeartbeatExecutor-0] HTTP PUT http://localhost:8761/eureka/apps/USER-MANAGEMENT/192.168.1.4:user-management:8888?status=UP&lastDirtyTimestamp=1744579821997
2025-04-13 23:31:52,049 DEBUG o.s.c.l.CompositeLog [DiscoveryClient-HeartbeatExecutor-0] Accept=[application/json, application/*+json]
2025-04-13 23:31:52,049 DEBUG o.s.c.l.CompositeLog [DiscoveryClient-CacheRefreshExecutor-0] Response 200 OK
2025-04-13 23:31:52,050 DEBUG o.s.c.l.CompositeLog [DiscoveryClient-CacheRefreshExecutor-0] Reading to [org.springframework.cloud.netflix.eureka.http.EurekaApplications]
2025-04-13 23:31:52,066 DEBUG o.s.c.l.CompositeLog [DiscoveryClient-HeartbeatExecutor-0] Response 200 OK
2025-04-13 23:32:22,054 DEBUG o.s.c.l.CompositeLog [DiscoveryClient-CacheRefreshExecutor-0] HTTP GET http://localhost:8761/eureka/apps/delta
2025-04-13 23:32:22,054 DEBUG o.s.c.l.CompositeLog [DiscoveryClient-CacheRefreshExecutor-0] Accept=[application/json, application/*+json]
2025-04-13 23:32:22,070 DEBUG o.s.c.l.CompositeLog [DiscoveryClient-HeartbeatExecutor-0] HTTP PUT http://localhost:8761/eureka/apps/USER-MANAGEMENT/192.168.1.4:user-management:8888?status=UP&lastDirtyTimestamp=1744579821997
2025-04-13 23:32:22,071 DEBUG o.s.c.l.CompositeLog [DiscoveryClient-HeartbeatExecutor-0] Accept=[application/json, application/*+json]
2025-04-13 23:32:22,071 DEBUG o.s.c.l.CompositeLog [DiscoveryClient-CacheRefreshExecutor-0] Response 200 OK
2025-04-13 23:32:22,072 DEBUG o.s.c.l.CompositeLog [DiscoveryClient-CacheRefreshExecutor-0] Reading to [org.springframework.cloud.netflix.eureka.http.EurekaApplications]
2025-04-13 23:32:22,086 DEBUG o.s.c.l.CompositeLog [DiscoveryClient-HeartbeatExecutor-0] Response 200 OK
2025-04-13 23:32:52,077 DEBUG o.s.c.l.CompositeLog [DiscoveryClient-CacheRefreshExecutor-0] HTTP GET http://localhost:8761/eureka/apps/delta
2025-04-13 23:32:52,078 DEBUG o.s.c.l.CompositeLog [DiscoveryClient-CacheRefreshExecutor-0] Accept=[application/json, application/*+json]
2025-04-13 23:32:52,093 DEBUG o.s.c.l.CompositeLog [DiscoveryClient-HeartbeatExecutor-0] HTTP PUT http://localhost:8761/eureka/apps/USER-MANAGEMENT/192.168.1.4:user-management:8888?status=UP&lastDirtyTimestamp=1744579821997
2025-04-13 23:32:52,094 DEBUG o.s.c.l.CompositeLog [DiscoveryClient-HeartbeatExecutor-0] Accept=[application/json, application/*+json]
2025-04-13 23:32:52,094 DEBUG o.s.c.l.CompositeLog [DiscoveryClient-CacheRefreshExecutor-0] Response 200 OK
2025-04-13 23:32:52,095 DEBUG o.s.c.l.CompositeLog [DiscoveryClient-CacheRefreshExecutor-0] Reading to [org.springframework.cloud.netflix.eureka.http.EurekaApplications]
2025-04-13 23:32:52,109 DEBUG o.s.c.l.CompositeLog [DiscoveryClient-HeartbeatExecutor-0] Response 200 OK
2025-04-13 23:33:02,974 INFO o.s.b.d.a.LocalDevToolsAutoConfiguration$RestartingClassPathChangeChangedEventListener [File Watcher] Restarting due to 3 class path changes (0 additions, 0 deletions, 3 modifications)
2025-04-13 23:33:02,977 INFO o.s.c.n.e.s.EurekaServiceRegistry [Thread-1] Unregistering application USER-MANAGEMENT with eureka with status DOWN
2025-04-13 23:33:02,977 INFO c.n.d.DiscoveryClient$3 [Thread-1] Saw local status change event StatusChangeEvent [timestamp=1744579982977, current=DOWN, previous=UP]
2025-04-13 23:33:02,977 INFO c.n.d.DiscoveryClient [DiscoveryClient-InstanceInfoReplicator-0] DiscoveryClient_USER-MANAGEMENT/192.168.1.4:user-management:8888: registering service...
2025-04-13 23:33:02,977 DEBUG o.s.c.l.CompositeLog [DiscoveryClient-InstanceInfoReplicator-0] HTTP POST http://localhost:8761/eureka/apps/USER-MANAGEMENT
2025-04-13 23:33:02,978 DEBUG o.s.c.l.CompositeLog [DiscoveryClient-InstanceInfoReplicator-0] Accept=[application/json, application/*+json]
2025-04-13 23:33:02,978 DEBUG o.s.c.l.CompositeLog [DiscoveryClient-InstanceInfoReplicator-0] Writing [InstanceInfo [instanceId = 192.168.1.4:user-management:8888, appName = USER-MANAGEMENT, hostName = 192.168.1.4, status = DOWN, ipAddr = 192.168.1.4, port = 8888, securePort = 443, dataCenterInfo = com.netflix.appinfo.MyDataCenterInfo@4fc55649] as "application/json"
2025-04-13 23:33:02,979 INFO o.a.j.l.DirectJDKLog [Thread-1] Stopping ProtocolHandler ["http-nio-8888"]
2025-04-13 23:33:02,989 DEBUG o.s.c.l.CompositeLog [DiscoveryClient-InstanceInfoReplicator-0] Response 204 NO_CONTENT
2025-04-13 23:33:02,989 INFO c.n.d.DiscoveryClient [DiscoveryClient-InstanceInfoReplicator-0] DiscoveryClient_USER-MANAGEMENT/192.168.1.4:user-management:8888 - registration status: 204
2025-04-13 23:33:03,011 INFO o.s.o.j.AbstractEntityManagerFactoryBean [Thread-1] Closing JPA EntityManagerFactory for persistence unit 'default'
2025-04-13 23:33:03,015 INFO c.z.h.HikariDataSource [Thread-1] HikariPool-1 - Shutdown initiated...
2025-04-13 23:33:03,029 INFO c.z.h.HikariDataSource [Thread-1] HikariPool-1 - Shutdown completed.
2025-04-13 23:33:03,031 INFO c.n.d.DiscoveryClient [Thread-1] Shutting down DiscoveryClient ...
2025-04-13 23:33:06,046 INFO c.n.d.DiscoveryClient [Thread-1] Unregistering ...
2025-04-13 23:33:06,048 DEBUG o.s.c.l.CompositeLog [Thread-1] HTTP DELETE http://localhost:8761/eureka/apps/USER-MANAGEMENT/192.168.1.4:user-management:8888
2025-04-13 23:33:06,049 DEBUG o.s.c.l.CompositeLog [Thread-1] Accept=[application/json, application/*+json]
2025-04-13 23:33:06,063 DEBUG o.s.c.l.CompositeLog [Thread-1] Response 200 OK
2025-04-13 23:33:06,063 INFO c.n.d.DiscoveryClient [Thread-1] DiscoveryClient_USER-MANAGEMENT/192.168.1.4:user-management:8888 - deregister  status: 200
2025-04-13 23:33:06,068 INFO c.n.d.DiscoveryClient [Thread-1] Completed shut down of DiscoveryClient
2025-04-13 23:33:07,278 INFO o.s.b.StartupInfoLogger [restartedMain] Starting UserOrgManagementApplication using Java 17.0.12 with PID 8368 (D:\Courses\BackEnd\Spring\Sb\User_Management_System\user-org-management\target\classes started by mtoaima in D:\Courses\BackEnd\Spring\Sb\User_Management_System\user-org-management)
2025-04-13 23:33:07,278 INFO o.s.b.SpringApplication [restartedMain] No active profile set, falling back to 1 default profile: "default"
2025-04-13 23:33:07,280 INFO o.s.b.l.DeferredLog [restartedMain] Fetching config from server at : http://localhost:8081
2025-04-13 23:33:07,280 INFO o.s.b.l.DeferredLog [restartedMain] Located environment: name=user-management, profiles=[default], label=null, version=ef3ccb72180485ea77e71aa24e8a6021544ae2b5, state=
2025-04-13 23:33:07,547 INFO o.s.d.r.c.RepositoryConfigurationDelegate [restartedMain] Bootstrapping Spring Data JPA repositories in DEFAULT mode.
2025-04-13 23:33:07,594 INFO o.s.d.r.c.RepositoryConfigurationDelegate [restartedMain] Finished Spring Data repository scanning in 45 ms. Found 3 JPA repository interfaces.
2025-04-13 23:33:07,673 INFO o.s.c.c.s.GenericScope [restartedMain] BeanFactory id=f74d915f-4514-3717-bfc9-0ab6e98804f7
2025-04-13 23:33:07,700 WARN o.s.c.s.PostProcessorRegistrationDelegate$BeanPostProcessorChecker [restartedMain] Bean 'org.springframework.cloud.client.loadbalancer.LoadBalancerAutoConfiguration$LoadBalancerInterceptorConfig' of type [org.springframework.cloud.client.loadbalancer.LoadBalancerAutoConfiguration$LoadBalancerInterceptorConfig] is not eligible for getting processed by all BeanPostProcessors (for example: not eligible for auto-proxying). The currently created BeanPostProcessor [lbRestClientPostProcessor] is declared through a non-static factory method on that class; consider declaring it as static instead.
2025-04-13 23:33:07,701 WARN o.s.c.s.PostProcessorRegistrationDelegate$BeanPostProcessorChecker [restartedMain] Bean 'org.springframework.cloud.loadbalancer.config.BlockingLoadBalancerClientAutoConfiguration' of type [org.springframework.cloud.loadbalancer.config.BlockingLoadBalancerClientAutoConfiguration] is not eligible for getting processed by all BeanPostProcessors (for example: not eligible for auto-proxying). Is this bean getting eagerly injected into a currently created BeanPostProcessor [lbRestClientPostProcessor]? Check the corresponding BeanPostProcessor declaration and its dependencies.
2025-04-13 23:33:07,702 WARN o.s.c.s.PostProcessorRegistrationDelegate$BeanPostProcessorChecker [restartedMain] Bean 'org.springframework.cloud.loadbalancer.config.LoadBalancerAutoConfiguration' of type [org.springframework.cloud.loadbalancer.config.LoadBalancerAutoConfiguration] is not eligible for getting processed by all BeanPostProcessors (for example: not eligible for auto-proxying). Is this bean getting eagerly injected into a currently created BeanPostProcessor [lbRestClientPostProcessor]? Check the corresponding BeanPostProcessor declaration and its dependencies.
2025-04-13 23:33:07,706 WARN o.s.c.s.PostProcessorRegistrationDelegate$BeanPostProcessorChecker [restartedMain] Bean 'org.springframework.cloud.commons.config.CommonsConfigAutoConfiguration' of type [org.springframework.cloud.commons.config.CommonsConfigAutoConfiguration] is not eligible for getting processed by all BeanPostProcessors (for example: not eligible for auto-proxying). Is this bean getting eagerly injected into a currently created BeanPostProcessor [lbRestClientPostProcessor]? Check the corresponding BeanPostProcessor declaration and its dependencies.
2025-04-13 23:33:07,707 WARN o.s.c.s.PostProcessorRegistrationDelegate$BeanPostProcessorChecker [restartedMain] Bean 'org.springframework.cloud.client.loadbalancer.LoadBalancerDefaultMappingsProviderAutoConfiguration' of type [org.springframework.cloud.client.loadbalancer.LoadBalancerDefaultMappingsProviderAutoConfiguration] is not eligible for getting processed by all BeanPostProcessors (for example: not eligible for auto-proxying). Is this bean getting eagerly injected into a currently created BeanPostProcessor [lbRestClientPostProcessor]? Check the corresponding BeanPostProcessor declaration and its dependencies.
2025-04-13 23:33:07,708 WARN o.s.c.s.PostProcessorRegistrationDelegate$BeanPostProcessorChecker [restartedMain] Bean 'loadBalancerClientsDefaultsMappingsProvider' of type [org.springframework.cloud.client.loadbalancer.LoadBalancerDefaultMappingsProviderAutoConfiguration$$Lambda$775/0x00000277944ec130] is not eligible for getting processed by all BeanPostProcessors (for example: not eligible for auto-proxying). Is this bean getting eagerly injected into a currently created BeanPostProcessor [lbRestClientPostProcessor]? Check the corresponding BeanPostProcessor declaration and its dependencies.
2025-04-13 23:33:07,709 WARN o.s.c.s.PostProcessorRegistrationDelegate$BeanPostProcessorChecker [restartedMain] Bean 'defaultsBindHandlerAdvisor' of type [org.springframework.cloud.commons.config.DefaultsBindHandlerAdvisor] is not eligible for getting processed by all BeanPostProcessors (for example: not eligible for auto-proxying). Is this bean getting eagerly injected into a currently created BeanPostProcessor [lbRestClientPostProcessor]? Check the corresponding BeanPostProcessor declaration and its dependencies.
2025-04-13 23:33:07,711 WARN o.s.c.s.PostProcessorRegistrationDelegate$BeanPostProcessorChecker [restartedMain] Bean 'spring.cloud.loadbalancer-org.springframework.cloud.client.loadbalancer.LoadBalancerClientsProperties' of type [org.springframework.cloud.client.loadbalancer.LoadBalancerClientsProperties] is not eligible for getting processed by all BeanPostProcessors (for example: not eligible for auto-proxying). Is this bean getting eagerly injected into a currently created BeanPostProcessor [lbRestClientPostProcessor]? Check the corresponding BeanPostProcessor declaration and its dependencies.
2025-04-13 23:33:07,714 WARN o.s.c.s.PostProcessorRegistrationDelegate$BeanPostProcessorChecker [restartedMain] Bean 'default.org.springframework.cloud.loadbalancer.config.LoadBalancerAutoConfiguration.LoadBalancerClientSpecification' of type [org.springframework.cloud.loadbalancer.annotation.LoadBalancerClientSpecification] is not eligible for getting processed by all BeanPostProcessors (for example: not eligible for auto-proxying). Is this bean getting eagerly injected into a currently created BeanPostProcessor [lbRestClientPostProcessor]? Check the corresponding BeanPostProcessor declaration and its dependencies.
2025-04-13 23:33:07,716 WARN o.s.c.s.PostProcessorRegistrationDelegate$BeanPostProcessorChecker [restartedMain] Bean 'default.org.springframework.cloud.loadbalancer.config.BlockingLoadBalancerClientAutoConfiguration.LoadBalancerClientSpecification' of type [org.springframework.cloud.loadbalancer.annotation.LoadBalancerClientSpecification] is not eligible for getting processed by all BeanPostProcessors (for example: not eligible for auto-proxying). Is this bean getting eagerly injected into a currently created BeanPostProcessor [lbRestClientPostProcessor]? Check the corresponding BeanPostProcessor declaration and its dependencies.
2025-04-13 23:33:07,716 WARN o.s.c.s.PostProcessorRegistrationDelegate$BeanPostProcessorChecker [restartedMain] Bean 'default.org.springframework.cloud.netflix.eureka.loadbalancer.LoadBalancerEurekaAutoConfiguration.LoadBalancerClientSpecification' of type [org.springframework.cloud.loadbalancer.annotation.LoadBalancerClientSpecification] is not eligible for getting processed by all BeanPostProcessors (for example: not eligible for auto-proxying). Is this bean getting eagerly injected into a currently created BeanPostProcessor [lbRestClientPostProcessor]? Check the corresponding BeanPostProcessor declaration and its dependencies.
2025-04-13 23:33:07,717 WARN o.s.c.s.PostProcessorRegistrationDelegate$BeanPostProcessorChecker [restartedMain] Bean 'loadBalancerClientFactory' of type [org.springframework.cloud.loadbalancer.support.LoadBalancerClientFactory] is not eligible for getting processed by all BeanPostProcessors (for example: not eligible for auto-proxying). Is this bean getting eagerly injected into a currently created BeanPostProcessor [lbRestClientPostProcessor]? Check the corresponding BeanPostProcessor declaration and its dependencies.
2025-04-13 23:33:07,720 WARN o.s.c.s.PostProcessorRegistrationDelegate$BeanPostProcessorChecker [restartedMain] Bean 'blockingLoadBalancerClient' of type [org.springframework.cloud.loadbalancer.blocking.client.BlockingLoadBalancerClient] is not eligible for getting processed by all BeanPostProcessors (for example: not eligible for auto-proxying). Is this bean getting eagerly injected into a currently created BeanPostProcessor [lbRestClientPostProcessor]? Check the corresponding BeanPostProcessor declaration and its dependencies.
2025-04-13 23:33:07,723 WARN o.s.c.s.PostProcessorRegistrationDelegate$BeanPostProcessorChecker [restartedMain] Bean 'loadBalancerServiceInstanceCookieTransformer' of type [org.springframework.cloud.loadbalancer.core.LoadBalancerServiceInstanceCookieTransformer] is not eligible for getting processed by all BeanPostProcessors (for example: not eligible for auto-proxying). Is this bean getting eagerly injected into a currently created BeanPostProcessor [lbRestClientPostProcessor]? Check the corresponding BeanPostProcessor declaration and its dependencies.
2025-04-13 23:33:07,724 WARN o.s.c.s.PostProcessorRegistrationDelegate$BeanPostProcessorChecker [restartedMain] Bean 'xForwarderHeadersTransformer' of type [org.springframework.cloud.loadbalancer.blocking.XForwardedHeadersTransformer] is not eligible for getting processed by all BeanPostProcessors (for example: not eligible for auto-proxying). Is this bean getting eagerly injected into a currently created BeanPostProcessor [lbRestClientPostProcessor]? Check the corresponding BeanPostProcessor declaration and its dependencies.
2025-04-13 23:33:07,725 WARN o.s.c.s.PostProcessorRegistrationDelegate$BeanPostProcessorChecker [restartedMain] Bean 'org.springframework.cloud.client.loadbalancer.LoadBalancerAutoConfiguration' of type [org.springframework.cloud.client.loadbalancer.LoadBalancerAutoConfiguration] is not eligible for getting processed by all BeanPostProcessors (for example: not eligible for auto-proxying). Is this bean getting eagerly injected into a currently created BeanPostProcessor [lbRestClientPostProcessor]? Check the corresponding BeanPostProcessor declaration and its dependencies.
2025-04-13 23:33:07,726 WARN o.s.c.s.PostProcessorRegistrationDelegate$BeanPostProcessorChecker [restartedMain] Bean 'loadBalancerRequestFactory' of type [org.springframework.cloud.client.loadbalancer.LoadBalancerRequestFactory] is not eligible for getting processed by all BeanPostProcessors (for example: not eligible for auto-proxying). Is this bean getting eagerly injected into a currently created BeanPostProcessor [lbRestClientPostProcessor]? Check the corresponding BeanPostProcessor declaration and its dependencies.
2025-04-13 23:33:07,726 WARN o.s.c.s.PostProcessorRegistrationDelegate$BeanPostProcessorChecker [restartedMain] Bean 'loadBalancerInterceptor' of type [org.springframework.cloud.client.loadbalancer.LoadBalancerInterceptor] is not eligible for getting processed by all BeanPostProcessors (for example: not eligible for auto-proxying). Is this bean getting eagerly injected into a currently created BeanPostProcessor [lbRestClientPostProcessor]? Check the corresponding BeanPostProcessor declaration and its dependencies.
2025-04-13 23:33:07,845 INFO o.s.b.w.e.t.TomcatWebServer [restartedMain] Tomcat initialized with port 8888 (http)
2025-04-13 23:33:07,846 INFO o.a.j.l.DirectJDKLog [restartedMain] Initializing ProtocolHandler ["http-nio-8888"]
2025-04-13 23:33:07,847 INFO o.a.j.l.DirectJDKLog [restartedMain] Starting service [Tomcat]
2025-04-13 23:33:07,847 INFO o.a.j.l.DirectJDKLog [restartedMain] Starting Servlet engine: [Apache Tomcat/10.1.19]
2025-04-13 23:33:07,887 INFO o.a.j.l.DirectJDKLog [restartedMain] Initializing Spring embedded WebApplicationContext
2025-04-13 23:33:07,887 INFO o.s.b.w.s.c.ServletWebServerApplicationContext [restartedMain] Root WebApplicationContext: initialization completed in 606 ms
2025-04-13 23:33:07,935 INFO c.z.h.HikariDataSource [restartedMain] HikariPool-2 - Starting...
2025-04-13 23:33:07,959 INFO c.z.h.p.HikariPool [restartedMain] HikariPool-2 - Added connection com.mysql.cj.jdbc.ConnectionImpl@c11fc9f
2025-04-13 23:33:07,960 INFO c.z.h.HikariDataSource [restartedMain] HikariPool-2 - Start completed.
2025-04-13 23:33:08,250 INFO l.l.c.JavaLogger [restartedMain] Reading from mydatabase.DATABASECHANGELOG
2025-04-13 23:33:08,287 INFO l.l.c.JavaLogger [restartedMain] UPDATE SUMMARY
2025-04-13 23:33:08,288 INFO l.l.c.JavaLogger [restartedMain] Run:                          0
2025-04-13 23:33:08,288 INFO l.l.c.JavaLogger [restartedMain] Previously run:               3
2025-04-13 23:33:08,288 INFO l.l.c.JavaLogger [restartedMain] Filtered out:                 0
2025-04-13 23:33:08,288 INFO l.l.c.JavaLogger [restartedMain] -------------------------------
2025-04-13 23:33:08,289 INFO l.l.c.JavaLogger [restartedMain] Total change sets:            3
2025-04-13 23:33:08,289 INFO l.l.c.JavaLogger [restartedMain] Update summary generated
2025-04-13 23:33:08,295 INFO l.l.c.JavaLogger [restartedMain] Successfully released change log lock
2025-04-13 23:33:08,297 INFO l.l.c.JavaLogger [restartedMain] Command execution complete
2025-04-13 23:33:08,373 INFO o.h.j.i.u.LogHelper [restartedMain] HHH000204: Processing PersistenceUnitInfo [name: default]
2025-04-13 23:33:08,377 INFO o.h.c.i.RegionFactoryInitiator [restartedMain] HHH000026: Second-level cache disabled
2025-04-13 23:33:08,384 INFO o.s.o.j.p.SpringPersistenceUnitInfo [restartedMain] No LoadTimeWeaver setup: ignoring JPA class transformer
2025-04-13 23:33:08,386 WARN o.h.e.j.d.i.DialectFactoryImpl [restartedMain] HHH90000025: MySQL8Dialect does not need to be specified explicitly using 'hibernate.dialect' (remove the property setting and it will be selected by default)
2025-04-13 23:33:08,387 WARN o.h.e.j.d.i.DialectFactoryImpl [restartedMain] HHH90000026: MySQL8Dialect has been deprecated; use org.hibernate.dialect.MySQLDialect instead
2025-04-13 23:33:08,584 INFO o.h.e.t.j.p.i.JtaPlatformInitiator [restartedMain] HHH000489: No JTA platform available (set 'hibernate.transaction.jta.platform' to enable JTA platform integration)
2025-04-13 23:33:08,584 INFO o.s.o.j.AbstractEntityManagerFactoryBean [restartedMain] Initialized JPA EntityManagerFactory for persistence unit 'default'
2025-04-13 23:33:09,137 WARN o.s.b.a.o.j.JpaBaseConfiguration$JpaWebConfiguration [restartedMain] spring.jpa.open-in-view is enabled by default. Therefore, database queries may be performed during view rendering. Explicitly configure spring.jpa.open-in-view to disable this warning
2025-04-13 23:33:09,231 DEBUG o.s.w.s.h.AbstractHandlerMethodMapping [restartedMain] 16 mappings in 'requestMappingHandlerMapping'
2025-04-13 23:33:09,353 DEBUG o.s.w.s.h.SimpleUrlHandlerMapping [restartedMain] Patterns [/webjars/**, /**] in 'resourceHandlerMapping'
2025-04-13 23:33:09,392 INFO o.s.s.w.DefaultSecurityFilterChain [restartedMain] Will secure any request with [org.springframework.security.web.session.DisableEncodeUrlFilter@549362a4, org.springframework.security.web.context.request.async.WebAsyncManagerIntegrationFilter@74efc08e, org.springframework.security.web.context.SecurityContextHolderFilter@386d037e, org.springframework.security.web.header.HeaderWriterFilter@531e5a3e, org.springframework.security.web.authentication.logout.LogoutFilter@707a14cc, com.user_organization_management.security.JwtRequestFilter@7f11ac88, org.springframework.security.web.savedrequest.RequestCacheAwareFilter@299be2a6, org.springframework.security.web.servletapi.SecurityContextHolderAwareRequestFilter@1b2e0f8, org.springframework.security.web.authentication.AnonymousAuthenticationFilter@604c175a, org.springframework.security.web.access.ExceptionTranslationFilter@3af25e6b, org.springframework.security.web.access.intercept.AuthorizationFilter@1021c3af]
2025-04-13 23:33:09,505 DEBUG o.s.w.s.m.m.a.RequestMappingHandlerAdapter [restartedMain] ControllerAdvice beans: 0 @ModelAttribute, 0 @InitBinder, 1 RequestBodyAdvice, 1 ResponseBodyAdvice
2025-04-13 23:33:09,530 DEBUG o.s.w.s.m.m.a.ExceptionHandlerExceptionResolver [restartedMain] ControllerAdvice beans: 1 @ExceptionHandler, 1 ResponseBodyAdvice
2025-04-13 23:33:09,649 WARN o.s.b.d.a.OptionalLiveReloadServer [restartedMain] Unable to start LiveReload server
2025-04-13 23:33:10,033 INFO o.s.c.n.e.c.DiscoveryClientOptionalArgsConfiguration [restartedMain] Eureka HTTP Client uses RestTemplate.
2025-04-13 23:33:10,372 WARN o.s.c.l.c.LoadBalancerCacheAutoConfiguration$LoadBalancerCaffeineWarnLogger [restartedMain] Spring Cloud LoadBalancer is currently working with the default cache. While this cache implementation is useful for development and tests, it's recommended to use Caffeine cache in production.You can switch to using Caffeine cache, by adding it and org.springframework.cache.caffeine.CaffeineCacheManager to the classpath.
2025-04-13 23:33:10,381 INFO o.s.c.n.e.InstanceInfoFactory [restartedMain] Setting initial instance status as: STARTING
2025-04-13 23:33:10,384 INFO c.n.d.DiscoveryClient [restartedMain] Initializing Eureka in region us-east-1
2025-04-13 23:33:10,384 INFO c.n.d.s.r.a.ConfigClusterResolver [restartedMain] Resolving eureka endpoints via configuration
2025-04-13 23:33:10,393 INFO c.n.d.DiscoveryClient [restartedMain] Disable delta property : false
2025-04-13 23:33:10,393 INFO c.n.d.DiscoveryClient [restartedMain] Single vip registry refresh property : null
2025-04-13 23:33:10,394 INFO c.n.d.DiscoveryClient [restartedMain] Force full registry fetch : false
2025-04-13 23:33:10,394 INFO c.n.d.DiscoveryClient [restartedMain] Application is null : false
2025-04-13 23:33:10,394 INFO c.n.d.DiscoveryClient [restartedMain] Registered Applications size is zero : true
2025-04-13 23:33:10,394 INFO c.n.d.DiscoveryClient [restartedMain] Application version is -1: true
2025-04-13 23:33:10,394 INFO c.n.d.DiscoveryClient [restartedMain] Getting all instance registry info from the eureka server
2025-04-13 23:33:10,403 DEBUG o.s.c.l.CompositeLog [restartedMain] HTTP GET http://localhost:8761/eureka/apps/
2025-04-13 23:33:10,414 DEBUG o.s.c.l.CompositeLog [restartedMain] Accept=[application/json, application/*+json]
2025-04-13 23:33:10,417 DEBUG o.s.c.l.CompositeLog [restartedMain] Response 200 OK
2025-04-13 23:33:10,418 DEBUG o.s.c.l.CompositeLog [restartedMain] Reading to [org.springframework.cloud.netflix.eureka.http.EurekaApplications]
2025-04-13 23:33:10,420 INFO c.n.d.DiscoveryClient [restartedMain] The response status is 200
2025-04-13 23:33:10,421 INFO c.n.d.DiscoveryClient [restartedMain] Starting heartbeat executor: renew interval is: 30
2025-04-13 23:33:10,423 INFO c.n.d.InstanceInfoReplicator [restartedMain] InstanceInfoReplicator onDemand update allowed rate per min is 4
2025-04-13 23:33:10,424 INFO c.n.d.DiscoveryClient [restartedMain] Discovery Client initialized at timestamp 1744579990424 with initial instances count: 4
2025-04-13 23:33:10,427 INFO o.s.c.n.e.s.EurekaServiceRegistry [restartedMain] Registering application USER-MANAGEMENT with eureka with status UP
2025-04-13 23:33:10,428 INFO c.n.d.DiscoveryClient$3 [restartedMain] Saw local status change event StatusChangeEvent [timestamp=1744579990428, current=UP, previous=STARTING]
2025-04-13 23:33:10,428 INFO c.n.d.DiscoveryClient [DiscoveryClient-InstanceInfoReplicator-0] DiscoveryClient_USER-MANAGEMENT/192.168.1.4:user-management:8888: registering service...
2025-04-13 23:33:10,429 INFO o.a.j.l.DirectJDKLog [restartedMain] Starting ProtocolHandler ["http-nio-8888"]
2025-04-13 23:33:10,432 DEBUG o.s.c.l.CompositeLog [DiscoveryClient-InstanceInfoReplicator-0] HTTP POST http://localhost:8761/eureka/apps/USER-MANAGEMENT
2025-04-13 23:33:10,434 DEBUG o.s.c.l.CompositeLog [DiscoveryClient-InstanceInfoReplicator-0] Accept=[application/json, application/*+json]
2025-04-13 23:33:10,436 INFO o.s.b.w.e.t.TomcatWebServer [restartedMain] Tomcat started on port 8888 (http) with context path ''
2025-04-13 23:33:10,436 DEBUG o.s.c.l.CompositeLog [DiscoveryClient-InstanceInfoReplicator-0] Writing [InstanceInfo [instanceId = 192.168.1.4:user-management:8888, appName = USER-MANAGEMENT, hostName = 192.168.1.4, status = UP, ipAddr = 192.168.1.4, port = 8888, securePort = 443, dataCenterInfo = com.netflix.appinfo.MyDataCenterInfo@480817d] as "application/json"
2025-04-13 23:33:10,436 INFO o.s.c.n.e.s.EurekaAutoServiceRegistration [restartedMain] Updating port to 8888
2025-04-13 23:33:10,442 DEBUG o.s.c.l.CompositeLog [DiscoveryClient-InstanceInfoReplicator-0] Response 204 NO_CONTENT
2025-04-13 23:33:10,442 INFO c.n.d.DiscoveryClient [DiscoveryClient-InstanceInfoReplicator-0] DiscoveryClient_USER-MANAGEMENT/192.168.1.4:user-management:8888 - registration status: 204
2025-04-13 23:33:10,808 INFO o.s.b.StartupInfoLogger [restartedMain] Started UserOrgManagementApplication in 4.636 seconds (process running for 181.062)
2025-04-13 23:33:10,810 INFO o.s.b.d.a.ConditionEvaluationDeltaLoggingListener [restartedMain] Condition evaluation unchanged
2025-04-13 23:33:40,427 DEBUG o.s.c.l.CompositeLog [DiscoveryClient-CacheRefreshExecutor-0] HTTP GET http://localhost:8761/eureka/apps/delta
2025-04-13 23:33:40,427 DEBUG o.s.c.l.CompositeLog [DiscoveryClient-HeartbeatExecutor-0] HTTP PUT http://localhost:8761/eureka/apps/USER-MANAGEMENT/192.168.1.4:user-management:8888?status=UP&lastDirtyTimestamp=1744579990428
2025-04-13 23:33:40,427 DEBUG o.s.c.l.CompositeLog [DiscoveryClient-CacheRefreshExecutor-0] Accept=[application/json, application/*+json]
2025-04-13 23:33:40,433 DEBUG o.s.c.l.CompositeLog [DiscoveryClient-HeartbeatExecutor-0] Accept=[application/json, application/*+json]
2025-04-13 23:33:40,443 DEBUG o.s.c.l.CompositeLog [DiscoveryClient-CacheRefreshExecutor-0] Response 200 OK
2025-04-13 23:33:40,443 DEBUG o.s.c.l.CompositeLog [DiscoveryClient-HeartbeatExecutor-0] Response 200 OK
2025-04-13 23:33:40,443 DEBUG o.s.c.l.CompositeLog [DiscoveryClient-CacheRefreshExecutor-0] Reading to [org.springframework.cloud.netflix.eureka.http.EurekaApplications]
2025-04-13 23:34:10,456 DEBUG o.s.c.l.CompositeLog [DiscoveryClient-CacheRefreshExecutor-0] HTTP GET http://localhost:8761/eureka/apps/delta
2025-04-13 23:34:10,456 DEBUG o.s.c.l.CompositeLog [DiscoveryClient-HeartbeatExecutor-0] HTTP PUT http://localhost:8761/eureka/apps/USER-MANAGEMENT/192.168.1.4:user-management:8888?status=UP&lastDirtyTimestamp=1744579990428
2025-04-13 23:34:10,457 DEBUG o.s.c.l.CompositeLog [DiscoveryClient-HeartbeatExecutor-0] Accept=[application/json, application/*+json]
2025-04-13 23:34:10,457 DEBUG o.s.c.l.CompositeLog [DiscoveryClient-CacheRefreshExecutor-0] Accept=[application/json, application/*+json]
2025-04-13 23:34:10,472 DEBUG o.s.c.l.CompositeLog [DiscoveryClient-CacheRefreshExecutor-0] Response 200 OK
2025-04-13 23:34:10,472 DEBUG o.s.c.l.CompositeLog [DiscoveryClient-HeartbeatExecutor-0] Response 200 OK
2025-04-13 23:34:10,473 DEBUG o.s.c.l.CompositeLog [DiscoveryClient-CacheRefreshExecutor-0] Reading to [org.springframework.cloud.netflix.eureka.http.EurekaApplications]
2025-04-13 23:34:40,484 DEBUG o.s.c.l.CompositeLog [DiscoveryClient-CacheRefreshExecutor-0] HTTP GET http://localhost:8761/eureka/apps/delta
2025-04-13 23:34:40,484 DEBUG o.s.c.l.CompositeLog [DiscoveryClient-HeartbeatExecutor-0] HTTP PUT http://localhost:8761/eureka/apps/USER-MANAGEMENT/192.168.1.4:user-management:8888?status=UP&lastDirtyTimestamp=1744579990428
2025-04-13 23:34:40,484 DEBUG o.s.c.l.CompositeLog [DiscoveryClient-CacheRefreshExecutor-0] Accept=[application/json, application/*+json]
2025-04-13 23:34:40,484 DEBUG o.s.c.l.CompositeLog [DiscoveryClient-HeartbeatExecutor-0] Accept=[application/json, application/*+json]
2025-04-13 23:34:40,501 DEBUG o.s.c.l.CompositeLog [DiscoveryClient-HeartbeatExecutor-0] Response 200 OK
2025-04-13 23:34:40,501 DEBUG o.s.c.l.CompositeLog [DiscoveryClient-CacheRefreshExecutor-0] Response 200 OK
2025-04-13 23:34:40,502 DEBUG o.s.c.l.CompositeLog [DiscoveryClient-CacheRefreshExecutor-0] Reading to [org.springframework.cloud.netflix.eureka.http.EurekaApplications]
2025-04-13 23:35:10,515 DEBUG o.s.c.l.CompositeLog [DiscoveryClient-CacheRefreshExecutor-0] HTTP GET http://localhost:8761/eureka/apps/delta
2025-04-13 23:35:10,515 DEBUG o.s.c.l.CompositeLog [DiscoveryClient-HeartbeatExecutor-0] HTTP PUT http://localhost:8761/eureka/apps/USER-MANAGEMENT/192.168.1.4:user-management:8888?status=UP&lastDirtyTimestamp=1744579990428
2025-04-13 23:35:10,516 DEBUG o.s.c.l.CompositeLog [DiscoveryClient-CacheRefreshExecutor-0] Accept=[application/json, application/*+json]
2025-04-13 23:35:10,516 DEBUG o.s.c.l.CompositeLog [DiscoveryClient-HeartbeatExecutor-0] Accept=[application/json, application/*+json]
2025-04-13 23:35:10,533 DEBUG o.s.c.l.CompositeLog [DiscoveryClient-CacheRefreshExecutor-0] Response 200 OK
2025-04-13 23:35:10,533 DEBUG o.s.c.l.CompositeLog [DiscoveryClient-HeartbeatExecutor-0] Response 200 OK
2025-04-13 23:35:10,533 DEBUG o.s.c.l.CompositeLog [DiscoveryClient-CacheRefreshExecutor-0] Reading to [org.springframework.cloud.netflix.eureka.http.EurekaApplications]
2025-04-13 23:35:40,536 DEBUG o.s.c.l.CompositeLog [DiscoveryClient-HeartbeatExecutor-0] HTTP PUT http://localhost:8761/eureka/apps/USER-MANAGEMENT/192.168.1.4:user-management:8888?status=UP&lastDirtyTimestamp=1744579990428
2025-04-13 23:35:40,536 DEBUG o.s.c.l.CompositeLog [DiscoveryClient-CacheRefreshExecutor-0] HTTP GET http://localhost:8761/eureka/apps/delta
2025-04-13 23:35:40,536 DEBUG o.s.c.l.CompositeLog [DiscoveryClient-HeartbeatExecutor-0] Accept=[application/json, application/*+json]
2025-04-13 23:35:40,536 DEBUG o.s.c.l.CompositeLog [DiscoveryClient-CacheRefreshExecutor-0] Accept=[application/json, application/*+json]
2025-04-13 23:35:40,552 DEBUG o.s.c.l.CompositeLog [DiscoveryClient-CacheRefreshExecutor-0] Response 200 OK
2025-04-13 23:35:40,552 DEBUG o.s.c.l.CompositeLog [DiscoveryClient-HeartbeatExecutor-0] Response 200 OK
2025-04-13 23:35:40,552 DEBUG o.s.c.l.CompositeLog [DiscoveryClient-CacheRefreshExecutor-0] Reading to [org.springframework.cloud.netflix.eureka.http.EurekaApplications]
2025-04-13 23:35:51,478 INFO o.s.b.d.a.LocalDevToolsAutoConfiguration$RestartingClassPathChangeChangedEventListener [File Watcher] Restarting due to 33 class path changes (0 additions, 6 deletions, 27 modifications)
2025-04-13 23:35:51,479 INFO o.s.c.n.e.s.EurekaServiceRegistry [Thread-7] Unregistering application USER-MANAGEMENT with eureka with status DOWN
2025-04-13 23:35:51,480 INFO c.n.d.DiscoveryClient$3 [Thread-7] Saw local status change event StatusChangeEvent [timestamp=1744580151480, current=DOWN, previous=UP]
2025-04-13 23:35:51,480 INFO c.n.d.DiscoveryClient [DiscoveryClient-InstanceInfoReplicator-0] DiscoveryClient_USER-MANAGEMENT/192.168.1.4:user-management:8888: registering service...
2025-04-13 23:35:51,481 DEBUG o.s.c.l.CompositeLog [DiscoveryClient-InstanceInfoReplicator-0] HTTP POST http://localhost:8761/eureka/apps/USER-MANAGEMENT
2025-04-13 23:35:51,481 DEBUG o.s.c.l.CompositeLog [DiscoveryClient-InstanceInfoReplicator-0] Accept=[application/json, application/*+json]
2025-04-13 23:35:51,481 INFO o.a.j.l.DirectJDKLog [Thread-7] Stopping ProtocolHandler ["http-nio-8888"]
2025-04-13 23:35:51,481 DEBUG o.s.c.l.CompositeLog [DiscoveryClient-InstanceInfoReplicator-0] Writing [InstanceInfo [instanceId = 192.168.1.4:user-management:8888, appName = USER-MANAGEMENT, hostName = 192.168.1.4, status = DOWN, ipAddr = 192.168.1.4, port = 8888, securePort = 443, dataCenterInfo = com.netflix.appinfo.MyDataCenterInfo@480817d] as "application/json"
2025-04-13 23:35:51,494 DEBUG o.s.c.l.CompositeLog [DiscoveryClient-InstanceInfoReplicator-0] Response 204 NO_CONTENT
2025-04-13 23:35:51,494 INFO c.n.d.DiscoveryClient [DiscoveryClient-InstanceInfoReplicator-0] DiscoveryClient_USER-MANAGEMENT/192.168.1.4:user-management:8888 - registration status: 204
2025-04-13 23:35:51,521 INFO o.s.o.j.AbstractEntityManagerFactoryBean [Thread-7] Closing JPA EntityManagerFactory for persistence unit 'default'
2025-04-13 23:35:51,521 INFO c.z.h.HikariDataSource [Thread-7] HikariPool-2 - Shutdown initiated...
2025-04-13 23:35:51,535 INFO c.z.h.HikariDataSource [Thread-7] HikariPool-2 - Shutdown completed.
2025-04-13 23:35:51,536 INFO c.n.d.DiscoveryClient [Thread-7] Shutting down DiscoveryClient ...
2025-04-13 23:35:54,540 INFO c.n.d.DiscoveryClient [Thread-7] Unregistering ...
2025-04-13 23:35:54,541 DEBUG o.s.c.l.CompositeLog [Thread-7] HTTP DELETE http://localhost:8761/eureka/apps/USER-MANAGEMENT/192.168.1.4:user-management:8888
2025-04-13 23:35:54,541 DEBUG o.s.c.l.CompositeLog [Thread-7] Accept=[application/json, application/*+json]
2025-04-13 23:35:54,556 DEBUG o.s.c.l.CompositeLog [Thread-7] Response 200 OK
2025-04-13 23:35:54,557 INFO c.n.d.DiscoveryClient [Thread-7] DiscoveryClient_USER-MANAGEMENT/192.168.1.4:user-management:8888 - deregister  status: 200
2025-04-13 23:35:54,560 INFO c.n.d.DiscoveryClient [Thread-7] Completed shut down of DiscoveryClient
2025-04-13 23:35:55,937 INFO o.s.b.StartupInfoLogger [restartedMain] Starting UserOrgManagementApplication using Java 17.0.12 with PID 8368 (D:\Courses\BackEnd\Spring\Sb\User_Management_System\user-org-management\target\classes started by mtoaima in D:\Courses\BackEnd\Spring\Sb\User_Management_System\user-org-management)
2025-04-13 23:35:55,937 INFO o.s.b.SpringApplication [restartedMain] No active profile set, falling back to 1 default profile: "default"
2025-04-13 23:35:55,939 INFO o.s.b.l.DeferredLog [restartedMain] Fetching config from server at : http://localhost:8081
2025-04-13 23:35:55,939 INFO o.s.b.l.DeferredLog [restartedMain] Located environment: name=user-management, profiles=[default], label=null, version=ef3ccb72180485ea77e71aa24e8a6021544ae2b5, state=
2025-04-13 23:35:55,991 WARN o.s.c.s.AbstractApplicationContext [restartedMain] Exception encountered during context initialization - cancelling refresh attempt: org.springframework.beans.factory.BeanDefinitionStoreException: Failed to read candidate component class: URL [jar:file:/C:/Users/mtoaima/.m2/repository/com/user-organization-management/common/0.0.1-SNAPSHOT/common-0.0.1-SNAPSHOT.jar!/com/user_organization_management/exception/ErrorResponseUtil.class]
2025-04-13 23:35:56,016 ERROR o.s.b.SpringApplication [restartedMain] Application run failed
org.springframework.beans.factory.BeanDefinitionStoreException: Failed to read candidate component class: URL [jar:file:/C:/Users/mtoaima/.m2/repository/com/user-organization-management/common/0.0.1-SNAPSHOT/common-0.0.1-SNAPSHOT.jar!/com/user_organization_management/exception/ErrorResponseUtil.class]
	at org.springframework.context.annotation.ClassPathScanningCandidateComponentProvider.scanCandidateComponents(ClassPathScanningCandidateComponentProvider.java:510)
	at org.springframework.context.annotation.ClassPathScanningCandidateComponentProvider.findCandidateComponents(ClassPathScanningCandidateComponentProvider.java:351)
	at org.springframework.context.annotation.ClassPathBeanDefinitionScanner.doScan(ClassPathBeanDefinitionScanner.java:277)
	at org.springframework.context.annotation.ComponentScanAnnotationParser.parse(ComponentScanAnnotationParser.java:128)
	at org.springframework.context.annotation.ConfigurationClassParser.doProcessConfigurationClass(ConfigurationClassParser.java:306)
	at org.springframework.context.annotation.ConfigurationClassParser.processConfigurationClass(ConfigurationClassParser.java:246)
	at org.springframework.context.annotation.ConfigurationClassParser.parse(ConfigurationClassParser.java:197)
	at org.springframework.context.annotation.ConfigurationClassParser.parse(ConfigurationClassParser.java:165)
	at org.springframework.context.annotation.ConfigurationClassPostProcessor.processConfigBeanDefinitions(ConfigurationClassPostProcessor.java:416)
	at org.springframework.context.annotation.ConfigurationClassPostProcessor.postProcessBeanDefinitionRegistry(ConfigurationClassPostProcessor.java:289)
	at org.springframework.context.support.PostProcessorRegistrationDelegate.invokeBeanDefinitionRegistryPostProcessors(PostProcessorRegistrationDelegate.java:349)
	at org.springframework.context.support.PostProcessorRegistrationDelegate.invokeBeanFactoryPostProcessors(PostProcessorRegistrationDelegate.java:118)
	at org.springframework.context.support.AbstractApplicationContext.invokeBeanFactoryPostProcessors(AbstractApplicationContext.java:788)
	at org.springframework.context.support.AbstractApplicationContext.refresh(AbstractApplicationContext.java:606)
	at org.springframework.boot.web.servlet.context.ServletWebServerApplicationContext.refresh(ServletWebServerApplicationContext.java:146)
	at org.springframework.boot.SpringApplication.refresh(SpringApplication.java:754)
	at org.springframework.boot.SpringApplication.refreshContext(SpringApplication.java:456)
	at org.springframework.boot.SpringApplication.run(SpringApplication.java:334)
	at org.springframework.boot.SpringApplication.run(SpringApplication.java:1354)
	at org.springframework.boot.SpringApplication.run(SpringApplication.java:1343)
	at com.user_organization_management.UserOrgManagementApplication.main(UserOrgManagementApplication.java:9)
	at java.base/jdk.internal.reflect.NativeMethodAccessorImpl.invoke0(Native Method)
	at java.base/jdk.internal.reflect.NativeMethodAccessorImpl.invoke(NativeMethodAccessorImpl.java:77)
	at java.base/jdk.internal.reflect.DelegatingMethodAccessorImpl.invoke(DelegatingMethodAccessorImpl.java:43)
	at java.base/java.lang.reflect.Method.invoke(Method.java:568)
	at org.springframework.boot.devtools.restart.RestartLauncher.run(RestartLauncher.java:50)
Caused by: java.util.zip.ZipException: ZipFile invalid LOC header (bad signature)
	at java.base/java.util.zip.ZipFile$ZipFileInputStream.initDataOffset(ZipFile.java:929)
	at java.base/java.util.zip.ZipFile$ZipFileInputStream.read(ZipFile.java:940)
	at java.base/java.util.zip.ZipFile$ZipFileInflaterInputStream.fill(ZipFile.java:457)
	at java.base/java.util.zip.InflaterInputStream.read(InflaterInputStream.java:158)
	at java.base/java.io.FilterInputStream.read(FilterInputStream.java:132)
	at org.springframework.asm.ClassReader.readStream(ClassReader.java:322)
	at org.springframework.asm.ClassReader.<init>(ClassReader.java:287)
	at org.springframework.core.type.classreading.SimpleMetadataReader.getClassReader(SimpleMetadataReader.java:56)
	at org.springframework.core.type.classreading.SimpleMetadataReader.<init>(SimpleMetadataReader.java:48)
	at org.springframework.core.type.classreading.SimpleMetadataReaderFactory.getMetadataReader(SimpleMetadataReaderFactory.java:103)
	at org.springframework.core.type.classreading.CachingMetadataReaderFactory.getMetadataReader(CachingMetadataReaderFactory.java:122)
	at org.springframework.context.annotation.ClassPathScanningCandidateComponentProvider.scanCandidateComponents(ClassPathScanningCandidateComponentProvider.java:470)
	... 25 common frames omitted
2025-04-13 23:35:58,445 INFO o.s.b.StartupInfoLogger [restartedMain] Starting UserOrgManagementApplication using Java 17.0.12 with PID 8368 (D:\Courses\BackEnd\Spring\Sb\User_Management_System\user-org-management\target\classes started by mtoaima in D:\Courses\BackEnd\Spring\Sb\User_Management_System\user-org-management)
2025-04-13 23:35:58,445 INFO o.s.b.SpringApplication [restartedMain] No active profile set, falling back to 1 default profile: "default"
2025-04-13 23:35:58,446 INFO o.s.b.l.DeferredLog [restartedMain] Fetching config from server at : http://localhost:8081
2025-04-13 23:35:58,447 INFO o.s.b.l.DeferredLog [restartedMain] Located environment: name=user-management, profiles=[default], label=null, version=ef3ccb72180485ea77e71aa24e8a6021544ae2b5, state=
2025-04-13 23:35:58,477 WARN o.s.c.s.AbstractApplicationContext [restartedMain] Exception encountered during context initialization - cancelling refresh attempt: org.springframework.beans.factory.BeanDefinitionStoreException: Failed to read candidate component class: URL [jar:file:/C:/Users/mtoaima/.m2/repository/com/user-organization-management/common/0.0.1-SNAPSHOT/common-0.0.1-SNAPSHOT.jar!/com/user_organization_management/exception/ErrorResponseUtil.class]
2025-04-13 23:35:58,479 ERROR o.s.b.SpringApplication [restartedMain] Application run failed
org.springframework.beans.factory.BeanDefinitionStoreException: Failed to read candidate component class: URL [jar:file:/C:/Users/mtoaima/.m2/repository/com/user-organization-management/common/0.0.1-SNAPSHOT/common-0.0.1-SNAPSHOT.jar!/com/user_organization_management/exception/ErrorResponseUtil.class]
	at org.springframework.context.annotation.ClassPathScanningCandidateComponentProvider.scanCandidateComponents(ClassPathScanningCandidateComponentProvider.java:510)
	at org.springframework.context.annotation.ClassPathScanningCandidateComponentProvider.findCandidateComponents(ClassPathScanningCandidateComponentProvider.java:351)
	at org.springframework.context.annotation.ClassPathBeanDefinitionScanner.doScan(ClassPathBeanDefinitionScanner.java:277)
	at org.springframework.context.annotation.ComponentScanAnnotationParser.parse(ComponentScanAnnotationParser.java:128)
	at org.springframework.context.annotation.ConfigurationClassParser.doProcessConfigurationClass(ConfigurationClassParser.java:306)
	at org.springframework.context.annotation.ConfigurationClassParser.processConfigurationClass(ConfigurationClassParser.java:246)
	at org.springframework.context.annotation.ConfigurationClassParser.parse(ConfigurationClassParser.java:197)
	at org.springframework.context.annotation.ConfigurationClassParser.parse(ConfigurationClassParser.java:165)
	at org.springframework.context.annotation.ConfigurationClassPostProcessor.processConfigBeanDefinitions(ConfigurationClassPostProcessor.java:416)
	at org.springframework.context.annotation.ConfigurationClassPostProcessor.postProcessBeanDefinitionRegistry(ConfigurationClassPostProcessor.java:289)
	at org.springframework.context.support.PostProcessorRegistrationDelegate.invokeBeanDefinitionRegistryPostProcessors(PostProcessorRegistrationDelegate.java:349)
	at org.springframework.context.support.PostProcessorRegistrationDelegate.invokeBeanFactoryPostProcessors(PostProcessorRegistrationDelegate.java:118)
	at org.springframework.context.support.AbstractApplicationContext.invokeBeanFactoryPostProcessors(AbstractApplicationContext.java:788)
	at org.springframework.context.support.AbstractApplicationContext.refresh(AbstractApplicationContext.java:606)
	at org.springframework.boot.web.servlet.context.ServletWebServerApplicationContext.refresh(ServletWebServerApplicationContext.java:146)
	at org.springframework.boot.SpringApplication.refresh(SpringApplication.java:754)
	at org.springframework.boot.SpringApplication.refreshContext(SpringApplication.java:456)
	at org.springframework.boot.SpringApplication.run(SpringApplication.java:334)
	at org.springframework.boot.SpringApplication.run(SpringApplication.java:1354)
	at org.springframework.boot.SpringApplication.run(SpringApplication.java:1343)
	at com.user_organization_management.UserOrgManagementApplication.main(UserOrgManagementApplication.java:9)
	at java.base/jdk.internal.reflect.NativeMethodAccessorImpl.invoke0(Native Method)
	at java.base/jdk.internal.reflect.NativeMethodAccessorImpl.invoke(NativeMethodAccessorImpl.java:77)
	at java.base/jdk.internal.reflect.DelegatingMethodAccessorImpl.invoke(DelegatingMethodAccessorImpl.java:43)
	at java.base/java.lang.reflect.Method.invoke(Method.java:568)
	at org.springframework.boot.devtools.restart.RestartLauncher.run(RestartLauncher.java:50)
Caused by: java.util.zip.ZipException: ZipFile invalid LOC header (bad signature)
	at java.base/java.util.zip.ZipFile$ZipFileInputStream.initDataOffset(ZipFile.java:929)
	at java.base/java.util.zip.ZipFile$ZipFileInputStream.read(ZipFile.java:940)
	at java.base/java.util.zip.ZipFile$ZipFileInflaterInputStream.fill(ZipFile.java:457)
	at java.base/java.util.zip.InflaterInputStream.read(InflaterInputStream.java:158)
	at java.base/java.io.FilterInputStream.read(FilterInputStream.java:132)
	at org.springframework.asm.ClassReader.readStream(ClassReader.java:322)
	at org.springframework.asm.ClassReader.<init>(ClassReader.java:287)
	at org.springframework.core.type.classreading.SimpleMetadataReader.getClassReader(SimpleMetadataReader.java:56)
	at org.springframework.core.type.classreading.SimpleMetadataReader.<init>(SimpleMetadataReader.java:48)
	at org.springframework.core.type.classreading.SimpleMetadataReaderFactory.getMetadataReader(SimpleMetadataReaderFactory.java:103)
	at org.springframework.core.type.classreading.CachingMetadataReaderFactory.getMetadataReader(CachingMetadataReaderFactory.java:122)
	at org.springframework.context.annotation.ClassPathScanningCandidateComponentProvider.scanCandidateComponents(ClassPathScanningCandidateComponentProvider.java:470)
	... 25 common frames omitted
2025-04-13 23:37:27,577 INFO o.s.b.StartupInfoLogger [restartedMain] Starting UserOrgManagementApplication using Java 17.0.12 with PID 8368 (D:\Courses\BackEnd\Spring\Sb\User_Management_System\user-org-management\target\classes started by mtoaima in D:\Courses\BackEnd\Spring\Sb\User_Management_System\user-org-management)
2025-04-13 23:37:27,577 INFO o.s.b.SpringApplication [restartedMain] No active profile set, falling back to 1 default profile: "default"
2025-04-13 23:37:27,578 INFO o.s.b.l.DeferredLog [restartedMain] Fetching config from server at : http://localhost:8081
2025-04-13 23:37:27,579 INFO o.s.b.l.DeferredLog [restartedMain] Located environment: name=user-management, profiles=[default], label=null, version=ef3ccb72180485ea77e71aa24e8a6021544ae2b5, state=
2025-04-13 23:37:27,612 WARN o.s.c.s.AbstractApplicationContext [restartedMain] Exception encountered during context initialization - cancelling refresh attempt: org.springframework.beans.factory.BeanDefinitionStoreException: Failed to read candidate component class: URL [jar:file:/C:/Users/mtoaima/.m2/repository/com/user-organization-management/common/0.0.1-SNAPSHOT/common-0.0.1-SNAPSHOT.jar!/com/user_organization_management/exception/ErrorResponseUtil.class]
2025-04-13 23:37:27,615 ERROR o.s.b.SpringApplication [restartedMain] Application run failed
org.springframework.beans.factory.BeanDefinitionStoreException: Failed to read candidate component class: URL [jar:file:/C:/Users/mtoaima/.m2/repository/com/user-organization-management/common/0.0.1-SNAPSHOT/common-0.0.1-SNAPSHOT.jar!/com/user_organization_management/exception/ErrorResponseUtil.class]
	at org.springframework.context.annotation.ClassPathScanningCandidateComponentProvider.scanCandidateComponents(ClassPathScanningCandidateComponentProvider.java:510)
	at org.springframework.context.annotation.ClassPathScanningCandidateComponentProvider.findCandidateComponents(ClassPathScanningCandidateComponentProvider.java:351)
	at org.springframework.context.annotation.ClassPathBeanDefinitionScanner.doScan(ClassPathBeanDefinitionScanner.java:277)
	at org.springframework.context.annotation.ComponentScanAnnotationParser.parse(ComponentScanAnnotationParser.java:128)
	at org.springframework.context.annotation.ConfigurationClassParser.doProcessConfigurationClass(ConfigurationClassParser.java:306)
	at org.springframework.context.annotation.ConfigurationClassParser.processConfigurationClass(ConfigurationClassParser.java:246)
	at org.springframework.context.annotation.ConfigurationClassParser.parse(ConfigurationClassParser.java:197)
	at org.springframework.context.annotation.ConfigurationClassParser.parse(ConfigurationClassParser.java:165)
	at org.springframework.context.annotation.ConfigurationClassPostProcessor.processConfigBeanDefinitions(ConfigurationClassPostProcessor.java:416)
	at org.springframework.context.annotation.ConfigurationClassPostProcessor.postProcessBeanDefinitionRegistry(ConfigurationClassPostProcessor.java:289)
	at org.springframework.context.support.PostProcessorRegistrationDelegate.invokeBeanDefinitionRegistryPostProcessors(PostProcessorRegistrationDelegate.java:349)
	at org.springframework.context.support.PostProcessorRegistrationDelegate.invokeBeanFactoryPostProcessors(PostProcessorRegistrationDelegate.java:118)
	at org.springframework.context.support.AbstractApplicationContext.invokeBeanFactoryPostProcessors(AbstractApplicationContext.java:788)
	at org.springframework.context.support.AbstractApplicationContext.refresh(AbstractApplicationContext.java:606)
	at org.springframework.boot.web.servlet.context.ServletWebServerApplicationContext.refresh(ServletWebServerApplicationContext.java:146)
	at org.springframework.boot.SpringApplication.refresh(SpringApplication.java:754)
	at org.springframework.boot.SpringApplication.refreshContext(SpringApplication.java:456)
	at org.springframework.boot.SpringApplication.run(SpringApplication.java:334)
	at org.springframework.boot.SpringApplication.run(SpringApplication.java:1354)
	at org.springframework.boot.SpringApplication.run(SpringApplication.java:1343)
	at com.user_organization_management.UserOrgManagementApplication.main(UserOrgManagementApplication.java:9)
	at java.base/jdk.internal.reflect.NativeMethodAccessorImpl.invoke0(Native Method)
	at java.base/jdk.internal.reflect.NativeMethodAccessorImpl.invoke(NativeMethodAccessorImpl.java:77)
	at java.base/jdk.internal.reflect.DelegatingMethodAccessorImpl.invoke(DelegatingMethodAccessorImpl.java:43)
	at java.base/java.lang.reflect.Method.invoke(Method.java:568)
	at org.springframework.boot.devtools.restart.RestartLauncher.run(RestartLauncher.java:50)
Caused by: java.util.zip.ZipException: ZipFile invalid LOC header (bad signature)
	at java.base/java.util.zip.ZipFile$ZipFileInputStream.initDataOffset(ZipFile.java:929)
	at java.base/java.util.zip.ZipFile$ZipFileInputStream.read(ZipFile.java:940)
	at java.base/java.util.zip.ZipFile$ZipFileInflaterInputStream.fill(ZipFile.java:457)
	at java.base/java.util.zip.InflaterInputStream.read(InflaterInputStream.java:158)
	at java.base/java.io.FilterInputStream.read(FilterInputStream.java:132)
	at org.springframework.asm.ClassReader.readStream(ClassReader.java:322)
	at org.springframework.asm.ClassReader.<init>(ClassReader.java:287)
	at org.springframework.core.type.classreading.SimpleMetadataReader.getClassReader(SimpleMetadataReader.java:56)
	at org.springframework.core.type.classreading.SimpleMetadataReader.<init>(SimpleMetadataReader.java:48)
	at org.springframework.core.type.classreading.SimpleMetadataReaderFactory.getMetadataReader(SimpleMetadataReaderFactory.java:103)
	at org.springframework.core.type.classreading.CachingMetadataReaderFactory.getMetadataReader(CachingMetadataReaderFactory.java:122)
	at org.springframework.context.annotation.ClassPathScanningCandidateComponentProvider.scanCandidateComponents(ClassPathScanningCandidateComponentProvider.java:470)
	... 25 common frames omitted
2025-04-13 23:37:48,997 INFO o.s.b.StartupInfoLogger [restartedMain] Starting UserOrgManagementApplication using Java 17.0.12 with PID 8368 (D:\Courses\BackEnd\Spring\Sb\User_Management_System\user-org-management\target\classes started by mtoaima in D:\Courses\BackEnd\Spring\Sb\User_Management_System\user-org-management)
2025-04-13 23:37:48,997 INFO o.s.b.SpringApplication [restartedMain] No active profile set, falling back to 1 default profile: "default"
2025-04-13 23:37:48,999 INFO o.s.b.l.DeferredLog [restartedMain] Fetching config from server at : http://localhost:8081
2025-04-13 23:37:49,001 INFO o.s.b.l.DeferredLog [restartedMain] Located environment: name=user-management, profiles=[default], label=null, version=ef3ccb72180485ea77e71aa24e8a6021544ae2b5, state=
2025-04-13 23:37:49,045 WARN o.s.c.s.AbstractApplicationContext [restartedMain] Exception encountered during context initialization - cancelling refresh attempt: org.springframework.beans.factory.BeanDefinitionStoreException: Failed to read candidate component class: URL [jar:file:/C:/Users/mtoaima/.m2/repository/com/user-organization-management/common/0.0.1-SNAPSHOT/common-0.0.1-SNAPSHOT.jar!/com/user_organization_management/exception/ErrorResponseUtil.class]
2025-04-13 23:37:49,048 ERROR o.s.b.SpringApplication [restartedMain] Application run failed
org.springframework.beans.factory.BeanDefinitionStoreException: Failed to read candidate component class: URL [jar:file:/C:/Users/mtoaima/.m2/repository/com/user-organization-management/common/0.0.1-SNAPSHOT/common-0.0.1-SNAPSHOT.jar!/com/user_organization_management/exception/ErrorResponseUtil.class]
	at org.springframework.context.annotation.ClassPathScanningCandidateComponentProvider.scanCandidateComponents(ClassPathScanningCandidateComponentProvider.java:510)
	at org.springframework.context.annotation.ClassPathScanningCandidateComponentProvider.findCandidateComponents(ClassPathScanningCandidateComponentProvider.java:351)
	at org.springframework.context.annotation.ClassPathBeanDefinitionScanner.doScan(ClassPathBeanDefinitionScanner.java:277)
	at org.springframework.context.annotation.ComponentScanAnnotationParser.parse(ComponentScanAnnotationParser.java:128)
	at org.springframework.context.annotation.ConfigurationClassParser.doProcessConfigurationClass(ConfigurationClassParser.java:306)
	at org.springframework.context.annotation.ConfigurationClassParser.processConfigurationClass(ConfigurationClassParser.java:246)
	at org.springframework.context.annotation.ConfigurationClassParser.parse(ConfigurationClassParser.java:197)
	at org.springframework.context.annotation.ConfigurationClassParser.parse(ConfigurationClassParser.java:165)
	at org.springframework.context.annotation.ConfigurationClassPostProcessor.processConfigBeanDefinitions(ConfigurationClassPostProcessor.java:416)
	at org.springframework.context.annotation.ConfigurationClassPostProcessor.postProcessBeanDefinitionRegistry(ConfigurationClassPostProcessor.java:289)
	at org.springframework.context.support.PostProcessorRegistrationDelegate.invokeBeanDefinitionRegistryPostProcessors(PostProcessorRegistrationDelegate.java:349)
	at org.springframework.context.support.PostProcessorRegistrationDelegate.invokeBeanFactoryPostProcessors(PostProcessorRegistrationDelegate.java:118)
	at org.springframework.context.support.AbstractApplicationContext.invokeBeanFactoryPostProcessors(AbstractApplicationContext.java:788)
	at org.springframework.context.support.AbstractApplicationContext.refresh(AbstractApplicationContext.java:606)
	at org.springframework.boot.web.servlet.context.ServletWebServerApplicationContext.refresh(ServletWebServerApplicationContext.java:146)
	at org.springframework.boot.SpringApplication.refresh(SpringApplication.java:754)
	at org.springframework.boot.SpringApplication.refreshContext(SpringApplication.java:456)
	at org.springframework.boot.SpringApplication.run(SpringApplication.java:334)
	at org.springframework.boot.SpringApplication.run(SpringApplication.java:1354)
	at org.springframework.boot.SpringApplication.run(SpringApplication.java:1343)
	at com.user_organization_management.UserOrgManagementApplication.main(UserOrgManagementApplication.java:9)
	at java.base/jdk.internal.reflect.NativeMethodAccessorImpl.invoke0(Native Method)
	at java.base/jdk.internal.reflect.NativeMethodAccessorImpl.invoke(NativeMethodAccessorImpl.java:77)
	at java.base/jdk.internal.reflect.DelegatingMethodAccessorImpl.invoke(DelegatingMethodAccessorImpl.java:43)
	at java.base/java.lang.reflect.Method.invoke(Method.java:568)
	at org.springframework.boot.devtools.restart.RestartLauncher.run(RestartLauncher.java:50)
Caused by: java.util.zip.ZipException: ZipFile invalid LOC header (bad signature)
	at java.base/java.util.zip.ZipFile$ZipFileInputStream.initDataOffset(ZipFile.java:929)
	at java.base/java.util.zip.ZipFile$ZipFileInputStream.read(ZipFile.java:940)
	at java.base/java.util.zip.ZipFile$ZipFileInflaterInputStream.fill(ZipFile.java:457)
	at java.base/java.util.zip.InflaterInputStream.read(InflaterInputStream.java:158)
	at java.base/java.io.FilterInputStream.read(FilterInputStream.java:132)
	at org.springframework.asm.ClassReader.readStream(ClassReader.java:322)
	at org.springframework.asm.ClassReader.<init>(ClassReader.java:287)
	at org.springframework.core.type.classreading.SimpleMetadataReader.getClassReader(SimpleMetadataReader.java:56)
	at org.springframework.core.type.classreading.SimpleMetadataReader.<init>(SimpleMetadataReader.java:48)
	at org.springframework.core.type.classreading.SimpleMetadataReaderFactory.getMetadataReader(SimpleMetadataReaderFactory.java:103)
	at org.springframework.core.type.classreading.CachingMetadataReaderFactory.getMetadataReader(CachingMetadataReaderFactory.java:122)
	at org.springframework.context.annotation.ClassPathScanningCandidateComponentProvider.scanCandidateComponents(ClassPathScanningCandidateComponentProvider.java:470)
	... 25 common frames omitted
2025-04-13 23:38:11,127 INFO o.s.b.StartupInfoLogger [restartedMain] Starting UserOrgManagementApplication using Java 17.0.12 with PID 8368 (D:\Courses\BackEnd\Spring\Sb\User_Management_System\user-org-management\target\classes started by mtoaima in D:\Courses\BackEnd\Spring\Sb\User_Management_System\user-org-management)
2025-04-13 23:38:11,127 INFO o.s.b.SpringApplication [restartedMain] No active profile set, falling back to 1 default profile: "default"
2025-04-13 23:38:11,129 INFO o.s.b.l.DeferredLog [restartedMain] Fetching config from server at : http://localhost:8081
2025-04-13 23:38:11,129 INFO o.s.b.l.DeferredLog [restartedMain] Located environment: name=user-management, profiles=[default], label=null, version=ef3ccb72180485ea77e71aa24e8a6021544ae2b5, state=
2025-04-13 23:38:11,152 WARN o.s.c.s.AbstractApplicationContext [restartedMain] Exception encountered during context initialization - cancelling refresh attempt: org.springframework.beans.factory.BeanDefinitionStoreException: Failed to read candidate component class: URL [jar:file:/C:/Users/mtoaima/.m2/repository/com/user-organization-management/common/0.0.1-SNAPSHOT/common-0.0.1-SNAPSHOT.jar!/com/user_organization_management/exception/ErrorResponseUtil.class]
2025-04-13 23:38:11,154 ERROR o.s.b.SpringApplication [restartedMain] Application run failed
org.springframework.beans.factory.BeanDefinitionStoreException: Failed to read candidate component class: URL [jar:file:/C:/Users/mtoaima/.m2/repository/com/user-organization-management/common/0.0.1-SNAPSHOT/common-0.0.1-SNAPSHOT.jar!/com/user_organization_management/exception/ErrorResponseUtil.class]
	at org.springframework.context.annotation.ClassPathScanningCandidateComponentProvider.scanCandidateComponents(ClassPathScanningCandidateComponentProvider.java:510)
	at org.springframework.context.annotation.ClassPathScanningCandidateComponentProvider.findCandidateComponents(ClassPathScanningCandidateComponentProvider.java:351)
	at org.springframework.context.annotation.ClassPathBeanDefinitionScanner.doScan(ClassPathBeanDefinitionScanner.java:277)
	at org.springframework.context.annotation.ComponentScanAnnotationParser.parse(ComponentScanAnnotationParser.java:128)
	at org.springframework.context.annotation.ConfigurationClassParser.doProcessConfigurationClass(ConfigurationClassParser.java:306)
	at org.springframework.context.annotation.ConfigurationClassParser.processConfigurationClass(ConfigurationClassParser.java:246)
	at org.springframework.context.annotation.ConfigurationClassParser.parse(ConfigurationClassParser.java:197)
	at org.springframework.context.annotation.ConfigurationClassParser.parse(ConfigurationClassParser.java:165)
	at org.springframework.context.annotation.ConfigurationClassPostProcessor.processConfigBeanDefinitions(ConfigurationClassPostProcessor.java:416)
	at org.springframework.context.annotation.ConfigurationClassPostProcessor.postProcessBeanDefinitionRegistry(ConfigurationClassPostProcessor.java:289)
	at org.springframework.context.support.PostProcessorRegistrationDelegate.invokeBeanDefinitionRegistryPostProcessors(PostProcessorRegistrationDelegate.java:349)
	at org.springframework.context.support.PostProcessorRegistrationDelegate.invokeBeanFactoryPostProcessors(PostProcessorRegistrationDelegate.java:118)
	at org.springframework.context.support.AbstractApplicationContext.invokeBeanFactoryPostProcessors(AbstractApplicationContext.java:788)
	at org.springframework.context.support.AbstractApplicationContext.refresh(AbstractApplicationContext.java:606)
	at org.springframework.boot.web.servlet.context.ServletWebServerApplicationContext.refresh(ServletWebServerApplicationContext.java:146)
	at org.springframework.boot.SpringApplication.refresh(SpringApplication.java:754)
	at org.springframework.boot.SpringApplication.refreshContext(SpringApplication.java:456)
	at org.springframework.boot.SpringApplication.run(SpringApplication.java:334)
	at org.springframework.boot.SpringApplication.run(SpringApplication.java:1354)
	at org.springframework.boot.SpringApplication.run(SpringApplication.java:1343)
	at com.user_organization_management.UserOrgManagementApplication.main(UserOrgManagementApplication.java:9)
	at java.base/jdk.internal.reflect.NativeMethodAccessorImpl.invoke0(Native Method)
	at java.base/jdk.internal.reflect.NativeMethodAccessorImpl.invoke(NativeMethodAccessorImpl.java:77)
	at java.base/jdk.internal.reflect.DelegatingMethodAccessorImpl.invoke(DelegatingMethodAccessorImpl.java:43)
	at java.base/java.lang.reflect.Method.invoke(Method.java:568)
	at org.springframework.boot.devtools.restart.RestartLauncher.run(RestartLauncher.java:50)
Caused by: java.util.zip.ZipException: ZipFile invalid LOC header (bad signature)
	at java.base/java.util.zip.ZipFile$ZipFileInputStream.initDataOffset(ZipFile.java:929)
	at java.base/java.util.zip.ZipFile$ZipFileInputStream.read(ZipFile.java:940)
	at java.base/java.util.zip.ZipFile$ZipFileInflaterInputStream.fill(ZipFile.java:457)
	at java.base/java.util.zip.InflaterInputStream.read(InflaterInputStream.java:158)
	at java.base/java.io.FilterInputStream.read(FilterInputStream.java:132)
	at org.springframework.asm.ClassReader.readStream(ClassReader.java:322)
	at org.springframework.asm.ClassReader.<init>(ClassReader.java:287)
	at org.springframework.core.type.classreading.SimpleMetadataReader.getClassReader(SimpleMetadataReader.java:56)
	at org.springframework.core.type.classreading.SimpleMetadataReader.<init>(SimpleMetadataReader.java:48)
	at org.springframework.core.type.classreading.SimpleMetadataReaderFactory.getMetadataReader(SimpleMetadataReaderFactory.java:103)
	at org.springframework.core.type.classreading.CachingMetadataReaderFactory.getMetadataReader(CachingMetadataReaderFactory.java:122)
	at org.springframework.context.annotation.ClassPathScanningCandidateComponentProvider.scanCandidateComponents(ClassPathScanningCandidateComponentProvider.java:470)
	... 25 common frames omitted
2025-04-13 23:38:30,387 INFO o.s.b.StartupInfoLogger [restartedMain] Starting UserOrgManagementApplication using Java 17.0.12 with PID 8368 (D:\Courses\BackEnd\Spring\Sb\User_Management_System\user-org-management\target\classes started by mtoaima in D:\Courses\BackEnd\Spring\Sb\User_Management_System\user-org-management)
2025-04-13 23:38:30,387 INFO o.s.b.SpringApplication [restartedMain] No active profile set, falling back to 1 default profile: "default"
2025-04-13 23:38:30,388 INFO o.s.b.l.DeferredLog [restartedMain] Fetching config from server at : http://localhost:8081
2025-04-13 23:38:30,389 INFO o.s.b.l.DeferredLog [restartedMain] Located environment: name=user-management, profiles=[default], label=null, version=ef3ccb72180485ea77e71aa24e8a6021544ae2b5, state=
2025-04-13 23:38:30,428 WARN o.s.c.s.AbstractApplicationContext [restartedMain] Exception encountered during context initialization - cancelling refresh attempt: org.springframework.beans.factory.BeanDefinitionStoreException: Failed to read candidate component class: URL [jar:file:/C:/Users/mtoaima/.m2/repository/com/user-organization-management/common/0.0.1-SNAPSHOT/common-0.0.1-SNAPSHOT.jar!/com/user_organization_management/exception/ErrorResponseUtil.class]
2025-04-13 23:38:30,430 ERROR o.s.b.SpringApplication [restartedMain] Application run failed
org.springframework.beans.factory.BeanDefinitionStoreException: Failed to read candidate component class: URL [jar:file:/C:/Users/mtoaima/.m2/repository/com/user-organization-management/common/0.0.1-SNAPSHOT/common-0.0.1-SNAPSHOT.jar!/com/user_organization_management/exception/ErrorResponseUtil.class]
	at org.springframework.context.annotation.ClassPathScanningCandidateComponentProvider.scanCandidateComponents(ClassPathScanningCandidateComponentProvider.java:510)
	at org.springframework.context.annotation.ClassPathScanningCandidateComponentProvider.findCandidateComponents(ClassPathScanningCandidateComponentProvider.java:351)
	at org.springframework.context.annotation.ClassPathBeanDefinitionScanner.doScan(ClassPathBeanDefinitionScanner.java:277)
	at org.springframework.context.annotation.ComponentScanAnnotationParser.parse(ComponentScanAnnotationParser.java:128)
	at org.springframework.context.annotation.ConfigurationClassParser.doProcessConfigurationClass(ConfigurationClassParser.java:306)
	at org.springframework.context.annotation.ConfigurationClassParser.processConfigurationClass(ConfigurationClassParser.java:246)
	at org.springframework.context.annotation.ConfigurationClassParser.parse(ConfigurationClassParser.java:197)
	at org.springframework.context.annotation.ConfigurationClassParser.parse(ConfigurationClassParser.java:165)
	at org.springframework.context.annotation.ConfigurationClassPostProcessor.processConfigBeanDefinitions(ConfigurationClassPostProcessor.java:416)
	at org.springframework.context.annotation.ConfigurationClassPostProcessor.postProcessBeanDefinitionRegistry(ConfigurationClassPostProcessor.java:289)
	at org.springframework.context.support.PostProcessorRegistrationDelegate.invokeBeanDefinitionRegistryPostProcessors(PostProcessorRegistrationDelegate.java:349)
	at org.springframework.context.support.PostProcessorRegistrationDelegate.invokeBeanFactoryPostProcessors(PostProcessorRegistrationDelegate.java:118)
	at org.springframework.context.support.AbstractApplicationContext.invokeBeanFactoryPostProcessors(AbstractApplicationContext.java:788)
	at org.springframework.context.support.AbstractApplicationContext.refresh(AbstractApplicationContext.java:606)
	at org.springframework.boot.web.servlet.context.ServletWebServerApplicationContext.refresh(ServletWebServerApplicationContext.java:146)
	at org.springframework.boot.SpringApplication.refresh(SpringApplication.java:754)
	at org.springframework.boot.SpringApplication.refreshContext(SpringApplication.java:456)
	at org.springframework.boot.SpringApplication.run(SpringApplication.java:334)
	at org.springframework.boot.SpringApplication.run(SpringApplication.java:1354)
	at org.springframework.boot.SpringApplication.run(SpringApplication.java:1343)
	at com.user_organization_management.UserOrgManagementApplication.main(UserOrgManagementApplication.java:9)
	at java.base/jdk.internal.reflect.NativeMethodAccessorImpl.invoke0(Native Method)
	at java.base/jdk.internal.reflect.NativeMethodAccessorImpl.invoke(NativeMethodAccessorImpl.java:77)
	at java.base/jdk.internal.reflect.DelegatingMethodAccessorImpl.invoke(DelegatingMethodAccessorImpl.java:43)
	at java.base/java.lang.reflect.Method.invoke(Method.java:568)
	at org.springframework.boot.devtools.restart.RestartLauncher.run(RestartLauncher.java:50)
Caused by: java.util.zip.ZipException: ZipFile invalid LOC header (bad signature)
	at java.base/java.util.zip.ZipFile$ZipFileInputStream.initDataOffset(ZipFile.java:929)
	at java.base/java.util.zip.ZipFile$ZipFileInputStream.read(ZipFile.java:940)
	at java.base/java.util.zip.ZipFile$ZipFileInflaterInputStream.fill(ZipFile.java:457)
	at java.base/java.util.zip.InflaterInputStream.read(InflaterInputStream.java:158)
	at java.base/java.io.FilterInputStream.read(FilterInputStream.java:132)
	at org.springframework.asm.ClassReader.readStream(ClassReader.java:322)
	at org.springframework.asm.ClassReader.<init>(ClassReader.java:287)
	at org.springframework.core.type.classreading.SimpleMetadataReader.getClassReader(SimpleMetadataReader.java:56)
	at org.springframework.core.type.classreading.SimpleMetadataReader.<init>(SimpleMetadataReader.java:48)
	at org.springframework.core.type.classreading.SimpleMetadataReaderFactory.getMetadataReader(SimpleMetadataReaderFactory.java:103)
	at org.springframework.core.type.classreading.CachingMetadataReaderFactory.getMetadataReader(CachingMetadataReaderFactory.java:122)
	at org.springframework.context.annotation.ClassPathScanningCandidateComponentProvider.scanCandidateComponents(ClassPathScanningCandidateComponentProvider.java:470)
	... 25 common frames omitted
2025-04-13 23:39:18,210 INFO o.s.b.StartupInfoLogger [restartedMain] Starting UserOrgManagementApplication using Java 17.0.12 with PID 8368 (D:\Courses\BackEnd\Spring\Sb\User_Management_System\user-org-management\target\classes started by mtoaima in D:\Courses\BackEnd\Spring\Sb\User_Management_System\user-org-management)
2025-04-13 23:39:18,210 INFO o.s.b.SpringApplication [restartedMain] No active profile set, falling back to 1 default profile: "default"
2025-04-13 23:39:18,211 INFO o.s.b.l.DeferredLog [restartedMain] Fetching config from server at : http://localhost:8081
2025-04-13 23:39:18,212 INFO o.s.b.l.DeferredLog [restartedMain] Located environment: name=user-management, profiles=[default], label=null, version=ef3ccb72180485ea77e71aa24e8a6021544ae2b5, state=
2025-04-13 23:39:18,250 WARN o.s.c.s.AbstractApplicationContext [restartedMain] Exception encountered during context initialization - cancelling refresh attempt: org.springframework.beans.factory.BeanDefinitionStoreException: Failed to read candidate component class: URL [jar:file:/C:/Users/mtoaima/.m2/repository/com/user-organization-management/common/0.0.1-SNAPSHOT/common-0.0.1-SNAPSHOT.jar!/com/user_organization_management/exception/ErrorResponseUtil.class]
2025-04-13 23:39:18,254 ERROR o.s.b.SpringApplication [restartedMain] Application run failed
org.springframework.beans.factory.BeanDefinitionStoreException: Failed to read candidate component class: URL [jar:file:/C:/Users/mtoaima/.m2/repository/com/user-organization-management/common/0.0.1-SNAPSHOT/common-0.0.1-SNAPSHOT.jar!/com/user_organization_management/exception/ErrorResponseUtil.class]
	at org.springframework.context.annotation.ClassPathScanningCandidateComponentProvider.scanCandidateComponents(ClassPathScanningCandidateComponentProvider.java:510)
	at org.springframework.context.annotation.ClassPathScanningCandidateComponentProvider.findCandidateComponents(ClassPathScanningCandidateComponentProvider.java:351)
	at org.springframework.context.annotation.ClassPathBeanDefinitionScanner.doScan(ClassPathBeanDefinitionScanner.java:277)
	at org.springframework.context.annotation.ComponentScanAnnotationParser.parse(ComponentScanAnnotationParser.java:128)
	at org.springframework.context.annotation.ConfigurationClassParser.doProcessConfigurationClass(ConfigurationClassParser.java:306)
	at org.springframework.context.annotation.ConfigurationClassParser.processConfigurationClass(ConfigurationClassParser.java:246)
	at org.springframework.context.annotation.ConfigurationClassParser.parse(ConfigurationClassParser.java:197)
	at org.springframework.context.annotation.ConfigurationClassParser.parse(ConfigurationClassParser.java:165)
	at org.springframework.context.annotation.ConfigurationClassPostProcessor.processConfigBeanDefinitions(ConfigurationClassPostProcessor.java:416)
	at org.springframework.context.annotation.ConfigurationClassPostProcessor.postProcessBeanDefinitionRegistry(ConfigurationClassPostProcessor.java:289)
	at org.springframework.context.support.PostProcessorRegistrationDelegate.invokeBeanDefinitionRegistryPostProcessors(PostProcessorRegistrationDelegate.java:349)
	at org.springframework.context.support.PostProcessorRegistrationDelegate.invokeBeanFactoryPostProcessors(PostProcessorRegistrationDelegate.java:118)
	at org.springframework.context.support.AbstractApplicationContext.invokeBeanFactoryPostProcessors(AbstractApplicationContext.java:788)
	at org.springframework.context.support.AbstractApplicationContext.refresh(AbstractApplicationContext.java:606)
	at org.springframework.boot.web.servlet.context.ServletWebServerApplicationContext.refresh(ServletWebServerApplicationContext.java:146)
	at org.springframework.boot.SpringApplication.refresh(SpringApplication.java:754)
	at org.springframework.boot.SpringApplication.refreshContext(SpringApplication.java:456)
	at org.springframework.boot.SpringApplication.run(SpringApplication.java:334)
	at org.springframework.boot.SpringApplication.run(SpringApplication.java:1354)
	at org.springframework.boot.SpringApplication.run(SpringApplication.java:1343)
	at com.user_organization_management.UserOrgManagementApplication.main(UserOrgManagementApplication.java:9)
	at java.base/jdk.internal.reflect.NativeMethodAccessorImpl.invoke0(Native Method)
	at java.base/jdk.internal.reflect.NativeMethodAccessorImpl.invoke(NativeMethodAccessorImpl.java:77)
	at java.base/jdk.internal.reflect.DelegatingMethodAccessorImpl.invoke(DelegatingMethodAccessorImpl.java:43)
	at java.base/java.lang.reflect.Method.invoke(Method.java:568)
	at org.springframework.boot.devtools.restart.RestartLauncher.run(RestartLauncher.java:50)
Caused by: java.util.zip.ZipException: ZipFile invalid LOC header (bad signature)
	at java.base/java.util.zip.ZipFile$ZipFileInputStream.initDataOffset(ZipFile.java:929)
	at java.base/java.util.zip.ZipFile$ZipFileInputStream.read(ZipFile.java:940)
	at java.base/java.util.zip.ZipFile$ZipFileInflaterInputStream.fill(ZipFile.java:457)
	at java.base/java.util.zip.InflaterInputStream.read(InflaterInputStream.java:158)
	at java.base/java.io.FilterInputStream.read(FilterInputStream.java:132)
	at org.springframework.asm.ClassReader.readStream(ClassReader.java:322)
	at org.springframework.asm.ClassReader.<init>(ClassReader.java:287)
	at org.springframework.core.type.classreading.SimpleMetadataReader.getClassReader(SimpleMetadataReader.java:56)
	at org.springframework.core.type.classreading.SimpleMetadataReader.<init>(SimpleMetadataReader.java:48)
	at org.springframework.core.type.classreading.SimpleMetadataReaderFactory.getMetadataReader(SimpleMetadataReaderFactory.java:103)
	at org.springframework.core.type.classreading.CachingMetadataReaderFactory.getMetadataReader(CachingMetadataReaderFactory.java:122)
	at org.springframework.context.annotation.ClassPathScanningCandidateComponentProvider.scanCandidateComponents(ClassPathScanningCandidateComponentProvider.java:470)
	... 25 common frames omitted
2025-04-13 23:39:29,528 INFO o.h.v.i.u.Version [background-preinit] HV000001: Hibernate Validator 8.0.1.Final
2025-04-13 23:39:29,573 INFO o.s.b.StartupInfoLogger [restartedMain] Starting UserOrgManagementApplication using Java 17.0.12 with PID 9972 (D:\Courses\BackEnd\Spring\Sb\User_Management_System\user-org-management\target\classes started by mtoaima in D:\Courses\BackEnd\Spring\Sb\User_Management_System\user-org-management)
2025-04-13 23:39:29,574 INFO o.s.b.SpringApplication [restartedMain] No active profile set, falling back to 1 default profile: "default"
2025-04-13 23:39:29,635 INFO o.s.b.l.DeferredLog [restartedMain] Fetching config from server at : http://localhost:8081
2025-04-13 23:39:29,636 INFO o.s.b.l.DeferredLog [restartedMain] Located environment: name=user-management, profiles=[default], label=null, version=ef3ccb72180485ea77e71aa24e8a6021544ae2b5, state=
2025-04-13 23:39:29,642 INFO o.s.b.l.DeferredLog [restartedMain] Devtools property defaults active! Set 'spring.devtools.add-properties' to 'false' to disable
2025-04-13 23:39:29,642 INFO o.s.b.l.DeferredLog [restartedMain] For additional web related logging consider setting the 'logging.level.web' property to 'DEBUG'
2025-04-13 23:39:30,643 INFO o.s.d.r.c.RepositoryConfigurationDelegate [restartedMain] Bootstrapping Spring Data JPA repositories in DEFAULT mode.
2025-04-13 23:39:30,786 INFO o.s.d.r.c.RepositoryConfigurationDelegate [restartedMain] Finished Spring Data repository scanning in 137 ms. Found 3 JPA repository interfaces.
2025-04-13 23:39:31,126 INFO o.s.c.c.s.GenericScope [restartedMain] BeanFactory id=f74d915f-4514-3717-bfc9-0ab6e98804f7
2025-04-13 23:39:31,517 WARN o.s.c.s.PostProcessorRegistrationDelegate$BeanPostProcessorChecker [restartedMain] Bean 'org.springframework.cloud.client.loadbalancer.LoadBalancerAutoConfiguration$LoadBalancerInterceptorConfig' of type [org.springframework.cloud.client.loadbalancer.LoadBalancerAutoConfiguration$LoadBalancerInterceptorConfig] is not eligible for getting processed by all BeanPostProcessors (for example: not eligible for auto-proxying). The currently created BeanPostProcessor [lbRestClientPostProcessor] is declared through a non-static factory method on that class; consider declaring it as static instead.
2025-04-13 23:39:31,525 WARN o.s.c.s.PostProcessorRegistrationDelegate$BeanPostProcessorChecker [restartedMain] Bean 'org.springframework.cloud.loadbalancer.config.BlockingLoadBalancerClientAutoConfiguration' of type [org.springframework.cloud.loadbalancer.config.BlockingLoadBalancerClientAutoConfiguration] is not eligible for getting processed by all BeanPostProcessors (for example: not eligible for auto-proxying). Is this bean getting eagerly injected into a currently created BeanPostProcessor [lbRestClientPostProcessor]? Check the corresponding BeanPostProcessor declaration and its dependencies.
2025-04-13 23:39:31,530 WARN o.s.c.s.PostProcessorRegistrationDelegate$BeanPostProcessorChecker [restartedMain] Bean 'org.springframework.cloud.loadbalancer.config.LoadBalancerAutoConfiguration' of type [org.springframework.cloud.loadbalancer.config.LoadBalancerAutoConfiguration] is not eligible for getting processed by all BeanPostProcessors (for example: not eligible for auto-proxying). Is this bean getting eagerly injected into a currently created BeanPostProcessor [lbRestClientPostProcessor]? Check the corresponding BeanPostProcessor declaration and its dependencies.
2025-04-13 23:39:31,587 WARN o.s.c.s.PostProcessorRegistrationDelegate$BeanPostProcessorChecker [restartedMain] Bean 'org.springframework.cloud.commons.config.CommonsConfigAutoConfiguration' of type [org.springframework.cloud.commons.config.CommonsConfigAutoConfiguration] is not eligible for getting processed by all BeanPostProcessors (for example: not eligible for auto-proxying). Is this bean getting eagerly injected into a currently created BeanPostProcessor [lbRestClientPostProcessor]? Check the corresponding BeanPostProcessor declaration and its dependencies.
2025-04-13 23:39:31,701 WARN o.s.c.s.PostProcessorRegistrationDelegate$BeanPostProcessorChecker [restartedMain] Bean 'org.springframework.cloud.client.loadbalancer.LoadBalancerDefaultMappingsProviderAutoConfiguration' of type [org.springframework.cloud.client.loadbalancer.LoadBalancerDefaultMappingsProviderAutoConfiguration] is not eligible for getting processed by all BeanPostProcessors (for example: not eligible for auto-proxying). Is this bean getting eagerly injected into a currently created BeanPostProcessor [lbRestClientPostProcessor]? Check the corresponding BeanPostProcessor declaration and its dependencies.
2025-04-13 23:39:31,704 WARN o.s.c.s.PostProcessorRegistrationDelegate$BeanPostProcessorChecker [restartedMain] Bean 'loadBalancerClientsDefaultsMappingsProvider' of type [org.springframework.cloud.client.loadbalancer.LoadBalancerDefaultMappingsProviderAutoConfiguration$$Lambda$775/0x000001a3384ee5c8] is not eligible for getting processed by all BeanPostProcessors (for example: not eligible for auto-proxying). Is this bean getting eagerly injected into a currently created BeanPostProcessor [lbRestClientPostProcessor]? Check the corresponding BeanPostProcessor declaration and its dependencies.
2025-04-13 23:39:31,813 WARN o.s.c.s.PostProcessorRegistrationDelegate$BeanPostProcessorChecker [restartedMain] Bean 'defaultsBindHandlerAdvisor' of type [org.springframework.cloud.commons.config.DefaultsBindHandlerAdvisor] is not eligible for getting processed by all BeanPostProcessors (for example: not eligible for auto-proxying). Is this bean getting eagerly injected into a currently created BeanPostProcessor [lbRestClientPostProcessor]? Check the corresponding BeanPostProcessor declaration and its dependencies.
2025-04-13 23:39:31,829 WARN o.s.c.s.PostProcessorRegistrationDelegate$BeanPostProcessorChecker [restartedMain] Bean 'spring.cloud.loadbalancer-org.springframework.cloud.client.loadbalancer.LoadBalancerClientsProperties' of type [org.springframework.cloud.client.loadbalancer.LoadBalancerClientsProperties] is not eligible for getting processed by all BeanPostProcessors (for example: not eligible for auto-proxying). Is this bean getting eagerly injected into a currently created BeanPostProcessor [lbRestClientPostProcessor]? Check the corresponding BeanPostProcessor declaration and its dependencies.
2025-04-13 23:39:31,846 WARN o.s.c.s.PostProcessorRegistrationDelegate$BeanPostProcessorChecker [restartedMain] Bean 'default.org.springframework.cloud.loadbalancer.config.LoadBalancerAutoConfiguration.LoadBalancerClientSpecification' of type [org.springframework.cloud.loadbalancer.annotation.LoadBalancerClientSpecification] is not eligible for getting processed by all BeanPostProcessors (for example: not eligible for auto-proxying). Is this bean getting eagerly injected into a currently created BeanPostProcessor [lbRestClientPostProcessor]? Check the corresponding BeanPostProcessor declaration and its dependencies.
2025-04-13 23:39:31,853 WARN o.s.c.s.PostProcessorRegistrationDelegate$BeanPostProcessorChecker [restartedMain] Bean 'default.org.springframework.cloud.loadbalancer.config.BlockingLoadBalancerClientAutoConfiguration.LoadBalancerClientSpecification' of type [org.springframework.cloud.loadbalancer.annotation.LoadBalancerClientSpecification] is not eligible for getting processed by all BeanPostProcessors (for example: not eligible for auto-proxying). Is this bean getting eagerly injected into a currently created BeanPostProcessor [lbRestClientPostProcessor]? Check the corresponding BeanPostProcessor declaration and its dependencies.
2025-04-13 23:39:31,854 WARN o.s.c.s.PostProcessorRegistrationDelegate$BeanPostProcessorChecker [restartedMain] Bean 'default.org.springframework.cloud.netflix.eureka.loadbalancer.LoadBalancerEurekaAutoConfiguration.LoadBalancerClientSpecification' of type [org.springframework.cloud.loadbalancer.annotation.LoadBalancerClientSpecification] is not eligible for getting processed by all BeanPostProcessors (for example: not eligible for auto-proxying). Is this bean getting eagerly injected into a currently created BeanPostProcessor [lbRestClientPostProcessor]? Check the corresponding BeanPostProcessor declaration and its dependencies.
2025-04-13 23:39:31,856 WARN o.s.c.s.PostProcessorRegistrationDelegate$BeanPostProcessorChecker [restartedMain] Bean 'loadBalancerClientFactory' of type [org.springframework.cloud.loadbalancer.support.LoadBalancerClientFactory] is not eligible for getting processed by all BeanPostProcessors (for example: not eligible for auto-proxying). Is this bean getting eagerly injected into a currently created BeanPostProcessor [lbRestClientPostProcessor]? Check the corresponding BeanPostProcessor declaration and its dependencies.
2025-04-13 23:39:31,879 WARN o.s.c.s.PostProcessorRegistrationDelegate$BeanPostProcessorChecker [restartedMain] Bean 'blockingLoadBalancerClient' of type [org.springframework.cloud.loadbalancer.blocking.client.BlockingLoadBalancerClient] is not eligible for getting processed by all BeanPostProcessors (for example: not eligible for auto-proxying). Is this bean getting eagerly injected into a currently created BeanPostProcessor [lbRestClientPostProcessor]? Check the corresponding BeanPostProcessor declaration and its dependencies.
2025-04-13 23:39:31,898 WARN o.s.c.s.PostProcessorRegistrationDelegate$BeanPostProcessorChecker [restartedMain] Bean 'loadBalancerServiceInstanceCookieTransformer' of type [org.springframework.cloud.loadbalancer.core.LoadBalancerServiceInstanceCookieTransformer] is not eligible for getting processed by all BeanPostProcessors (for example: not eligible for auto-proxying). Is this bean getting eagerly injected into a currently created BeanPostProcessor [lbRestClientPostProcessor]? Check the corresponding BeanPostProcessor declaration and its dependencies.
2025-04-13 23:39:31,901 WARN o.s.c.s.PostProcessorRegistrationDelegate$BeanPostProcessorChecker [restartedMain] Bean 'xForwarderHeadersTransformer' of type [org.springframework.cloud.loadbalancer.blocking.XForwardedHeadersTransformer] is not eligible for getting processed by all BeanPostProcessors (for example: not eligible for auto-proxying). Is this bean getting eagerly injected into a currently created BeanPostProcessor [lbRestClientPostProcessor]? Check the corresponding BeanPostProcessor declaration and its dependencies.
2025-04-13 23:39:31,903 WARN o.s.c.s.PostProcessorRegistrationDelegate$BeanPostProcessorChecker [restartedMain] Bean 'org.springframework.cloud.client.loadbalancer.LoadBalancerAutoConfiguration' of type [org.springframework.cloud.client.loadbalancer.LoadBalancerAutoConfiguration] is not eligible for getting processed by all BeanPostProcessors (for example: not eligible for auto-proxying). Is this bean getting eagerly injected into a currently created BeanPostProcessor [lbRestClientPostProcessor]? Check the corresponding BeanPostProcessor declaration and its dependencies.
2025-04-13 23:39:31,908 WARN o.s.c.s.PostProcessorRegistrationDelegate$BeanPostProcessorChecker [restartedMain] Bean 'loadBalancerRequestFactory' of type [org.springframework.cloud.client.loadbalancer.LoadBalancerRequestFactory] is not eligible for getting processed by all BeanPostProcessors (for example: not eligible for auto-proxying). Is this bean getting eagerly injected into a currently created BeanPostProcessor [lbRestClientPostProcessor]? Check the corresponding BeanPostProcessor declaration and its dependencies.
2025-04-13 23:39:31,911 WARN o.s.c.s.PostProcessorRegistrationDelegate$BeanPostProcessorChecker [restartedMain] Bean 'loadBalancerInterceptor' of type [org.springframework.cloud.client.loadbalancer.LoadBalancerInterceptor] is not eligible for getting processed by all BeanPostProcessors (for example: not eligible for auto-proxying). Is this bean getting eagerly injected into a currently created BeanPostProcessor [lbRestClientPostProcessor]? Check the corresponding BeanPostProcessor declaration and its dependencies.
2025-04-13 23:39:32,693 INFO o.s.b.w.e.t.TomcatWebServer [restartedMain] Tomcat initialized with port 8888 (http)
2025-04-13 23:39:32,704 INFO o.a.j.l.DirectJDKLog [restartedMain] Initializing ProtocolHandler ["http-nio-8888"]
2025-04-13 23:39:32,707 INFO o.a.j.l.DirectJDKLog [restartedMain] Starting service [Tomcat]
2025-04-13 23:39:32,708 INFO o.a.j.l.DirectJDKLog [restartedMain] Starting Servlet engine: [Apache Tomcat/10.1.19]
2025-04-13 23:39:32,781 INFO o.a.j.l.DirectJDKLog [restartedMain] Initializing Spring embedded WebApplicationContext
2025-04-13 23:39:32,782 INFO o.s.b.w.s.c.ServletWebServerApplicationContext [restartedMain] Root WebApplicationContext: initialization completed in 3138 ms
2025-04-13 23:39:32,975 INFO c.z.h.HikariDataSource [restartedMain] HikariPool-1 - Starting...
2025-04-13 23:39:33,271 INFO c.z.h.p.HikariPool [restartedMain] HikariPool-1 - Added connection com.mysql.cj.jdbc.ConnectionImpl@4315fe49
2025-04-13 23:39:33,273 INFO c.z.h.HikariDataSource [restartedMain] HikariPool-1 - Start completed.
2025-04-13 23:39:34,129 INFO l.l.c.JavaLogger [restartedMain] Reading from mydatabase.DATABASECHANGELOG
2025-04-13 23:39:34,194 INFO l.l.c.JavaLogger [restartedMain] Reading from mydatabase.DATABASECHANGELOG
2025-04-13 23:39:34,206 INFO l.l.c.JavaLogger [restartedMain] UPDATE SUMMARY
2025-04-13 23:39:34,207 INFO l.l.c.JavaLogger [restartedMain] Run:                          0
2025-04-13 23:39:34,207 INFO l.l.c.JavaLogger [restartedMain] Previously run:               3
2025-04-13 23:39:34,207 INFO l.l.c.JavaLogger [restartedMain] Filtered out:                 0
2025-04-13 23:39:34,208 INFO l.l.c.JavaLogger [restartedMain] -------------------------------
2025-04-13 23:39:34,208 INFO l.l.c.JavaLogger [restartedMain] Total change sets:            3
2025-04-13 23:39:34,208 INFO l.l.c.JavaLogger [restartedMain] Update summary generated
2025-04-13 23:39:34,238 INFO l.l.c.JavaLogger [restartedMain] Successfully released change log lock
2025-04-13 23:39:34,241 INFO l.l.c.JavaLogger [restartedMain] Command execution complete
2025-04-13 23:39:34,364 INFO o.h.j.i.u.LogHelper [restartedMain] HHH000204: Processing PersistenceUnitInfo [name: default]
2025-04-13 23:39:34,420 INFO o.h.Version [restartedMain] HHH000412: Hibernate ORM core version 6.4.4.Final
2025-04-13 23:39:34,459 INFO o.h.c.i.RegionFactoryInitiator [restartedMain] HHH000026: Second-level cache disabled
2025-04-13 23:39:34,700 INFO o.s.o.j.p.SpringPersistenceUnitInfo [restartedMain] No LoadTimeWeaver setup: ignoring JPA class transformer
2025-04-13 23:39:34,752 WARN o.h.e.j.d.i.DialectFactoryImpl [restartedMain] HHH90000025: MySQL8Dialect does not need to be specified explicitly using 'hibernate.dialect' (remove the property setting and it will be selected by default)
2025-04-13 23:39:34,754 WARN o.h.e.j.d.i.DialectFactoryImpl [restartedMain] HHH90000026: MySQL8Dialect has been deprecated; use org.hibernate.dialect.MySQLDialect instead
2025-04-13 23:39:35,809 INFO o.h.e.t.j.p.i.JtaPlatformInitiator [restartedMain] HHH000489: No JTA platform available (set 'hibernate.transaction.jta.platform' to enable JTA platform integration)
2025-04-13 23:39:35,813 INFO o.s.o.j.AbstractEntityManagerFactoryBean [restartedMain] Initialized JPA EntityManagerFactory for persistence unit 'default'
2025-04-13 23:39:36,254 INFO o.s.d.j.r.q.QueryEnhancerFactory [restartedMain] Hibernate is in classpath; If applicable, HQL parser will be used.
2025-04-13 23:39:37,037 WARN o.s.b.a.o.j.JpaBaseConfiguration$JpaWebConfiguration [restartedMain] spring.jpa.open-in-view is enabled by default. Therefore, database queries may be performed during view rendering. Explicitly configure spring.jpa.open-in-view to disable this warning
2025-04-13 23:39:37,240 DEBUG o.s.w.s.h.AbstractHandlerMethodMapping [restartedMain] 16 mappings in 'requestMappingHandlerMapping'
2025-04-13 23:39:37,413 DEBUG o.s.w.s.h.SimpleUrlHandlerMapping [restartedMain] Patterns [/webjars/**, /**] in 'resourceHandlerMapping'
2025-04-13 23:39:37,468 INFO o.s.s.w.DefaultSecurityFilterChain [restartedMain] Will secure any request with [org.springframework.security.web.session.DisableEncodeUrlFilter@135c6bb2, org.springframework.security.web.context.request.async.WebAsyncManagerIntegrationFilter@c9d476a, org.springframework.security.web.context.SecurityContextHolderFilter@38559c43, org.springframework.security.web.header.HeaderWriterFilter@27139db4, org.springframework.security.web.authentication.logout.LogoutFilter@5038ad4a, com.user_organization_management.security.JwtRequestFilter@3586206c, org.springframework.security.web.savedrequest.RequestCacheAwareFilter@4db10ebc, org.springframework.security.web.servletapi.SecurityContextHolderAwareRequestFilter@289914e1, org.springframework.security.web.authentication.AnonymousAuthenticationFilter@11a9e0e2, org.springframework.security.web.access.ExceptionTranslationFilter@55b1bef0, org.springframework.security.web.access.intercept.AuthorizationFilter@34552f94]
2025-04-13 23:39:37,607 DEBUG o.s.w.s.m.m.a.RequestMappingHandlerAdapter [restartedMain] ControllerAdvice beans: 0 @ModelAttribute, 0 @InitBinder, 1 RequestBodyAdvice, 1 ResponseBodyAdvice
2025-04-13 23:39:37,655 DEBUG o.s.w.s.m.m.a.ExceptionHandlerExceptionResolver [restartedMain] ControllerAdvice beans: 1 @ExceptionHandler, 1 ResponseBodyAdvice
2025-04-13 23:39:37,932 WARN o.s.b.d.a.OptionalLiveReloadServer [restartedMain] Unable to start LiveReload server
2025-04-13 23:39:38,348 INFO o.s.c.n.e.c.DiscoveryClientOptionalArgsConfiguration [restartedMain] Eureka HTTP Client uses RestTemplate.
2025-04-13 23:39:38,769 WARN o.s.c.l.c.LoadBalancerCacheAutoConfiguration$LoadBalancerCaffeineWarnLogger [restartedMain] Spring Cloud LoadBalancer is currently working with the default cache. While this cache implementation is useful for development and tests, it's recommended to use Caffeine cache in production.You can switch to using Caffeine cache, by adding it and org.springframework.cache.caffeine.CaffeineCacheManager to the classpath.
2025-04-13 23:39:38,817 INFO o.s.c.n.e.InstanceInfoFactory [restartedMain] Setting initial instance status as: STARTING
2025-04-13 23:39:38,950 INFO c.n.d.DiscoveryClient [restartedMain] Initializing Eureka in region us-east-1
2025-04-13 23:39:38,956 INFO c.n.d.s.r.a.ConfigClusterResolver [restartedMain] Resolving eureka endpoints via configuration
2025-04-13 23:39:38,988 INFO c.n.d.DiscoveryClient [restartedMain] Disable delta property : false
2025-04-13 23:39:38,988 INFO c.n.d.DiscoveryClient [restartedMain] Single vip registry refresh property : null
2025-04-13 23:39:38,989 INFO c.n.d.DiscoveryClient [restartedMain] Force full registry fetch : false
2025-04-13 23:39:38,989 INFO c.n.d.DiscoveryClient [restartedMain] Application is null : false
2025-04-13 23:39:38,989 INFO c.n.d.DiscoveryClient [restartedMain] Registered Applications size is zero : true
2025-04-13 23:39:38,989 INFO c.n.d.DiscoveryClient [restartedMain] Application version is -1: true
2025-04-13 23:39:38,989 INFO c.n.d.DiscoveryClient [restartedMain] Getting all instance registry info from the eureka server
2025-04-13 23:39:39,176 DEBUG o.s.c.l.CompositeLog [restartedMain] HTTP GET http://localhost:8761/eureka/apps/
2025-04-13 23:39:39,240 DEBUG o.s.c.l.CompositeLog [restartedMain] Accept=[application/json, application/*+json]
2025-04-13 23:39:39,318 DEBUG o.s.c.l.CompositeLog [restartedMain] Response 200 OK
2025-04-13 23:39:39,320 DEBUG o.s.c.l.CompositeLog [restartedMain] Reading to [org.springframework.cloud.netflix.eureka.http.EurekaApplications]
2025-04-13 23:39:39,339 INFO c.n.d.DiscoveryClient [restartedMain] The response status is 200
2025-04-13 23:39:39,350 INFO c.n.d.DiscoveryClient [restartedMain] Starting heartbeat executor: renew interval is: 30
2025-04-13 23:39:39,355 INFO c.n.d.InstanceInfoReplicator [restartedMain] InstanceInfoReplicator onDemand update allowed rate per min is 4
2025-04-13 23:39:39,363 INFO c.n.d.DiscoveryClient [restartedMain] Discovery Client initialized at timestamp 1744580379362 with initial instances count: 3
2025-04-13 23:39:39,374 INFO o.s.c.n.e.s.EurekaServiceRegistry [restartedMain] Registering application USER-MANAGEMENT with eureka with status UP
2025-04-13 23:39:39,375 INFO c.n.d.DiscoveryClient$3 [restartedMain] Saw local status change event StatusChangeEvent [timestamp=1744580379375, current=UP, previous=STARTING]
2025-04-13 23:39:39,378 INFO c.n.d.DiscoveryClient [DiscoveryClient-InstanceInfoReplicator-0] DiscoveryClient_USER-MANAGEMENT/192.168.1.4:user-management:8888: registering service...
2025-04-13 23:39:39,379 INFO o.a.j.l.DirectJDKLog [restartedMain] Starting ProtocolHandler ["http-nio-8888"]
2025-04-13 23:39:39,383 DEBUG o.s.c.l.CompositeLog [DiscoveryClient-InstanceInfoReplicator-0] HTTP POST http://localhost:8761/eureka/apps/USER-MANAGEMENT
2025-04-13 23:39:39,386 DEBUG o.s.c.l.CompositeLog [DiscoveryClient-InstanceInfoReplicator-0] Accept=[application/json, application/*+json]
2025-04-13 23:39:39,409 DEBUG o.s.c.l.CompositeLog [DiscoveryClient-InstanceInfoReplicator-0] Writing [InstanceInfo [instanceId = 192.168.1.4:user-management:8888, appName = USER-MANAGEMENT, hostName = 192.168.1.4, status = UP, ipAddr = 192.168.1.4, port = 8888, securePort = 443, dataCenterInfo = com.netflix.appinfo.MyDataCenterInfo@5e1a4c43] as "application/json"
2025-04-13 23:39:39,429 INFO o.s.b.w.e.t.TomcatWebServer [restartedMain] Tomcat started on port 8888 (http) with context path ''
2025-04-13 23:39:39,431 INFO o.s.c.n.e.s.EurekaAutoServiceRegistration [restartedMain] Updating port to 8888
2025-04-13 23:39:39,432 DEBUG o.s.c.l.CompositeLog [DiscoveryClient-InstanceInfoReplicator-0] Response 204 NO_CONTENT
2025-04-13 23:39:39,434 INFO c.n.d.DiscoveryClient [DiscoveryClient-InstanceInfoReplicator-0] DiscoveryClient_USER-MANAGEMENT/192.168.1.4:user-management:8888 - registration status: 204
2025-04-13 23:39:39,908 INFO o.s.b.StartupInfoLogger [restartedMain] Started UserOrgManagementApplication in 13.021 seconds (process running for 13.899)
2025-04-13 23:40:09,373 DEBUG o.s.c.l.CompositeLog [DiscoveryClient-HeartbeatExecutor-0] HTTP PUT http://localhost:8761/eureka/apps/USER-MANAGEMENT/192.168.1.4:user-management:8888?status=UP&lastDirtyTimestamp=1744580379374
2025-04-13 23:40:09,380 DEBUG o.s.c.l.CompositeLog [DiscoveryClient-CacheRefreshExecutor-0] HTTP GET http://localhost:8761/eureka/apps/delta
2025-04-13 23:40:09,380 DEBUG o.s.c.l.CompositeLog [DiscoveryClient-CacheRefreshExecutor-0] Accept=[application/json, application/*+json]
2025-04-13 23:40:09,405 DEBUG o.s.c.l.CompositeLog [DiscoveryClient-HeartbeatExecutor-0] Accept=[application/json, application/*+json]
2025-04-13 23:40:09,405 DEBUG o.s.c.l.CompositeLog [DiscoveryClient-CacheRefreshExecutor-0] Response 200 OK
2025-04-13 23:40:09,405 DEBUG o.s.c.l.CompositeLog [DiscoveryClient-CacheRefreshExecutor-0] Reading to [org.springframework.cloud.netflix.eureka.http.EurekaApplications]
2025-04-13 23:40:09,414 DEBUG o.s.c.l.CompositeLog [DiscoveryClient-HeartbeatExecutor-0] Response 200 OK
2025-04-13 23:40:09,665 INFO o.a.j.l.DirectJDKLog [http-nio-8888-exec-1] Initializing Spring DispatcherServlet 'dispatcherServlet'
2025-04-13 23:40:09,665 INFO o.s.w.s.FrameworkServlet [http-nio-8888-exec-1] Initializing Servlet 'dispatcherServlet'
2025-04-13 23:40:09,665 DEBUG o.s.w.s.DispatcherServlet [http-nio-8888-exec-1] Detected StandardServletMultipartResolver
2025-04-13 23:40:09,666 DEBUG o.s.w.s.DispatcherServlet [http-nio-8888-exec-1] Detected AcceptHeaderLocaleResolver
2025-04-13 23:40:09,666 DEBUG o.s.w.s.DispatcherServlet [http-nio-8888-exec-1] Detected FixedThemeResolver
2025-04-13 23:40:09,667 DEBUG o.s.w.s.DispatcherServlet [http-nio-8888-exec-1] Detected org.springframework.web.servlet.view.DefaultRequestToViewNameTranslator@6f9c9600
2025-04-13 23:40:09,668 DEBUG o.s.w.s.DispatcherServlet [http-nio-8888-exec-1] Detected org.springframework.web.servlet.support.SessionFlashMapManager@53716198
2025-04-13 23:40:09,668 DEBUG o.s.w.s.FrameworkServlet [http-nio-8888-exec-1] enableLoggingRequestDetails='false': request parameters and headers will be masked to prevent unsafe logging of potentially sensitive data
2025-04-13 23:40:09,668 INFO o.s.w.s.FrameworkServlet [http-nio-8888-exec-1] Completed initialization in 3 ms
2025-04-13 23:40:09,706 INFO c.u.a.LoggingAspect [http-nio-8888-exec-1] =================> Method Name is >> getUserByEmail 
2025-04-13 23:40:09,706 INFO c.u.a.LoggingAspect [http-nio-8888-exec-1] ====> argument >> testAdmin@gmail.com
2025-04-13 23:40:09,708 INFO c.u.a.LoggingAspect [http-nio-8888-exec-1] =================> Method Name is >> findByEmail 
2025-04-13 23:40:09,709 INFO c.u.a.LoggingAspect [http-nio-8888-exec-1] ====> argument >> testAdmin@gmail.com
2025-04-13 23:40:09,801 DEBUG o.h.e.j.s.SqlStatementLogger [http-nio-8888-exec-1] 
    select
        ue1_0.id,
        ue1_0.created_by,
        ue1_0.created_date,
        ue1_0.email,
        ue1_0.failed_count,
        ue1_0.last_modified_by,
        ue1_0.last_modified_date,
        ue1_0.locked,
        ue1_0.mobile,
        ue1_0.name,
        ue1_0.organization_id,
        ue1_0.password,
        ue1_0.role_id 
    from
        users ue1_0 
    where
        ue1_0.email=?
2025-04-13 23:40:09,813 DEBUG o.h.e.j.s.SqlStatementLogger [http-nio-8888-exec-1] 
    select
        re1_0.id,
        re1_0.created_by,
        re1_0.created_date,
        re1_0.last_modified_by,
        re1_0.last_modified_date,
        re1_0.name 
    from
        roles re1_0 
    where
        re1_0.id=?
2025-04-13 23:40:09,830 INFO c.u.a.MeasurementAspect [http-nio-8888-exec-1] KPI[method-execution]	for: UserDTO com.user_organization_management.service.UserService.getUserByEmail(String)	withArgs: [testAdmin@gmail.com]	took: 124 ms. 
2025-04-13 23:40:09,830 INFO c.u.s.CustomUserDetailsService [http-nio-8888-exec-1] User testAdmin@gmail.com has role ROLE_ADMIN
2025-04-13 23:40:09,836 DEBUG o.s.c.l.LogFormatUtils [http-nio-8888-exec-1] POST "/organizations/create", parameters={}
2025-04-13 23:40:09,838 DEBUG o.s.w.s.h.AbstractHandlerMapping [http-nio-8888-exec-1] Mapped to com.user_organization_management.controller.OrganizationController#createOrganization(OrganizationDTO)
2025-04-13 23:40:09,852 DEBUG o.s.c.l.LogFormatUtils [http-nio-8888-exec-1] Read "application/json;charset=UTF-8" to [com.user_organization_management.dto.OrganizationDTO@4d0ff0c9]
2025-04-13 23:40:09,879 INFO c.u.a.LoggingAspect [http-nio-8888-exec-1] =================> Method Name is >> createOrganization 
2025-04-13 23:40:09,879 INFO c.u.a.LoggingAspect [http-nio-8888-exec-1] ====> argument >> com.user_organization_management.dto.OrganizationDTO@4d0ff0c9
2025-04-13 23:40:09,880 INFO c.u.a.LoggingAspect [http-nio-8888-exec-1] =================> Method Name is >> create 
2025-04-13 23:40:09,880 INFO c.u.a.LoggingAspect [http-nio-8888-exec-1] ====> argument >> com.user_organization_management.dto.OrganizationDTO@4d0ff0c9
2025-04-13 23:40:09,880 INFO c.u.s.OrganizationService [http-nio-8888-exec-1] Creating organization with name: { %s }
2025-04-13 23:40:09,881 INFO c.u.a.LoggingAspect [http-nio-8888-exec-1] =================> Method Name is >> existsByName 
2025-04-13 23:40:09,881 INFO c.u.a.LoggingAspect [http-nio-8888-exec-1] ====> argument >> testttt
2025-04-13 23:40:09,914 DEBUG o.h.e.j.s.SqlStatementLogger [http-nio-8888-exec-1] 
    select
        oe1_0.id 
    from
        organizations oe1_0 
    where
        oe1_0.name=? 
    limit
        ?
2025-04-13 23:40:09,922 WARN c.u.s.OrganizationService [http-nio-8888-exec-1] Organization name '{ %s }' already exists.
2025-04-13 23:40:09,926 DEBUG o.s.w.s.m.m.a.ExceptionHandlerExceptionResolver [http-nio-8888-exec-1] Using @ExceptionHandler com.user_organization_management.exception.GlobalExceptionHandler#handleIllegalArgument(DuplicateRecordException)
2025-04-13 23:40:09,927 WARN c.u.e.ErrorResponseUtil [http-nio-8888-exec-1] DuplicateRecordException: Organization name already exists
2025-04-13 23:40:09,936 DEBUG o.s.w.s.m.m.a.AbstractMessageConverterMethodProcessor [http-nio-8888-exec-1] Using 'application/json', given [*/*] and supported [application/json, application/*+json]
2025-04-13 23:40:09,938 DEBUG o.s.c.l.LogFormatUtils [http-nio-8888-exec-1] Writing [com.user_organization_management.model.CustomErrorResponse@4652b5eb]
2025-04-13 23:40:09,958 WARN o.s.w.s.h.AbstractHandlerExceptionResolver [http-nio-8888-exec-1] Resolved [com.user_organization_management.exception.DuplicateRecordException: Organization name already exists]
2025-04-13 23:40:09,959 DEBUG o.s.w.s.FrameworkServlet [http-nio-8888-exec-1] Completed 409 CONFLICT
2025-04-13 23:40:39,419 DEBUG o.s.c.l.CompositeLog [DiscoveryClient-HeartbeatExecutor-0] HTTP PUT http://localhost:8761/eureka/apps/USER-MANAGEMENT/192.168.1.4:user-management:8888?status=UP&lastDirtyTimestamp=1744580379374
2025-04-13 23:40:39,419 DEBUG o.s.c.l.CompositeLog [DiscoveryClient-CacheRefreshExecutor-0] HTTP GET http://localhost:8761/eureka/apps/delta
2025-04-13 23:40:39,419 DEBUG o.s.c.l.CompositeLog [DiscoveryClient-HeartbeatExecutor-0] Accept=[application/json, application/*+json]
2025-04-13 23:40:39,419 DEBUG o.s.c.l.CompositeLog [DiscoveryClient-CacheRefreshExecutor-0] Accept=[application/json, application/*+json]
2025-04-13 23:40:39,435 DEBUG o.s.c.l.CompositeLog [DiscoveryClient-CacheRefreshExecutor-0] Response 200 OK
2025-04-13 23:40:39,435 DEBUG o.s.c.l.CompositeLog [DiscoveryClient-HeartbeatExecutor-0] Response 200 OK
2025-04-13 23:40:39,435 DEBUG o.s.c.l.CompositeLog [DiscoveryClient-CacheRefreshExecutor-0] Reading to [org.springframework.cloud.netflix.eureka.http.EurekaApplications]
2025-04-13 23:41:09,442 DEBUG o.s.c.l.CompositeLog [DiscoveryClient-CacheRefreshExecutor-0] HTTP GET http://localhost:8761/eureka/apps/delta
2025-04-13 23:41:09,442 DEBUG o.s.c.l.CompositeLog [DiscoveryClient-HeartbeatExecutor-0] HTTP PUT http://localhost:8761/eureka/apps/USER-MANAGEMENT/192.168.1.4:user-management:8888?status=UP&lastDirtyTimestamp=1744580379374
2025-04-13 23:41:09,443 DEBUG o.s.c.l.CompositeLog [DiscoveryClient-HeartbeatExecutor-0] Accept=[application/json, application/*+json]
2025-04-13 23:41:09,443 DEBUG o.s.c.l.CompositeLog [DiscoveryClient-CacheRefreshExecutor-0] Accept=[application/json, application/*+json]
2025-04-13 23:41:09,459 DEBUG o.s.c.l.CompositeLog [DiscoveryClient-CacheRefreshExecutor-0] Response 200 OK
2025-04-13 23:41:09,459 DEBUG o.s.c.l.CompositeLog [DiscoveryClient-HeartbeatExecutor-0] Response 200 OK
2025-04-13 23:41:09,460 DEBUG o.s.c.l.CompositeLog [DiscoveryClient-CacheRefreshExecutor-0] Reading to [org.springframework.cloud.netflix.eureka.http.EurekaApplications]
2025-04-13 23:41:39,470 DEBUG o.s.c.l.CompositeLog [DiscoveryClient-CacheRefreshExecutor-0] HTTP GET http://localhost:8761/eureka/apps/delta
2025-04-13 23:41:39,470 DEBUG o.s.c.l.CompositeLog [DiscoveryClient-HeartbeatExecutor-0] HTTP PUT http://localhost:8761/eureka/apps/USER-MANAGEMENT/192.168.1.4:user-management:8888?status=UP&lastDirtyTimestamp=1744580379374
2025-04-13 23:41:39,471 DEBUG o.s.c.l.CompositeLog [DiscoveryClient-CacheRefreshExecutor-0] Accept=[application/json, application/*+json]
2025-04-13 23:41:39,471 DEBUG o.s.c.l.CompositeLog [DiscoveryClient-HeartbeatExecutor-0] Accept=[application/json, application/*+json]
2025-04-13 23:41:39,487 DEBUG o.s.c.l.CompositeLog [DiscoveryClient-CacheRefreshExecutor-0] Response 200 OK
2025-04-13 23:41:39,487 DEBUG o.s.c.l.CompositeLog [DiscoveryClient-HeartbeatExecutor-0] Response 200 OK
2025-04-13 23:41:39,488 DEBUG o.s.c.l.CompositeLog [DiscoveryClient-CacheRefreshExecutor-0] Reading to [org.springframework.cloud.netflix.eureka.http.EurekaApplications]
2025-04-13 23:42:09,490 DEBUG o.s.c.l.CompositeLog [DiscoveryClient-CacheRefreshExecutor-0] HTTP GET http://localhost:8761/eureka/apps/delta
2025-04-13 23:42:09,490 DEBUG o.s.c.l.CompositeLog [DiscoveryClient-HeartbeatExecutor-0] HTTP PUT http://localhost:8761/eureka/apps/USER-MANAGEMENT/192.168.1.4:user-management:8888?status=UP&lastDirtyTimestamp=1744580379374
2025-04-13 23:42:09,491 DEBUG o.s.c.l.CompositeLog [DiscoveryClient-HeartbeatExecutor-0] Accept=[application/json, application/*+json]
2025-04-13 23:42:09,491 DEBUG o.s.c.l.CompositeLog [DiscoveryClient-CacheRefreshExecutor-0] Accept=[application/json, application/*+json]
2025-04-13 23:42:09,507 DEBUG o.s.c.l.CompositeLog [DiscoveryClient-CacheRefreshExecutor-0] Response 200 OK
2025-04-13 23:42:09,507 DEBUG o.s.c.l.CompositeLog [DiscoveryClient-HeartbeatExecutor-0] Response 200 OK
2025-04-13 23:42:09,508 DEBUG o.s.c.l.CompositeLog [DiscoveryClient-CacheRefreshExecutor-0] Reading to [org.springframework.cloud.netflix.eureka.http.EurekaApplications]
2025-04-13 23:42:39,515 DEBUG o.s.c.l.CompositeLog [DiscoveryClient-HeartbeatExecutor-0] HTTP PUT http://localhost:8761/eureka/apps/USER-MANAGEMENT/192.168.1.4:user-management:8888?status=UP&lastDirtyTimestamp=1744580379374
2025-04-13 23:42:39,515 DEBUG o.s.c.l.CompositeLog [DiscoveryClient-CacheRefreshExecutor-0] HTTP GET http://localhost:8761/eureka/apps/delta
2025-04-13 23:42:39,515 DEBUG o.s.c.l.CompositeLog [DiscoveryClient-HeartbeatExecutor-0] Accept=[application/json, application/*+json]
2025-04-13 23:42:39,515 DEBUG o.s.c.l.CompositeLog [DiscoveryClient-CacheRefreshExecutor-0] Accept=[application/json, application/*+json]
2025-04-13 23:42:39,531 DEBUG o.s.c.l.CompositeLog [DiscoveryClient-HeartbeatExecutor-0] Response 200 OK
2025-04-13 23:42:39,531 DEBUG o.s.c.l.CompositeLog [DiscoveryClient-CacheRefreshExecutor-0] Response 200 OK
2025-04-13 23:42:39,532 DEBUG o.s.c.l.CompositeLog [DiscoveryClient-CacheRefreshExecutor-0] Reading to [org.springframework.cloud.netflix.eureka.http.EurekaApplications]
2025-04-13 23:43:09,538 DEBUG o.s.c.l.CompositeLog [DiscoveryClient-HeartbeatExecutor-0] HTTP PUT http://localhost:8761/eureka/apps/USER-MANAGEMENT/192.168.1.4:user-management:8888?status=UP&lastDirtyTimestamp=1744580379374
2025-04-13 23:43:09,538 DEBUG o.s.c.l.CompositeLog [DiscoveryClient-CacheRefreshExecutor-0] HTTP GET http://localhost:8761/eureka/apps/delta
2025-04-13 23:43:09,539 DEBUG o.s.c.l.CompositeLog [DiscoveryClient-CacheRefreshExecutor-0] Accept=[application/json, application/*+json]
2025-04-13 23:43:09,539 DEBUG o.s.c.l.CompositeLog [DiscoveryClient-HeartbeatExecutor-0] Accept=[application/json, application/*+json]
2025-04-13 23:43:09,554 DEBUG o.s.c.l.CompositeLog [DiscoveryClient-CacheRefreshExecutor-0] Response 200 OK
2025-04-13 23:43:09,554 DEBUG o.s.c.l.CompositeLog [DiscoveryClient-HeartbeatExecutor-0] Response 200 OK
2025-04-13 23:43:09,555 DEBUG o.s.c.l.CompositeLog [DiscoveryClient-CacheRefreshExecutor-0] Reading to [org.springframework.cloud.netflix.eureka.http.EurekaApplications]
2025-04-13 23:43:39,559 DEBUG o.s.c.l.CompositeLog [DiscoveryClient-CacheRefreshExecutor-0] HTTP GET http://localhost:8761/eureka/apps/delta
2025-04-13 23:43:39,559 DEBUG o.s.c.l.CompositeLog [DiscoveryClient-HeartbeatExecutor-0] HTTP PUT http://localhost:8761/eureka/apps/USER-MANAGEMENT/192.168.1.4:user-management:8888?status=UP&lastDirtyTimestamp=1744580379374
2025-04-13 23:43:39,560 DEBUG o.s.c.l.CompositeLog [DiscoveryClient-HeartbeatExecutor-0] Accept=[application/json, application/*+json]
2025-04-13 23:43:39,560 DEBUG o.s.c.l.CompositeLog [DiscoveryClient-CacheRefreshExecutor-0] Accept=[application/json, application/*+json]
2025-04-13 23:43:39,576 DEBUG o.s.c.l.CompositeLog [DiscoveryClient-HeartbeatExecutor-0] Response 200 OK
2025-04-13 23:43:39,576 DEBUG o.s.c.l.CompositeLog [DiscoveryClient-CacheRefreshExecutor-0] Response 200 OK
2025-04-13 23:43:39,576 DEBUG o.s.c.l.CompositeLog [DiscoveryClient-CacheRefreshExecutor-0] Reading to [org.springframework.cloud.netflix.eureka.http.EurekaApplications]
2025-04-13 23:44:09,577 DEBUG o.s.c.l.CompositeLog [DiscoveryClient-HeartbeatExecutor-0] HTTP PUT http://localhost:8761/eureka/apps/USER-MANAGEMENT/192.168.1.4:user-management:8888?status=UP&lastDirtyTimestamp=1744580379374
2025-04-13 23:44:09,577 DEBUG o.s.c.l.CompositeLog [DiscoveryClient-CacheRefreshExecutor-0] HTTP GET http://localhost:8761/eureka/apps/delta
2025-04-13 23:44:09,578 DEBUG o.s.c.l.CompositeLog [DiscoveryClient-HeartbeatExecutor-0] Accept=[application/json, application/*+json]
2025-04-13 23:44:09,578 DEBUG o.s.c.l.CompositeLog [DiscoveryClient-CacheRefreshExecutor-0] Accept=[application/json, application/*+json]
2025-04-13 23:44:09,594 DEBUG o.s.c.l.CompositeLog [DiscoveryClient-CacheRefreshExecutor-0] Response 200 OK
2025-04-13 23:44:09,594 DEBUG o.s.c.l.CompositeLog [DiscoveryClient-HeartbeatExecutor-0] Response 200 OK
2025-04-13 23:44:09,594 DEBUG o.s.c.l.CompositeLog [DiscoveryClient-CacheRefreshExecutor-0] Reading to [org.springframework.cloud.netflix.eureka.http.EurekaApplications]
2025-04-13 23:44:39,006 INFO c.n.d.s.r.a.ConfigClusterResolver [AsyncResolver-bootstrap-executor-0] Resolving eureka endpoints via configuration
2025-04-13 23:44:39,610 DEBUG o.s.c.l.CompositeLog [DiscoveryClient-CacheRefreshExecutor-0] HTTP GET http://localhost:8761/eureka/apps/delta
2025-04-13 23:44:39,610 DEBUG o.s.c.l.CompositeLog [DiscoveryClient-HeartbeatExecutor-0] HTTP PUT http://localhost:8761/eureka/apps/USER-MANAGEMENT/192.168.1.4:user-management:8888?status=UP&lastDirtyTimestamp=1744580379374
2025-04-13 23:44:39,611 DEBUG o.s.c.l.CompositeLog [DiscoveryClient-CacheRefreshExecutor-0] Accept=[application/json, application/*+json]
2025-04-13 23:44:39,611 DEBUG o.s.c.l.CompositeLog [DiscoveryClient-HeartbeatExecutor-0] Accept=[application/json, application/*+json]
2025-04-13 23:44:39,626 DEBUG o.s.c.l.CompositeLog [DiscoveryClient-HeartbeatExecutor-0] Response 200 OK
2025-04-13 23:44:39,626 DEBUG o.s.c.l.CompositeLog [DiscoveryClient-CacheRefreshExecutor-0] Response 200 OK
2025-04-13 23:44:39,627 DEBUG o.s.c.l.CompositeLog [DiscoveryClient-CacheRefreshExecutor-0] Reading to [org.springframework.cloud.netflix.eureka.http.EurekaApplications]
2025-04-13 23:45:09,638 DEBUG o.s.c.l.CompositeLog [DiscoveryClient-CacheRefreshExecutor-0] HTTP GET http://localhost:8761/eureka/apps/delta
2025-04-13 23:45:09,638 DEBUG o.s.c.l.CompositeLog [DiscoveryClient-HeartbeatExecutor-0] HTTP PUT http://localhost:8761/eureka/apps/USER-MANAGEMENT/192.168.1.4:user-management:8888?status=UP&lastDirtyTimestamp=1744580379374
2025-04-13 23:45:09,639 DEBUG o.s.c.l.CompositeLog [DiscoveryClient-CacheRefreshExecutor-0] Accept=[application/json, application/*+json]
2025-04-13 23:45:09,639 DEBUG o.s.c.l.CompositeLog [DiscoveryClient-HeartbeatExecutor-0] Accept=[application/json, application/*+json]
2025-04-13 23:45:09,655 DEBUG o.s.c.l.CompositeLog [DiscoveryClient-CacheRefreshExecutor-0] Response 200 OK
2025-04-13 23:45:09,655 DEBUG o.s.c.l.CompositeLog [DiscoveryClient-HeartbeatExecutor-0] Response 200 OK
2025-04-13 23:45:09,656 DEBUG o.s.c.l.CompositeLog [DiscoveryClient-CacheRefreshExecutor-0] Reading to [org.springframework.cloud.netflix.eureka.http.EurekaApplications]
2025-04-13 23:45:39,667 DEBUG o.s.c.l.CompositeLog [DiscoveryClient-CacheRefreshExecutor-0] HTTP GET http://localhost:8761/eureka/apps/delta
2025-04-13 23:45:39,667 DEBUG o.s.c.l.CompositeLog [DiscoveryClient-HeartbeatExecutor-0] HTTP PUT http://localhost:8761/eureka/apps/USER-MANAGEMENT/192.168.1.4:user-management:8888?status=UP&lastDirtyTimestamp=1744580379374
2025-04-13 23:45:39,668 DEBUG o.s.c.l.CompositeLog [DiscoveryClient-HeartbeatExecutor-0] Accept=[application/json, application/*+json]
2025-04-13 23:45:39,668 DEBUG o.s.c.l.CompositeLog [DiscoveryClient-CacheRefreshExecutor-0] Accept=[application/json, application/*+json]
2025-04-13 23:45:39,685 DEBUG o.s.c.l.CompositeLog [DiscoveryClient-HeartbeatExecutor-0] Response 200 OK
2025-04-13 23:45:39,685 DEBUG o.s.c.l.CompositeLog [DiscoveryClient-CacheRefreshExecutor-0] Response 200 OK
2025-04-13 23:45:39,685 DEBUG o.s.c.l.CompositeLog [DiscoveryClient-CacheRefreshExecutor-0] Reading to [org.springframework.cloud.netflix.eureka.http.EurekaApplications]
2025-04-13 23:46:09,691 DEBUG o.s.c.l.CompositeLog [DiscoveryClient-HeartbeatExecutor-0] HTTP PUT http://localhost:8761/eureka/apps/USER-MANAGEMENT/192.168.1.4:user-management:8888?status=UP&lastDirtyTimestamp=1744580379374
2025-04-13 23:46:09,691 DEBUG o.s.c.l.CompositeLog [DiscoveryClient-CacheRefreshExecutor-0] HTTP GET http://localhost:8761/eureka/apps/delta
2025-04-13 23:46:09,691 DEBUG o.s.c.l.CompositeLog [DiscoveryClient-HeartbeatExecutor-0] Accept=[application/json, application/*+json]
2025-04-13 23:46:09,691 DEBUG o.s.c.l.CompositeLog [DiscoveryClient-CacheRefreshExecutor-0] Accept=[application/json, application/*+json]
2025-04-13 23:46:09,707 DEBUG o.s.c.l.CompositeLog [DiscoveryClient-HeartbeatExecutor-0] Response 200 OK
2025-04-13 23:46:09,707 DEBUG o.s.c.l.CompositeLog [DiscoveryClient-CacheRefreshExecutor-0] Response 200 OK
2025-04-13 23:46:09,708 DEBUG o.s.c.l.CompositeLog [DiscoveryClient-CacheRefreshExecutor-0] Reading to [org.springframework.cloud.netflix.eureka.http.EurekaApplications]
2025-04-13 23:46:39,718 DEBUG o.s.c.l.CompositeLog [DiscoveryClient-HeartbeatExecutor-0] HTTP PUT http://localhost:8761/eureka/apps/USER-MANAGEMENT/192.168.1.4:user-management:8888?status=UP&lastDirtyTimestamp=1744580379374
2025-04-13 23:46:39,718 DEBUG o.s.c.l.CompositeLog [DiscoveryClient-CacheRefreshExecutor-0] HTTP GET http://localhost:8761/eureka/apps/delta
2025-04-13 23:46:39,719 DEBUG o.s.c.l.CompositeLog [DiscoveryClient-HeartbeatExecutor-0] Accept=[application/json, application/*+json]
2025-04-13 23:46:39,719 DEBUG o.s.c.l.CompositeLog [DiscoveryClient-CacheRefreshExecutor-0] Accept=[application/json, application/*+json]
2025-04-13 23:46:39,735 DEBUG o.s.c.l.CompositeLog [DiscoveryClient-CacheRefreshExecutor-0] Response 200 OK
2025-04-13 23:46:39,735 DEBUG o.s.c.l.CompositeLog [DiscoveryClient-HeartbeatExecutor-0] Response 200 OK
2025-04-13 23:46:39,735 DEBUG o.s.c.l.CompositeLog [DiscoveryClient-CacheRefreshExecutor-0] Reading to [org.springframework.cloud.netflix.eureka.http.EurekaApplications]
